0,1,2,3,4,5,6,7,8,9,10,11,12,13,14,15,16,17,18,19,20,21,22,23,24,25,26,27,28,29,30,31,32,label
1.0,1.0,0.5925270841071206,1.0,0.9661432429882824,0.8599725237056186,1.0,0.49415852607595784,1.0,0.16477175623960377,1.0,-0.16271142072258934,1.0,-0.4212170899446954,0.9973149813679604,-0.51364001023632,0.6209248996436609,-0.6340002748499196,0.3971285335968399,-0.6040696887002949,0.016067653916005512,-0.3942606030758769,-0.19103460578793702,-0.2278038940802462,-0.4377935062405424,0.022388634184309496,-0.6015166409715416,0.3836874354460021,-0.5701766945589071,0.6167005758721215,-0.5127888266126509,0.8461430033519998,-0.28222230643890556,0
-0.1232880830652692,-0.037772156726165185,0.13676701698132193,-0.008399806997867245,-0.21402331915452794,1.0,-1.0,0.15277062880539324,-0.1953639374213169,-1.0,-0.9286369566851871,-0.012200280610138297,-0.16562086832493902,-0.3341524629580921,0.2132571181304704,1.0,1.0,-0.8699863260895371,-0.9164414443432589,-0.04498722972058951,0.068567369589478,0.20055517249190144,0.011621529958325992,1.0,0.7900809358946401,0.7750327944232575,1.0,-0.11462401111292297,0.2860671688600291,1.0,1.0,0.1238210827771751,-0.12902170731384122,0
0.8163706618154398,0.5573903925688789,-0.16625407317325253,0.6597050581765757,-0.15422671412731637,0.6402087791721526,-0.08777928351904332,0.6957619826726122,-0.043807143718545605,0.41661611229178164,-0.08415079351375326,0.5637110814447539,-0.07356699537094684,0.5482793450247645,-0.11405255723870725,0.44292218178528164,0.02496393171933213,0.6376837300199134,-0.18835910283257282,0.5083539273735987,-0.04261745192942969,0.5213973552887453,-0.17958895963046856,0.5277226769254909,-0.15146216715287597,0.4835315062663955,-0.08029820075671672,0.4533490651760557,-0.08144699982810301,0.3495214956183872,-0.07280671934217056,0.4253629724851073,-0.1341735432177556,0
0.014820421443959772,-0.9240622162332854,1.0,0.007694182954144352,0.36274870350773175,0.1436007805568927,-0.08485002258517711,-1.0,1.0,1.0,0.923818732219397,0.21552190609982874,-0.03284634375376791,0.05063628014744032,0.19745851560628735,0.991579090890582,0.8908772747518203,-0.9579681282658395,0.9126244131876303,0.9798198177667387,0.8341975317982318,0.06917495532181407,0.10657482448856039,-0.8613774319852552,-0.9066837149560592,0.9820505808895765,-0.7827241096892221,1.0,-1.0,-0.7968198613741508,0.9824160482570353,0.054303123965053185,0.10843912568964689,1
-0.08591582169898992,-0.012658024282088717,-0.12014456893709531,0.019475259059746595,0.032306094326154555,0.10732306165150109,0.07319742808866922,-0.06579726474315478,0.09195427569534059,0.020378242578757103,-0.0109778031656061,-0.09385699990360184,0.0838603204089168,0.0320816187048118,-0.08229394472924073,-0.05389632275396729,-0.03658925000608877,-0.06361249136469622,0.06568466900613262,0.02589151036805393,-0.024583262508698765,0.06177406846757728,0.04416398938151857,0.03084791536348805,-0.04099236844451198,1.0,0.1184592666419026,0.07917601105923264,-0.012136648052741845,0.06180163052381364,0.06435484298317085,-0.02933377340038671,0.0709368238975542,0
-0.039065931458880536,1.0,-1.0,-0.1322041187610434,0.084222426373643,-0.061480103235851666,-0.2034281474889565,1.0,0.8460559596968129,0.9720797981352506,-1.0,-0.7604256879756309,0.8761532759288124,0.09999909327708476,0.015515293402967622,-0.8622884966704751,0.9147164503841588,1.0,0.7333491700294478,-1.0,1.0,1.0,0.6102940516278506,-0.9396214569754785,1.0,1.0,0.8647733711724852,1.0,-0.9075050503846475,1.0,1.0,1.0,0.8281431375314943,0
1.0,0.7935479946909783,0.044817122349527866,0.7658136411691779,0.20331833737686175,0.9960164355779987,0.23661054105471127,1.0,0.4088861734717375,0.9646306860069973,0.29459575907842983,0.8271929944282228,0.5825480169572775,1.0,0.5498703949665824,0.8095376280627353,0.8135912676693353,0.6625021222278417,0.8921770846482278,0.7130343364003255,0.8814538627685667,0.5475705036579744,1.0,0.3200103642129922,1.0,0.44157192841218057,1.0,0.20463471436416042,0.9788364584149267,0.3373363829130108,0.7161197898786578,0.06761432054584131,0.5630746236476336,0
1.0,1.0,0.2924942040258206,1.0,0.3315851489567575,1.0,0.29479145857520167,1.0,0.28495550283059556,1.0,0.3306396006227394,1.0,0.32052134199499244,1.0,0.30889848314521984,1.0,0.3391026442827537,1.0,0.23472216645617008,1.0,0.35438783830332765,1.0,0.37555324990039374,1.0,0.37641609858525177,1.0,0.3084417573516371,1.0,0.29500571568448647,1.0,0.37318725346731285,1.0,0.27815450259412927,0
1.0,1.0,0.3002311537332449,1.0,0.22901418354134423,1.0,0.451703779067887,1.0,0.3326096191337663,1.0,0.44171012082418815,1.0,0.3955607752934943,0.9640320842079362,0.44707556133004533,1.0,0.4324898143294108,0.9052511191244222,0.4800611016206894,1.0,0.42878641730984746,0.9196767313199031,0.5806535191020057,0.9809305511093303,0.5953124386977443,0.8287308659275098,0.5997500381475782,0.8014956276859191,0.6558809120274615,0.7578823233401104,0.7046824470730316,0.5890573325470012,0.6930332229691927,0
1.0,-1.0,0.28105,0.22222,0.15033,-0.75693,-0.70984,-0.30719,0.71242,-1.0,1.0,-0.81699,0.33987,-0.79085,-0.02614,-0.98039,-0.83007,-0.60131,-0.54248,-0.04575,-0.83007,0.94118,-0.94118,-1.0,-0.43137,0.74385,0.09176,-1.0,0.05229,0.18301,0.02614,-0.40201,-0.48241,1
1.0,1.0,0.2604798041658217,0.14468197950103323,0.07745226054127824,1.0,0.0970522626671218,1.0,0.15407880638820687,1.0,0.10709943318716181,1.0,0.014287996919411725,1.0,0.09753870829667999,0.9049770502161852,0.11927489721084517,1.0,0.1391417966984912,1.0,0.45366302199428293,1.0,0.17179897014110182,1.0,0.2234600674863117,1.0,0.12706912652568617,1.0,0.38285617169246616,1.0,0.07207852620879746,0.6962666943257201,0.7920132770392901,1
1.0,1.0,0.04078,1.0,0.11982,1.0,0.16159,1.0,0.27921,0.98703,0.30889,0.92745,0.37639,0.91118,0.39749,0.81939,0.46059,0.78619,0.46994,0.794,0.56282,0.70331,0.58129,0.67077,0.59723,0.58903,0.6099,0.53952,0.60932,0.45312,0.63636,0.40442,0.62658,0
0.9075372547149478,0.5775093364098153,0.3932360628798943,1.0,-0.992890570255111,1.0,-0.1666326729802058,0.9413438757015178,0.04656195579153541,1.0,0.16622469998773215,0.827643143947316,0.08983427348483938,0.9749566026326585,0.0454519054010909,1.0,-0.2830021381184647,0.7702985558294361,-0.11352986223880301,0.7582071356550728,0.06823386654755004,0.8904403957146085,0.2121861629437208,1.0,0.045506769976504206,0.737405789202362,-0.060445355324334774,0.7468326815420011,0.03368905358321633,0.6758608452354365,-0.35293651757253397,1.0,-0.06550255535908152,0
1.0,1.0,1.0,0.11921817938899495,0.028404584354340803,0.005717789507939948,0.10492809460054243,0.013179163108256155,0.002715131287562872,0.4472954783908952,-0.9027058367598161,-0.5216186359100354,0.5296375758638516,-0.9785496137961941,0.21172439197081486,0.7022985125586138,0.9994476469950668,0.03650870945235066,0.11442968307089833,0.041777409294444325,0.1280619914502949,0.653695912263004,0.300912113406315,-0.9953609094003043,-0.9560538364519413,0.981506644367697,-1.0,1.0,0.9577726812511071,0.04704632282925639,0.01931912559325159,0.05155952039194128,-0.041306734546606216,0
0.722265365387751,0.5337437246345699,-0.3510125897275494,0.671457259388064,-0.23557160945988703,0.672565026178363,-0.23707484084131814,0.3320467032239801,-1.0,0.43270219107531577,-0.1510645721664704,0.48529333274009234,0.2061507331245583,0.48256351835274036,-0.2048571101731006,0.3538607916196062,-0.3134983631473792,0.5907904982869261,0.11053753891736878,0.22263592092885792,-0.23817362551777185,0.27739603191068246,-0.24555224780935347,0.1628103412978541,-0.18025747635308603,0.1565617970305179,-0.251710324208,0.09419980767757903,-0.17077548214546945,-0.04193879875921473,-0.18940618875394186,0.6079382388980283,0.658368143523873,0
1.0,-0.8305965423297432,-0.008113819772600006,-1.0,0.11947025538656822,-0.8128510907366467,0.21736952502582202,0.8018453931656845,-0.07565416361990228,0.9784328054773334,0.2176102012695826,-0.7634931133987591,0.17907006888240204,-0.6129652800067699,-0.16041914445860483,0.9708300971685282,-0.0624835950064933,0.8426264112730067,-0.03433756036714151,0.5736540742887799,0.10516994518185686,0.66113346513294,0.2931431825868165,0.7012472589739811,-0.010298064685357612,-0.803275607413643,0.08260486853372535,0.7981321679994436,0.07022809406616508,0.7516349508302301,-0.010458822786936176,0.4971929023795252,0.08424263509617902,1
1.0,0.99701,0.21677,0.91966,0.4703,0.76902,0.62415,0.53312,0.7812,0.36774,0.88291,0.10107,0.83312,-0.06827,0.89274,-0.28269,0.72073,-0.43707,0.61688,-0.55769,0.4812,-0.65,0.35534,-0.64658,0.15908,-0.66651,0.02277,-0.64872,-0.13462,-0.54615,-0.22949,-0.47201,-0.35032,0
-1.0,1.0,0.3764068677515012,-1.0,-0.7264942139920166,-1.0,-0.010874216138868492,1.0,0.2620439476283959,1.0,0.3708617574198002,1.0,0.02789084148122367,1.0,0.196536610368708,1.0,-0.08863242310138433,-1.0,-0.05615921577530555,0.9781590587137529,0.1869499243208844,1.0,0.18953815600015295,1.0,0.007308272419200568,1.0,0.18938905327473554,1.0,0.15593351158392502,1.0,-0.07016719101274128,1.0,-0.15952530475062768,1
0.917644619733073,0.7002371180696204,0.3264549638655989,0.3066696938540381,0.6514374162509546,-0.06302583766668828,0.8720053305644085,-0.4661851027308501,0.7103821652148024,-1.0,0.34605043109145306,-1.0,0.5192877106825887,-1.0,-0.4097287414341405,-0.7796173946298423,-0.6611297734009964,-0.28375989913685473,-1.0,0.2156597624327164,-0.9686400942993338,0.5019550342861119,-0.4576376810698344,0.6520102614447905,-0.3312529251003467,0.6017119487678065,0.07660393849190526,0.33237846131380044,0.496143829445493,0.08941641910176733,0.5754165448879547,-0.26977592179038845,0.6357091399358206,1
1.0,0.85013,0.01809,0.92211,0.01456,0.92046,0.0218,0.92765,0.0801,0.87597,0.1137,0.91161,0.0432,0.90738,0.05018,0.87339,0.02842,0.95866,0.0,0.89097,0.07047,0.8843,0.07697,0.83721,0.10853,0.86923,0.0895,0.87597,0.08786,0.85198,0.10134,0.84258,0.10698,0
1.0,1.0,0.4793557595403413,1.0,-0.14162461433837237,1.0,1.0,1.0,1.0,1.0,0.6000209320923263,1.0,1.0,1.0,1.0,1.0,1.0,1.0,1.0,1.0,1.0,1.0,0.15832031513913303,0.970056969268936,1.0,0.6663371247458856,1.0,0.4309175355789832,1.0,0.07542687015726678,1.0,-0.4708770519970543,1.0,1
1.0,0.62121,-0.63636,0.0,0.0,0.0,0.0,0.3447,0.28788,0.42803,0.39394,-0.07576,0.51894,0.36364,0.31439,-0.53788,0.32955,0.12121,-0.14773,0.01894,-0.53409,-0.57576,0.17803,0.29167,-0.27273,0.25758,-0.57576,0.43182,0.24242,0.18182,-0.02273,0.17045,-0.41667,1
0.9968891077476703,0.9499659510043568,0.16833900596610135,0.9781967004910652,0.15252863192547397,0.9533380710893122,0.3115917501065351,0.8927024717077696,0.30352904224480104,0.9260664886846562,0.3779657349092253,0.7845213152490771,0.4531248414461504,0.8163345289094597,0.4528130575683854,0.8176576670027909,0.4619050790957002,0.6805734499607068,0.587361760957195,0.5822650730401873,0.5930342230954945,0.5405607700413191,0.691925726341313,0.3864915257982752,0.49773799771007826,0.3987269221476039,0.6763663771023828,0.39642575363217253,0.7934601506963936,0.34119349181461217,0.6886744304980297,0.2416347403449135,0.7778599253290728,0
0.7195654431796596,0.2953233190143129,-0.7130468252029678,0.5542242735277263,0.23306343929047857,0.5544395728190153,-0.2362875725180898,0.19888717474927453,-0.21332406807451776,-0.16841182080600758,-0.030471315910072638,0.15149230598819508,-0.16397614008726447,0.3452158532871136,-0.10423188677093996,0.4382682341522066,0.13427365916907366,0.1211121615748573,-0.17549313583818205,0.5613925105281815,0.051962726483974944,0.46463059274621243,-0.28849177311133656,-0.03208250012765723,-0.1039451666168599,0.2585248283799537,0.022448529366684802,0.33585633931345693,-0.006785731243290541,0.19696839951572637,0.04774963376420626,1.0,0.019970593690201714,1
0.0,-1.0,-1.0,1.0,-1.0,-1.0,1.0,0.0,0.0,1.0,-1.0,1.0,-1.0,0.0,0.0,0.0,0.0,0.0,0.0,-1.0,1.0,1.0,-1.0,-1.0,1.0,1.0,1.0,0.0,0.0,1.0,0.5,0.0,0.0,1
1.0,0.76296,-0.07778,1.0,-0.2963,1.0,-0.85741,0.8,0.06111,0.45556,-0.42778,1.0,-0.12581,1.0,-0.83519,0.49259,0.01852,0.82222,-0.05926,0.98215,-0.19938,1.0,0.22037,0.6963,-0.26481,0.92148,-0.24549,0.78889,0.02037,0.87492,-0.27105,1.0,-0.57037,0
1.0,1.0,0.01709,0.96215,-0.03142,1.0,-0.03436,1.0,-0.05071,0.99026,-0.07092,0.99173,-0.09002,1.0,-0.15727,1.0,-0.14257,0.9831,-0.11813,1.0,-0.18519,1.0,-0.19272,0.98971,-0.22083,0.9649,-0.20243,0.94599,-0.17123,0.96436,-0.22561,0.87011,-0.23296,0
1.0,0.9875209487374024,0.04222911446709533,1.0,0.10344642284672534,0.9761265771697034,0.04403857571916215,1.0,0.3324260945984971,1.0,0.08133717520439548,1.0,0.17830394309994604,1.0,1.0,1.0,0.1469808092414866,1.0,0.1361316196959159,1.0,0.2261105882849047,1.0,0.2477218735954371,1.0,0.016421771102238386,1.0,0.547733528546679,1.0,0.005271097530750751,1.0,0.04917054618433413,0.6570316533413698,0.48087339675702173,1
1.0,1.0,0.0295571719552727,1.0,0.05048978975517174,1.0,-0.1906574859952967,0.7346824088039411,0.9932501749995749,0.9918770831588835,0.20604677775598956,0.9996841826330171,0.6225630920667561,0.9029404050030762,0.14837547717620744,0.9763830219344126,0.27030402271071197,1.0,0.45883403609219336,0.6845552221815793,0.3015812606354221,0.6780603306474977,0.28869594882694366,0.549603065730501,0.34298336439116783,0.6290247198771363,-0.05143809573024527,-0.4796140678367677,0.2850923353246589,0.3895732407277018,0.33371168723584516,1.0,-1.0,1
0.5717742027329263,0.28911355522116294,0.5708362985206263,0.7233058285730772,0.3528563560362918,0.4088901318445306,0.5139461276438523,0.1671214019447544,0.16430218534754346,0.15998895400437493,0.6375522538042294,-0.1574914538288416,0.668492080958373,-0.3815679594771651,0.6535295484292303,-0.6168499599246079,0.7396226574428633,-0.8789388378365489,0.7492265754617262,-0.7535186728774081,0.42362604754946,-1.0,0.17591527840157398,-1.0,0.1911852638704883,-1.0,-0.18717939476327725,-1.0,-0.4710187514447709,-1.0,-0.69357673188139,-1.0,-0.8824079466944561,0
1.0,0.83508,0.08298,0.73739,-0.14706,0.84349,-0.05567,0.90441,-0.04622,0.89391,0.1313,0.81197,0.06723,0.79307,-0.08929,1.0,-0.02101,0.96639,0.06618,0.87605,0.01155,0.77521,0.06618,0.95378,-0.04202,0.83479,0.00123,1.0,0.12815,0.8666,-0.10714,0.90546,-0.04307,0
1.0,1.0,-0.37838,0.64865,0.2973,0.64865,-0.24324,0.86486,0.18919,1.0,-0.27027,0.51351,0.0,0.62162,-0.05405,0.32432,-0.21622,0.71833,-0.17666,0.62162,0.05405,0.75676,0.13514,0.35135,-0.2973,0.61031,-0.22163,0.58478,-0.23027,0.72973,-0.59459,0.51351,-0.24324,0
0.8032836841104108,-0.396681669469125,0.4748039779580774,-0.36114243451881467,-0.008384691950468204,-0.05083927986437439,0.08823964592286151,0.1630099669557398,0.05002935435164109,0.012188900948672095,-0.002893016449126151,-0.09958137899470437,0.05074208348023683,-0.08976576582561874,-0.0622892688297768,0.08305606075760599,0.1570054943720132,0.060456435597813295,0.2496742211339595,-0.09739218008458475,-0.2549364494892962,0.0989079045425376,-0.10703669737054239,-0.03900691384855091,-0.24827151141695733,-0.1256994346284157,-0.2107418383210931,-0.0605424568788425,-0.05518720914361301,0.012594457616749252,0.17371121500972456,0.09468687708569463,-0.22708374906946735,0
1.0,0.9669378079066172,1.0,1.0,0.2723248487701845,1.0,0.32621571854390263,1.0,0.34886350777586556,0.983036211175375,0.45891853812143046,0.9581654916633204,-0.9230782642080879,0.05547966601705201,0.3478701319270964,1.0,0.12153064363119946,-0.11946475343147833,0.20402286403020017,0.8413832061010076,0.25300457457956815,0.8412470291348787,0.42843271016917955,1.0,0.2164646699834374,0.9630168023015276,0.2943784268109047,0.9119548584904005,-0.6094372730171544,1.0,0.28536124891756975,1.0,0.22564431299853943,1
1.0,0.9812136129681115,0.26055342252885594,1.0,-0.8068928942825202,1.0,0.07739382326610177,1.0,0.22032100365431517,0.9905839906623943,0.30725151095771924,1.0,-0.03838406753600636,0.7140567936860545,0.6108759549058818,0.9273830161249742,-0.16457228380088681,0.8279476446197047,-0.14377832079688455,0.9511418044970028,0.39626485019703506,1.0,0.1043730275334306,1.0,-0.03688109988021694,0.9396942632985087,0.44250370564880104,0.8943597642920015,0.06144800544098024,1.0,-0.0204095940043878,0.930039028195358,0.6290384879971642,1
1.0,0.36876,-1.0,-1.0,-1.0,-0.07661,1.0,1.0,0.95041,0.74597,-0.3871,-1.0,-0.79313,-0.09677,1.0,0.48684,0.46502,0.31755,-0.27461,-0.14343,-0.20188,-0.11976,0.06895,0.03021,0.06639,0.03443,-0.01186,-0.00403,-0.01672,-0.00761,0.00108,0.00015,0.00325,1
0.8950624209334508,0.8667820178251362,0.10268947109332635,1.0,0.19104494707726313,0.42261505530619303,0.20924396848712518,0.48991777422105776,0.5079531775404099,0.5662344160861299,0.5589888532259597,0.22743591736360952,0.6314873615287047,0.08646843983763058,0.7176008757986096,0.007719764574690827,0.8924479543763335,-0.23012411390974716,0.712546472033832,-0.27831317518834764,0.7825038966452594,-0.3242290986424786,0.7731975412758872,-0.5668518246406733,0.49797867481912517,-0.5427747423841905,0.23588354629601546,-0.5125915457379081,0.5151298861529313,-0.6476372324096586,0.17387630254271272,-0.6717924267429571,-0.14457188806656132,0
1.0,1.0,0.354528651711663,1.0,0.5427609472903487,1.0,0.7701630898691447,1.0,0.3646976478910687,1.0,0.4698392309518664,1.0,0.3692631154342612,1.0,0.9069327274992464,1.0,0.2023084051368852,1.0,0.15908161660347903,1.0,0.7475812790025725,1.0,0.7273091481248085,1.0,0.168364473266251,1.0,0.5160459891949055,1.0,0.4677622332046476,1.0,0.6683916052580667,1.0,0.5562331272290214,0
1.0,-0.8686036118462251,-0.8842003729143002,1.0,1.0,1.0,-0.018815523647220177,0.027851544849840704,0.11783933386450895,-0.9966326332550335,1.0,1.0,1.0,0.26820991398888006,-0.8360767847987135,-0.8911884227513693,-0.9416623357518206,0.20335933785926077,-0.7771714301201309,1.0,-0.9092662452974113,-0.9557330027536682,1.0,-0.8649166491752758,-0.95886437881269,1.0,-0.819459089733025,-0.8966926808919704,-0.9704641319512355,1.0,1.0,0.12435436902935593,0.17082910020695558,0
1.0,0.17188,-1.0,-1.0,1.0,0.0,0.0,0.0,0.0,-1.0,1.0,0.0,0.0,-0.61354,-0.67708,0.80521,0.36146,0.51979,0.14375,0.0,0.0,-1.0,-0.27083,-0.84792,0.9625,1.0,1.0,-1.0,0.67708,0.0,0.0,0.0,0.0,1
1.0,1.0,0.51515,0.45455,0.33333,0.06061,0.36364,-0.32104,0.73062,-0.45455,0.48485,-0.57576,0.0,-0.57576,-0.12121,-0.33333,-0.48485,-0.09091,-0.84848,0.48485,-0.57576,0.57576,-0.42424,1.0,-0.39394,0.72961,0.12331,0.9697,0.57576,0.24242,0.36364,0.09091,0.33333,0
1.0,0.90116,0.16607,0.79299,0.37379,0.7299,0.50515,0.59784,0.72997,0.44303,0.81152,0.24412,0.87493,0.06438,0.85038,-0.12611,0.87396,-0.28739,0.79617,-0.46635,0.65924,-0.57135,0.53805,-0.68159,0.39951,-0.71844,0.25835,-0.72369,0.11218,-0.71475,-0.05525,-0.67699,-0.19904,0
1.0,1.0,0.16195,1.0,-0.05558,1.0,0.01373,1.0,-0.12352,1.0,-0.01511,1.0,-0.01731,1.0,-0.06374,1.0,-0.07157,1.0,0.059,1.0,-0.10108,1.0,-0.02685,1.0,-0.22978,1.0,-0.06823,1.0,0.08299,1.0,-0.14194,1.0,-0.07439,0
-1.0,-0.481794920075727,-0.9506234521728322,1.0,0.9046557005443817,1.0,-1.0,1.0,-0.20116342462235923,0.9587895216074884,0.9779437522368436,-0.9298763511847293,-0.32924936075358646,1.0,-0.8710281271421492,-1.0,0.17609203777817295,0.9940928575975553,-0.8777992167732193,1.0,-0.0077291020986842394,-0.7330475899261378,1.0,0.6726881004250064,0.8053839024126754,1.0,1.0,1.0,-0.9491752251818791,1.0,-0.8908539582251435,1.0,0.980052865861199,1
1.0,0.83479,0.28993,0.69256,0.47702,0.49234,0.68381,0.21991,0.86761,-0.08096,0.85011,-0.35558,0.77681,-0.52735,0.58425,-0.7035,0.31291,-0.75821,0.03939,-0.71225,-0.15317,-0.58315,-0.39168,-0.37199,-0.52954,-0.1695,-0.60863,0.08425,-0.61488,0.25164,-0.48468,0.40591,-0.35339,0
1.0,0.49515,0.09709,0.29612,0.05825,0.34951,0.0,0.57282,-0.02427,0.58252,0.02427,0.33495,0.04854,0.52427,0.00485,0.47087,-0.1068,0.43204,0.00485,0.34951,0.05825,0.18932,0.25728,0.31068,-0.15049,0.36547,0.03815,0.3932,0.17476,0.26214,0.0,0.37379,-0.01942,0
0.614768673689677,0.7909260705205389,-0.19544805045324065,0.7615239911762428,-0.2199139356884553,0.699507874883522,-0.11908573682868893,0.748822988600496,-0.2981075188171345,0.801737709881077,-0.22098658756551243,0.736507958895412,-0.2300639559645789,0.7742397244025888,-0.13583299580081054,0.77844083059626,-0.21975645086338183,0.8047340785103421,-0.20720004056523797,0.7787811825171885,-0.20972429011373225,0.7911848710478981,-0.2310806044853487,0.677487474153313,-0.1776410650080446,0.8452037450358455,-0.27493481905851425,0.7643455464158618,-0.23688416539118912,0.8132207674871132,-0.18963320994322946,0.9609663831528642,-0.21588796315156306,0
1.0,-0.846481647319312,0.468762028072052,0.9998916655786618,0.1059363741680593,1.0,-0.14827108939344227,1.0,0.3479085038214536,0.7861957900118179,0.30002969520507294,0.9400775618684647,0.2666405226961267,-1.0,0.17160807714381673,0.8222258249712615,0.05193120085314819,1.0,0.12400289429709319,0.9846896292687479,0.3891637857139745,0.5726323655812434,-0.44498768747546574,0.865632017704972,-0.0450999738972622,0.9627686293646981,0.11774759312737101,0.8167556370382225,0.31593828311273425,0.920092024831327,0.050717426827674744,0.9680505752150885,0.07743186047204183,1
0.897476913425025,0.969190141810737,-0.4987150965255829,0.7725818638965993,0.37220142035554016,0.4879909412766626,-0.32305894789401557,0.9556494083002041,0.11299292987570693,1.0,-0.23211961130202913,0.39989938238453254,0.06540064546123504,0.6906260329230481,0.0016577822807199803,0.29937395556457547,-0.17807602356196578,0.7971920308245335,-0.24218228557717436,0.6350361762431382,0.07578517813950329,0.6892756510008009,0.13658076538614253,0.43952567798435965,-0.4255984534479634,0.5693441522887244,-0.2638743588127479,0.6493137626654142,-0.12242445649923583,0.7668061073430007,-0.5144313280070504,0.475224836638074,-0.32680246190512807,0
1.0,1.0,0.1279375753907709,0.8467858447664991,0.11152103812268993,1.0,0.01348783326673279,1.0,0.2506954610112017,1.0,0.1926427496095447,1.0,-0.01485884304028888,1.0,-0.24146628655232133,1.0,-0.06635654669252725,1.0,-0.11938922212998762,1.0,-0.05418053682866325,1.0,-0.17945469382281298,1.0,-0.041635747452685085,1.0,-0.15313458658910653,1.0,-0.02501746289835004,1.0,-0.19262764938432486,0.8948207826277863,-0.18020026408610093,0
1.0,1.0,0.45293940865834403,1.0,-0.5207050816427675,1.0,0.18676736506621275,1.0,0.48639298534674397,1.0,0.5773558018259367,1.0,0.24355258052559267,1.0,0.4797022898787944,1.0,0.152084246129494,1.0,0.19027653968503336,1.0,0.3579341345989988,1.0,0.43923468044989034,1.0,0.40462154995634375,1.0,0.28542596175563373,0.9811909490239393,0.33439056336593465,1.0,0.17602097300963548,1.0,0.23477745548399911,1
1.0,0.790433420991758,0.15530984570575163,0.7913393678564921,0.13073985800830681,0.7656458869024696,0.2859241448506331,0.2227660652031867,0.344442717399841,0.7505523748786443,0.18258748235736133,0.6895015259801858,0.4154339889801501,0.9285943861999947,0.3105741628450752,0.7623010471613902,0.36775740508202703,0.2592585324665573,0.635876952876835,0.7169340700767327,0.3429929292702813,0.6572502096295997,0.3452988871743933,0.6187671832541257,0.3618767880569385,0.6118148500363326,0.47783126024677103,0.48926998514461895,0.4488541179726716,0.5117887631394671,0.4613526210580315,1.0,0.48237805275455825,0
1.0,0.7983,0.09417,0.78129,0.20656,0.71628,0.28068,0.6932,0.41252,0.65917,0.50122,0.57898,0.60814,0.4921,0.58445,0.33354,0.67861,0.29587,0.63548,0.09599,0.68104,0.02066,0.72236,-0.08748,0.63183,-0.11925,0.60696,-0.18226,0.56015,-0.25516,0.51701,-0.27339,0.42467,0
0.7288957733283032,0.6534484974249954,-0.4271824477377233,0.6626577185241753,-0.4693619352950925,0.6121830064039251,-0.548087442439358,0.45693296372949066,-0.5485046421437753,0.4834389341922825,-0.6434287335280465,0.42554438682209267,-0.7319890143236838,0.2600415854169912,-0.7536653752152583,-0.04162803820855568,-1.0,0.05352321605091609,-1.0,0.10910722781194462,-0.80739102096519,-0.04215130813272934,-0.8936657339622112,-0.1496104117617411,-0.8522055562038067,-0.26248833739490207,-0.9130592692402555,-0.4133960105870627,-0.895828531166112,-0.267666877282094,-0.8395406824099633,-0.3995705238391934,-0.8022830655514142,0
0.0,-1.0,1.0,0.0,0.0,0.0,0.0,-1.0,1.0,1.0,1.0,0.0,0.0,0.0,0.0,1.0,-1.0,-1.0,1.0,1.0,1.0,0.0,0.0,-1.0,-1.0,1.0,-1.0,1.0,1.0,-1.0,1.0,0.0,0.0,1
1.0,1.0,-0.14236,1.0,-0.16256,1.0,-0.23656,1.0,-0.07514,1.0,-0.2501,1.0,-0.26161,1.0,-0.21975,1.0,-0.38606,1.0,-0.46162,1.0,-0.35519,1.0,-0.59661,1.0,-0.47643,0.9882,-0.49687,1.0,-0.7582,1.0,-0.75761,1.0,-0.84437,0
1.0,0.6257024773819064,0.4238491677459249,0.7665374059795991,0.6563463721770174,0.5695309173684263,0.7336205807697458,0.42732676587896656,0.6244221228224696,0.3256341204095681,0.9472457479611719,-0.21800774246686788,0.9056303658683024,-0.2035700346108979,0.7627101009622719,-0.3944819081337235,0.6240615890119869,-0.7907729175488228,0.7722336374832008,-0.8239861584904037,0.3647156350226374,-0.7422423601367311,-0.09235315082546287,-0.9998819841592067,-0.36781840067833527,-0.6546632820663317,-0.06362824570624126,-0.6850186444042392,-0.117121321659809,-0.33788831016654775,-0.6011719215711547,-0.21921871690241332,-0.7495984424892176,0
1.0,1.0,0.06655,1.0,-0.18388,1.0,-0.2732,1.0,-0.43107,1.0,-0.41349,0.96232,-0.51874,0.90711,-0.59017,0.8923,-0.66474,0.69876,-0.70997,0.70645,-0.7632,0.63081,-0.80544,0.55867,-0.89128,0.47211,-0.865,0.40303,-0.83675,0.30996,-0.89093,0.22995,-0.89158,0
1.0,0.80627,0.13069,0.73061,0.24323,0.64615,0.19038,0.36923,0.45577,0.44793,0.46439,0.25,0.57308,0.25192,0.37115,0.15215,0.51877,-0.09808,0.575,-0.03462,0.42885,-0.08856,0.44424,-0.14943,0.40006,-0.1994,0.34976,-0.23832,0.29541,-0.26634,0.23896,-0.23846,0.31154,0
1.0,0.5404320597622942,0.2749365402104445,0.6482681604191186,0.33648098027614004,0.7199858712855604,0.1386418636729807,0.7529600709781801,0.4517501087256244,0.7481923670586461,0.015507479232509943,0.6259299506286433,0.26757180212680554,0.6796049856957291,0.2571176905198342,1.0,-0.05323065917510854,0.6077143599205284,0.10605544776576242,0.5451089900960899,0.25605743723183094,0.5897188740800863,0.018717323688015597,0.717110351540148,0.17102415959930886,0.7696730957086149,0.09197488469681392,0.511219575745739,0.17711927154989113,0.9099249050419227,0.19773490046104253,0.5198162103220858,0.21350021383386275,0
1.0,0.88116,0.27475,0.72125,0.42881,0.61559,0.63662,0.38825,0.90502,0.09831,0.96128,-0.20097,0.892,-0.35737,0.775,-0.65114,0.6221,-0.78768,0.45535,-0.81856,0.19095,-0.83943,-0.08079,-0.78334,-0.26356,-0.67557,-0.45511,-0.54732,-0.60858,-0.30512,-0.667,-0.19312,-0.75597,0
1.0,0.95659,0.08143,0.97487,-0.05667,0.97165,-0.08484,0.96097,-0.06561,0.94717,0.01279,0.95436,-0.16795,0.94612,-0.19497,0.9963,-0.32268,0.90343,-0.35902,0.91428,-0.27316,0.9014,-0.29807,0.99899,-0.40747,0.87244,-0.34586,0.92059,-0.30619,0.83951,-0.39061,0.82166,-0.41173,0
0.6438942740540552,0.7174309321597487,-0.7011325716175771,0.3326539999648668,-0.028292393660550964,0.48180907657893945,-0.5730576817578306,0.4717695370751377,-0.18280693869314757,0.7341686180212945,-0.5101296288742592,0.18282912638822163,-0.2424472648664041,0.35499154999291443,-0.36257660589437396,0.012599917230325913,-0.5080808398112956,0.4578155119969139,-0.45878174454822396,0.29116362641905863,-0.25378931711618397,0.5459168554624866,-0.15355537912167133,0.09046964420971769,-0.5730051755737845,0.32261109847989666,-0.516738549499322,0.32516257813962407,-0.49793109941101926,0.4416052065105197,-0.9258093136496549,0.23086014624968126,-0.5462553571410637,0
1.0,1.0,0.45455,1.0,0.54545,0.81818,0.63636,1.0,-0.09091,1.0,0.0,0.81818,-0.45455,0.63636,0.27273,1.0,-0.63636,1.0,-0.27273,0.90909,-0.45455,1.0,0.0775,1.0,-0.09091,1.0,0.08867,1.0,0.36364,1.0,0.63636,0.72727,0.27273,0
1.0,1.0,0.8409952599441805,0.9768282517471553,1.0,0.2837318292684023,1.0,-0.23469090285287186,1.0,-0.5864880393317938,0.8820220857416186,-0.671508772081772,0.38232262112895143,-0.6648572827197529,-0.04325242834341108,-0.2995796570780801,-0.413791632656199,0.03882527515571167,-0.6008209507731563,0.601752071596468,-0.6761866753848863,1.0,-0.4230235563079514,1.0,0.14425363266675423,1.0,0.5479125602893006,1.0,0.8478584050384329,0.5500357659162575,1.0,0.24816890542493797,1.0,0
1.0,0.29282264054232016,1.0,-0.3131363502579289,0.4273267652837891,-0.05860523229985033,0.27249813168249815,-0.08191596145796719,-0.15948243924338515,-0.3664778981990729,0.20094528104415066,-0.39396144841969977,-0.11459551378575596,-0.18414367776960724,0.09284058987093946,-0.01218133672175506,-0.818169142481076,-1.0,-0.26957492647453746,-0.9942425313820131,-1.0,-0.8735216524088685,-0.22233967709416227,0.3078042241778635,0.3960731678106365,0.1933762965860988,0.1543746466482493,0.1558600522261812,0.4686101198826734,0.049435190373203625,0.1458459252395226,-0.40678794626343895,-0.47367376680721185,1
0.8585799024141105,-0.13799049566762683,0.3586149010500862,0.26365268697748306,0.13860357380694258,0.26674069751188456,0.3312411196378234,0.2970688419927001,0.49983412178519715,-0.3704640818843341,-0.32101855876099306,0.09157988528400947,0.31082059119660954,-0.8075911980300106,0.31709697195467484,0.5582776174199511,0.1761341708740233,-0.21558064533405302,0.3167385675683542,-0.6158079293864125,-0.030775377640785598,0.3322589504759057,0.4662185404554875,-0.4635834269895211,-0.2552916862880267,0.25580782890210574,0.5616877352948566,-0.4191367568463881,0.2527256128871069,-0.2288422908609435,-0.3249866720860477,0.5440043828032514,-0.06390226517305875,1
1.0,1.0,0.6167079058363073,1.0,0.43116291677472485,0.26373090560555024,1.0,0.2692273946892772,1.0,0.10091898114609628,0.9143514958114698,-0.15690213396192026,0.7582643708582112,-0.2826783143325612,0.5024050215086061,-0.3153936407171848,0.3798615539080548,-0.1838648621106282,0.11816808646990773,-0.18069167263451127,0.0168984477309269,0.0236668979024994,0.06566672313328056,0.08629931450075673,-0.07190641216046072,0.15317108842639587,0.09913104458010533,0.155379961683862,0.1650022871800435,0.09256360160451561,0.1291925104223089,0.10785106647681017,0.16912922982314763,0
1.0,1.0,0.03529,1.0,0.18281,1.0,0.26968,1.0,0.25068,1.0,0.28778,1.0,0.38643,1.0,0.31674,1.0,0.65701,1.0,0.53846,1.0,0.61267,1.0,0.59457,0.89593,0.68326,0.89502,0.71374,0.85611,0.67149,0.74389,0.85611,0.71493,0.75837,0
1.0,1.0,0.17293980750857763,1.0,0.5920564383590583,1.0,0.3556657305327731,1.0,0.2324652369065887,1.0,0.09947617537715173,1.0,0.3872464890689969,1.0,0.31910567594711275,1.0,0.36832210107444524,1.0,0.2533040990548186,1.0,0.3912636222472097,1.0,0.42120838720323817,1.0,0.32057839866265525,1.0,0.357963911838496,1.0,0.14514395330210472,1.0,0.34860849049061826,1.0,0.3062455138313629,0
1.0,0.99449,0.00526,0.84082,-0.11313,0.88237,-0.16431,0.99061,-0.06257,0.96484,-0.07496,0.85221,0.02966,0.87161,-0.20848,0.93881,-0.12977,0.98298,-0.08935,0.89876,0.00075,0.87836,-0.05882,0.93368,-0.19872,0.87579,-0.17806,0.94294,-0.16581,0.80253,-0.25741,0.76586,-0.27794,0
0.6852988335135872,0.7152316276160064,-0.23386931869073202,0.6741241136595513,-0.32895694690874083,0.3643099405077025,-0.1730989163585454,0.6930588927671757,-0.36389292430013853,0.5529285275137187,-0.40570275799794303,0.7200345719611159,-0.5402304764457636,0.5155669471451986,-0.29329686564409424,0.5132780570918524,-0.29126531513780257,0.7169382057169252,-0.43956762905822094,0.449395273266395,-0.356012158403205,0.39526797000341496,-0.45714343248000805,0.3748088541094674,-0.40681992240909415,0.5776426926335262,-0.31027375455210426,0.6943684485079977,-0.18358392986502858,0.4531528439065904,-0.4287614128161268,0.7152222500722245,-0.2790619556070747,0
1.0,0.880484916915839,0.24331968024418824,1.0,0.39490908043881384,0.8775153822126328,0.12449151629622399,0.6423304126911916,0.20633106896381137,0.7358391255175226,0.061659504491896305,0.979439323881,0.6184550122004931,1.0,-0.08641128260677872,0.8170103554109401,0.311502856080196,0.9242864686326446,0.41012226574299226,0.9289413820428613,0.6199758876161576,1.0,0.33933708942826984,0.6891876311282967,0.4467340045723785,0.928827853376119,0.2894645786032774,0.9107366380297227,0.31222535185048106,1.0,0.2117903078896521,0.9893922738688615,0.28388636261149325,0
0.8271311856652807,0.6180907201761296,-0.24305536658290694,-0.09355166267995285,-0.05106892483545038,0.6844128752786834,-0.05268847251904252,1.0,-0.22608348868187234,0.5427006771132941,-0.9097097214551468,0.6327520044502836,-0.23577851438195888,0.44381359305643486,-0.7455738560829016,-0.09428986376560666,-0.40852164763867993,0.7350255787560582,-0.19565187087868635,-0.09628467703557952,-0.3127090187043054,0.8760529966892479,-0.5513648067798717,0.5894124490610694,0.7271562612383498,0.7140607176079854,-0.24347322182187844,0.6756970652856327,-0.17076915556745795,-0.30626644753439713,-0.2766840271624229,0.6842408376569832,-0.20686640978603338,1
1.0,0.84713,-0.03397,0.86412,-0.08493,0.81953,0.0,0.73673,-0.07643,0.71975,-0.13588,0.74947,-0.11677,0.77495,-0.18684,0.78132,-0.21231,0.61996,-0.10191,0.79193,-0.15711,0.89384,-0.03397,0.84926,-0.26115,0.74115,-0.23312,0.66242,-0.22293,0.72611,-0.37792,0.65817,-0.24841,0
1.0,0.74916,0.02549,0.98994,0.09792,0.75855,0.12877,0.74313,-0.09188,0.95842,0.02482,0.97921,-0.00469,0.9611,0.10195,0.91482,0.03756,0.71026,0.02683,0.81221,-0.08048,1.0,0.0,0.71764,-0.01207,0.82271,0.02552,0.72435,-0.01073,0.90409,0.11066,0.72837,0.0275,0
0.8719715021810398,1.0,0.5609552295629219,0.5647565363154833,0.7183202209190936,0.02632934785846547,0.7343446616981977,-0.1935072159168042,0.9241574605328071,-0.42506884415876645,0.810275933532823,-0.661107780534777,0.7928517055609792,-1.0,0.7012110194168535,-0.9803008722361523,0.1117518975385312,-1.0,0.09350601870116512,-0.49141594164142355,-0.42986708242635985,-0.5668171945369432,-0.6276286753178303,-0.05790468526285748,-0.7443848746755892,0.18478690182300833,-0.8775557082595052,0.620040050399959,-0.5688130491521198,0.9180608789406641,-0.4326833422369315,0.745691952131134,-0.4763195011991886,0
1.0,1.0,0.02461,0.99672,0.04861,0.97545,0.07143,0.61745,-1.0,0.91036,0.11147,0.88462,0.5364,0.82077,0.14137,0.76929,0.15189,1.0,0.41003,0.6585,0.16371,0.60138,0.16516,0.54446,0.1639,0.48867,0.16019,0.43481,0.15436,0.38352,0.14677,1.0,1.0,1
0.21150212138000063,-0.6024618485547028,-0.6859432020885966,0.32044859876633525,0.2907702297660003,0.320960321567311,0.23186073524965561,0.26215857449128965,0.3047321048035172,0.1978099098194891,0.2863867073783597,0.28361260333495164,0.2863789395622337,1.0,-0.7448151366643523,0.2180085667378086,0.30651361712253355,-0.7135055794058309,-0.7618876695955905,0.30281400357751964,0.2867272412217282,1.0,1.0,1.0,-0.7554872968049108,1.0,-0.7363720799544712,0.28250730671034063,0.351853162128746,0.32392281903615183,0.35085179758302615,0.3148673472579708,0.3178264612953351,0
1.0,0.51207,1.0,1.0,0.5381,0.71178,0.80833,0.45622,0.46427,0.33081,1.0,0.21249,1.0,-0.17416,1.0,-0.33081,0.98722,-0.61382,1.0,-0.52674,0.71699,-0.885,0.47894,-1.0,0.35175,-1.0,0.09569,-1.0,-0.16713,-1.0,-0.42226,-0.91903,-0.65557,0
1.0,0.4894772503010803,-0.09418754902587098,1.0,0.1189743438975152,0.5972738087775383,-0.2836860806228718,0.2807095048475476,-0.12468489717769804,0.4805999776831549,-0.15221671148143728,0.9022725842486715,0.2518256079743763,0.5329262345657095,-0.1606171847750899,0.6052663123636433,-0.0013914608374745105,0.49810984863944674,-0.09866959184796402,0.8645467335921089,0.31233828441240513,0.6211248399125935,0.09673360465993386,0.5756440382848778,0.17444085356948963,0.5466469138926561,-0.141410400043452,0.532595350119307,0.1791321195865732,0.8204770322668445,-0.38756141805500827,0.8164887496182249,-0.08194485001970268,0
1.0,1.0,0.28046,1.0,0.02477,1.0,0.07764,1.0,0.04317,0.98762,0.33266,1.0,0.05489,1.0,0.04384,0.9575,-0.24598,0.84371,-0.08668,1.0,0.0415,0.99933,0.27376,1.0,-0.39056,0.96414,-0.02174,0.86747,0.2336,0.94578,-0.22021,0.80355,-0.07329,0
1.0,0.68148,0.1037,0.77037,0.03457,0.65185,0.08148,0.60988,-0.00494,0.79012,0.11852,0.59753,0.04938,0.62469,0.0963,0.78272,-0.17531,0.73827,-0.10864,0.48642,0.00988,0.60988,0.08148,0.66667,-0.1284,0.63773,-0.02451,0.76543,0.02222,0.61235,-0.0716,0.51358,-0.04691,0
0.0,1.0,-1.0,1.0,-1.0,1.0,-1.0,1.0,-1.0,1.0,1.0,1.0,1.0,1.0,-1.0,1.0,1.0,1.0,1.0,1.0,1.0,1.0,-1.0,1.0,-1.0,1.0,-1.0,1.0,0.65625,0.0,0.0,1.0,-1.0,1
1.0,0.7479,0.0084,0.83312,0.01659,0.82638,0.02469,0.86555,0.01681,0.60504,0.05882,0.79093,0.04731,0.77441,0.05407,0.64706,0.19328,0.84034,0.04202,0.71285,0.07122,0.68895,0.07577,0.66387,0.08403,0.63728,0.08296,0.61345,0.01681,0.58187,0.08757,0.5533,0.08891,0
-0.3486394987394562,-1.0,-1.0,0.725774453278853,0.7045590937174596,0.7482333727894692,-1.0,-1.0,0.7229169246816207,0.6701807702473099,-1.0,-1.0,-1.0,-0.3183291262786926,-0.303725284486395,0.7717551778527247,0.6800641716967047,-1.0,-1.0,0.6980941177829297,-1.0,0.737628915205639,-1.0,0.7430125107886397,0.7329053680846108,0.7500827603361517,-1.0,0.7706490188248263,-1.0,-1.0,0.7298673434658438,0.7351248935195249,-1.0,0
1.0,1.0,0.3547763336495527,1.0,-0.7046593400334563,1.0,-0.05542106732590873,1.0,0.24135524183200044,1.0,0.3918035242268977,0.9788780092633794,0.09407323493438127,1.0,0.15669953329275918,1.0,-0.03210057850009473,1.0,0.00017788185601565198,0.9822035954110842,0.18814488554118539,1.0,0.14072615721248682,1.0,0.11935504554558984,1.0,-0.004074592387991932,1.0,0.09072829151453983,1.0,0.056997503634134014,0.9852289127210843,-0.09372609308391058,0
0.9992315035615112,0.5994108406810854,0.2596885945959215,0.8783155849101975,0.7980371071798236,0.4635318030585886,1.0,-0.041090739808272984,0.7908304246372141,-0.31425264293169164,0.6876048965229438,-0.3893046955615048,0.6011774536252052,-0.6734128775077728,0.3594180387296304,-0.6726802171074955,-0.23289862127724711,-0.6015884228164533,-0.1814121962916491,-0.6788238726090852,-0.45465205449212365,-0.3446089022898234,-0.3038863290989511,-0.18974777553789263,-0.6015203349586618,0.008142430625029479,-0.6423022821698379,0.4062746535169123,-0.4486008187208356,0.45975128013010214,-0.17876890484752422,0.4346434600322019,0.06398051487416159,0
-0.14866593384495752,-0.14570049287689338,-0.17998812407312587,0.9352374661572003,0.8740231117064743,-0.09492070460053151,-0.10947116062665922,0.8369960733622662,0.8347773888927922,-0.17038125038167887,-0.12144513591522813,0.8119814925911665,-1.0,-0.19279371372385998,-0.1447764949253889,-0.16695428914253777,-0.17803991425956667,-0.046882905917059695,-0.1774529656108635,-0.17073630758986166,-0.18870692846303483,-0.15344821775579418,-0.16056556690737503,-0.21146290507545557,-0.17671874175762314,0.8749840785989578,-1.0,-0.15430021789196632,-0.15255050900757985,-1.0,0.8193776663618655,-0.20147890003435545,-0.2333327212521879,0
1.0,1.0,1.0,0.367,0.06158,0.12993,0.92713,-0.27586,0.93596,-0.31527,0.37685,-0.87192,0.36946,-0.92857,-0.08867,-0.38916,-0.34236,-0.46552,-0.82512,-0.05419,-0.93596,0.25616,-0.20443,0.73792,-0.4595,0.85471,-0.06831,1.0,1.0,0.3867,0.00246,0.17758,0.7979,0
1.0,0.9696694346533388,0.01402224879298021,0.8895886671740008,0.05306200809317613,0.8114499064706795,0.04847302807461258,0.8294520123458088,-0.032438125587364634,0.8003366403149782,0.05342897895615842,0.8792444282652438,0.002389352573068843,0.8152758182878341,0.06341063794613903,0.7040314344253639,0.024854838497376353,0.8453299435502245,0.001126368690085186,0.8213562819261617,-0.02382876879556389,0.8033152037939856,0.14474286987874996,0.788897663571065,0.04953589282376016,0.7815811955438772,0.01990571617908399,0.8858743890969192,0.06990356004546619,0.7515297643766715,0.0459011089206338,0.7412671180739012,0.048530497339019284,0
0.8992268185364581,0.9808960137599206,0.2894125433176464,0.6539114220628942,0.6239690549491375,0.36998862971076313,0.8170733203874191,-0.16276797856630387,0.8405769405989545,-0.35254977617664607,0.9769196365453627,-0.6450791216301243,0.7093085960789319,-0.7989311620828902,0.3516124809544013,-1.0,0.14254834820915033,-1.0,-0.08128658464812777,-0.7668592928441489,-0.5656683093098988,-0.602221217973198,-0.8142898205388136,-0.03585274717523207,-0.9265074063137717,0.1400236015910774,-0.9341698169381334,0.5289902889717206,-0.6302121466157131,0.7418872229158183,-0.5206250579744871,0.866057787896344,-0.0030912040809022434,0
0.6161676303475455,-0.25777407282639087,-0.38704300975246153,-0.3978121860659007,-0.34571141929136595,-0.23232547084280944,-0.4995058406130469,-0.139511567926607,-0.2781337083371205,-0.3158311216069616,-0.36812614794755333,-0.24472689793800934,-0.27301535066008387,-0.3779013417817296,-0.42367347011654993,-0.4043968749346755,-0.4358425609294958,-0.4528251195115563,-0.3506155688717481,-0.29074725836469995,-0.2696761992128948,-0.29267237885477626,-0.29011167415549105,-0.24056410648687993,-0.30863010382539274,-0.3451958317472051,-0.18969132740878478,-0.34141444053562564,-0.31770116508251833,-0.3026731228802704,-0.24771420466290361,-0.35001423047703106,-0.09867840116848253,0
0.0,1.0,1.0,1.0,-1.0,1.0,-1.0,1.0,1.0,0.0,0.0,1.0,-1.0,0.0,0.0,0.0,0.0,0.0,0.0,-1.0,1.0,1.0,1.0,0.0,0.0,1.0,1.0,0.0,0.0,-1.0,-1.0,0.0,0.0,1
0.9547204434498037,0.9494248433260728,-0.10912258398733996,1.0,-0.007610942717999157,0.836517397401943,-0.05301504015610037,0.8330093219676001,-0.012358472971421619,0.8983403638319513,-0.046948424044386164,0.8691218297684828,-0.05296171397804873,0.9665019048185478,0.03408921438370577,0.920413742460079,0.009610601120279672,0.7707458906122645,-0.1063965314612853,0.9181206217295844,0.02051250313620224,0.9606861825103659,0.011567872724444695,0.8771254641673644,0.05799480930834129,0.9004201206304147,0.02551101371774271,0.8701834630928547,-0.05450090985951493,1.0,-0.006878084971063462,0.8572070902909122,-0.17817594011658133,0
1.0,1.0,0.16440817388002246,0.8831454214935578,0.3540043361731277,0.9120448739375053,0.5662696450115194,0.5272747538201488,0.6442584416302094,0.3508809490855868,0.7862224597486904,0.21092787026630563,0.96711383721887,0.08023075049450581,0.9166305821241041,-0.22174004569711736,0.8898525081372309,-0.49028065562327294,0.8908109605491887,-0.5828903242229179,0.6679058662644726,-0.7400150118597693,0.49675498111330946,-0.8525285645257972,0.3396105893278859,-0.7409613149325022,0.24245729232529373,-0.8583558929799591,0.020129290376969415,-0.8152155099407113,-0.2151820361463902,-0.6705238496542967,-0.39565711090831385,0
-0.15139575413447437,0.907949304560181,0.9021626113404133,-0.03229082515832231,-0.122632625821195,0.8765143640689845,-1.0,0.9411541761727596,-1.0,0.8138212003798146,0.8512790973947185,0.8391670966394933,0.8936944253538486,0.8664547807818029,-1.0,0.8132999758201797,0.8338048506632445,0.9041032757528727,0.9179436389970886,0.7625150249640881,-1.0,-1.0,-1.0,0.9862598807697286,-1.0,0.8833394876378593,-1.0,0.9235321565031862,0.9682983157335767,-0.04532712662211737,-0.10957819412389068,0.849945251252119,-1.0,0
1.0,0.57647,-0.01569,0.40392,0.0,0.38431,0.12941,0.4,-0.05882,0.56471,0.14118,0.46667,0.08235,0.52549,-0.0549,0.58039,0.01569,0.50196,0.0,0.45882,0.06667,0.58039,0.08235,0.49804,0.00392,0.48601,0.10039,0.46275,0.08235,0.45098,0.23529,0.43137,0.17255,0
1.0,0.63816,1.0,0.20833,-1.0,1.0,1.0,0.87719,0.30921,-0.66886,1.0,-0.05921,0.58772,0.01754,0.05044,-0.51535,-1.0,0.14254,-0.03289,0.32675,-0.4386,-1.0,1.0,0.80921,-1.0,1.0,-0.0614,1.0,1.0,0.20614,-1.0,1.0,1.0,1
1.0,1.0,0.18248324570272015,1.0,0.1608002424942137,1.0,0.25794682108757916,1.0,0.23675779264306088,1.0,0.19632400895192959,1.0,0.18869499452062988,1.0,0.18643292699297287,1.0,0.12222391373086745,1.0,0.34537794513830555,1.0,0.2735685624084543,1.0,0.34043940090814373,1.0,0.14307857984903927,1.0,0.26857003801066615,1.0,0.3326293780378591,1.0,0.22329614705344758,1.0,0.2823948795954347,0
-1.0,1.0,-0.12222561846120765,-0.9870981455975447,-0.12274736315712159,-1.0,0.054543996681047036,0.9220258645757279,-0.3319841645138926,-1.0,-0.11927910716584961,1.0,0.31205395564024,-1.0,0.16182094243577883,0.9246625262442392,-0.10839601546510508,1.0,-0.10389093173450827,1.0,-0.14009041538095887,1.0,-0.15330005121111479,1.0,-0.30826776576012904,1.0,-0.2992178538442792,-1.0,-0.007127062848827817,1.0,-0.14383828419959196,0.9250525519184392,-0.12850834636263928,1
0.9664391089709851,1.0,-1.0,0.9935298172759158,0.976167465945862,1.0,-1.0,0.9850085262242912,-1.0,1.0,-0.9872094577472572,1.0,-0.003321264894724103,1.0,-1.0,0.9820715044824961,0.9715179545113243,1.0,-0.8163159697547687,0.9960118389820793,0.9705945233063115,0.9711431574508066,-0.9772292524261355,0.02601389599212048,0.019010399390681824,0.9767071602448957,1.0,1.0,-0.7837558991144845,1.0,1.0,1.0,1.0,0
0.7098995893226102,-0.31571515986630716,-0.6918820482136665,-0.28265479587682973,-0.29360104168919765,-0.4284736383198785,0.8036198357800344,-1.0,-0.3228441953837139,-0.2623280254521854,-0.34029851321384075,-0.24198078684209456,-0.3866030955987399,-0.25353728402235126,-0.09766629716454389,-0.16510621630356626,0.5534917041512976,0.48960758053385733,-0.7973367006486025,-0.27531012795367515,-0.3629416736297368,-0.19649937654683486,-1.0,-0.44562948594343954,-0.4407365086259004,0.8009456866558912,-1.0,-1.0,-0.10151464572008126,-0.27314955956324793,-1.0,-0.043056154968257765,0.1901061002015163,1
1.0,0.62335,-0.0349,0.59085,0.00481,0.60409,-0.07461,0.63177,0.00963,0.62455,-0.07461,0.67028,0.0722,0.62936,-0.08424,0.67509,0.09146,0.67148,0.0,0.58965,0.10108,0.5006,0.03129,0.65945,0.14079,0.60463,0.02019,0.51384,0.04452,0.61733,-0.00963,0.61372,-0.09146,0
0.9740363720898774,0.7002211191383405,-0.05155495205750585,0.9937675244111528,-0.23808304405670197,-1.0,0.033684124848419594,0.9577424606381121,0.0873308896408426,-0.5613527267523484,-0.021630197865093848,0.7320523001484641,-0.00546952417600239,0.970238656817144,-0.04790668353091537,1.0,-0.2534989706405679,0.8963705917234651,0.20594923146561875,0.832034019535389,-0.06865010906326335,0.7573519489007364,-0.37214315882954996,0.7306877241423311,0.2614937921517615,0.7527256126345275,-0.004896210680171584,0.4182262938149029,-0.26377729103575875,-1.0,-0.2787057522350045,0.6260985355984796,-0.016550134820250834,1
1.0,0.6732252580087045,1.0,0.3601613193464951,0.7737989300885202,0.4085807790977975,1.0,-0.3606471831343772,0.7481179554058264,-1.0,0.6736971814178577,-0.7319852504715262,-0.005025915698708944,-1.0,-0.4489674420465616,-0.40810429925288083,-1.0,0.6039384348333345,-0.8479179606284544,0.36826623649630785,-1.0,0.6826613532224953,-0.8138356775290712,1.0,-0.23745923378426784,0.8987196298860339,0.5004041616494836,0.4288569904658371,-0.5622446032844548,-0.06820559619609246,0.888538926970243,-0.26235668052722677,1.0,1
1.0,1.0,0.3737939544343396,1.0,0.3569212493050192,1.0,0.44254209948692874,1.0,0.2506322769887689,1.0,0.2940658675177663,1.0,0.4716534254602046,1.0,0.4393582066695888,1.0,0.8250928973596505,1.0,0.44284641477122755,0.924335273442804,0.4045475512792886,1.0,0.45879872606065847,1.0,0.4637491981122747,1.0,0.47164205499583245,1.0,0.5094908068048166,0.34689367986131736,0.5755250057351936,1.0,0.5922956916887501,1
0.8375809119314483,0.8439221903266352,-0.6686823323282604,0.905765697771977,-1.0,0.823737683832607,-1.0,0.9124070937723872,0.20559845227679177,0.8300506613381989,-0.5402196540352685,0.9573918120393633,0.8519735487083537,0.8313497265719185,-1.0,0.9273046585877139,-0.3749339395574794,0.8174753547995899,-1.0,0.7374672928506312,0.9054115733238944,0.8521363890749358,0.739463287430748,0.919627416177366,-0.5816044972015345,0.8346717336104318,-0.8707115977674246,0.8770484664890249,-1.0,0.84463730686928,-1.0,1.0,-1.0,0
0.0,0.0,0.0,0.0,0.0,0.0,0.0,0.0,0.0,0.0,0.0,0.0,0.0,0.0,0.0,0.0,0.0,0.0,0.0,0.0,0.0,0.0,0.0,0.0,0.0,1.0,0.0,0.0,0.0,0.0,0.0,0.0,0.0,1
0.8965791619986436,0.7114461326448693,0.1113924299789412,0.7833148108358767,-0.20940148894701205,0.7825552196565084,0.031065502727540953,0.759520104442788,-0.26486842019411727,0.7778254468521122,-0.00586551420746112,0.7119864753426102,-0.030293607827917,0.7250190385936508,-0.12723105399340906,0.6852271962190153,-0.1891048565012322,0.8301744404845376,-0.10803981254717637,0.6922050510015663,-0.10272116016604652,0.586771770980778,-0.010623874191903804,0.7640573910014309,-0.14897776959040826,0.7428377773879064,-0.15926538296298956,0.6575269594382164,-0.12176730189950408,0.6001312118956862,-0.26259714008809026,0.7623491715707774,-0.20733606263763582,0
-0.22085021633197105,0.6797922268639934,-1.0,0.6436004996940267,0.6922442287485889,0.6329982614229086,0.7336532209386927,0.7188998537531496,0.6875318811832657,0.6954809331481968,0.7342659886835046,0.6488891760899546,-1.0,0.7314779412906435,0.6197976665166741,0.7308222102565908,0.6246671891532295,0.694708248226681,-1.0,0.7644060960680507,-1.0,0.6257414548615577,-1.0,0.6813833658990629,-1.0,0.7236616839619682,0.6103825421897644,0.6533691562337594,-1.0,0.7361000076469812,0.7582960765155918,0.7496252011297407,0.6931026794291995,0
1.0,1.0,0.15224493842295378,1.0,0.24890022617062854,0.9728010258674396,0.16925916922532158,0.9913179070671366,0.09629927778818387,0.9477586746586881,0.2589100054398987,1.0,0.11305885927065379,0.8082246354775872,0.11513131626228137,1.0,-0.04143120037383933,1.0,0.2216930609521295,1.0,0.09853040830523616,1.0,-0.13767088405846994,1.0,0.021452018764617872,0.9759169064001871,0.06895215436523218,1.0,0.21690185433952633,0.9015366171076212,0.054927916884293285,1.0,0.17313750903616745,0
1.0,0.9392713724247909,0.4894979411319837,0.6322540380585538,1.0,0.1934928348880493,0.9256249203579769,0.11641250389415403,0.9065719912347593,-0.5224895788482631,1.0,-1.0,0.3333010008177136,-0.6655428177585302,-0.09607245064078956,-0.3972193479996853,-0.4954128149893489,-0.1029775578413001,-0.6879118795230681,0.38467970860442635,-0.8904534904912758,0.6724454266382616,-0.6091263794781852,0.9520498396500515,-0.22570273531748652,1.0,0.23018114359615577,0.7668323880724428,0.6060104859709065,0.49901528459958333,0.7514856807735943,0.03984873788029271,0.9170869518100923,1
1.0,1.0,0.553701379081699,0.9002383267047641,0.7351439221583888,0.6097608520421733,1.0,0.32184567321546775,0.9708828261924501,0.01779835078959926,1.0,-0.3338704020279083,0.9214017894575499,-0.34978536175222535,0.7176785739563651,-0.6405556948396396,0.47577691433428504,-0.7580955574660246,0.26946805018912745,-0.39424807890531,-0.04028916669547404,-0.2621382954427232,-0.30578414020339745,-0.14701884815324862,-0.547846338965336,0.09109330801823641,-0.46871810831932803,0.37674820914836354,-0.34049978503576783,0.484231047724861,-0.21843896348630526,0.6804706574571373,-0.11687989619365992,0
1.0,0.67547,0.04528,0.76981,-0.10566,0.77358,0.03774,0.66038,-0.04528,0.64528,0.01132,0.66792,-0.13962,0.72075,-0.02264,0.76981,0.08679,0.61887,-0.07925,0.75849,-0.23774,0.73962,-0.14717,0.84906,-0.15094,0.73886,-0.05801,0.66792,0.02264,0.86415,0.03774,0.73208,0.00755,0
0.9995028248870361,0.7164979436148655,-0.17449424243973777,0.47536834306760084,-0.062322098567512016,0.5250545925774651,-0.05846337728269109,0.7623366783177672,-0.041931103010609726,0.7036685713002082,-0.1613305232231275,0.7580595951512301,-0.0036151466343704135,0.5569429889202375,-0.00035493140611589716,0.6805750852228895,0.20985597509478437,0.7403636225153356,-0.017666952692685145,0.4895103085183414,0.13126922065901325,0.5224334922440066,-0.022449581456730643,0.5992594155671386,0.18703558632690867,0.5066375782490152,-0.08664086944057948,0.574643063483527,-0.03427553728560101,0.5308337552674609,0.10701813201460633,0.5483386012632544,0.015491502687442385,0
1.0,-1.0,-1.0,-0.50694,1.0,1.0,-1.0,1.0,0.53819,0.0,0.0,0.23958,-1.0,1.0,1.0,0.0,0.0,1.0,1.0,1.0,1.0,0.0,0.0,-0.71528,1.0,0.33333,-1.0,1.0,-1.0,0.69792,-1.0,0.47569,1.0,1
1.0,0.6077273376962034,0.29149523315910403,0.46076829300308136,0.4282086785711556,0.31046798356936134,0.4372471162534524,0.05923744367877172,0.7436436260189092,-0.05363488609504477,0.6309504768386386,-0.27903627423861177,0.49916268116825707,-0.40255481139615557,0.40828569363419565,-0.39789065151100955,0.13482980727869467,-0.46924569580839565,-0.04092428255743754,-0.08991228717435719,-0.08743066257923088,-0.015499771749347122,-0.27996553754624004,-0.12288649990375929,0.099275258427358,0.17014031143230635,-0.16232693050817903,0.21833469334560052,-0.09095437819016941,0.24771618972297632,-0.30176587060069987,0.45359178949410606,0.09913598104337347,0
1.0,0.696935480504502,-0.30561105673744104,0.29161352978869287,0.3384314427555834,1.0,-0.6811305681163353,1.0,1.0,0.7153635738886477,0.8976887551287044,0.321039740638894,0.3203409736102902,0.27915743079637695,0.38932297562027024,0.9369048706342047,0.0046256019445821694,1.0,-0.6598575297803577,0.35749094346944393,0.31928234155469576,0.34729107153545985,0.2700701322587427,0.5513136882157672,1.0,1.0,0.4449203803497156,0.25917675979795196,0.3370413436215286,0.18068859840533713,0.3221402778204757,0.3476911991219115,0.2740631138602302,0
1.0,0.74704,-0.13241,0.53755,0.16996,0.72727,0.09486,0.69565,-0.11067,0.66798,-0.23518,0.87945,-0.1917,0.73715,0.0415,0.63043,-0.00395,0.63636,-0.11858,0.79249,-0.25296,0.66403,-0.28656,0.67194,-0.10474,0.61847,-0.12041,0.60079,-0.20949,0.37549,0.06917,0.61067,-0.01383,0
1.0,1.0,0.19563526105350637,1.0,0.11932331599862754,1.0,0.0961217398908575,0.9169286934017796,0.06282648201149946,1.0,0.13724056455175174,1.0,0.019220847673817994,1.0,-0.050150058634640816,1.0,-0.15985467016773217,1.0,-0.21451029132615793,1.0,-0.13166431232858472,1.0,-0.17375997483255645,1.0,-0.24057679472378787,1.0,-0.26071239759268006,1.0,-0.26494152458352516,0.961237286042015,-0.25772817056470504,1.0,-0.1980193989882914,0
0.9593406197498886,0.8982480941171999,0.4781888561607358,0.7107447836966242,0.6439972964479498,0.3946121438040774,0.8694502804858182,0.023752202758661453,0.8463448215874028,-0.4260235786158085,0.8844230299917886,-0.773943059845529,0.4586827602709668,-0.8607504333742408,0.29711221849327313,-0.8017422293507701,-0.12227819584095584,-0.6486998853379871,-0.4718846109374958,-0.4629726059211364,-0.6634938929589487,-0.1931412859034646,-0.7578449542567423,0.055570615216422065,-0.7374662425343318,0.4630927835931682,-0.5519554293959108,0.5574686814455221,-0.35041058190881436,0.6964484403039803,-0.002897162091848568,0.5474372223171131,0.10326955094022561,0
1.0,0.7936913104373929,0.2859541633088564,0.6064631834123395,0.2197546061981624,0.5138229528047007,0.7158051792939111,0.25734339726920785,0.819099782793925,-0.07523447732650643,0.5948690111993977,-0.5928071852966198,0.3766103760390066,-0.5904588874164276,0.306556417710996,-0.8808334625238589,0.2144013329151431,-0.759341007187668,-0.2991927409525128,-0.2206826518147062,-0.2402114868683306,-0.5580128274109974,-0.47664696453062694,-0.19861001566128855,-0.5499344347160081,0.19753299822642265,-0.49819019406850906,0.45002914406155536,-0.4411292121616948,0.369781045636385,-0.08891277279410373,0.513041322659635,0.10330211044003386,0
1.0,0.5,0.0,0.38696,0.10435,0.4913,0.06522,0.46957,-0.03913,0.35652,-0.12609,0.45652,0.04783,0.50435,0.02609,0.35652,0.19565,0.42174,0.14783,0.42174,-0.02609,0.32174,-0.11304,0.47391,-0.0087,0.41789,0.06908,0.38696,0.03913,0.35217,0.14783,0.44783,0.17391,0
1.0,0.5754,-0.03175,0.75198,-0.05357,0.61508,-0.0119,0.53968,0.03373,0.61706,0.09921,0.59127,-0.02381,0.62698,0.0119,0.70833,0.02579,0.60317,0.01587,0.47817,-0.02778,0.59127,0.0377,0.5,0.03968,0.61291,-0.01237,0.61706,-0.13492,0.68849,-0.01389,0.625,-0.03175,0
1.0,0.37290477627563895,-0.8437708782663734,0.3038361947111746,0.3506134889505781,0.2917717546210818,-0.8653018477314829,-0.2419631290371974,0.2337478222874841,-0.3295760721672737,1.0,-0.7169602214168762,0.36603002154348663,-0.9897235856840287,0.223949920442424,0.7004858932480224,-1.0,0.8522837496925676,-0.6819822519979424,0.33353431399341327,0.9429714417938427,0.2681918231227815,0.3085376780639386,0.3406840031952174,0.24753193831389067,1.0,-0.29089816307358884,0.3188081597269244,0.29960857334960245,0.2754352387288713,0.35618546013408325,0.2757334133270631,0.2868556636640346,1
0.6894932344957302,0.730292815247036,-0.32985948324232733,0.6715548118177136,-0.2829633629403543,0.7302174787825111,-0.41085820915623567,0.5499968455731248,-0.30888022879350546,0.41030416609214043,-0.28444997797188165,0.568539281172255,-0.2729149556668115,-0.27093223971496283,-0.3356030056672284,-0.5964746745689273,-0.3664843746630943,0.4479476861167186,-0.3840441036836764,0.4009903325371958,-0.5240336131575261,0.18658139063217632,-0.3705256354735018,-0.28835330798364694,-0.741459618987005,-0.4198221156495566,0.5078899855451241,0.11045034583734248,-0.4095781518875015,0.2802575988133407,0.554943087296397,0.3269728065223021,0.7234832561821714,1
1.0,1.0,-0.2685495216917924,-0.909201637310652,0.49827924813486946,-0.07030347760569444,-0.8891273435089567,-1.0,-0.04695780952096222,-0.5854232697527886,-0.5881060546006639,-0.23151360420490677,-0.7696418138127714,-0.42649545634801117,-1.0,-0.2400983864752746,-0.6139867748000318,-0.34939964431706977,-0.9632421894116535,-0.23476232649103107,-0.46931389359695375,-0.2166084281014919,-0.28955260942524685,-0.12950954754843855,-0.3667998911144161,-0.10099818528145768,-0.12477569964626853,-0.27203354307845584,-0.022091493798945146,-0.24537068703044362,0.0369600685270711,-0.20954073200401324,-0.06916342471477319,1
1.0,1.0,0.9053977823459828,1.0,1.0,-0.772881824771383,-1.0,1.0,0.7579291817288586,1.0,0.9721759982211481,-0.8274133634977896,-0.7660573127525401,-0.8001998239850242,1.0,1.0,1.0,1.0,1.0,-0.8339413084757854,-1.0,1.0,-0.8123697331854745,1.0,-0.9348387258816733,1.0,1.0,1.0,1.0,-0.7286230056197394,1.0,-0.8434398720592726,1.0,1
1.0,-0.1990921071644808,0.9852407360342355,-0.9306703927128095,1.0,0.0020952579825617434,0.15389881418277068,0.14105535026662414,0.11758093533758067,-1.0,1.0,0.027715036793577744,0.1475636872918214,-0.469553597543355,-0.566321157414617,0.8364127882368437,0.5275330586200909,0.5980352911428699,0.3253769014388727,0.10462770143697682,0.11669874903967681,-0.9316568711342822,-0.10912387301706516,-0.7261399576914752,1.0,1.0,1.0,-0.8788851437612151,0.8405653735484048,0.14219506345580302,0.09826953845155803,-0.02350586520684296,0.1318776500624106,1
0.8149232849638897,0.6872263306307685,0.709161685354779,0.7254909486153794,-1.0,0.7003521157412258,-1.0,0.658868285834198,0.7197365241492837,0.6257850172783571,0.7788718799087476,0.7356836898240277,0.7287605060944019,0.6218511049405041,-1.0,0.7625205304362274,0.886805862866782,0.7537611609275663,0.7466624534612928,0.7236238402651384,0.6618626261930423,0.7447828337440148,0.6504456698306381,0.6455236675687065,0.642691180355268,0.7439075190925717,0.19741636752826242,-0.29546138550430284,-0.3006931771672808,0.6493427556460798,-1.0,0.6720808207185945,-1.0,0
1.0,1.0,0.08455705900414369,1.0,0.11738646411510692,1.0,0.03831061688087351,1.0,0.12477871240995103,1.0,-0.024814840627063572,1.0,0.0015308188691255456,1.0,-0.055771947735759775,1.0,-0.18992132233278963,1.0,-0.0953407353351837,1.0,-0.11795511497191369,1.0,-0.15520095432289166,1.0,-0.2759670215236406,0.9979227812216473,-0.20781692676900385,1.0,-0.3270951768004058,1.0,-0.23214359810597227,0.9505243431069208,-0.32413741306928073,0
1.0,0.91767,0.18198,0.8609,0.35543,0.72873,0.45747,0.60425,0.69865,0.50376,0.74922,0.361,0.81795,0.15664,0.83558,0.00396,0.8521,-0.1639,0.77853,-0.35996,0.76193,-0.43087,0.65385,-0.5314,0.53886,-0.60328,0.40972,-0.64511,0.27338,-0.6571,0.13667,-0.64056,0.05394,0
1.0,1.0,0.08756073754427846,1.0,0.13822154611014403,1.0,0.15044731706593667,1.0,0.15711923868658428,1.0,0.18429157755833755,1.0,-0.03826755380818399,1.0,0.03193153234069264,1.0,0.011181114797393456,1.0,0.18019865781630393,1.0,0.07190106184931105,1.0,0.05183647379332863,1.0,0.03146303579194754,1.0,0.022487258817906607,1.0,0.014377859131338842,1.0,0.017147847037298762,1.0,0.009870378608769013,0
-0.2338241817348924,-1.0,0.7208327054384673,0.6464723756047696,0.6763611848367213,-0.21297835205644464,-1.0,0.6483471447332326,-1.0,0.6805978339837512,-1.0,0.7687587030425357,-1.0,-1.0,-1.0,-0.2078667046263028,-0.3011003318435973,-1.0,-1.0,-1.0,-0.3230823501745401,-0.2349158295929736,-0.234186720032101,-1.0,-1.0,0.6945453337874371,-1.0,0.7117785742622739,0.6392681444056122,-1.0,-1.0,-0.3224906068870199,-0.30321653221478956,1
1.0,0.08333,-0.20685,-1.0,1.0,-1.0,1.0,0.71875,0.47173,-0.82143,-0.62723,-1.0,-1.0,-1.0,1.0,-0.02753,0.59152,-0.42113,-0.42113,-0.74628,-1.0,-1.0,-0.46801,-1.0,0.2381,1.0,-1.0,-1.0,-0.38914,-1.0,-1.0,-1.0,0.61458,1
1.0,0.43636,-0.12727,0.58182,-0.14545,0.18182,-0.67273,0.34545,-0.03636,0.29091,-0.05455,0.29091,0.29091,0.36364,-0.41818,0.2,-0.01818,0.36364,0.05455,0.12727,0.49091,0.61818,0.16364,0.32727,0.16364,0.41098,-0.07027,0.34545,-0.05455,0.12727,-0.36364,0.29091,-0.29091,1
1.0,0.87032,0.46972,0.53945,0.82161,0.1038,0.95275,-0.38033,0.87916,-0.73939,0.58226,-0.92099,0.16731,-0.82417,-0.24942,-0.59383,-0.63342,-0.24012,-0.82881,0.18823,-0.78699,0.51557,-0.5743,0.69274,-0.24843,0.69097,0.10484,0.52798,0.39762,0.25974,0.56573,-0.06739,0.57552,0
1.0,1.0,0.5782,1.0,-1.0,1.0,-1.0,1.0,-1.0,1.0,-1.0,1.0,-1.0,1.0,-1.0,1.0,-1.0,1.0,-1.0,1.0,-0.62796,1.0,-1.0,1.0,-1.0,1.0,-1.0,1.0,-1.0,1.0,-1.0,1.0,-1.0,1
1.0,0.96087,0.0862,0.9676,0.19279,0.96026,0.27451,0.98044,0.35052,0.92867,0.46281,0.86265,0.52517,0.8282,0.58794,0.73242,0.69065,0.69003,0.7314,0.54473,0.6882,0.48339,0.76197,0.40615,0.74689,0.33401,0.83796,0.24944,0.86061,0.13756,0.86835,0.09048,0.86285,0
1.0,0.99025,-0.05785,0.99793,-0.13009,0.98663,-0.1943,0.99374,-0.25843,0.92738,-0.3013,0.92651,-0.37965,0.89812,-0.43796,0.84922,-0.52064,0.87433,-0.57075,0.79016,-0.59839,0.74725,-0.64615,0.68282,-0.68479,0.65247,-0.73174,0.6101,-0.75353,0.54752,-0.80278,0.49195,-0.83245,0
1.0,0.4987,0.01818,0.43117,-0.0961,0.50649,-0.04156,0.5013,0.0961,0.44675,0.05974,0.55844,-0.11948,0.51688,-0.03636,0.52727,-0.05974,0.55325,-0.01039,0.48571,-0.03377,0.49091,-0.01039,0.59221,0.0,0.53215,-0.0328,0.43117,0.03377,0.54545,-0.05455,0.58961,-0.08571,0
0.9245277228159456,0.6355774987629559,0.39819171265995973,0.20713835038935696,-0.04199343861761777,-0.4260400927377587,1.0,-0.06064594949328018,-0.026692142563687453,-0.05009849168674457,-0.03874767415534788,0.010885680822234548,0.12891150686305844,0.2629082812582768,-0.09126662112870104,0.35648401444504063,0.22363729478622266,0.5169736758089285,0.9369731346776071,-0.15556938992034758,0.3497495683133621,-0.07176191827386495,-0.04913508901965666,0.5644638635456727,0.10830888688638424,0.8982647696445631,0.9527470588699154,-0.0794136155131687,0.04862431393785254,0.030823323399702833,0.14003423873834622,0.3106200250324358,0.21293627851742206,0
1.0,0.94331,0.19959,0.96132,0.40803,0.80514,0.56569,0.56687,0.7083,0.41836,0.8323,0.14939,0.89489,0.05167,0.93682,-0.24742,0.83939,-0.42811,0.75554,-0.50251,0.62563,-0.65515,0.50428,-0.68851,0.30912,-0.77097,0.15619,-0.75406,-0.04399,-0.75199,-0.17921,-0.66932,-0.34367,0
1.0,0.9862402617368615,0.050065191409875934,1.0,0.21859901211574728,1.0,0.08274273151870501,0.8572146948789989,0.18281060590674028,1.0,0.003614701156711614,1.0,0.08539671411033171,1.0,-0.04084132166609769,0.9828320390282628,0.29630242612584023,0.9709920949744083,0.25489098568564184,1.0,0.06584342014580827,1.0,-0.0009125540755527198,1.0,0.03955987874237338,1.0,0.011014178487678761,0.9453985196028003,-0.04648218967030092,1.0,-0.07794025440241055,1.0,-0.3498652843782684,0
0.8726526182176019,0.902745361163754,-0.62979228569635,1.0,-1.0,0.8854458485308263,-1.0,0.844457283245987,0.2871404810659351,1.0,-0.4562899917879598,0.9889416933368498,0.8801410179649324,0.9225371061987362,-1.0,0.8912192265276635,-0.3348019594428963,0.9716633412645646,-0.968681480596569,0.9256726397129379,1.0,0.9192805900421298,0.9138083890866019,1.0,-0.5405603416287961,0.8325595011061098,-0.744781342621047,0.9579721519539209,-0.9882469027788501,0.8951065258623416,-0.9563721124293361,0.9363694776098174,-1.0,0
0.09869588671479687,0.15008432708740108,0.09954183481128748,0.12861522017137383,0.14567406655781723,1.0,0.9039468062444493,0.1521403138772512,0.08455727999488877,-0.8421039711843861,-0.8339645355899461,0.17292892335459567,0.10250618787669469,0.18426147767941944,0.07262045376139778,-1.0,1.0,-0.924638256274926,-0.8760533537250013,0.1495562425674791,0.047193587758572256,0.11874777766169677,0.05106215023707285,1.0,1.0,1.0,-1.0,0.16870822838028066,0.18738993934196546,1.0,1.0,0.20077346155110176,0.13516486630736194,1
1.0,0.0,0.0,1.0,0.12889,0.88444,-0.02,0.0,0.0,1.0,-0.42444,1.0,0.19556,1.0,-0.05333,1.0,-0.81556,0.0,0.0,1.0,-0.04,1.0,-0.18667,0.0,0.0,1.0,-1.0,0.0,0.0,1.0,0.11778,0.90667,-0.09556,1
1.0,0.10516915892275543,0.1935944764592158,-0.8846926513882376,-0.8894133662602549,-0.8395946412967303,1.0,0.27882491048949615,0.2283999137893712,-0.7489021720168645,1.0,1.0,1.0,1.0,-0.8412245671930307,0.16267796014756092,0.22411479969459758,0.1304981107423771,0.21760842900551156,-0.7915805597848484,-0.7798956796259787,-0.7808018990310637,1.0,1.0,0.6434448441012596,1.0,-0.8688028018866969,0.2676783878568616,0.13883100925882771,-0.7884974475256741,-0.7940109113979444,-0.7618140066564549,1.0,0
1.0,0.89505,-0.03168,0.87525,0.05545,0.89505,0.01386,0.92871,0.02772,0.91287,-0.0099,0.94059,-0.01584,0.91881,0.03366,0.93663,0.0,0.94257,0.01386,0.90495,0.00792,0.88713,-0.01782,0.89307,0.02376,0.89002,0.01611,0.88119,0.00198,0.87327,0.04158,0.86733,0.02376,0
1.0,0.8341947505120911,-0.45191590198252796,0.7892230041929851,0.18177927778339614,0.7926209246654486,-0.9190215774258882,0.7161876065362502,0.5671967199788087,1.0,-0.17506613379224029,1.0,-0.0931638577652085,0.935192637907997,-0.1688714701963665,1.0,-0.04956807634017471,0.8405720748378425,-0.30020123997954473,1.0,-0.18504867795621446,0.8529465842041732,-0.16083227749707268,0.8752776203739046,-0.11598425166011217,1.0,-0.491509423090401,0.9259292617951224,-0.4458144860340074,1.0,-0.43595676572174863,0.8396315521265503,-0.6425862804711606,0
1.0,0.08696,0.00686,0.13959,-0.04119,0.10526,-0.08238,0.12586,-0.06178,0.23341,-0.01144,0.12357,0.0778,0.14645,-0.13501,0.29062,-0.04805,0.18993,0.07323,0.1167,0.0,0.11213,-0.00229,0.15103,-0.10297,0.08467,0.01373,0.11213,-0.06636,0.09611,-0.07323,0.1167,-0.06865,1
1.0,1.0,0.01923873447975344,1.0,0.13322506155706798,1.0,0.039653916246591286,1.0,0.09798060498257583,1.0,0.0012904002537144907,0.9957785499035499,-0.027341015418645826,1.0,-0.022134450575538756,1.0,-0.23374130488068173,1.0,-0.041562959989037015,1.0,-0.1128009630037047,1.0,-0.15431816342658317,1.0,-0.15937392111101395,0.9931305220599237,-0.021227058159802914,0.987825168763131,-0.23605987064370465,1.0,-0.20596387695144966,0.994527183067639,-0.2033905036214327,0
0.9790892955090367,0.9277910646559154,-0.9624279010289729,-0.0496636669484264,-0.040799513975426055,0.9351571393444206,0.9093436396097002,-0.8915206832734113,-0.8974815902293138,1.0,-1.0,0.9262892131368903,-1.0,-0.04119714466144091,-0.10448640316567578,-1.0,-0.9639418986424219,1.0,0.9537180066690796,0.12844004963131084,0.036792071269701486,-0.854234149501473,-1.0,-0.9151521406870922,-1.0,1.0,0.9828411874108544,-1.0,1.0,-1.0,-0.85857323819109,-0.037757705486342705,0.09768636431870716,1
0.7048884276629725,0.6019441971126488,-0.315958586672751,-1.0,-1.0,-1.0,-1.0,1.0,-0.04140488641087481,-0.39590992876536946,0.9669466250987218,-1.0,-1.0,-1.0,0.6523352906138988,0.11449539872787459,0.6823686576006593,0.6668120065916587,0.652123216155547,0.34595703769471664,-1.0,-1.0,-1.0,0.496590816985971,0.04231805493201094,0.6390468924161182,0.8141406032619757,0.5973236799512985,0.20714524511505986,-1.0,-0.5953898209906497,-0.8891655435465462,0.36013893950818826,1
1.0,0.9358273449122501,-0.11533250122296748,1.0,-0.11395271926938234,1.0,-0.0900945901209525,0.8372728649376024,-0.12422432194211833,1.0,-0.10617013827962499,1.0,-0.18622697531272775,0.8920987623726848,-0.25352055093484566,0.9333851055289786,-0.08517538504293141,0.9239616854836151,0.0421787662782645,0.912185938622393,-0.14659566996676754,1.0,-0.251188353838243,0.9019707355882363,-0.10449277048960998,0.8605746531312746,-0.08771002768795774,1.0,-0.11121949378819006,1.0,-0.18185875429166512,1.0,-0.32198151162269517,0
1.0,0.83789,0.42904,0.72113,0.58385,0.45625,0.78115,0.1647,0.82732,-0.13012,0.86947,-0.46177,0.78497,-0.59435,0.5207,-0.7847,0.26529,-0.84014,0.03928,-0.62041,-0.31351,-0.47412,-0.48905,-0.37298,-0.67796,-0.05054,-0.62691,0.1469,-0.45911,0.37093,-0.39167,0.48319,-0.24313,0
0.8053080552141888,0.6988733605494525,-1.0,1.0,0.949268335161099,1.0,0.9934358620981542,1.0,-0.3387335185029972,1.0,0.83150837121102,1.0,1.0,1.0,1.0,-0.19430422271618703,0.2686305902851294,0.8892075836408417,0.7207804801549724,0.9508423967044907,0.6573522607870506,0.8480824797292367,-0.6418083433653776,0.9467942911495493,0.8001097964828292,1.0,0.4993074756955235,1.0,-0.8745362691140457,-0.7120972805810778,0.8394117348378557,1.0,1.0,0
1.0,1.0,0.09771,1.0,0.12197,1.0,0.22574,0.98602,0.09237,0.9493,0.19211,0.92992,0.24288,0.89241,0.28343,0.85529,0.26721,0.83656,0.33129,0.83393,0.31698,0.74829,0.39597,0.76193,0.34658,0.68452,0.42746,0.62764,0.46031,0.56791,0.47033,0.54252,0.50903,0
1.0,-0.6481082500781568,0.3938651955715181,0.5841324028244519,0.2897079326562624,0.5754417390507864,0.4196201541307571,0.5766814247349361,-0.26625225388879703,0.3384510821546011,0.6517199428073122,0.24533397450876562,0.6604617038582322,0.09165953385034045,1.0,0.8342338662473113,0.6611690571857298,-0.055686958765083845,0.6426553240656122,0.860912729286757,0.5419351942323185,-0.22635968799170791,0.5040396674943162,-0.3780847965355853,1.0,0.7047218592465281,0.24214583044973592,-0.47736758643707056,0.37877881264193364,-0.352141669007511,-0.9153784458945124,-0.0895755078014501,-0.1815092859171763,1
0.351736670233552,0.29802086716030723,0.3562153290174053,0.32284257442648734,0.2942621193428329,0.3354451189326433,0.33573263090372046,0.3212359502021046,0.19684643814186675,0.2557847779156021,0.3622847630927665,0.243482436505413,0.3397107517529613,0.33179036955508506,0.2673411437288087,0.2102145767797474,0.2743989330923433,0.3935106769634855,0.261152521850579,0.2642584194930328,0.2551087915360578,0.35466530144472835,0.2890687929768702,0.2718342196972887,0.3636063307737908,1.0,1.0,0.2449387240022199,0.3521176484195988,0.3007554673683772,0.2302921191064749,0.2197597940897903,0.24977825781601085,0
-0.13656767387973617,-1.0,0.86107285082581,0.9252658964700384,0.895506692715231,-0.07150648173726441,-0.06868239063862518,0.853935705664318,-1.0,0.8954904892200689,-1.0,0.8629029014024203,-1.0,-1.0,-0.9919232702573648,-0.07863267245331096,-0.043764577470369076,-1.0,-1.0,-0.009984901664106108,-0.1471973260451045,-0.10089541051018583,-0.13571883724630276,-1.0,-1.0,1.0,-1.0,1.0,1.0,-0.9433199734364612,-0.9978018406663501,0.02483010164542497,-0.07681811456847917,0
-0.11882781267671698,0.9528818498818901,0.8928884225096265,0.8837747177081412,-1.0,0.9724969604058727,-0.9179779680371494,1.0,0.8520400201283451,0.18118244534840144,0.13221772290678532,0.8738340089146415,-0.8286244751312615,0.04577137776347868,-0.021903742409534497,0.05013120622710371,-0.0036079113875730727,0.07631101162739691,0.026224173238363416,-1.0,0.7163842537174063,1.0,0.9476882610258572,0.10891252535033448,0.06743450871860085,0.9513270104381587,1.0,0.028677832657119942,0.022909998632932214,-1.0,-0.7643022002864283,-0.09985734207339218,-0.04517443524426772,0
0.9184991391099258,0.37169501855831494,-0.030701128502005334,0.5921110682487343,-0.27927634185228045,0.08177566274568343,0.06407856523498807,0.03743192113148053,0.05707928975683309,0.6973638849349206,-0.022991332550904662,0.47359901254086856,0.10077410126394931,0.7655637622709018,-0.04304049929584952,0.10641654667964295,-0.2403576441749103,0.5932848470775034,-0.1542744371683415,0.26118474800470187,0.12937616369986243,0.3859574773833574,0.17551369855197407,0.7635246119479332,-0.2599385139127282,0.5804715010862648,0.006031213107451958,0.3186941605422719,-0.1427516374286742,0.7258638106471111,-0.29222969573540625,0.3806600417418182,-0.29153542951861006,0
1.0,1.0,0.13793654140715178,1.0,0.162724301012047,1.0,-0.01996279071709145,1.0,0.15296311809351942,1.0,0.1635760869871127,1.0,0.16225669873557977,1.0,0.13730817740288198,1.0,0.004938759312588165,1.0,0.08447899562596328,1.0,0.041146338052902715,1.0,0.1890744164573785,1.0,0.08364745634139402,1.0,0.05940597550943974,0.9865697242513164,-0.05754708174658135,1.0,-0.006043367561145487,1.0,0.02876296056822418,0
0.8003791397036196,0.8494496135183158,0.370586476994665,0.6738629699632344,0.6326235281459226,0.03748170802065915,1.0,-0.3655235271494362,0.8594828440446036,-0.5295577742106781,0.4462333568832167,-1.0,-0.13310948348306095,-0.7464294150786975,-0.23280102582033338,-0.3216871557686473,-0.7556162606575627,-0.24789321606407597,-1.0,0.6344347548092382,-0.6893907774047495,0.5857808458515211,-0.4822704335560657,0.5426125472474589,-0.29773207873482654,0.9916462179187739,0.3292986200193106,0.3449463279320889,0.41895585406834646,0.1332928247477607,0.723479709388797,0.1015504450185385,0.7172025673647663,0
1.0,0.88241,0.30634,0.73232,0.57816,0.34109,0.58527,0.05717,1.0,-0.09238,0.92118,-0.62403,0.71996,-0.69767,0.32558,-0.81422,0.41195,-1.0,-0.00775,-0.78973,-0.41085,-0.76901,-0.45478,-0.57242,-0.67605,-0.3161,-0.81876,-0.02979,-0.86841,0.25392,-0.82127,0.00194,-0.81686,0
1.0,0.7072656830019015,-0.04010153706232379,0.6397035877590288,-0.07724923828701166,-0.3279091032018333,-0.3244746004321934,0.15391097257251402,0.19903030107156122,0.6125340145017059,-0.5670567088577045,0.5083840456620325,-0.30782900770558586,0.1763707746822183,-0.1185645983581145,0.4043453075039889,-0.2650460593299505,-0.03892362423380835,-0.3053144837282494,0.16732184645495282,-0.34548455421481017,0.15764244110137388,-0.27714763440966217,-0.05333130467608181,-0.40327697366361576,-0.05531415355466823,-0.20345996904195418,-0.3004348525958331,-0.3205006975001033,-0.3267068862684158,-0.2758904795569256,0.18098406280021131,-0.43806629344203696,0
1.0,0.79378,0.29492,0.64064,0.52312,0.41319,0.68158,0.14177,0.83548,-0.16831,0.78772,-0.42911,0.72328,-0.57165,0.41471,-0.75436,0.16755,-0.69977,-0.09856,-0.57695,-0.23503,-0.40637,-0.38287,-0.17437,-0.5254,0.01523,-0.48707,0.1903,-0.38059,0.31008,-0.23199,0.34572,-0.08036,0
1.0,0.93658,0.35107,0.75254,0.6564,0.45571,0.88576,0.15323,0.95776,-0.21775,0.96301,-0.56535,0.83397,-0.78751,0.58045,-0.93104,0.2602,-0.93641,-0.06418,-0.87028,-0.40949,-0.65079,-0.67464,-0.36799,-0.84951,-0.04578,-0.91221,0.2733,-0.85762,0.54827,-0.69613,0.74828,-0.44173,0
0.9897340629907593,0.9766081434196339,0.4443601372594615,1.0,-0.4450439785679583,0.980922314672676,0.13013250912341476,1.0,-0.08878164137705456,0.969431885554019,0.026911026611759033,1.0,-0.3156984046968106,0.9899046416578298,-0.16493269719468062,0.9762267318556446,0.08983846936659447,0.9413651636332613,0.05448256288314204,1.0,-0.36476205731788774,1.0,-0.0011533181857116687,0.9672438812734293,-0.1089083115880406,0.970191393632776,-0.031852172490642996,1.0,0.40565243543725843,0.9784048302397342,-0.27220535649186844,1.0,-0.21688705155618057,0
0.8859117254582193,1.0,-0.28109715909090593,0.8944961379679205,-0.20363920341646194,0.8721501471201726,-0.3215434159549225,1.0,-0.27894153377872427,1.0,-0.4082910256548615,1.0,-0.370038750097719,1.0,-0.21851746767202535,1.0,-0.315045554898571,1.0,-0.5078721269739048,0.7544814418834267,-0.5732922369325022,0.9168111255015062,-0.3916907615199076,0.9143532507911882,-0.37929328524353145,0.5810436219199941,-0.6221572857817276,0.5507479575107134,-0.7707601167919852,0.8369279664136645,-0.5360942975907933,0.7965874616720355,-0.6169553913265324,0
1.0,0.65909,-0.62879,0.0,0.0,0.0,0.0,0.77273,1.0,1.0,-0.2803,0.0,0.0,0.0,0.0,0.62121,-0.22727,0.84091,-1.0,1.0,-1.0,0.0,0.0,0.0,0.0,1.0,-0.93939,-0.12879,-0.93182,0.0,0.0,0.0,0.0,1
1.0,1.0,0.1519681467877611,0.4739196902478059,0.06842779212071196,0.6467118637702076,0.685286146904214,0.8522029418243435,0.13958521911885924,1.0,1.0,0.9276579553206218,0.2083075096968216,0.9451625141457638,0.31826236311553446,0.8412158508695798,0.3750656645161136,0.8636414913831355,0.6064351417460907,-0.19918312553748196,-0.45794183957990614,1.0,-1.0,0.533414249444679,0.6199243298805484,0.8340391825482233,0.4343655021467235,0.2665075073375549,0.3297005661884693,0.7878783113082864,0.5004763670090802,0.6870560775363267,0.3716099481557142,1
0.6563926385714591,0.5644387648166997,0.1493533469718989,0.3356137784165858,0.4095735791687857,-0.050331305041244126,0.6457228043430209,-0.3097668690114021,0.6774025656855551,-0.7330611577312726,0.5493615099958764,-1.0,0.2484363812000291,-1.0,-0.014253807772303444,-1.0,-0.45135757042995894,-1.0,-0.8348094817567588,-0.8013156880520413,-1.0,-0.4918141499833058,-1.0,-0.1545611575092552,-1.0,0.22846072633087885,-1.0,0.4777432742445753,-0.7095095943802333,0.5573798389769392,-0.3785209855584469,0.43319970641568023,-0.015604709298762353,0
0.9603240870654733,0.8865781232715523,0.09495741854836529,0.7973865496092283,0.13301056653831755,0.9802160418140301,0.2705944509415213,0.8733088078875048,-0.07696631267971997,0.8170229131801976,-0.08608730113548299,0.9305915985026527,-0.29479441362519804,0.8135932072955394,0.23636880054054402,0.9052322006938577,-0.06214635958201768,0.8076902018722208,0.010084017111742543,0.9817880125303557,-0.26610817936531667,0.8135058602146321,-0.24669964931508873,0.851508263186941,-0.07260210390723157,0.8722887227844262,0.0054711160405225695,0.7602344385884358,-0.06550852081229794,0.7333221297588214,0.23653880098200536,0.9255638461511264,0.08512984199903373,0
1.0,0.32834,0.0252,0.15236,0.21278,0.14919,0.74003,-0.25706,0.92324,-0.10312,0.1938,-0.61352,0.25786,-0.94053,-0.05409,-0.13117,-0.14329,-0.30315,-0.44615,-0.11409,-0.85597,0.02668,-0.22786,0.27942,-0.06295,0.33737,-0.11876,0.27657,-0.11409,0.15078,0.13296,0.12197,0.20468,0
1.0,0.68317,0.05375,0.84803,0.00202,0.84341,0.00301,0.843,0.09901,0.75813,0.04102,0.81892,0.00585,0.80738,0.00673,0.80622,-0.12447,0.77935,-0.03536,0.76365,0.00909,0.74635,0.00978,0.79632,-0.04243,0.70824,0.01096,0.62235,0.11598,0.66624,0.0119,0.64407,0.01227,0
1.0,0.8676689189060177,-0.05207434451910997,1.0,-0.2266164848332926,1.0,-0.7734826571016474,0.9656790967781109,0.22304623507217058,0.6044307651681361,-0.31278519542762606,1.0,-0.019344610858332206,1.0,-0.778931934874854,0.5637641137898824,0.1901211138995842,0.9775876966237899,-0.01172071809857355,1.0,-0.11797719706986866,1.0,0.2951010191201564,0.8681177412080816,-0.16422216677591403,1.0,-0.13274392962556614,0.8390346513197167,0.1273308449597941,1.0,-0.095882290658197,1.0,-0.5447669018016688,0
1.0,0.9592262256886892,0.12499680313801334,0.6744105992723192,0.3068606566749761,1.0,0.34815992481646246,0.9537024550817095,-0.26042692195799705,1.0,0.22903627682659872,0.9496733358665572,-0.3504500189714479,1.0,0.14078109989823773,0.8359770485575587,0.04429762891716829,0.8836449756338479,0.13064112483599163,1.0,-0.7593238607323917,0.7194431166610854,-0.32980775019029995,0.8405041892734167,0.15932991679804237,1.0,-0.15016049530546569,0.8043669315567066,-0.2316413107306153,0.7901511628022116,0.10751897849881252,1.0,-0.13292479657066852,1
1.0,0.9107047156765562,0.3160765307372061,0.909489122192099,0.26715584460875624,0.8231369283450238,0.5555008208511787,0.37558474593190255,0.6507044813360514,0.9131026686960875,0.34073520412466457,0.9631150906218368,0.3451010837064985,1.0,0.4073023303617473,0.8941020339543434,0.44881886779620084,0.3612417332625261,0.6761908018449052,0.8051858905571153,0.47847079271802145,0.8578526365593422,0.4716378749837386,0.8019240673497171,0.5443633666748061,0.8048904784862252,0.5401890657718381,0.7699308935238901,0.5453100937857656,0.726177663696316,0.4902876510738742,1.0,0.6473496084104634,0
1.0,0.9847804447213735,0.09325976985359248,0.711017968614535,0.41783295528786396,0.655860847324053,0.7528882134189349,0.6439635458923111,0.6897607002751672,0.4519009142190743,0.5287985691084631,0.11002646369155616,0.8970049411646442,0.1155411702649431,0.8908077068518112,0.03174345999687189,0.8793615801235369,-0.40936611936998824,0.6378657095664723,-0.42481096392659995,0.49811102260010903,-0.38791937509167684,0.25473834119907945,-0.5480850969405859,0.36043255390470796,-0.6742625785245544,0.012748093429105212,-0.5830613815029998,0.035519791789924426,-0.6186387196538996,-0.34887896616730096,-0.2680381312209763,-0.2636384937890177,0
1.0,0.9017221587365218,0.2989650695429843,-0.879296368373578,0.39416769440404914,0.7394498183928522,-0.6239639344416138,0.42726773834592774,0.8097029634875115,-0.13007903619530073,0.9199231422719855,0.09718765012276788,0.8933036751255674,-0.19654806834998528,0.7827055651344758,-0.3663323470081219,0.6742547103016171,-0.5237445730938421,0.48416818331994016,-0.7040003846202452,-0.38924762722092715,-0.7597426533486321,0.11147771812638778,-0.7002255845971963,-0.09243209181006633,-0.6254846515412076,-0.24660965840805862,-0.6014133011856211,-0.39031856317941377,-0.4266423649087757,-0.4858792940349221,0.5195253951410262,0.47715628139150024,1
-0.25700041085012487,0.7126454164969065,0.6934142624271789,-1.0,-1.0,-1.0,-1.0,-0.3250500761509538,-0.2750906772763007,-0.28055173689028906,-0.2996355984893013,-1.0,-1.0,-0.33514418780182065,-0.3962552125607369,-0.23663861715424733,-0.2834533546869129,-0.3013482471779605,-0.3985606118670523,-1.0,0.6998946375315869,0.788672048446779,0.6685610111857113,-0.2611290893514403,-0.3215956083453732,0.702485766667999,-1.0,-0.31556782335749445,-0.331054720862346,-1.0,-1.0,-1.0,-1.0,0
1.0,0.16984323937960963,-0.12819353142168172,0.1915192748122403,0.1642222078708162,0.18016301010359312,0.30587658485869307,0.2565635822916039,0.2690136950648141,0.10797723129983595,0.18802731468947464,0.16334297362377753,0.222774438373014,0.3714927725039317,-0.3380962607726764,0.38008892644834874,0.9906617616814599,1.0,-0.191333912758207,0.2026300472031919,0.20207197455080023,0.2814185553697492,-0.7909627435313168,0.1251304773399123,0.06042071394314815,1.0,-0.5735400422850451,-0.8087824868721661,0.34510589637133354,0.15593102111473425,0.22278024232147722,1.0,-0.03664087802302712,0
1.0,0.26667,-0.1,0.53333,0.0,0.33333,-0.13333,0.36667,0.11667,0.56667,0.01667,0.71667,0.08333,0.7,-0.06667,0.53333,0.2,0.41667,-0.01667,0.31667,0.2,0.7,0.0,0.25,0.13333,0.46214,0.05439,0.4,0.03333,0.46667,0.03333,0.41667,-0.05,0
0.9912202730278418,0.9597290758318289,0.08257603979527384,0.9723962925172208,0.24462439084807408,0.9254659260556043,0.2821798361644018,0.8750872291679039,0.48822662940849537,0.7082960850010013,0.6703483932443325,0.6679609311703278,0.6753287482380266,0.5433077062655054,0.7496580245298313,0.35811083730728216,0.7843035825019253,0.20587169514511258,0.8280632349152475,0.11539323235941806,0.8053681177538601,-0.02511022351114786,0.753665066460137,-0.15668966128602688,0.749722857602773,-0.22335047361616744,0.6755199670944209,-0.3037125714640066,0.6418386338706076,-0.39438355377851725,0.5544450545408858,-0.42320314308168816,0.44225653400511306,0
1.0,0.8261257505760832,0.23433309734679683,0.7406211125397263,0.5267323677951972,-0.5762437179070207,0.7035449387257582,0.2563794100975405,0.8788343304568664,-0.06305962617277526,0.8226409711696332,-0.33088283520673817,-0.7478902531614602,-0.5837452932250088,0.5932605702222217,0.655171446286337,-0.34764367611191804,-0.7377150026378332,0.05059305950400378,-0.6927399750211596,-0.16242503590215554,-0.5794495203320416,0.39413589239818003,-0.38807928485204496,0.44531449953816593,-0.2240635129981126,-0.5799347673550338,0.08714179396186075,0.6504456341309278,0.23654356855186806,-0.43902798235770024,0.4321803617255688,-0.3066832413632142,1
0.651740863245504,0.0010530974485491382,-0.5912589145603137,0.07641075136466402,-0.15401911246674524,0.13653474392252213,-0.1817294007151906,0.2187906566317098,-0.1735696362196417,0.13846453065132625,-0.42210540497425453,0.21148983682413014,-0.3480661793857692,0.1691105254344385,-0.11889729440700736,0.2330627252268673,-0.2662343815184762,-0.07700180842505683,-0.4982476246639872,0.15959007636108247,-0.48854014712191285,0.2004982468262584,-0.2929292955878468,0.05503988188654624,-0.33942362709942153,0.05124243751217648,-0.45331073161933894,-0.041978318434249484,-0.6004269002727691,0.04675779174399608,-0.5481785887999397,-0.23036250962180757,-0.8088862598634201,0
0.7920529532990614,0.8030273550649725,0.5004735972984294,0.6997859415323335,0.602852772420639,0.3756354792306167,0.7838036051468564,-0.03329376956644077,0.7207938582544626,-0.541688603019863,0.821851177100475,-0.9413147672554845,0.6222170729433899,-1.0,0.1688246400647655,-0.6835897421450234,-0.7976076921278816,-1.0,-0.5044807078753779,-0.9129532312363262,-0.9803195941378944,-0.5318353220252419,-1.0,0.27466459295299206,-1.0,0.40663642617954726,-1.0,0.07880543180130585,-1.0,0.8160339016922694,-0.49648165225998375,0.8237359913900147,-0.11165465132967026,0
0.6937459863382677,0.2761611135155263,-0.3957820989116913,0.4811885606269882,-0.2631285511311048,0.3275198775125465,0.025897663685480535,0.4375385279443911,-0.3952567472735237,0.304326371166606,-0.28376214445218256,0.4796458906850705,-0.6616617333704531,0.40562904787671633,0.2534629222121049,0.33341885345118366,-0.18382469941621624,0.3557819419213441,-0.06783037282440822,0.26266572322770565,-0.584174641607423,0.428509418850274,-0.07175419639489344,0.4212498996011601,0.05440350389166909,0.414601711422937,-0.15003459121539292,0.31051714215296994,-0.23289160703214712,0.3364114692715187,-0.08088839732660097,0.4140235918625182,-0.005491167750880294,0
1.0,0.6645374357048623,0.20772091013011396,0.7939528713871373,0.26280628515139015,0.5263924637537416,0.3487204722388779,0.776187677557739,0.211793479337854,0.5463675458014815,0.14219425327064125,0.5975322277799475,0.11320891934516322,0.8031745650745337,0.16818227728645713,0.8392727457232058,-0.07129578766370678,0.6054772608385667,0.21656226034031278,0.5407213381130633,0.13338787326821328,0.48755315952800393,0.30949475344428623,0.6079815393694151,0.04053197806705429,0.4997501299478029,0.18737047101488497,0.5446573756385032,0.1433824076317998,0.5646004479091519,0.20137724867969134,0.5162942241267963,0.23445775272212874,0
0.8735710151088927,0.4018822801588978,0.6031101279178012,-0.08697836192815726,-0.7892689420523855,-0.2695965094245753,-1.0,-0.4819809281929522,-0.06344823044318529,0.24964976918244802,-0.020020735614113182,-0.002364505131074659,0.192082404224631,0.04061882977922391,-1.0,0.19312190421748462,0.17489671552806488,0.1682748649615426,-0.544292607826753,0.0692147276033775,1.0,-0.20488085557196803,0.422079148756175,-0.0673220378493661,0.4518530384258054,0.848234814533134,-0.790254711775291,0.10905218684819566,0.07595372267207763,0.13240873271896092,0.09476390354243114,0.14303629017096853,-0.01578808749648029,1
1.0,0.79847,0.38265,0.80804,-0.16964,1.0,-0.07653,0.98151,-0.07398,0.70217,0.20663,0.99745,0.02105,0.98214,0.02487,1.0,-0.13074,0.95663,0.07717,1.0,0.00191,0.90306,0.30804,1.0,-0.14541,1.0,-0.00394,0.75638,0.07908,1.0,-0.1875,1.0,-0.0574,0
1.0,1.0,0.14286,1.0,0.71429,1.0,0.71429,1.0,-0.14286,0.85714,-0.14286,1.0,0.02534,1.0,0.0,0.42857,-0.14286,1.0,0.03617,1.0,-0.28571,1.0,0.0,0.28571,-0.28571,1.0,0.04891,1.0,0.05182,1.0,0.57143,1.0,0.0,0
0.9395397604963748,-0.024515070582859864,-0.49667918608122064,-0.07566926392534562,-0.03858868175627108,-0.02928213880529429,0.5347857206841674,-0.06725864169413828,0.7034308033142399,-0.0714264617529458,0.10789880862321949,-0.08366346737117197,1.0,0.5268412858721747,0.1144451073992925,-0.02328525597164453,-0.07954206001076924,0.25184017173453077,0.9128498607013494,0.8400681268135788,0.7850964357711253,-0.38856844164776017,-0.8251291253389392,0.8902872985845844,-0.08925415155832464,-0.6878155723438879,-0.5485722834711733,-0.0014395969040622014,0.012577903364190193,0.6000494654735214,-0.033926304845208755,0.07018996749086817,-0.06731776123872144,1
1.0,0.87578,0.03727,0.89951,0.00343,0.8921,0.0051,0.86335,0.0,0.95031,0.07453,0.87021,0.00994,0.86303,0.01151,0.83851,-0.06211,0.85714,0.02484,0.84182,0.01603,0.83486,0.01749,0.79503,-0.04348,0.82111,0.02033,0.81988,0.08696,0.80757,0.02308,0.80088,0.02441,0
1.0,-0.00641,-0.5,0.0,0.0,-0.01923,1.0,0.0,0.0,0.0,0.0,0.0,0.0,0.0,0.0,0.0,0.0,0.3141,0.92949,-0.35256,0.74359,-0.34615,-0.80769,0.0,0.0,-0.61538,-0.51282,0.0,0.0,0.0,0.0,0.0,0.0,1
1.0,0.904097092390478,0.2473248691299852,0.5459958838609201,1.0,0.1293818365217046,1.0,-0.2932343400619767,0.9478791631481213,-0.9483281654604688,0.8156038403886302,-1.0,0.02550798692995533,-1.0,-0.5086503534455533,-0.7121628127639366,-0.7189051661969782,-0.13299807518630347,-0.9170823669141427,0.17549570614260782,-1.0,0.7744397646532363,-0.7153223805143085,0.8439662204301565,-0.2811339044688899,0.9831281705918838,0.41343647551650864,0.6162697582198416,0.5810763970701606,0.3694478565607453,0.7933039993723849,-0.11983849603886275,0.8966406155677267,0
1.0,1.0,0.24168,1.0,0.4859,1.0,0.72973,1.0,1.0,1.0,1.0,1.0,1.0,1.0,0.77128,1.0,1.0,1.0,1.0,0.74468,1.0,0.89647,1.0,0.64628,1.0,0.38255,1.0,0.10819,1.0,-0.1737,1.0,-0.81383,1.0,0
0.0,-1.0,-1.0,1.0,1.0,1.0,-1.0,-1.0,1.0,1.0,-1.0,-1.0,-1.0,0.0,0.0,1.0,1.0,-1.0,-1.0,1.0,-1.0,1.0,-1.0,1.0,1.0,1.0,-1.0,1.0,-1.0,-1.0,1.0,1.0,-1.0,1
0.6765303796120868,0.6778344174117209,-0.7452978573509484,0.6668044819996976,0.44911478468002236,0.5578603057954745,-0.029734064506252433,0.6822616685597345,-0.3837632402713664,0.6124802665085666,0.15336819008713443,0.277823325802032,-0.5315114811514992,0.645685077415615,-0.2829436424357968,0.7245578144878064,-0.8816599037102983,0.4755415439393033,-0.6064800819207656,0.5687575307639904,-0.4425403727831782,0.679890291927641,-0.42525826374898634,0.7014152778376542,-0.1726144581271441,0.5946958664882439,-0.36533881213739233,0.6627602944868969,-0.55494830942688,0.16289030693327416,-0.16303218652243034,0.2217017237823599,-0.3593107966098164,0
0.8976938179866409,0.9781531442205783,0.04361193809941759,0.9848235583585341,0.01347984536007015,0.9944190421527752,0.03336491622159432,1.0,0.18682025344180422,0.8346534611028907,0.01117781032965446,0.912964863215728,-0.03200413000800819,0.7600056018571563,0.0219711438194147,1.0,0.0496360347341579,0.9842558945044081,0.0515211699072784,1.0,-0.008967034133225048,0.7995543039932554,0.05831837942089403,1.0,-0.08151607817997433,1.0,0.20566785209991595,0.6435552092848036,0.06561115330518794,1.0,0.03318307180682041,0.9094986014474395,-0.08529272935335726,0
0.7118074796438827,-0.29939635686671934,-0.2231959429140946,-0.31443706367932744,-0.32990895925217817,-0.3499349905465621,-0.3926183910966058,-0.11374713672368321,-0.1995040594905019,-0.27808790748872364,-0.3054575793665603,-0.29997862561350647,-0.2942352243779052,-0.41492250532997144,-0.42638557636921554,-0.31514852711075847,-0.3810449512054764,-0.4051698835087922,0.7616665322607372,-0.2836771107610008,-0.22791301194027958,-0.007379968217259891,-0.3566038838753842,-0.23926699771317297,-0.3517552486210237,-0.39199178292069625,-0.2537709500364169,-0.36584004292893857,-0.29702334613926823,-0.39597073633527813,-0.3172645174373701,-0.2477745948761356,0.5798870621069478,1
1.0,0.22697169465614758,0.1817718998692598,0.27598230512606803,0.2001570668551303,0.32076947377050247,0.22987548207570663,-0.7177284996923414,-0.6959334536062726,0.25467566496359095,0.2187490984741141,1.0,-0.8597106210107943,0.1095229117032519,0.1976542318449973,-0.7313197658224765,-0.7804728406165047,-0.7147997079094777,-0.7341972436203255,1.0,-0.7410704367135736,-0.3241285134871984,-0.8042673813340788,1.0,1.0,-0.9208536741662008,0.013763312298857262,1.0,-0.7930327282091598,0.2169754382381338,1.0,0.09989062272234979,0.2828714552652334,0
1.0,0.9738513747260266,0.27270934202269437,1.0,0.24592205275557766,0.9235291323015105,0.2711364913709524,1.0,0.39891688337490183,0.9857676694628279,0.402606485451966,1.0,0.4995806629819958,0.8532625106881971,0.2972399983785124,0.8080618437003126,0.2747712843826934,0.7073765662301279,0.14982992483622093,0.9627258403120557,0.49376511011191115,0.7142089956938855,0.5552652800540848,0.8410918351443731,0.2527423244564549,0.7283838026583703,0.33698508139225586,0.6600395654771989,0.2291997938901601,0.7866483281199604,0.2648132615275006,0.6032910199082698,0.2516258641664686,0
1.0,1.0,0.54902,0.62745,1.0,0.01961,1.0,-0.4902,0.92157,-0.82353,0.58824,-1.0,0.11765,-0.96078,-0.33333,-0.64706,-0.68627,-0.23529,-0.86275,0.35294,-1.0,0.7451,-0.72549,0.92157,-0.21569,0.92874,0.21876,0.72549,0.56863,0.23529,0.90196,-0.11765,0.90196,0
0.8644310486318103,0.18323486912848755,-0.2332459764802542,0.21543918393315845,-0.19394576910066438,0.2031303975244689,-0.2255479593672195,-0.009165298587653851,-0.20755328961313987,-0.12741644865084203,-0.03839597959096641,-0.15925743333906756,-0.28797257736870385,-0.16530549572523984,-0.2655579568801908,-0.18450800723965866,-0.19068848642634978,-0.12734163128425555,-0.2584443348121717,-0.058511403610480656,-0.24577469297982352,-0.13818358653458146,-0.15134782583460735,-0.08102751558127101,-0.1100459406813061,-0.059276161899702834,-0.15240573469403013,-0.1583033409554326,-0.10571107807215764,-0.06860642440368026,-0.08085439141042527,-0.11100968436729292,-0.11633878703928059,0
1.0,0.3670375013494668,0.279305498291834,1.0,0.09972863012518351,0.56653330718871,0.23168366710945748,0.27060631921968814,0.23258345770131045,1.0,0.39193349081718426,1.0,0.24025169085957637,1.0,0.3116655367704985,1.0,0.1426247916018106,0.28218592224377526,0.2818834678760427,1.0,0.026492287259007125,1.0,-0.10277183800027227,0.28985375843848926,0.33409370232820845,1.0,0.13672608297339212,0.3308249132745072,0.30602706346913955,1.0,0.07443005353949984,0.5965123430764762,0.13332224779267476,0
1.0,0.5419743102591615,0.2670975207026127,0.5230774414132506,0.3744935765668451,0.4720706629866975,0.5048007139334375,0.14594439814054416,0.6889208824580674,0.22680013403216712,0.5801007961927029,0.04395434434381288,0.610463398949615,0.05294616634499127,0.4443518845267618,0.2812861637135009,0.6624050245082083,-0.18563632904543315,0.26128070898086936,0.049934118882388204,0.15795602689431387,-0.08173767585299999,0.5394876398336471,0.04935438136054034,0.08324478726022264,0.0956456124929416,0.12644590000590664,-0.8397569991286313,-0.7140643954675245,0.17659045607444784,0.16604684740017184,0.10619174614061648,0.04788030495155532,0
1.0,0.84783,0.10598,1.0,0.3913,1.0,-1.0,0.66938,0.08424,1.0,0.27038,1.0,0.60598,1.0,0.35507,1.0,0.02672,0.58424,-0.43025,1.0,0.63496,0.8913,0.26585,0.91033,-0.33333,1.0,0.15942,0.37681,-0.01947,1.0,0.22464,1.0,0.37409,1
1.0,0.95202,0.02254,0.93757,-0.01272,0.93526,0.01214,0.96705,-0.01734,0.96936,0.0052,0.95665,-0.03064,0.9526,-0.00405,0.9948,-0.02659,0.99769,0.01792,0.93584,-0.04971,0.93815,-0.0237,0.97052,-0.04451,0.96215,-0.01647,0.97399,0.01908,0.95434,-0.0341,0.95838,0.00809,0
0.8581484444371834,0.7920864532591192,-0.47821439512119296,0.7657608675655171,-0.44184710315754505,0.7014885884609038,-0.39355757210854714,0.6364915673314416,-0.24420055174729513,0.6564989404486778,-0.0744744996981399,0.7478957685997158,-0.21469250029757858,0.6699785531154001,-0.37291885754612164,0.3944178759082615,-0.6145949025252079,0.638755528220091,-0.24763668406875877,0.6921581059228308,-0.19990576920884628,0.7535482476086495,0.09502388006220032,0.34559746872158126,-0.4843589934926965,0.5683307385533207,-0.2809258412688697,0.7943429959063092,-0.32072474860509115,0.3746623984631775,-0.18189668728120428,0.5832164641710788,-0.18297350790119568,0
1.0,0.7740833103893247,0.5415037975167846,0.9804873280147436,0.9834924980627252,0.9257937770997876,0.8594810423288992,0.96545076187277,0.17854540390463175,1.0,0.28663889315824265,1.0,-0.5990569288728479,1.0,1.0,1.0,0.18174110736998395,0.9294058430444417,0.3304709475462274,1.0,-0.5121399395798821,1.0,-0.6840990590407254,0.525881964084764,-0.01971652619152124,1.0,0.3273998109176143,0.7556862351823339,0.6543716286173914,1.0,1.0,1.0,1.0,0
0.86242396358934,0.8566312931685558,0.3363885638058164,0.7898642080512962,0.20559594371312964,1.0,0.34011082617709404,0.6503293100138847,0.2653906573217901,0.8485209566752778,0.672042444033661,0.6555985077902327,0.3364141822244492,0.7246004189961407,0.5703521518287727,0.6962455606023832,0.399030178923128,0.4594332608291832,0.5519701679722756,0.6610735837679594,0.5087322285034203,0.4223377339882653,0.4132100188004827,0.5942517564649139,0.5743368125998394,0.4206656691379439,0.546325609129464,0.23500738913407768,0.3244367552807114,-0.15798666175695938,0.6665067296570343,0.1266581499967388,0.49460993721812657,0
1.0,0.74468,0.10638,0.88706,0.00982,0.88542,0.01471,0.87234,-0.01418,0.7305,0.10638,0.87657,0.02912,0.87235,0.03382,0.95745,0.07801,0.95035,0.04255,0.85597,0.04743,0.84931,0.05178,0.87234,0.11348,0.83429,0.06014,0.74468,-0.03546,0.8171,0.068,0.80774,0.07173,0
0.04892396447817773,-0.132674379362469,-0.04636817883547725,-0.8924072574335407,-0.19785830183903064,-0.29469789241730915,-0.2236720349120368,-0.547140709735102,-0.13816347456940442,0.07488489565240314,0.6978459924440534,-0.997678844070956,-1.0,0.018623208873872924,-0.058326851313375956,1.0,1.0,-1.0,-0.30121885286829947,-0.06118374624041595,0.0005822794293618643,-0.935171885540844,0.7581759647217132,-0.2440821124516552,0.18295056494755496,0.9217232953946308,-1.0,-0.5053716967200196,-0.1668886454133266,0.8848433238951104,1.0,-0.13702183078451052,-0.24418801783376287,1
1.0,1.0,0.5,1.0,0.25,0.25,1.0,0.16851,0.9118,-0.13336,0.80454,-0.34107,0.60793,-0.4382,0.37856,-0.43663,0.16709,-0.36676,0.00678,-0.26477,-0.09025,-0.16178,-0.12964,-0.07782,-0.12744,-0.02089,-0.10242,0.01033,-0.07036,0.02224,-0.04142,0.02249,-0.02017,0
0.9619975407324584,0.8892414502015842,0.07178183482952159,0.9967483128574485,0.015256542071179234,0.9680599218721193,0.031087408272491845,0.9699945935052732,-0.036531601992825985,0.9131546023454972,-0.021039785670992975,0.9401776809496756,0.05164530051862626,0.9937512559779128,0.08761637497134808,0.8746078487309908,-0.024512525960572004,0.8902096872337101,-0.06767583861011413,0.8913259536416923,-0.04682037502948821,0.9678512751381959,-0.06681562606152266,0.8465876904254429,-0.13644891589861102,0.8440537526295161,-0.11695967280054281,0.812185899709301,-0.014504918030222705,0.9800026724365603,-0.20613818195275807,0.9197494015282741,-0.07145489942140083,0
0.9539100792873286,0.5884223122691052,-1.0,-0.7090820499310393,0.9406921501970992,0.9630564742989236,-0.6585048093561021,-0.7079993232515356,-0.3781228858951849,0.9640324351457193,-1.0,1.0,-0.9080051104205162,0.9392694286990326,0.7078264004621423,0.0733057913703409,0.635525650722445,0.9212558361393737,0.7401327614799345,-1.0,0.9096756895956851,1.0,0.8359264638038499,1.0,0.9318521871539162,1.0,-0.15394820886919902,1.0,-0.4543563702060325,0.794136226586579,0.8663652749146857,0.825114576751426,0.4087592505433838,1
1.0,0.52542,-0.0339,0.94915,0.08475,0.52542,-0.16949,0.30508,-0.01695,0.50847,-0.13559,0.64407,0.28814,0.83051,-0.35593,0.54237,0.01695,0.55932,0.0339,0.59322,0.30508,0.86441,0.05085,0.40678,0.15254,0.67287,-0.00266,0.66102,-0.0339,0.83051,-0.15254,0.76271,-0.10169,0
1.0,0.8298890499829606,0.0528818133633728,1.0,-0.3676389874342636,1.0,0.09013916891133646,1.0,-0.4100634293393707,0.9384542319022191,0.1638902473714054,0.8970947031614124,-0.19678553013008443,0.8056416024417207,0.18276413200819125,1.0,-0.28343574444544595,0.8781199747727618,0.7796986793992066,1.0,-0.29307940584329617,0.4361825657768633,-0.02959594811450681,0.7332482515426474,0.07048585083727012,0.9743578543670737,0.13821863556287353,1.0,0.15441996853082252,1.0,0.17349844805294634,0.9928804603631034,-0.026111539501688166,0
1.0,0.905495028713781,0.5428375384496306,0.8397728177808395,0.6597178802916617,0.42088488652487155,1.0,0.2606274001967068,0.9697461808212848,-0.2965644952129997,0.9965774093230366,-0.5003027167618634,0.8106194690550339,-0.6750617161290621,0.5000081657780151,-0.7531685645808264,0.13262157449126596,-0.6011998088292897,-0.1602155123960381,-0.2970965249509927,-0.42826489502848936,-0.3349206205591102,-0.48384358092004953,0.10451486120158726,-0.5635237729907018,0.14475023995896685,-0.5311743415170337,0.31672721874429377,-0.29695082918384624,0.5131292257992421,-0.11582165046144799,0.48689055866067815,0.12309713030385314,0
1.0,0.0,0.0,1.0,0.51724,0.0,0.0,0.10991,-1.0,0.0,0.0,0.0,0.0,-1.0,-0.22414,-0.55711,-0.83297,0.7694,0.63147,0.0,0.0,0.53448,0.35668,-0.90302,0.44828,1.0,-1.0,-1.0,0.81573,0.0,0.0,0.0,0.0,1
1.0,0.5567921505924817,0.1058358333481254,0.3107132546484607,0.34010910484929757,0.2682428505937097,0.8503143226637324,-0.19393839856106904,1.0,0.0023927212350032673,0.23791006208088084,-0.5529448799465978,0.3029886255388612,-0.8493300316577768,0.09769135986628585,-0.05116168167558851,0.03791189476454165,-0.18762746740469746,-0.3408388939501379,0.009591327178108445,-0.6495853027342764,0.06707507984380585,-0.00580258035450705,0.45970500789582236,0.05842601165810037,0.5310269424465511,-0.015432969764114457,0.4163861038799628,-0.02389946909215967,0.3314439111934619,0.21320006504620426,0.24156333402023986,0.36810373045985606,0
1.0,1.0,-0.03365,1.0,0.00485,1.0,-0.12062,0.88965,0.01198,0.73082,0.05346,0.85443,0.00827,0.54591,0.00299,0.83775,-0.13644,0.75535,-0.0854,0.70887,-0.27502,0.43385,-0.12062,0.57528,-0.4022,0.58984,-0.22145,0.431,-0.17365,0.60436,-0.2418,0.56045,-0.38238,0
0.6996062771459532,-0.16629952478619586,-0.5250871555238278,-0.33934927840849305,-0.3436735447948915,-0.31864156608696736,-0.3440534262943683,-0.26870014104176054,-0.33523427528932687,-0.3402216972053362,-0.3176835988852771,-0.13994225045866676,-0.481040572187532,-0.30448602884493614,-0.36448701464859057,-0.35142188069386693,-0.35752844730178307,-0.2411916949347444,-0.2761246594590758,-0.3387729229015887,-0.32539672397215447,-0.38841805793068,-0.40557375473713186,-0.2007564535952719,-0.2231991299352941,-0.03326745150661413,-0.35270380789673506,-0.11607338467899748,-0.1736389361273343,-0.2933796581728235,-0.3211794101961687,-0.1474274712537896,-0.031127577717223687,0
1.0,0.8471,0.13533,0.73638,-0.06151,0.87873,0.0826,0.88928,-0.09139,0.78735,0.06678,0.80668,-0.00351,0.79262,-0.01054,0.85764,-0.04569,0.8717,-0.03515,0.81722,-0.0949,0.71002,0.04394,0.86467,-0.15114,0.81147,-0.04822,0.78207,-0.00703,0.75747,-0.06678,0.85764,-0.06151,0
1.0,0.727816188986385,0.05271195489589316,0.6466208858339328,0.12048010886343448,0.844548341860561,0.23118744781219486,0.7619466009095346,0.025146284453290736,0.7650504590911538,-0.032284152763649765,0.8827302333848641,0.06523876656562644,0.8788332527474416,0.15157469451428132,0.7113218686591423,0.17793426426447725,0.7003073216014862,0.15027393904157432,0.8382468486094572,0.014449934810462802,0.8461791095276602,0.12530991205276454,0.7921132855637342,0.218524390824546,0.734259506558387,0.10311617256706794,0.7630214893826219,0.23094564620566765,0.6760470896051802,0.2396465354677804,0.7228427905492939,0.28085101152882275,0
0.771432372467673,0.6663762990979112,-0.25725014906112,0.6607121750660386,-0.2690535332438751,0.546032099194764,-0.3039063428281719,0.6102404102227955,-0.2581610485766092,0.5882947672680034,-0.3078230347904775,0.7000421457639018,-0.3156126265857041,0.22292327783233795,-0.3016860167780618,0.6378136260599,-0.2160878897112415,0.6783958660401892,-0.031163319004486933,0.6407495367304565,-0.07516201771810097,0.7286629913389131,-0.2835464112567173,0.6335370031511908,-0.23629478442626636,0.6624387197506465,-0.27286771381622194,0.5736725041504551,-0.19568658228181604,0.7252859140569892,-0.29938787308741704,0.6890716772416796,-0.16509676883196703,1
1.0,0.76046,0.01092,0.86335,0.00258,0.85821,0.00384,0.79988,0.02304,0.81504,0.12068,0.83096,0.00744,0.81815,0.00854,0.82777,-0.06974,0.76531,0.03881,0.76979,0.01148,0.75071,0.01232,0.77138,-0.00303,0.70886,0.01375,0.66161,0.00849,0.66298,0.01484,0.63887,0.01525,0
1.0,-0.941119130542042,-0.9069727766171818,-0.23504952402174928,1.0,1.0,-0.840742865994183,1.0,0.6050160976313735,0.04489781057759057,0.1307521825288233,0.32307771945165675,-0.8886410073059015,1.0,1.0,0.15873426957551467,-9.6102882003124e-05,1.0,1.0,1.0,1.0,0.17973706098244258,0.011975984010251378,-0.6430767977517824,1.0,0.40264096180462733,-0.8900507925357498,1.0,-1.0,0.8365887925417448,-0.9527227171980475,0.5083542367146594,1.0,0
0.6636798915711405,0.6177830172015407,0.5214406893372522,-0.9750675336475999,0.6729827906987642,-0.6601297586025743,0.25923345141021154,-0.17882950675980552,0.05539011536877338,-0.47712593129333297,-0.41421271794572273,-0.30878273406442447,-0.39782025122072245,-0.21037618023097487,-0.3304988464820345,-0.3071739184630777,-0.3260526788733266,-0.35116660133394184,-0.2739848392358004,-0.3364205041187776,-0.2498333286515514,-0.3582120774300708,-0.2940841347962037,-0.24826993086761456,-0.3968311179080636,-0.20918805052935163,-0.3191378338739149,-0.29365070780270375,-0.2742847848517645,-0.2673241924748001,-0.2876752227783143,-0.25511769373321347,-0.27664181791851844,0
-0.261850822969004,-0.23666523987372476,-0.2888316622158529,-0.2435691344100246,0.30836072450674545,0.7073165941411775,-1.0,-0.23778988806561505,0.34321700972151425,-1.0,-1.0,0.3322754226406101,-0.40444359299716204,-0.26258963834512705,-0.31686347488378547,0.6882362215458879,-0.5784914261323353,-1.0,-1.0,-0.21323672264019844,-0.2773789889674225,-0.2864003941389002,-0.28918250298729303,0.6421526997039873,0.7430199372538054,-0.7064043484916399,-0.6184258492917233,-0.29896813422445745,-0.3355393045536013,0.6796709834617229,-0.7822450079922612,-0.25031892513982446,-0.33086224563630323,1
1.0,0.71253,-0.02595,0.41287,-0.23067,0.98019,-0.09473,0.99709,-0.10236,1.0,-0.10951,0.58965,1.0,0.83726,-1.0,0.8227,-0.17863,0.8076,-0.28257,-0.25914,0.9273,0.51933,0.05456,0.65493,-0.20392,0.93124,-0.41307,0.63811,-0.21901,0.86136,-0.87354,-0.23186,-1.0,1
1.0,1.0,-1.0,1.0,1.0,1.0,-1.0,1.0,-1.0,1.0,-1.0,1.0,-0.0184,1.0,-1.0,1.0,1.0,1.0,-0.85583,1.0,1.0,1.0,-1.0,0.0,0.0,1.0,1.0,1.0,-0.79141,1.0,1.0,1.0,1.0,1
1.0,0.94649,0.00892,0.97287,-0.0026,0.98922,0.00372,0.95801,0.01598,0.94054,0.0353,0.97213,0.04719,0.98625,0.01858,0.94277,0.07135,0.98551,-0.00706,0.9777,0.0498,0.96358,0.07098,0.93274,0.08101,0.95243,0.04356,0.97473,0.00818,0.97845,0.07061,1.0,-0.0026,0
0.8693905562416734,0.8670629726462189,-0.08475527585934912,0.7726836536329529,-0.18196317442503968,0.7741593226760933,-0.07312453321999485,0.8112582530804285,-0.1284269750298373,0.8181595002914452,-0.1336666966195673,0.6749881341112264,-0.27375213114364255,1.0,0.007823225996283628,1.0,0.1570280498374237,0.7176633375112607,-0.1849600575815249,0.9125342789070201,-0.06240800473526502,0.7471809008350315,-0.04695288083935943,0.7489393219238074,0.011045543719857935,0.8557357224613102,-0.13037630647793946,0.7486673956664626,0.041203118525001484,0.8149964979288554,0.005934347586092056,0.8682327587024725,-0.016313681167246463,1
1.0,0.0,0.0,0.0,0.0,0.0,0.0,0.0,0.0,1.0,-0.33333,0.16667,0.26042,0.0,0.0,0.0,0.0,0.0,0.0,-0.19792,-0.21875,-0.16667,0.90625,-1.0,0.5,0.04167,0.75,-0.22917,-1.0,-0.125,-0.27083,-0.19792,-0.9375,1
1.0,0.97513,0.0071,0.98579,0.01954,1.0,0.01954,0.9929,0.01599,0.95737,0.02309,0.97158,0.03552,1.0,0.0373,0.97869,0.02131,0.98579,0.05684,0.97158,0.04796,0.94494,0.05506,0.98401,0.03552,0.9754,0.06477,0.94849,0.08171,0.99112,0.06217,0.98934,0.09947,0
1.0,1.0,-0.45161,1.0,1.0,0.71216,-1.0,0.0,0.0,0.0,0.0,0.0,0.0,-1.0,0.14516,0.54094,-0.3933,-1.0,-0.54467,-0.69975,1.0,0.0,0.0,1.0,0.90695,0.51613,1.0,1.0,-0.20099,0.25682,1.0,-0.32382,1.0,1
0.0,0.0,0.0,-1.0,1.0,1.0,1.0,-1.0,-1.0,0.0,0.0,-1.0,-1.0,-1.0,-0.3125,-1.0,-1.0,1.0,-1.0,1.0,-1.0,0.0,0.0,1.0,-1.0,-1.0,-1.0,0.0,0.0,1.0,-1.0,0.0,0.0,1
1.0,1.0,-0.7452808742352052,1.0,1.0,1.0,-0.708638458410812,1.0,-0.7188133583041515,1.0,-0.6727033079098257,1.0,0.27832143250578745,1.0,-0.7231216067532688,1.0,1.0,1.0,-0.5303416452797778,1.0,1.0,1.0,-0.7636080944390962,0.3282641322674322,0.27717637605911183,1.0,1.0,1.0,-0.4496972311913221,1.0,1.0,1.0,1.0,0
0.14696063597962733,0.03043261883600066,0.07875095549299392,-0.9167937304629353,1.0,1.0,1.0,-0.9408598483371924,-0.9189139475611257,0.011700074819358475,-0.01666947456820571,-0.8679331927374573,-0.950862965524966,-0.8071036069181217,-0.12775491481519052,-0.9391707421553264,-0.7968941612902423,1.0,-0.9461125012165275,0.9570612019400127,-0.8794390541893573,0.08771798267468371,0.10772126821781138,1.0,-0.9710396575993168,-0.9351981442904322,-0.8785149467721216,0.06843442056191587,0.06813229606349605,1.0,-0.9092867869804598,0.030556591856249954,0.13207949891553206,0
1.0,0.33333,-0.25,0.44444,0.22222,0.38889,0.16667,0.41667,0.13889,0.5,-0.11111,0.54911,-0.08443,0.58333,0.33333,0.55556,0.02778,0.25,-0.19444,0.47222,-0.05556,0.52778,-0.02778,0.38889,0.08333,0.41543,-0.14256,0.19444,-0.13889,0.36924,-0.14809,0.08333,-0.5,0
1.0,1.0,-0.57224,0.9915,-0.73371,0.89518,-0.9745,1.0,-0.35818,1.0,-0.23229,0.6289,-0.86402,1.0,-0.57535,1.0,-0.79603,0.76771,-0.88952,0.96601,-1.0,0.7012,-0.74896,0.61946,-0.76904,0.53777,-0.77986,0.8102,-1.0,1.0,-1.0,0.30445,-0.76112,0
0.9528541896245122,0.9369308645922562,0.1118771650994607,0.8988454108506629,-0.03557035128369684,0.8425743378779207,0.05485680751570955,0.8231207214241226,0.06739249967207925,0.8477945130111085,0.08888186213323121,0.900435717300543,-0.020545135477349666,0.9844778205875803,-0.08309137835045857,0.7438107894855489,-0.11981058848564036,0.8854414486268852,-0.07307816225679364,0.6525281473077872,-0.17554622645431858,0.948663475099715,-0.10833960250371388,0.724831264806177,-0.1386765323745131,0.8538543707573923,-0.08893185937781739,0.7581664948797554,-0.05885115565999265,0.7916981926989801,-0.13623940268381526,0.8615713330913669,-0.09011457593595179,0
0.0,1.0,1.0,1.0,-1.0,1.0,1.0,1.0,1.0,1.0,1.0,1.0,1.0,1.0,1.0,1.0,-1.0,-1.0,1.0,-1.0,1.0,-1.0,1.0,1.0,-1.0,1.0,1.0,-1.0,1.0,-1.0,-1.0,-1.0,1.0,1
1.0,0.74852,-0.02811,0.6568,-0.05178,0.80621,0.02811,0.85947,0.02515,0.63462,0.08728,0.71598,0.0784,0.73077,0.05178,0.7855,-0.27811,0.65976,-0.01479,0.78698,0.06953,0.34615,-0.18639,0.65385,0.02811,0.61009,-0.06637,0.5355,-0.21154,0.59024,-0.14053,0.56361,0.02959,0
1.0,0.83609,0.13215,0.72171,0.06059,0.65829,0.08315,0.23888,0.12961,0.43837,0.2033,0.49418,0.12686,0.44747,0.13507,0.29352,0.02922,0.48158,0.15756,0.32835,0.14616,0.29495,0.14638,0.26436,0.1453,0.23641,0.14314,0.26429,0.16137,0.18767,0.13632,0.16655,0.13198,0
1.0,0.92277,0.07804,0.92679,0.16251,0.89702,0.24618,0.84111,0.35197,0.78801,0.42196,0.70716,0.46983,0.70796,0.56476,0.60459,0.642,0.51247,0.64924,0.39903,0.66975,0.34232,0.68343,0.23693,0.76146,0.18765,0.73885,0.09694,0.71038,0.02735,0.77072,-0.04023,0.69509,0
1.0,1.0,-0.44416537486267993,1.0,-0.8782724360724982,1.0,-0.9138972330734589,1.0,0.3668877122289749,1.0,-0.2303244428743671,1.0,1.0,1.0,-0.8705737978540862,1.0,-0.16300117384749196,1.0,-0.8294011952167314,1.0,1.0,1.0,1.0,1.0,-0.4484056489309598,1.0,-0.4518284181280767,1.0,-0.7837336787667601,1.0,-0.8648340777695154,1.0,-0.914585107811343,0
0.9592042234564917,0.825524778487998,-0.16515638281191783,0.7119341013549001,-0.039400013034848164,0.4850726553524736,0.40711008740372945,0.7171672947347139,0.190914982142394,0.5192710119970078,0.33139716976741895,0.5704376044652498,-0.2282756113507822,0.544872854807732,0.4760408079871625,0.4582400096808512,-0.3414632737336913,0.3948923631304484,-0.1552595759911674,0.2133674015946183,0.2493584837397512,0.6709044715786857,0.015237340296528339,0.3855096546914594,-0.0927834703805801,0.519678104666017,-0.04232699594853305,0.5118859220064628,0.014173196599969,0.6953307151778549,-0.12198332359575427,0.5402202501098115,0.10424509475243228,0
1.0,0.6885155263256086,-0.5836600758031283,0.9645033089221191,0.725338778022084,0.9846896271514595,0.1581699374705846,0.7272051546115885,0.28011603210193653,0.5384509358213373,0.3628980657481959,0.45390299569963966,0.30517669795929125,0.7404998854822875,0.3112038403076668,0.8676712457710628,0.47064336265214857,0.6765050519293517,0.3001156571297638,0.8031396888044169,0.3711899623746276,0.8772317552479076,0.14197608048187618,0.6101645394939328,0.38734575130500415,0.6368339389929437,0.3863732383352733,0.6648510513767285,0.4324330102527019,0.5683553152586249,0.43782400698402313,0.5811601932943349,0.44284233102509385,0
1.0,0.9492884329752012,0.10655718846217724,0.9465599722024711,0.4663887735811156,0.7856830082391464,0.543695060837866,0.5193856546594204,0.7721273267522588,0.38050003346482564,0.7789855932727033,0.17473923616982642,0.9293469573583887,-0.045319594970355585,0.9180471515515876,-0.2699234328680647,0.7993364010599305,-0.40702152988163115,0.6462985775174388,-0.5251591164335837,0.5760632357245077,-0.764887654088409,0.49739945107833333,-0.6745502158691526,0.3250089198816146,-0.7221410924784332,0.19406746694896446,-0.6713090861698816,0.051158857585668883,-0.6760496633005877,-0.17589838397927762,-0.6260074980387124,-0.3645523670485654,0
1.0,0.39394,-0.24242,0.62655,0.0127,0.45455,0.09091,0.63636,0.09091,0.21212,-0.21212,0.57576,0.15152,0.39394,0.0,0.56156,0.04561,0.51515,0.0303,0.78788,0.18182,0.30303,-0.15152,0.48526,0.05929,0.46362,0.06142,0.33333,-0.0303,0.41856,0.0641,0.39394,0.24242,0
1.0,1.0,0.2912643103579579,0.5412108509517952,0.2986617773986413,1.0,0.3125469628441058,1.0,-0.33799300548356964,1.0,0.2881464758658734,1.0,0.259282807003741,0.7067461550367754,0.3287359962074197,1.0,0.18586834288816206,1.0,0.3448680637045674,1.0,0.27954760978230603,1.0,0.2601447331673779,1.0,0.30653873937283155,1.0,0.2992066800745421,1.0,0.20945384517114152,1.0,0.1457910836895931,1.0,0.31823001298123293,1
1.0,1.0,-0.03032727379862644,0.8152033391217728,0.015666706935745386,0.8525877364160195,0.06950346166454315,0.8463648162211135,0.10997909075016926,0.7538158515922323,0.22146808502582374,0.69206685920902,0.25971820669069906,0.8553864646116232,0.256706904983522,0.6568429354357972,0.3590618287622434,0.6390163145072325,0.3836221215953078,0.6345728542850594,0.459093010644784,0.585067402905368,0.48314134928506974,0.6714217418567966,0.5117612987107951,0.5218392935513072,0.47495506118484665,0.4554580313493663,0.4953744398032895,0.35744200865826703,0.5778393804676982,0.27694861580094954,0.505239920055262,0
0.8197078181631676,0.760426099444151,0.13926840619584802,0.24314551494073244,0.5844812847201618,-0.03269839305318284,0.6024323081126043,-0.7195272972987315,0.45083177463635793,-0.8913658517649388,0.24531374807763293,-1.0,-0.16269621023841307,-0.854647633251389,-0.4012550968866385,-0.5530677312537029,-0.8584844594518432,-0.30233787464980943,-0.9432665142213053,0.31965149691288747,-0.8446471152667187,0.47029248200966445,-0.6218717315589466,0.689760807603057,-0.24426171098462676,0.3801704022355201,0.07263963612876109,0.28857471828742703,0.3719049900400764,-0.2331623259003529,0.3479398882990179,-0.4130233932358081,0.2846426534196862,0
1.0,0.02337,-0.00592,-0.09924,-0.11949,-0.00763,-0.11824,0.14706,0.06637,0.03786,-0.06302,0.0,0.0,-0.04572,-0.1554,-0.00343,-0.10196,-0.11575,-0.05414,0.01838,0.03669,0.01519,0.00888,0.03513,-0.01535,-0.0324,0.09223,-0.07859,0.00732,0.0,0.0,-0.00039,0.12011,1
0.8414284727928517,0.559920345141788,-0.6931286064516924,0.7560452233507581,0.5179677366097686,0.9372447856699715,0.22764363036538607,-0.7386788830240298,0.20933957247797802,0.29172968140572814,-0.08837549935599409,0.5547825390588185,-0.1965864414662442,-0.39462978958227807,0.17604652818982738,0.7555808142482696,0.3639981134639035,0.7580243608031556,0.20376423205259095,0.6174028930486639,0.47223339232545136,0.9078558686589727,-0.16166169908087805,0.41018392763395045,0.18949213965695746,0.28758658018093286,0.27093163682792815,0.31515419819776547,0.23966953231248744,0.4713240424277226,0.015520790119448513,0.23128622240702681,0.2284612723230544,1
1.0,-0.06041286710688876,-0.10433614427011823,-0.023794408350262496,-0.21552329618268884,0.08106011837236271,0.23578031247380854,-0.15782075648035992,5.9317341982778604e-05,0.27164179462607474,0.10472160085882924,-0.10783840700186494,0.5441969564894859,-0.0526239621148042,0.004352096609898437,-0.12702156374551693,-0.06810668054370692,0.04882000278331043,0.11556819620405565,-0.07256898390609043,0.12216655432372707,0.09290075958123592,-0.4162448518009616,0.1233725875835451,0.10164104951828445,0.1575971886766623,-0.05287731098508691,-0.09419684376146664,-0.07604849084651052,0.11068298698298086,0.04032516350505728,-0.09715212564906753,-0.07475358665581497,1
1.0,0.97714,0.19049,0.82683,0.46259,0.71771,0.58732,0.47968,0.84278,0.31409,0.92643,0.10289,0.93945,-0.13254,0.8429,-0.3202,0.91624,-0.52145,0.79525,-0.68274,0.49508,-0.77408,0.33537,-0.85376,0.17849,-0.83314,-0.01358,-0.82366,-0.19321,-0.67289,-0.33662,-0.59943,-0.497,0
1.0,0.76627,0.21106,0.63935,0.38112,0.48409,0.525,0.15,0.22273,0.13753,0.59565,-0.07727,0.44545,0.0,0.48636,-0.27491,0.42014,-0.56136,0.36818,-0.36591,0.18864,-0.40533,0.07588,-0.38483,-0.03229,-0.33942,-0.12486,-0.2754,-0.19714,-0.19962,-0.24648,-0.11894,-0.27218,0
0.9527907651420309,0.32534046066149,-0.12213003886607685,0.738935550893364,0.001706281157485022,0.6063844968286961,-0.020457534854311277,0.5550615454335106,-0.042074210382326116,0.679556968487422,-0.17225371005853637,0.5956717504886817,-0.03995864907260295,0.5428838256487416,-0.016602153688497545,0.43097285181489337,-0.22982993086585118,0.5667766014763669,0.083031358778447,0.5301268748299868,-0.07492963966556947,0.475243660874084,-0.08505761625476921,0.42449254536375125,-0.015433133438041981,0.39075134099379705,-0.0815908443772573,0.39550347827148996,-0.1354791332396147,0.3225743135684444,-0.029889426202306314,0.26803404162118993,-0.11640838023479086,0
1.0,0.5187137236648713,0.5261420482071935,0.6890967808321296,1.0,0.06995743483973962,1.0,-0.2600451392062228,0.9391383970974712,-0.833723145002016,0.451904545994877,-0.7777249313512227,0.048188401986094365,-0.976564646903162,-0.1409988862265539,-0.5648003516819298,-0.6088712120194077,0.6347814258875732,-0.8484443726839874,-0.16000241759424683,-0.6350223031827948,0.9423681307453908,0.007857190719975607,0.490451097094808,0.09338247622345103,1.0,0.5815858895060301,0.7633405777645849,0.9491428254082893,0.3700532672720428,1.0,-0.39383783100054953,1.0,0
1.0,0.9006246243661908,0.30530757769283423,0.9007813939484185,0.5223978142964388,0.8120052626112891,0.615958742759768,0.5934114834240407,0.696075672207433,0.34697525521887035,0.8874066521115382,0.2716692159715315,0.8832812038178208,-0.0032896249784099205,1.0,-0.04774265096984719,0.775645016278931,-0.2822420425409331,0.7586454945978324,-0.4324371912030149,0.6013605942447405,-0.5383369291741144,0.5453684042816358,-0.4523945748590508,0.30157301912539863,-0.5264770852532723,0.1687347723711246,-0.5419464146092904,-0.012138365647489994,-0.5309963493848698,-0.06020187812733303,-0.2706210378522227,-0.25919329406369235,0
1.0,0.3207217290630634,0.49050101633216797,-0.7630823048545226,0.10882622547209075,-0.1818223371080845,-0.7937755074800896,0.6756135108101055,-0.00038887600171519376,0.7902203624156665,0.38089320505356794,-0.6471725020760971,0.3059340397126041,-0.3069689287042731,-0.5123048940955838,0.42447201083346386,0.18847698155652584,0.4986368036884617,0.10210563342305029,-0.5390470316434014,0.4538983738816097,-0.4129907266123162,-0.4915818040879902,0.3386752868846197,0.6427061169272729,0.5529992872171843,0.3792306321063554,0.631531060660958,0.37254089214042324,-0.6003634890660634,-0.2716656164950564,0.27619021708306535,-0.570839142629527,0
0.9186768958873969,1.0,0.4253040640365718,0.9541583121413612,-0.5848587163043071,0.9145928083123337,0.2881627349214745,0.8404311840477049,0.010005233535932148,1.0,0.03427349283699629,0.8974701206579535,-0.3219788312467084,0.9991991747759259,-0.25471337504528746,1.0,0.15495146225722994,1.0,0.038946604110731996,0.7322860282273627,-0.2008173286825848,0.9714581101709331,0.37257955081115957,1.0,-0.16164743371961932,1.0,-0.1322937206847043,1.0,0.5491878740095536,1.0,-0.14740118395592636,1.0,0.16585934601137034,0
0.041918542069479425,1.0,0.9685762271530939,0.9220006536813612,-0.9632552548220479,-0.08474169791748945,0.04946102445238912,0.027649903885342452,0.10669146113323544,-1.0,-0.980445025038274,0.03979192138415905,0.06484678555834766,-0.001219273657148346,-0.015309288155077476,-1.0,0.9867203072106474,0.9986943328886791,0.9737256377573261,-1.0,1.0,-0.9611011282820877,1.0,0.9666213669776805,-0.9422532366520506,1.0,0.9514413234323177,-0.9866728674911841,0.9706247190507837,0.9872587936759215,1.0,0.06614287657795345,-0.0455307668292098,0
0.7887803134651216,0.44084436941869104,-0.23147781312335847,0.6094711281754606,-0.32944274676813207,0.5045550864769109,-0.3217940651564339,0.5102024980283799,-0.2531719917263773,0.29619172333879407,-0.23882351545644387,0.5159607610737976,-0.33627240751717113,0.5323144701780675,-0.26163923735029626,0.37101805878070354,-0.07878792223471537,0.6020258452343729,-0.2626985824502365,0.3172863143430681,-0.22620925739458975,0.397981808617272,-0.2707717386613053,0.3705070794494822,-0.23221582956268313,0.276856072282287,-0.1868231797245822,0.28808236820959926,-0.3014770646631681,0.2610539518720812,-0.15683346311411342,0.2514587727201974,-0.20753050807543802,0
1.0,0.39286,0.52381,-0.78824,0.11342,-0.16628,-0.76378,0.66667,0.0119,0.82143,0.40476,-0.6723,0.30729,-0.34797,-0.63668,0.46429,0.15476,0.54762,0.05952,-0.5183,0.44961,-0.47651,-0.47594,0.32143,0.70238,0.51971,0.38848,0.57143,0.39286,-0.54891,-0.29915,0.25441,-0.55837,1
1.0,0.805946909610724,0.08054694400092638,0.8901873612982674,0.0679461304433362,0.9258141410177021,0.08656172508144319,0.8301913096376413,0.18346361821688026,0.9448749056228298,0.13525228748995965,0.9340204502028725,0.015026781068273765,1.0,0.20688857624222434,0.925927836219514,-0.019396636188453366,0.8269559141970921,0.1130875489162784,0.8648824396973507,0.19521025269720635,0.9095481824713706,0.17208234407687242,0.8831167700931976,0.0292553704163237,0.7641586712749291,0.11889534964197254,0.6910460680421813,0.1282310508859531,0.8127894851374476,0.14906279737032618,0.7706834422279267,0.004775114855442672,0
1.0,0.0,0.0,0.0,0.0,1.0,1.0,-1.0,-1.0,0.0,0.0,1.0,-0.11111,0.0,0.0,0.0,0.0,-1.0,1.0,1.0,1.0,1.0,-1.0,0.0,0.0,1.0,-1.0,0.0,0.0,0.0,0.0,1.0,1.0,1
1.0,0.8721367148591219,0.17208924870187814,1.0,0.30087630670270366,1.0,0.311370119949297,0.9782300937919921,0.08855555211393179,0.9867821926200823,0.30080129796689903,1.0,0.4091877426725731,1.0,0.394290308675328,1.0,0.8082104054213246,1.0,0.29931861393414755,1.0,0.43933126012390006,1.0,0.4487519666455271,0.6873570278782888,0.5576832997046595,0.9248427983243376,0.39981979021701414,0.8360707272896736,0.11923712802658776,0.9127833278960097,0.3620766957980182,0.9137938128441654,0.4751145467446427,0
1.0,-0.01864,-0.08459,0.0,0.0,0.0,0.0,0.1147,-0.2681,-0.45663,-0.38172,0.0,0.0,-0.33656,0.38602,-0.37133,0.15018,0.63728,0.22115,0.0,0.0,0.0,0.0,-0.14803,-0.01326,0.20645,-0.02294,0.0,0.0,0.16595,0.24086,-0.08208,0.38065,1
1.0,1.0,-1.0,1.0,1.0,1.0,1.0,1.0,-0.5,1.0,1.0,1.0,1.0,1.0,1.0,0.0,0.0,1.0,1.0,1.0,1.0,1.0,-1.0,1.0,1.0,1.0,0.625,1.0,-0.75,-0.75,1.0,1.0,1.0,1
0.6817749480521348,0.541605748954669,0.12535100424613388,0.24104487783678474,0.406048688371227,-0.21039698168634136,0.648686951109251,-0.7414974445882706,0.6472548424652224,-1.0,0.27157320908908233,-1.0,-0.13636047541937638,-1.0,-0.4381342888234437,-0.8602762358334702,-0.8844602804862702,-0.46288076333353123,-1.0,-0.04110871068746584,-1.0,0.22204943116902073,-0.858534653449684,0.31077623664844795,-0.5352846332799233,0.32150136157991666,-0.2682971118224998,0.23665954100613512,0.047486463215997546,-0.040580118808651956,0.2719595533707439,-0.3591527679632289,0.23483453668310547,0
0.0,1.0,-1.0,1.0,1.0,1.0,1.0,1.0,1.0,1.0,1.0,1.0,-1.0,1.0,-1.0,1.0,1.0,1.0,-1.0,1.0,1.0,1.0,1.0,1.0,-1.0,1.0,1.0,1.0,-1.0,1.0,1.0,1.0,-1.0,1
1.0,0.4264494000845095,-0.14641721074026975,0.5061860437436545,-0.224136293992203,0.6745599933590386,-0.4491969887327942,0.7183177884426344,0.04656533428353243,0.2891254805598424,-0.20758625837418648,0.4256968300598242,0.12650960499638386,0.4497318561990539,-0.08546324714271103,0.5404555228893346,0.09312749810310911,0.44550271262786395,-0.2817645541146216,0.5515665184070287,0.1557281651381622,0.44232059895206544,-0.03497114576468609,0.7299751897217382,0.16818833753381462,0.524602447070562,-0.05505614439333674,0.08769184987489215,-0.2531263274144703,0.5100537876056606,0.045884531569653296,0.3690280933793294,-0.4518124599795954,0
0.7178618647602527,0.6278158599240147,0.16046781295037807,0.6458577862362662,0.22629581750315633,0.6176841158415302,0.3783078469758398,0.6942214337725912,-0.24695761405975614,0.6588171389332007,-0.24756526280660873,0.4492096494418799,-0.7655265240941577,0.27570946124187484,-0.01569258382091065,0.702518661411044,-0.9502049159632613,0.7491425661306838,-0.5982494537851255,0.6237983286513294,-0.7176250276877898,0.6332550455996717,-0.25617864537534724,0.7024237435292124,-0.3625530961257256,0.7639556994664689,-0.2210445909427564,0.6857588030807552,0.024373178640385157,0.7148492841479664,0.32298970918358594,0.41493854817284265,-0.031494982764982894,0
1.0,1.0,0.1357706539989385,1.0,-0.0282680069790329,0.8882618466935446,0.03158942504556989,1.0,0.09053360196469641,0.9876359126597157,0.15492961462787885,1.0,0.07134180693954961,1.0,0.032804092025093524,1.0,0.016295323157784404,1.0,0.18415073139358912,0.8760276266781383,0.18414975346683785,0.8089938283998609,0.30091961614723456,1.0,0.13508468031885992,0.9295459393738904,0.05519650942854849,1.0,0.09831470328148686,0.872613620930258,-0.014939123574244706,0.9458401466445401,0.1399808835270761,0
1.0,0.61857,0.1085,0.70694,-0.06935,0.70358,0.01678,0.74273,0.00224,0.71029,0.15772,0.71588,-0.00224,0.79754,0.066,0.83669,-0.16555,0.6868,-0.0906,0.62528,-0.01342,0.60962,0.11745,0.71253,-0.09508,0.69845,-0.01673,0.63311,0.0481,0.78859,-0.05145,0.65213,-0.04698,0
1.0,0.47337,0.19527,0.06213,-0.18343,0.62316,0.01006,0.45562,-0.04438,0.56509,0.01775,0.44675,0.27515,0.71598,-0.03846,0.55621,0.12426,0.4142,0.11538,0.52767,0.02842,0.51183,-0.10651,0.47929,-0.02367,0.46514,0.03259,0.5355,0.25148,0.31953,-0.14497,0.34615,-0.00296,0
1.0,0.45455,0.09091,0.63636,0.09091,0.27273,0.18182,0.63636,0.0,0.36364,-0.09091,0.45455,-0.09091,0.48612,-0.01343,0.63636,-0.18182,0.45455,0.0,0.36364,-0.09091,0.27273,0.18182,0.36364,-0.09091,0.34442,-0.01768,0.27273,0.0,0.36364,0.0,0.28985,-0.01832,0
-0.03708544754645932,1.0,-1.0,1.0,1.0,-0.8275172414993545,-0.8141375673070472,1.0,-0.9955740463199156,-0.06283044826231801,-0.25304786591243833,0.5857471481446401,-1.0,-1.0,0.5669938917632573,1.0,-1.0,1.0,-1.0,-0.6544337119794679,1.0,0.19558475028072375,-1.0,1.0,-1.0,1.0,-1.0,-0.3660022836725054,-0.540116661002616,-0.054413224214633314,0.18976711594589715,0.940261735161606,-0.9001152134634708,1
1.0,0.6895626000982475,-0.011908520989291474,0.7340911792358201,-0.0005661687400752031,0.6393355660051507,-0.10185529664068431,0.6452803025478118,-0.12472803918455781,0.7034296269071872,-0.14064506870205637,0.6048622982280132,-0.2036315807535224,0.6141243955515365,-0.10792079546670383,0.5325854549611204,-0.05601974882113975,0.5815569284405825,-0.24319034956578411,0.6065826353419563,-0.21650057777843423,0.6505444261624238,-0.22263076276428878,0.4788238286003116,-0.2606012074297677,0.5551519641395296,-0.2804749984088113,0.5626790276765065,-0.21663858006297304,0.4330049514857118,-0.17170033177495678,0.4676203667298895,-0.24800996215728427,0
1.0,1.0,0.01286066986019313,1.0,-0.836393185666715,1.0,-0.051314063495231745,1.0,0.07928215203647979,1.0,0.2733733452126542,0.6295756414241679,-0.1257977801833422,0.9439406408743638,0.9718880929716696,1.0,-0.19259522402153775,0.8192876702776074,-0.19336095594773525,0.9522884615449125,-0.01048704611979806,0.9518557841572836,0.1790611390009299,1.0,-0.08156469275015099,0.8937790862870515,-0.11734386488692077,0.9166287409476288,0.1116533401639117,1.0,-0.2543629631873568,0.9398033560152661,-0.32090513406975923,1
1.0,0.88804,0.38138,0.65926,0.69431,0.29148,0.87892,-0.06726,0.90135,-0.39597,0.80441,-0.64574,0.56502,-0.8296,0.26906,-0.7894,-0.08205,-0.6278,-0.30942,-0.46637,-0.55605,-0.16449,-0.64338,0.09562,-0.61055,0.30406,-0.48392,0.43227,-0.29838,0.47029,-0.09461,0.42152,0.12556,0
0.8045290192907821,0.5223468248065011,0.00043241084759219894,0.3330611499487953,0.41009037655020003,0.030628282911703657,0.5041497623183502,-0.16938378163804022,0.5394368977032535,-0.45443996771052214,0.5924315758669692,-0.6324178021529222,0.3898928709962446,-0.9968650873943237,0.2945071667177651,-1.0,-0.2215739581208135,-1.0,-0.42620421257516417,-0.8649887989163535,-0.42951247552967875,-0.8944781719334698,-0.8620138246182235,-0.5408589839410577,-0.847840113688117,-0.34300678277748636,-0.9420425422793316,-0.06835588653315239,-0.7682808336534344,0.1592418856296465,-0.7711492052396305,0.3712448859275297,-0.6060617256899675,0
0.7895441525590489,0.6216771244942556,-0.3137510000825193,0.6191966845150657,-0.18623901469516116,0.5604722132836703,-0.1853717998428417,0.6421944379407543,-0.5172207532587494,0.7432794744122302,0.07488365766181368,0.7141560808269215,0.19739657632839083,0.6671283801847716,0.32868265708435485,-0.668336361318269,0.6604307491834257,0.5785001739039157,-0.28922573088513776,0.6038565628892006,0.6223617531062058,0.6842680790911285,0.5979126145283666,0.6950385880328437,0.6910139317865831,0.6912316156544601,0.6883545806080765,0.6403914744033662,-0.03496868638322394,0.6382754179135549,0.6150593107302591,0.7200127878306407,0.735720601624203,0
1.0,1.0,0.03623241057708034,0.6325594446222373,0.47264501069906095,0.9882106219150223,-0.3360293890538606,0.9908516359443749,0.18697130032705903,1.0,0.22704054586237538,0.9713581234301548,0.07416252687831516,1.0,0.19957937478077845,0.8099406091642547,-0.14234861718656683,1.0,-0.11782105554214908,0.9978129490941521,0.32254984370549117,0.8366614122781475,-0.0022521079778629466,0.9656409840505611,0.08595216363026484,1.0,0.11912992620500273,1.0,0.31938848850858637,0.9208291901731765,-0.004794640498225665,0.8786718378668109,-0.15363207871189025,0
-1.0,0.7482445630047269,-0.6523533489790242,0.29585847934224074,0.2501021378420729,0.9229634972980556,-0.5335566743501531,0.9029484963302713,-0.533165219075795,-0.6879572120935998,-0.12221846668028795,0.2916857833263161,-0.37439663471761053,-0.17012170983030578,0.3967598646490228,1.0,0.05976189467703928,0.6497606214043278,-0.35114436525599674,1.0,-0.7697430604595162,-0.7072279513054346,-0.7183153444443743,-1.0,0.476935851542595,0.7778720468206776,0.7417708175848894,-0.6350861322694685,-0.7391233800184601,1.0,-0.6563427336967309,0.29342446898630664,-0.32094440800318036,1
0.9827549475914162,0.6069584646758279,-0.5085473596511694,0.07793855875172234,0.07717038878715286,0.0363816685429024,0.11455226600636496,0.8771082691929989,0.9578185497390486,1.0,-0.37245362814170524,0.09314295152431361,-0.05597494288194301,-0.13864890479810313,0.11295332270553447,0.5333012972992596,-0.3515136624030707,0.8551401566817991,-1.0,0.9634785963899011,-0.8541946786393598,0.09962952539814474,-0.018521159790212682,-0.08869429592817743,0.1205569823321887,0.8970155608635837,-1.0,-0.2396941771155136,-0.9167471551246595,-0.04214312892654944,-0.10964849339452193,-0.11524171531612323,-0.12849036688113502,0
1.0,0.9494917482125195,0.14496885971847645,0.9722868725123838,0.2520123182265769,0.9416816404400452,0.4188936208430196,0.9632813840282544,0.005440132919894085,1.0,0.25223521257967396,0.9869984662722363,0.17692891403672492,0.9760895109240714,0.48020142290997037,1.0,-0.07202065337351382,1.0,-0.14480848647175304,0.9940803130434204,0.3921448380721293,0.9550918338410772,0.3188250340964802,1.0,-0.01993586733776724,0.9773279213882857,0.12597301425730584,0.9976207151541298,0.05728985107656422,1.0,0.30548376421174767,1.0,0.24516010381402537,0
0.8801872945900704,0.8885412784116794,-0.2393852014617622,0.6889695476353319,-0.1755855305565906,0.885783962849348,-0.10036475221091175,1.0,-0.00536516221890333,1.0,0.050448101194636844,0.817616173534094,-0.35775447664644566,1.0,-0.4108381875034345,0.9307006212701459,-0.09618439975630744,0.9366420336524738,-0.32987960752852286,0.9473694612669824,-0.29730238299587736,0.8319279679487572,-0.4836430654278035,1.0,-0.11417749104870073,1.0,-0.4410759861923349,0.6910280634574452,-0.2711762450032746,1.0,-0.15407926350573387,0.7698224254538729,-0.32103238241890725,0
0.6237358677401503,0.758351656618392,-0.34879619766880066,0.751711097147028,-0.18785744879860178,0.28936520114979575,-0.47665989954729704,0.5954551262875472,0.12068298128153354,0.7235607212409205,-0.23607438195624603,0.6470186377753668,-0.29792449004821975,0.6173307898770705,-0.5552421280283137,0.6090078070754378,-0.3172982862900393,0.6770184011299235,-0.4582566302980065,0.6156769954912911,-0.2590422788472293,0.6823786989791306,-0.29956938591422083,0.7504576790102099,-0.15390521291710982,0.604537319350388,-0.2308884509984751,0.7657690558617541,-0.37982717350819717,0.6627611563054727,-0.3159763242532527,0.6213370056449015,-0.442973091841025,1
0.10625044489976644,1.0,0.9565468461269059,1.0,-0.9870640577428569,0.0780774009893953,0.012322091819262276,0.05151873450951243,0.07005884586342978,-0.9804022095907805,-1.0,-0.06270781750678724,-0.041785820183571694,0.09656673721139507,0.0806604504638829,-0.9380084389283596,0.9144696033785897,0.9031046748985283,0.9227057216615663,-0.9262386742787666,0.9523682494850434,-1.0,1.0,0.9827441840593019,-0.9378138930799416,1.0,1.0,-1.0,0.9540381083290557,0.9545697862146661,0.9277205784374799,-0.08487865911066238,0.014845044230394344,0
0.0,0.0,0.0,0.0,0.0,1.0,-1.0,0.0,0.0,-1.0,-1.0,0.0,0.0,0.0,0.0,1.0,1.0,-1.0,-1.0,0.0,0.0,0.0,0.0,1.0,1.0,1.0,1.0,0.0,0.0,1.0,1.0,0.0,0.0,1
1.0,0.72414,-0.01084,0.79704,0.01084,0.8,0.00197,0.79015,0.01084,0.78424,-0.00985,0.8335,0.03251,0.85123,0.01675,0.80099,-0.00788,0.79113,-0.02956,0.75961,0.0335,0.74778,0.05517,0.72611,-0.01478,0.78041,0.00612,0.74089,-0.05025,0.82956,0.02956,0.79015,0.00788,0
1.0,0.8914840369167125,0.6847533082540139,1.0,-1.0,1.0,0.9611752009560169,-1.0,0.22319119448774802,-1.0,0.3559086006239085,1.0,-0.5286584032015054,1.0,-1.0,-1.0,0.18424664412546587,-1.0,0.579005586431888,1.0,0.39736724479405855,-1.0,-0.6413524635605613,0.5930941173296315,-0.025344968335198725,1.0,0.47772613904885963,0.9083800495748986,0.7658884795685982,1.0,1.0,1.0,0.9697863876987939,1
0.9971578312391018,1.0,-0.04416104782552835,0.972269292552482,-0.11238784864989661,0.9795217841849584,0.10091317126397192,0.994069363266917,-0.026080039963269637,0.8736624446502652,-0.05170450239406088,1.0,0.04956173993285268,0.9487779964401187,-0.127981063940778,0.8349014796946835,0.03201026531452207,0.8512611587021033,-0.06479968339933645,0.9696776683746594,0.0822778326735033,0.964283234174304,0.21155755350302985,1.0,0.08884420803221131,0.8314499110240582,-0.07318581307273819,0.8230466978501273,0.14884049556481233,1.0,-0.037439979906436625,1.0,-0.04736732974855089,0
1.0,1.0,0.37684124434042815,1.0,0.6265245151185251,1.0,0.7868157049403747,1.0,0.9178984490110392,0.9164285044390313,1.0,0.774545140021545,1.0,0.5935174188585705,1.0,0.3431492294095118,1.0,0.18813267078978682,1.0,0.02173430896881456,1.0,-0.025194795601325398,0.9142189948449588,-0.18381922742627468,0.8682151828302901,-0.31692431560491297,0.7755444900924191,-0.26375469164361054,0.6547214724167882,-0.3636200863907983,0.5228583433692426,-0.30227694456993703,0.3257482928278075,0
1.0,0.9220356953286664,0.39999788945767056,0.788742345107397,0.5693726579269164,0.4517879318166495,0.843842382220177,0.08917174995053309,0.8536624106640428,-0.3342033500807034,0.8210340274888301,-0.5141657868148666,0.632012555646782,-0.7222239234109002,0.3610698409412731,-0.7513299952767479,0.02704120719433777,-0.7911707908166286,-0.12649089825490656,-0.5356027384410927,-0.5161651799903626,-0.3689695603819663,-0.5675698457104545,-0.07285054491319753,-0.5618599392964198,0.1480475930604886,-0.5747237892720166,0.4211263518720789,-0.34254368445759775,0.4090710662912619,-0.2859320011513537,0.44986776712122933,-0.045757598413345965,0
0.8724412837531642,0.9185371987654032,-0.0110617263420347,-0.8421372946133396,0.0604130581245209,-1.0,0.017925217688460754,0.9647805441241966,-0.09881618125572236,1.0,0.02529414139601563,0.9229248546754938,-0.05267552645502636,1.0,0.11508134672356285,0.8751470531970678,-0.04297724421323812,0.9114314380313271,-0.13082426010222875,0.8808444702981822,-0.012057765494244005,-0.8386397644321979,-0.06649132114013445,0.9961795913764422,-0.07398718066176804,-0.8318261994911138,-0.0689857257825532,0.9681367541797417,0.1724626300349041,0.9153350117398925,-0.10298720736132436,0.9506336674450212,-0.0779821435311993,1
-0.3051273234209535,0.7771805101378405,-1.0,-1.0,0.8263510045615279,-1.0,0.588104535611572,0.735385975055135,0.6015107804278652,0.6583346820479807,0.7455866096582244,-1.0,-1.0,-1.0,-1.0,0.6067648042787619,0.78733949023198,0.6797002195356561,-1.0,-1.0,-1.0,-1.0,-1.0,0.7108077903216236,-0.21773906389977,0.7556689045121847,-1.0,0.7568528056273626,-1.0,-1.0,0.7137916308956171,-1.0,0.7189828390008242,0
1.0,1.0,0.01105,1.0,0.01105,1.0,0.0232,0.99448,-0.01436,0.99448,-0.00221,0.98343,0.0232,1.0,0.00884,0.97569,0.00773,0.97901,0.01657,0.98011,0.00663,0.98122,0.02099,0.97127,-0.00663,0.98033,0.016,0.97901,0.01547,0.98564,0.02099,0.98674,0.02762,0
1.0,1.0,-0.7383187545556023,1.0,0.16565152564633376,1.0,0.5487590208878507,1.0,0.24056886811624037,1.0,-0.4653327667697349,1.0,0.39632289893711514,0.9651659594920766,-0.5037518393549504,1.0,0.3924915430407758,-1.0,0.2872093902752294,0.936305946703461,0.2413234380013148,1.0,0.47478564860399153,1.0,0.22063401061193938,1.0,-0.19580242624494268,1.0,0.5319265673624879,-1.0,0.2582366417338898,1.0,0.3772878677375934,1
0.6767225628919279,0.6390557441384297,-1.0,0.7276716619746352,0.6589965673115155,0.5311170299687287,-1.0,0.6894691432483854,-1.0,0.5466309530506076,-1.0,0.6129246301413638,-0.4259234918331016,0.6572662981027537,-1.0,0.6372473357860688,0.709830845940533,0.6807875923519277,-1.0,0.6281103906937794,0.6381617497171876,0.6506066101387064,-1.0,-0.3971003438328231,-0.24704038300489717,0.7005395834124251,0.501177584492329,0.6705742180104793,-1.0,0.6887756184344148,0.640712806361677,0.6617877571660697,0.6761524608350279,0
1.0,1.0,0.34569008912560706,1.0,0.26544136013595293,1.0,0.3301389343520363,1.0,0.2984099451467723,1.0,0.33742011101177183,1.0,0.39423847561572434,1.0,0.3132709958029948,1.0,0.26602367081048245,1.0,0.3374007795861929,1.0,0.37941761146655795,1.0,0.39720372613417454,1.0,0.3135884122668678,1.0,0.3252567018882979,1.0,0.4290322671881276,1.0,0.2807353841594957,1.0,0.3373181131624495,0
1.0,0.8836228088494938,0.22191849936468344,1.0,0.2412764926034899,0.9004039200632769,0.30889790302375947,0.8362435975255728,0.25911767274241615,0.8692956545274755,0.4468068916739077,0.8950447956530062,0.20051944889364515,0.9428250430021824,0.28673335310586134,0.9689775021371048,0.2742707273464769,0.948166826209341,0.22742257325975923,0.740481056650223,0.27762570446600593,0.9622963381006574,0.3626236188357643,0.7619288923010239,0.40850090543480666,0.8519294470132761,0.29957012744098194,0.9390103090588496,0.12542979875598015,1.0,0.2629849441976568,0.9562814092383084,0.1854682028336206,0
0.6443023386266225,0.6686982608157143,-0.27564938202259287,0.36472963931170244,0.17209200263545632,0.6816390258794908,-0.7062589855228785,0.5924098356581823,-0.03677065636624868,0.5932686973015114,-0.27358308854932134,0.7221907618228974,-0.14515562783201924,0.6243897880661375,-0.20406133351340072,0.45646887726376195,-0.5757195232981511,0.48946234867855337,-0.4097015068797103,0.4790845903034944,-0.09617184807146911,0.4739411342232631,-0.28862790415920214,0.5383164351296854,-0.30023223731511706,0.5971304675092891,-0.3327142086749112,0.6361782532701189,-0.18072988669019108,0.5107593060848787,-0.3617089018609383,0.5724529890835505,-0.49983249610656966,0
0.30632365410841084,1.0,-0.6996006352862367,1.0,1.0,1.0,1.0,1.0,1.0,1.0,1.0,0.7383335585915259,-0.668106990175483,1.0,1.0,1.0,0.32805445428499846,1.0,-0.7168125598906062,1.0,-0.6214594741538889,1.0,-0.6493202695699742,1.0,-0.7057070123043829,1.0,1.0,1.0,-0.667000696092985,1.0,1.0,0.2522107035383363,1.0,1
1.0,0.8294337097961175,-0.0839164663848444,0.5385390253586679,0.15196835956028087,0.9810968121299292,-0.2815528170477731,0.9281072149427233,0.09714919048623623,0.9449047250867081,0.05018674769298491,0.8352333549244759,-0.43999273832522023,0.9523625260737675,-0.2290178275222798,0.8989464071069398,-0.11797062084222712,0.9912205386140934,-0.2406636219473086,1.0,-0.5149884022137994,0.836715074242949,-0.22203998064497135,1.0,0.12770894785403808,0.8949797742473625,-0.251544366853824,0.9287198958129934,-0.058769461897840214,0.9347828708544667,-0.18890915071755066,0.7596783320622331,-0.3426186481328273,0
0.9214801370236909,0.6209665915151387,0.15161775948333883,0.7994481738568533,-0.24056503279502925,0.8069117685626612,-0.025722155761852973,0.8629595726505338,-0.029704790702910207,0.40672383548617685,0.03848991840040683,0.7533615081678317,-0.1365262648023973,0.7176612056171048,0.006502688136939078,0.5355606846167021,-0.15657383124965285,0.8554674257122794,-0.03649517166329797,0.6380494142537816,-0.0653386267910242,0.22541318437157523,-0.039491255977437,0.6685094467694518,-0.19462640072718965,0.5564050945905009,-0.27462540423934584,0.46432716927382667,-0.01060415746052934,0.46734911936281626,-0.3363012489335697,0.7231341512079907,-0.29665869081961926,0
0.8439482402097289,1.0,-0.11237105453484053,1.0,0.10011829157658807,1.0,0.02893311171944163,0.8976956396613721,-0.04868388897613249,1.0,0.07816001199464699,1.0,-0.12659242731329193,1.0,-0.11004444670984313,0.9409147859308459,0.044804182783879626,0.9000936373468987,-0.07270854610102884,0.9299160294985813,-0.08754340869759503,1.0,-0.015751252120153394,1.0,-0.03684980778788617,1.0,-0.0023660196118501647,0.8644344672067955,0.07174281862048763,1.0,-0.0022974685052612673,1.0,0.04444132595924263,0
0.0,1.0,-1.0,1.0,1.0,1.0,1.0,1.0,1.0,1.0,1.0,1.0,-1.0,1.0,1.0,1.0,1.0,1.0,-1.0,1.0,-1.0,1.0,-1.0,1.0,-1.0,1.0,1.0,1.0,-1.0,1.0,1.0,1.0,1.0,1
1.0,0.4936527436908719,-0.07983741637855567,0.5708033425716066,-0.017929225071784793,0.6069322309801533,0.01994329582419818,0.6136985923306434,0.010537762316492904,0.6721972842494135,0.016634058850585182,0.7052512661715201,-0.0319744716237622,0.6412309871243957,-0.0029452796915059084,0.5604407786483301,-0.017905992533887995,0.6650056417657669,-0.08981747696882374,0.5682056892171976,0.1591677379999784,0.5916801960993197,-0.011899916247680876,0.46249461298044175,0.035396164016726225,0.5623182576800045,-0.05004510025025945,0.42652266840346353,-0.08302609137067568,0.5119379659722197,0.11884049299704869,0.5742766281241263,-0.09490729432965025,0
1.0,1.0,-0.12284738579615213,1.0,-0.3548893071288475,-0.17117801769772412,-0.1804567434891828,1.0,0.09298267621409058,1.0,0.2156846807549029,0.8729822869815304,0.06326629524430775,0.6451329121016341,-0.29528803461680797,1.0,-0.10600101522016614,1.0,-0.05754589611943265,0.6967113972879533,-0.012775197476208379,1.0,0.8814199853061635,0.9161520781038162,0.02019361441061776,0.6995162090524247,-0.3140976730798764,1.0,-0.08489376343680677,1.0,-0.2651545992449347,0.6529316441621942,-0.23921703574695768,1
1.0,-1.0,-0.59677,0.0,0.0,-1.0,0.64516,-0.87097,1.0,0.0,0.0,0.0,0.0,0.0,0.0,0.0,0.0,0.0,0.0,-1.0,-1.0,0.0,0.0,0.29839,0.23387,1.0,0.51613,0.0,0.0,0.0,0.0,0.0,0.0,1
0.0,1.0,1.0,1.0,-1.0,1.0,1.0,-1.0,1.0,0.0,0.0,1.0,1.0,0.0,0.0,0.0,0.0,-1.0,1.0,-1.0,1.0,1.0,1.0,1.0,-1.0,1.0,1.0,1.0,1.0,1.0,-1.0,-1.0,1.0,1
1.0,0.85271,0.05426,1.0,0.08069,1.0,1.0,0.91473,-0.00775,0.83721,0.03876,1.0,0.27153,1.0,1.0,0.81395,0.04651,0.90698,0.11628,1.0,0.5067,1.0,-1.0,0.8062,0.03876,1.0,0.71613,0.84496,0.06977,1.0,0.87317,1.0,1.0,1
1.0,0.98455,-0.02736,0.98058,-0.04104,1.0,-0.07635,0.9872,0.01456,0.95278,-0.02604,0.985,-0.07458,0.99382,-0.07149,0.97396,-0.09532,0.97264,-0.12224,0.99294,-0.05252,0.95278,-0.08914,0.97352,-0.08341,0.96653,-0.12912,0.93469,-0.14916,0.97132,-0.15755,0.96778,-0.188,0
1.0,1.0,0.8757791602974848,-0.7034200084328431,1.0,-1.0,-0.9496205138451556,0.3152298095828416,-0.06320896634986939,0.40239577433176976,0.03337018586021436,0.07765208912426122,0.1617183272866104,0.3202527197094858,0.25747876375398016,0.6825232490904038,0.010245046264218571,0.23832096946537917,0.43256348766773906,0.017591486365662174,-0.007094634059276036,-0.45777499124083376,-0.2026706570910165,1.0,-0.5865706436144889,0.9678049934635249,-0.9052518087299632,0.862806230422153,-0.37846829734706566,0.31570430513888476,0.411409259052199,0.8518052277153487,0.04039878664679191,0
0.9441060383526768,0.7526322949668388,-0.13437781405677068,0.6988452501739513,-0.09592796264520403,0.8316008882537533,-0.06723380601553323,0.735332508415205,-0.10837551817659188,0.7326368889111591,-0.005007723238446726,0.8076640431331031,-0.011367011845476348,0.734501914446868,-0.03813141364594366,0.769851928915749,-0.09595505213221031,0.785390748618349,-0.023790381948291577,0.6946937552867501,0.031307800408040154,0.7038092108452533,0.07404308979839559,0.789333723722359,-0.1079470833772074,0.7804004108967882,0.032884419027591316,0.6538721737018633,-0.11748984269147808,0.7617573358079948,-0.015562871207351173,0.7338479154084239,-0.04051803868329917,0
0.6940921328069554,0.6586870755837158,0.02479818862293973,0.41827432177082696,0.3732901451309372,7.380672929341303e-05,0.5074614367086799,-0.24134853279673324,0.5700263520675419,-0.5817298904612642,0.5714830295748833,-0.9296164126288248,0.39281401389235915,-1.0,0.07654351704391527,-1.0,-0.24489613955637013,-0.9968535728838499,-0.6035899960459392,-0.9721031234755506,-0.8229783947059622,-0.6058377963553958,-1.0,-0.3923034965906251,-1.0,-0.11457789628964532,-0.9594045576825077,0.16146232118861897,-0.8967830571934052,0.2749907852272296,-0.7515345914468464,0.3321091853834869,-0.46877952425243635,0
1.0,0.82254,-0.07572,0.80462,0.00231,0.87514,-0.01214,0.86821,-0.07514,0.72832,-0.11734,0.84624,0.05029,0.83121,-0.07399,0.74798,0.06705,0.78324,0.06358,0.86763,-0.0237,0.78844,-0.06012,0.74451,-0.0237,0.76717,-0.02731,0.74046,-0.0763,0.70058,-0.0422,0.78439,0.01214,0
1.0,0.26344425464822535,0.30299675118861275,0.3508533918403525,0.2728161695430062,0.3363554658417113,0.31223883706598,0.3460961350994446,0.37356005714795787,0.31034189794131783,0.2398854198914101,0.40033252324065266,0.26258490506429855,0.27661010958371907,0.3452365618085275,0.23712147547705087,0.3962826121600236,0.33839199441737355,0.3157677031609952,0.33888249305061735,0.30247030932561886,0.3216608641796218,0.2914399686754605,0.31521476646778485,0.267457901387455,0.32969189188015446,0.2979099416529736,0.3327721209566066,0.25662883691359756,0.31502613587944434,0.23523598281722724,0.28128450067704425,0.2761983723384415,0
1.0,1.0,0.6847386437705483,0.4790883570504134,0.514503275822194,-0.10936798775966944,1.0,0.02464757624826386,0.9150390600176185,-0.5676286523460762,0.7919452835225319,-0.6198812306989212,0.6746015933630837,-0.79138183197486,0.3619921812987633,-0.8067783217879667,0.08335746514953528,-0.5393577891579182,-0.4755906298981154,-0.27187914852812617,-0.3844699868198809,-0.09932353681258814,-0.6040795213017549,0.3278256196429656,-0.8392138012780904,0.4778314333683511,-0.5505889378004092,0.585594842497454,-0.281527381396334,0.2962803567228466,-0.1641227734049968,0.5645620702432352,0.09613089661521773,0
1.0,0.34694,0.20408,0.46939,0.2449,0.40816,0.20408,0.46939,0.44898,0.30612,0.59184,0.12245,0.55102,0.0,0.5102,-0.06122,0.55102,-0.20408,0.55102,-0.28571,0.44898,-0.28571,0.32653,-0.61224,0.22449,-0.46579,0.14895,-0.59184,0.18367,-0.34694,0.0,-0.26531,-0.2449,0
0.8940303809445019,0.7543139311892157,0.16070020040138577,1.0,0.10359762635584704,0.8719627770134559,0.14570819792813086,1.0,0.053152099955968035,0.7680731336564568,0.2210028547922625,0.9237198838489513,0.3069091342962707,1.0,0.5499267522227687,0.8584176284450454,0.5390505281258546,0.8242839372833142,0.4712711327281446,0.6129017820259427,0.418901160935632,0.5141814132239302,0.5604993287054483,0.7032889243756121,0.39433326613060726,0.5991933065942812,0.48736971404357077,0.3898320919048397,0.5217710816815008,0.29625329023169356,0.7212922765143002,0.38089938147315017,0.7407099679782624,0
1.0,0.92436,0.36924,0.71976,0.6842,0.29303,0.94078,-0.11108,0.76527,-0.31605,0.92453,-0.66616,0.78766,-0.92145,0.42314,-0.94315,0.09585,-1.0,0.03191,-0.66431,-0.66278,-0.4601,-0.78174,-0.13486,-0.88082,0.19765,-0.85137,0.48904,-0.70247,0.69886,-0.46048,0.76066,-0.13194,0
1.0,1.0,-1.0,0.8465689413104577,0.8881713294011769,-0.8392586288699099,1.0,0.9709405689225139,-0.9634522448315876,1.0,-1.0,-1.0,-0.7174980065924298,-0.9580969197315355,0.8419097481415192,1.0,1.0,0.6434853887739985,1.0,-1.0,0.7701202622988272,1.0,-1.0,0.9966273646923306,-1.0,0.8570127427264204,0.7963276032962454,0.9033034083615525,1.0,-0.9673701588782556,0.9903157338774774,-1.0,0.9476519094004104,0
0.9598286190715046,1.0,-0.020089637306904405,0.8519879779048178,0.07793932352073742,0.9265482034828176,0.034479203311100354,1.0,-0.220352280507265,0.7252549403140217,0.482346902600831,0.7233862861356818,0.3964081698004781,0.5031921518374334,0.11379897380934839,0.6331268092149424,0.4762866227888037,0.5437176237842736,0.35130121801838754,0.5288220151143328,0.47347617781115314,0.233958777450191,0.38779484852118884,0.3623841498360364,0.4017437871487171,0.2146005051459558,0.25894502978079736,0.2594590604722242,0.09533903401514221,0.04501217818742506,0.13252240933916004,0.19905035805929994,0.084862288597371,0
1.0,0.99539,-0.05889,0.85243,0.02306,0.83398,-0.37708,1.0,0.0376,0.85243,-0.17755,0.59755,-0.44945,0.60536,-0.38223,0.84356,-0.38542,0.58212,-0.32192,0.56971,-0.29674,0.36946,-0.47357,0.56811,-0.51171,0.41078,-0.46168,0.21266,-0.3409,0.42267,-0.54487,0.18641,-0.453,0
1.0,0.89589,0.39286,0.66129,0.71804,0.29521,0.90824,-0.04787,0.94415,-0.45725,0.84605,-0.7766,0.58511,-0.92819,0.25133,-0.92282,-0.15315,-0.76064,-0.48404,-0.50931,-0.76197,-0.14895,-0.88591,0.21581,-0.85703,0.53229,-0.68593,0.74846,-0.40656,0.83142,-0.07029,0.76862,0.27926,0
0.1333500755428893,-0.980971983676941,0.9590054301921376,0.8362556031044031,-0.9577714173852251,-0.030608622302551302,0.12630574991375898,-0.10015749462258382,0.08625508828958507,1.0,-0.9618421719476392,1.0,1.0,0.26573280783245307,0.05201845903713604,1.0,-1.0,-0.10841439499558629,-0.16914459599536366,0.1773693691891345,-0.14117031198795563,1.0,1.0,-0.8715100517145975,0.9279403168383494,0.8892978119723505,-0.947027942666034,-1.0,0.827656032875121,-0.7286064240723515,-1.0,-0.13910857967790205,-0.033899007545112866,0
0.7461770326347495,0.6258898383078101,-1.0,0.6791198025888973,-0.05024099742256365,0.6063584014827547,-0.5773714429576753,0.6790447016672801,-0.4396077921453913,0.7264856507036971,0.02077024764703135,0.6936567162329267,-0.24095671489525955,0.582025573514312,-0.4421245046431805,0.6917937568313743,-1.0,0.700247068339136,-1.0,0.30669555071592147,-0.23606872794114825,0.645508697416016,0.3520877685668849,0.688869680202085,-0.42860712922258704,0.6114898487104878,0.048329237120431134,0.6786019375725496,-0.9219268137824056,0.730274324567498,0.6131813467539733,0.7693634517137845,-0.5048239199178955,0
1.0,0.5997753555985661,1.0,1.0,0.6132469521221299,0.8540831300891285,0.9918400359413199,0.701173892292585,0.6834712347458959,0.3852581597690118,1.0,-0.3551172078344202,0.698544854263691,-0.022798751645871633,1.0,-0.2842532313864317,1.0,-0.13717773843379205,1.0,-0.34305462167529216,0.793072102481966,-0.7372662316884964,0.47833127369424,-0.8973246842608242,0.4928034366788043,-0.9439287833531796,0.18920229987886933,-0.8465244512201937,0.010151641949849154,-0.8406498615513416,-0.25144018089141945,-0.4709496838770045,-0.5289155203339977,1
1.0,0.9305842825064414,0.30343622079529786,1.0,0.3046851652428049,1.0,0.21249790625134046,1.0,0.4197645453416956,1.0,0.24408865803908325,1.0,0.32234514615973603,1.0,0.2772445996477746,1.0,0.13067531616876799,1.0,0.2977918995000988,0.9413968535222107,0.28891395929673197,1.0,0.3101045608275136,1.0,0.18368907499020104,0.9361504719057155,0.3756359106030356,0.9269046914590764,0.4206273462994115,0.9159231227351852,0.3164351778027604,0.8925028094246956,0.36567917020075424,0
1.0,1.0,0.9759326345520978,0.6952079042909,0.05242287858585748,1.0,-0.2700839285251179,0.09638310466011601,0.11254838553828998,0.7332889869535876,0.0720070350609755,0.8844024771961484,-0.15824897113346928,0.9099757601985993,-0.1845132703358564,1.0,-0.9172812213120696,0.8900614170381059,-0.10079495193011982,-0.091885609445022,0.36771499511648326,1.0,-0.23526139995514586,0.8751141748989,-0.0691088208793334,0.9830638254026037,-0.4243432068055589,0.7391888146941419,-0.34497329399385784,-0.17196869089278954,-0.522992606533323,0.8370669978321639,0.13981442668150268,1
0.9812553295961101,-0.9865239751579866,-0.8520213452567161,1.0,0.996886675104047,0.9769597933180754,-0.04932896650774959,0.04315569972140782,-0.02086657702184046,-1.0,0.9353920341723931,0.92152838775179,0.8927783335234291,0.14236924646244095,-1.0,-1.0,-1.0,0.09930005747010737,-0.9452306406943576,0.9698002449881917,-1.0,-0.9327715076266612,1.0,-0.9591720822719219,-0.9484835967430215,0.9770079178387766,-0.954146953862919,-1.0,-1.0,1.0,1.0,-0.044185592821375505,-0.06410614300068183,0
0.0,0.0,0.0,0.0,0.0,0.0,0.0,0.0,0.0,0.0,0.0,-1.0,-1.0,0.0,0.0,1.0,0.75,0.0,0.0,0.0,0.0,-1.0,1.0,0.0,0.0,1.0,-1.0,-1.0,-1.0,1.0,1.0,0.0,0.0,1
1.0,0.95217,0.06595,0.93614,0.1303,0.90996,0.19152,0.84881,-0.49962,0.90023,0.6132,0.77937,0.34328,0.72254,0.37988,0.66145,0.40844,0.95472,0.59862,0.53258,0.44088,0.46773,0.44511,0.4044,0.44199,0.34374,0.43221,0.9033,1.0,0.23405,0.3962,0.18632,0.37191,0
1.0,0.734129381812238,0.8368834388595372,-0.7655412211413115,-0.21949783731085226,0.35985650379415296,-0.2479556581143143,0.47895849769046867,-0.14762826249580144,-0.6736140014833485,0.08872817938719442,0.27593904664924007,0.01939201146883056,0.34512000788490876,-0.015447065931782411,-0.39356296638644495,0.5435052885063546,0.27819348223414164,-0.05085047266431013,0.34267551839805116,0.08605185190775486,0.21118867131520408,-0.18639672775943278,-0.5507322587827961,-0.08056906537071587,0.18078016188903526,-0.5562982885689209,1.0,0.05543765137529721,-0.6480455402156919,-0.041620111675735705,0.21514840921009584,0.026077025255249655,0
-0.07062610533852043,1.0,0.9022443278017284,0.9606553653395487,-1.0,0.9312150083564663,1.0,1.0,1.0,1.0,1.0,0.979123731146202,0.9623741944079279,1.0,1.0,0.9313780362921181,-0.9937957211684559,-1.0,0.9658723823383593,-1.0,0.913988014632674,-1.0,1.0,1.0,-1.0,0.9598880449906559,0.9884059387161273,-0.9798432385748275,0.994068107309363,-0.9893699751174917,-1.0,-0.9582879630687036,1.0,0
1.0,1.0,-0.2481186519791405,1.0,-0.572837786397209,1.0,-0.7222508150787712,1.0,0.743811469750681,1.0,-0.1652431055361964,1.0,1.0,1.0,-0.7735834662338708,1.0,0.006315932318590985,1.0,-0.6477320580527894,1.0,1.0,1.0,1.0,1.0,-0.14501793149253306,1.0,-0.23645122243834926,1.0,-0.653559410604426,1.0,-0.708775108697067,1.0,-0.6583970379258661,0
1.0,0.6259610099757078,0.0507490298318594,0.985864136681426,0.13506346615125983,0.48006035165200794,-0.044598022026704896,0.3065313178062766,0.1146807365622459,0.5833550166272662,-0.05043989946923743,0.7189945018362367,0.4487710433778786,0.9805431192410863,-0.28019690669437675,0.5658963330601029,0.14984992396482297,0.578312079359985,0.018074900177810937,0.7005875697541643,0.45565597295309423,0.917571467577268,0.15258763893898625,0.4593061489406386,0.2733261785660497,0.8160383588296335,0.059034664775979254,0.676830388181549,-0.04385525851179173,0.9635178835925154,-0.14326741185756897,0.8624980321170426,0.022421001751451564,0
1.0,0.88305,-0.21996,1.0,0.36373,0.82403,0.19206,0.85086,0.05901,0.90558,-0.04292,0.85193,0.25,0.77897,0.25322,0.69206,0.5794,0.7103,0.39056,0.73176,0.27575,1.0,0.34871,0.5676,0.52039,0.69811,0.53235,0.80901,0.58584,0.43026,0.70923,0.52361,0.54185,0
0.6397569988898772,0.7051374650856607,-0.7538286208186615,0.7048023458424869,0.6745191365179972,0.42853855355328174,-1.0,-0.4497030818536802,-0.39719169927866715,-0.36234288386913993,-0.3549008428360559,-0.3282031343183307,-0.3980845723826843,-1.0,-0.2106549584417815,0.1908112723634471,-0.7832124063011451,-1.0,-0.9019156501072123,-1.0,0.6451182943371965,-0.2503581032908354,-0.35724602095575253,0.6451767836606551,0.6062002688355698,0.1561985903911653,0.6826928842507693,0.5735898558263156,-0.6269261311390419,-0.08552394600574745,0.6364354849926063,-0.7220289467668658,0.6576436441684163,0
1.0,1.0,0.24077,0.99815,0.00369,0.80244,-0.30133,0.89919,-0.23486,0.70643,-0.24077,0.73855,-0.30539,0.71492,-0.36078,0.47194,-0.61189,0.40473,-0.55059,0.61041,-0.39328,0.53176,-0.32681,0.23966,-0.52142,0.29208,-0.4839,0.12777,-0.39143,0.15657,-0.51329,0.18353,-0.46603,0
1.0,0.71521,-0.00647,0.66667,-0.04207,0.63107,-0.05178,0.77994,0.08091,0.67314,0.09709,0.64725,0.15858,0.60194,-0.01942,0.54369,-0.04531,0.46926,-0.10032,0.64725,0.14887,0.39159,0.21683,0.52427,-0.05502,0.45105,0.0004,0.31392,-0.06796,0.49191,-0.1068,0.30421,-0.05178,0
1.0,0.41724704103199645,0.26846926103670216,0.48322287983347717,0.25609129540623154,0.2598538052372255,0.39685352681014474,0.2816893298965483,0.34366414611524676,0.07372222803624182,0.22832842398007283,0.1841328585177623,0.1493890203661987,0.21541224548955348,0.30188812414816946,0.2165791967908848,0.18357796184775835,0.07336438354278202,0.16285664856778387,0.15593096966180825,0.09067931825127253,0.04282367832912201,0.10638968295685189,0.06884740594674968,0.19521906131771327,0.08296010177493279,0.12603436059453224,0.18219830383516225,0.19774641121944203,0.13777942950997496,0.1451336467954868,0.06538643494848315,0.1846292714141259,0
1.0,1.0,1.0,1.0,-1.0,1.0,-1.0,1.0,1.0,1.0,1.0,1.0,1.0,1.0,-1.0,1.0,1.0,1.0,1.0,1.0,1.0,1.0,1.0,1.0,1.0,1.0,0.5,0.0,0.0,1.0,-1.0,1.0,-1.0,1
1.0,0.59887,0.14689,0.69868,-0.13936,0.85122,-0.13936,0.80979,0.02448,0.50471,0.02825,0.6742,-0.0452,0.80791,-0.13748,0.51412,-0.24482,0.81544,-0.14313,0.70245,-0.00377,0.33333,0.06215,0.56121,-0.33145,0.61444,-0.16837,0.52731,-0.02072,0.53861,-0.31262,0.6742,-0.22034,0
1.0,0.64122,0.01403,0.34146,-0.02439,0.52751,0.03466,0.19512,0.12195,0.43313,0.04755,0.21951,0.04878,0.29268,0.0,0.36585,0.0,0.31707,0.07317,0.26829,0.12195,0.23698,0.05813,0.21951,0.09756,0.19304,0.05641,0.1741,0.05504,0.19512,0.0,0.17073,0.07317,0
1.0,0.9287,0.33164,0.76168,0.62349,0.49305,0.84266,0.21592,0.95193,-0.13956,0.96167,-0.47202,0.8359,-0.70747,0.6549,-0.87474,0.3675,-0.91814,0.05595,-0.89824,-0.26173,-0.73969,-0.54069,-0.50757,-0.74735,-0.22323,-0.86122,0.0781,-0.87159,0.36021,-0.78057,0.59407,-0.6027,0
0.9170774621191008,0.9596305594244163,-0.03679592692881996,0.9146622088081634,-0.03543376321582315,0.9905817435394869,0.0055318270194671185,0.8055237328148195,0.05016567321475584,0.8637419118387035,-0.04292989867217541,0.9071182624153777,-0.15082906473130944,1.0,-0.19840251865518307,0.8202419329475596,0.11786800582509746,0.9958549070388182,-0.004844682398587433,0.9540363601429873,-0.04798789923155478,1.0,-0.10429116389993418,0.8152458610459479,0.10334654882574107,0.9347254498295,-0.09780639330558157,0.7180214530482757,-0.23120428274544635,0.9219025761696138,-0.2517561721788574,0.9590701783402411,-0.45666518507928183,0
1.0,0.90547,0.41113,0.65354,0.74761,0.29921,0.95905,-0.13342,0.9782,-0.52236,0.83263,-0.79657,0.55086,-0.96631,0.15192,-0.93001,-0.25554,-0.71863,-0.59379,-0.41546,-0.85205,-0.0225,-0.93788,0.36318,-0.85368,0.67538,-0.61959,0.85977,-0.28123,0.88654,0.098,0.75495,0.46301,0
1.0,0.62745,-0.07843,0.72549,0.0,0.60784,-0.07843,0.62745,-0.11765,0.68627,-0.11765,0.66667,-0.13725,0.64706,-0.09804,0.54902,-0.11765,0.54902,-0.21569,0.58824,-0.19608,0.66667,-0.23529,0.45098,-0.2549,0.52409,-0.24668,0.56863,-0.31373,0.43137,-0.21569,0.47059,-0.27451,1
0.9077700367840007,0.7135745256361029,0.28095132775914367,-0.008214768714076462,0.02923012098236681,-0.4015767747314971,0.5966396343048901,-0.1338479480109663,-0.0640993607038291,-0.06662834536620608,-0.07835091997816061,-0.04780742166638756,-0.04172449555701353,0.2732134695833821,-0.30867992607445255,0.22731879152045636,0.2732997139787906,0.5202835371353092,0.8683980689247683,-0.027902911324027453,0.005793883138906504,-0.10575333281657168,0.029111630399637056,0.641605155154271,0.24468825660360796,0.7186402831040216,0.6178358842269304,-0.04167851694617341,0.06285829092112347,-0.013565013243509581,0.07199601244628226,-0.053172021835235395,0.10737141174312954,0
0.7293069837254808,0.6487394101342719,-0.18646781149379849,0.7092339828079274,-0.1717734232047841,0.6692530341314263,-0.02074039081509707,0.7782838410540106,-0.25759548118339265,0.6817199790816831,-0.2373932568103175,0.6600074477267107,-0.14127695774437893,0.5687864693445335,-0.07565610977894124,0.5455874827272772,0.004955716426552299,0.4529809031322839,0.015113413971796236,0.5108284054032775,0.08812719077423434,0.46771924535326287,0.04299522990269598,0.44072175294363203,0.11660469072734893,0.4166664392548311,0.08613949419175604,0.315621825772761,0.14973008832163334,0.2437008132779888,0.093370452965524,0.21202702280745145,0.2715439687639418,0
1.0,0.89706,0.38235,0.91176,0.375,0.74265,0.67647,0.45588,0.77941,0.19118,0.88971,-0.02206,0.86029,-0.20588,0.82353,-0.375,0.67647,-0.5,0.47794,-0.73529,0.38235,-0.86029,0.08824,-0.74265,-0.125,-0.67925,-0.24131,-0.55147,-0.42647,-0.44118,-0.50735,-0.28676,-0.56618,0
1.0,0.8587707719020506,-0.1518837163151858,0.7896184521613958,-0.05351001330302183,0.9620759506218549,-0.006374539027651491,0.9553078661814833,-0.10532917415369555,0.9602594935187129,0.07654475997904864,1.0,-0.07691819366873523,0.8835701002241967,0.048340893090701366,0.9018328899536738,0.0654655526872687,1.0,-0.10884877882560105,0.8287345955064286,-0.060199411918273424,0.8511923974235558,-0.1496928006801607,0.9705352280876105,0.062165653698913886,0.8313234726584008,0.11970146766485332,0.8498520695988941,-0.09313491978968201,0.9821118158879965,0.16560044445058575,0.7334274671661698,-0.03119681668544312,0
1.0,1.0,1.0,1.0,0.5125,0.625,-1.0,1.0,1.0,0.025,0.03125,1.0,1.0,0.0,0.0,1.0,-1.0,1.0,1.0,1.0,1.0,0.3125,1.0,1.0,1.0,1.0,1.0,1.0,1.0,-0.94375,1.0,0.0,0.0,1
1.0,1.0,0.0838,1.0,0.17387,1.0,-0.13308,0.98172,0.6452,1.0,0.47904,1.0,0.59113,1.0,0.70758,1.0,0.82777,1.0,0.95099,1.0,1.0,0.98042,1.0,0.91624,1.0,0.83899,1.0,0.74822,1.0,0.64358,1.0,0.52479,1.0,0
0.9837059020836203,0.28611940029520155,0.11409217483847782,0.2966292203330767,0.016142851562574202,0.17121970031725559,0.136393142830542,0.1573297261078734,-0.04334367257224074,0.07558073768729293,0.23106656738918596,0.20154917905355593,0.2549665122280392,0.05590953804942289,0.12468520596857531,-0.0637859469031595,0.30289390590307824,-0.02665029794344678,0.18350267838979684,0.316032282409455,-0.0016342163999479575,0.028173792889488514,0.2777042950507881,-0.13403478287827716,0.14413296770587297,-0.15126904757193907,0.239559019631613,-0.22593431301024455,0.07533056300811833,-0.10882565785922643,0.2099887056014266,-0.2560719059811362,0.1512738075103286,0
1.0,1.0,0.05149,0.99363,0.10123,0.96142,0.14756,0.95513,-0.26496,0.66026,0.54701,0.80426,0.25283,0.73781,0.2738,0.66775,0.28714,0.59615,0.29304,0.52494,0.292,0.45582,0.28476,0.39023,0.27226,0.3293,0.25553,0.27381,0.23568,0.22427,0.21378,0.18086,0.19083,0
0.9438010948985845,0.9555669276118619,-0.22547234021772422,0.8889690161282536,-0.2568028150123959,0.8614709855422926,-0.3456354737428585,0.8527587511596935,-0.25888352430533446,0.8099492485247476,-0.33491077003643505,0.697552564782767,-0.5388313671593721,0.6659105680880644,-0.5024301041338476,0.3278011672125903,-0.7009599617586052,0.20737119158522369,-0.7393286332265061,0.40880300758152543,-0.49006930507128893,0.4307149534017888,-0.5950809933898238,0.07068039348675002,-0.6422623460812799,0.1447848725452447,-0.6070120800166211,-0.09659039962838983,-0.5600341140027002,-0.020109027449532253,-0.6121540499338183,-0.005457381900759117,-0.3504202724740553,0
1.0,1.0,0.1745372229069274,1.0,0.26837858681446103,1.0,0.23047406564166642,0.942321417589134,0.2598404099735304,0.8201420329320877,0.31809264742461885,1.0,0.3419436448403057,0.9885632480675164,0.17327920326197144,0.758427663715085,0.4530081163035152,0.8311513553413155,0.2946197113519678,0.9204941143101585,0.30069499101743036,0.8082026750526452,0.3623266409257904,0.9543088440265485,0.397933908119884,0.8644870144740958,0.3387460584237416,0.9224117648896245,0.21794409954673766,0.8564600885978961,0.25408106620010157,0.7944746564294537,0.3339906154348202,0
1.0,1.0,0.0,1.0,0.0,0.5,0.5,0.75,0.0,0.91201,0.12094,0.89067,0.1421,0.86922,0.16228,0.75,0.25,0.75,0.5,0.75,0.0,1.0,-0.25,0.5,0.5,0.73944,0.26388,0.75,0.25,0.69635,0.29074,0.67493,0.30293,0
1.0,-1.0,-0.8144725447884472,-0.6768433488635176,0.29596498919438546,0.41268617085584014,-0.8051774729751024,0.30522253661241505,0.2327118916979843,-0.8126549166398253,-0.3472448640805428,0.14403448908484293,-0.18418250213860457,0.09167598344210812,-0.13600206434086598,0.8127754081754006,-0.2336727405605022,-0.09414828550047177,-0.6277115899181189,1.0,-0.8777007155312853,-0.7942378925128819,-0.7569703958446761,1.0,-0.3325663914426193,-1.0,-1.0,-1.0,-1.0,1.0,-0.9976087999715549,-0.08640577634525382,-0.09595631617002158,1
1.0,0.94531,-0.03516,-1.0,-0.33203,-1.0,-0.01563,0.97266,0.01172,0.93359,-0.01953,-1.0,0.16406,-1.0,-0.00391,0.95313,-0.03516,0.92188,-0.02734,-0.99219,0.11719,-0.93359,0.34766,0.95703,-0.00391,0.82041,0.13758,0.90234,-0.06641,-1.0,-0.1875,-1.0,-0.34375,1
1.0,1.0,0.45455,1.0,-0.45455,1.0,0.09091,1.0,-0.09091,1.0,0.0,1.0,-0.27273,1.0,-0.18182,1.0,0.09091,1.0,0.0,1.0,-0.36364,1.0,0.09091,1.0,-0.09091,1.0,-0.04914,1.0,0.45455,1.0,-0.27273,1.0,-0.18182,0
1.0,0.97588,-0.10602,0.94601,-0.208,0.92806,-0.2835,0.85996,-0.27342,0.79766,-0.47929,0.78225,-0.50764,0.74628,-0.61436,0.57945,-0.68086,0.37852,-0.73641,0.36324,-0.76562,0.31898,-0.79753,0.22792,-0.81634,0.13659,-0.8251,0.04606,-0.82395,-0.04262,-0.81318,-0.13832,-0.80975,0
0.892687071188598,0.3293538240922044,-0.18297023004148108,0.4850091945984935,-0.23303717588294476,0.4548902083601898,-0.18587567862574259,0.5230125225868109,-0.16497666740396605,0.5325454222545517,-0.19369433542203796,0.646400948912491,-0.2530911997559766,0.5431407504623381,-0.139959794781434,0.41296180917917674,-0.14411331885179268,0.43355568521112553,-0.3837465044257352,0.44197591651904944,-0.06315564442124554,0.4534763182800702,-0.19865880050824805,0.34489915014697464,-0.09074906289855762,0.2623615520720087,-0.14129890809163148,0.2789325368152445,-0.1579931295406225,0.3953466858528087,-0.044515237005750954,0.41284417131055606,-0.30681399850942087,0
0.8941405614420399,-0.0725596153809984,0.10063521202134887,0.10282578457692768,0.08826171283215217,-0.04204126621028747,-0.123504985314842,-0.09982069329249746,-0.10263092349822153,-0.06222545889333175,0.09617128992116807,-0.10800081433669904,-0.12579453115548261,0.036117819639152976,0.12247148355937959,-0.18999850070530616,-0.10853110047500283,0.12152064260048706,-0.12788296875538469,0.1580317064532956,-0.15265437685895109,-0.05307014605878116,-0.1339066971930899,-0.09662084968883236,-0.10883403131508061,0.0018193596144368829,0.10877871223979961,0.08288218665896926,-0.08952711343272585,0.15589993362747612,0.016976563993543498,-0.12043069865039926,-0.1062852417294591,0
1.0,0.69444,0.38889,0.0,0.0,-0.32937,0.69841,0.0,0.0,0.0,0.0,0.0,0.0,0.20635,-0.24206,0.21032,0.19444,0.46429,0.78175,0.0,0.0,0.0,0.0,0.73413,0.27381,0.7619,0.63492,0.0,0.0,0.0,0.0,0.0,0.0,1
1.0,0.7271169731998806,-0.002122539968547818,0.6974354740472011,-0.14075617167710677,0.8717044708018524,-0.03538028604552833,0.8471760747445747,0.9016708544071136,-0.30403684015348165,1.0,0.7516330765444448,-0.8653879205046928,-0.3073570147011443,0.012154184904199658,0.8081391048755877,-0.16642668197350297,0.6941153790519919,0.036926579765853854,0.6863403762283613,0.087717679159697,0.32504389822671526,-0.23222252850209052,0.6474859235867187,0.029603002100083396,0.5676014491027361,-0.060087211165221824,0.5200657373543212,-0.9170970294834112,0.5988694536714888,-0.12299963524678767,1.0,0.6611214867289763,1
1.0,1.0,0.14016448179523525,1.0,0.10145889703625191,-1.0,0.054453704626530694,1.0,0.2202629494073235,1.0,0.30641524706393736,1.0,0.21964126107451248,1.0,0.1891880100295065,1.0,0.22406685266333307,1.0,-0.25816475624421625,1.0,0.18467277393570025,1.0,0.13462932249488496,1.0,0.1936557260228143,-1.0,0.1704662787328361,0.978900779032962,0.3048025310247271,1.0,0.1049237228011376,1.0,0.24653701803344236,1
1.0,0.06404,-0.15271,-0.04433,0.05911,0.08374,-0.02463,-0.01478,0.18719,0.06404,0.0,0.12315,-0.09852,0.05911,0.0,0.0197,-0.02956,-0.12808,-0.2069,0.06897,0.01478,0.06897,0.02956,0.07882,0.16256,0.28079,-0.04926,-0.05911,-0.0936,0.04433,0.05419,0.07389,-0.10837,1
1.0,0.25,0.16667,0.46667,0.26667,0.19036,0.23966,0.07766,0.19939,0.0107,0.14922,-0.02367,0.10188,-0.03685,0.06317,-0.03766,0.03458,-0.0323,0.01532,-0.02474,0.00357,-0.01726,-0.00273,-0.01097,-0.00539,-0.00621,-0.00586,-0.00294,-0.0052,-0.00089,-0.00408,0.00025,-0.00291,0
1.0,0.9734211078216642,0.12779433886905808,1.0,0.16668734924231643,1.0,0.05283969733238162,1.0,0.22137298428109378,0.915954508846216,0.10339251329263431,0.9944052569407562,0.06636076806310591,1.0,0.0995027298424527,1.0,0.08031656420950635,0.9822575284080267,0.10279373920780302,1.0,0.11479215644185489,1.0,0.18854402460046377,1.0,0.19019647451865979,1.0,0.1926340425539801,1.0,0.1733466379578565,1.0,0.14662136540292903,1.0,0.19049268251956628,0
1.0,0.68729,1.0,0.91973,-0.76087,0.81773,0.04348,0.76087,0.10702,0.86789,0.73746,0.70067,0.18227,0.7592,0.13712,0.93478,-0.25084,0.70736,0.18729,0.64883,0.24582,0.60201,0.77425,1.0,-0.53846,0.89262,0.22216,0.7107,0.53846,1.0,-0.06522,0.56522,0.23913,1
0.0,1.0,-1.0,-1.0,1.0,-1.0,1.0,1.0,1.0,1.0,1.0,-1.0,-1.0,-1.0,-1.0,1.0,1.0,1.0,-1.0,-1.0,-1.0,-1.0,-1.0,1.0,0.0,1.0,-1.0,1.0,-1.0,-1.0,1.0,-1.0,1.0,1
-0.23384445115786148,-0.2385643969685716,-0.24688800565362587,0.80620384898467,0.9231875238688023,0.86951975511059,0.9061290130476589,-0.24444763365169428,-0.10990486086138039,-0.1967496061275018,-0.1512043456064661,-1.0,-1.0,-0.16721629799328916,-0.1812903218925433,-1.0,-1.0,-0.15804190391495507,-0.19374085831801854,-0.18221789684978407,-0.25547158473834874,0.804986481274629,0.7838332882188918,-0.2225933491858383,-0.25114154079165435,0.8445055861701378,0.810341959861089,-0.19571328861329115,-0.0873390753601572,-1.0,0.8616436461489517,-0.19401018545598597,-0.23157597639035332,0
-0.5968749976387989,0.6598483252673066,-0.20932979366990753,0.5431634837740482,-0.1841589459742047,0.6827833150300824,-0.11826791429836284,0.6158437140855781,0.790054810676597,0.551437417962409,0.30002979179916645,-0.4352488218284415,0.0004169794357921919,-0.3836884139876806,0.14768458664533524,0.3174687721138172,0.15696962343839066,0.6350781984735743,0.2974662301552573,0.2578629988207358,0.11394485971928947,0.193285694107254,0.05302066352032282,0.12418683247865865,0.0824805262804717,-0.14909024459080067,0.1706509343393321,0.6313032887726269,-0.6878389384356363,-0.11858489782420824,0.06520975818548144,0.10225547631852319,-0.019526993551966618,1
1.0,1.0,1.0,1.0,-1.0,0.0,0.0,0.0,0.0,1.0,1.0,1.0,-1.0,1.0,1.0,1.0,-1.0,0.0,0.0,0.0,0.0,1.0,-0.27778,0.0,0.0,1.0,-1.0,1.0,1.0,1.0,-1.0,0.0,0.0,1
1.0,0.9588741886449962,0.05526474876482879,0.9613689498316036,0.1600515380680671,1.0,0.14580121651008432,0.8794045860387945,0.16446741415378135,0.9772505493719612,0.17120829654030956,1.0,0.25518067638544134,0.8800818111074404,0.17048409078090854,0.9830063204084087,0.0877786602457638,1.0,0.14463179433515128,0.8961307800287162,-0.04039419423026934,0.9241088628738043,0.17994468613475295,0.9591915593664253,0.047218676649169906,1.0,0.181324458865619,0.7290045043149675,0.178297366697185,0.7972119437413199,0.019408794655599595,0.7803883503075358,0.07566708927364182,1
-0.015640122804724134,-0.11267974429665431,-0.06081650514644288,-0.11934045573599436,-0.06772227202087495,0.40202713700330794,-0.16734799820512097,-0.0021377541646707826,-0.08941090096182583,-0.13596452938394557,-0.120205581653446,0.42305766998656935,-0.1277310995811902,-0.039800508195341124,0.05530314498214367,-0.48061228159656905,-0.044049438710196176,-0.10230001318044779,-0.47721893518251146,-0.09033395264170158,-0.07473528214342937,0.041294124946888625,-0.020943259492696722,-0.17585572956560375,-0.18650199600927503,0.957295209100824,-1.0,-0.07248302332254317,-0.06082563880042002,-0.07301984918967687,-0.030375976608139187,-0.019413109409108405,-0.09409022735404954,1
1.0,0.84177,0.4346,0.5,0.7616,0.09916,0.9346,-0.37764,0.88186,-0.72363,0.61181,-0.93882,0.19409,-0.86709,-0.25527,-0.62869,-0.65612,-0.25105,-0.85654,0.16245,-0.86498,0.51477,-0.66878,0.74895,-0.28903,0.77937,0.07933,0.64135,0.42827,0.31435,0.62447,-0.00422,0.69409,0
1.0,-1.0,-1.0,1.0,1.0,1.0,-0.14375,0.0,0.0,-1.0,1.0,1.0,1.0,0.17917,-1.0,-1.0,-1.0,0.0875,-1.0,1.0,-1.0,-1.0,1.0,-1.0,-1.0,1.0,-1.0,-1.0,-1.0,1.0,1.0,0.0,0.0,1
0.9577065555637112,0.018251214014052553,-0.041366535375542406,0.30630085533852797,-0.21121002904811892,-0.13960817925802266,0.08656991501280416,0.0989775136923185,-0.11613252094755502,0.21783960267742633,0.017858738109077753,0.05020282820342879,0.1486303578706224,0.011733239666754491,-0.17726566489888604,-0.019437475739865373,0.1160631988809285,0.16527772248165185,0.16704457284320218,0.18342044179727499,0.07697392925198508,0.11104142599959149,0.052061834983484476,0.016450182234327787,-0.26693499787216257,0.07051516930926433,-0.0814386932554072,0.3116949842549197,-0.013839779897004592,-0.004197394616875502,-0.11124566139078124,0.13532092147833394,-0.07817041386084837,0
1.0,0.10135,0.10811,0.0,0.0,0.0,0.0,0.5473,0.82432,0.31081,1.0,0.0,0.0,0.0,0.0,0.37162,-1.0,0.33108,-1.0,0.0,0.0,0.0,0.0,-0.42568,-1.0,1.0,-1.0,0.55405,-0.23649,0.0,0.0,0.0,0.0,1
0.6652528859990993,0.7194275883760346,-0.5313976205847163,-1.0,-1.0,-1.0,-1.0,0.6747677748129746,0.015271988163602705,0.4866982407190789,0.44378083288309095,-1.0,-1.0,-1.0,0.654542904682991,0.12171973167657613,0.7027286603915626,0.713797022940362,0.6357329510297223,0.4225873636921381,-1.0,-1.0,-1.0,0.5580386945130049,0.1634061630060245,0.6864315279605218,0.6529438824599699,0.6309673052550342,0.2869453268604542,-1.0,-0.6670069883870403,-1.0,0.4137304033110973,0
1.0,1.0,-0.02259,1.0,-0.04494,1.0,-0.06682,1.0,-0.08799,1.0,0.56173,1.0,-0.12738,1.0,-0.14522,1.0,0.32407,1.0,-0.17639,0.99484,-0.18949,0.95601,-0.20081,1.0,-0.92284,0.8728,-0.21793,0.8292,-0.2237,0.78479,-0.22765,0.73992,-0.22981,0
1.0,0.35378709090688,-0.05108555930788475,0.9475375893957747,0.031050543432421973,0.8539667334398132,0.032125060178315436,0.7578020005258539,-0.11956647555745158,0.6503934623129257,-0.0028866683392239773,0.7343373815624383,-0.015055301074393204,0.8562661014716582,0.1272518359251046,0.8101320238599121,0.3847485837013948,0.9474259531450931,-0.015150743569662076,0.7976053181509739,0.0758798031819348,0.6983168288444143,0.013310653653737611,0.3668330073865349,0.19035300023211477,0.7456136108995439,0.03396941045713949,0.5417113050273877,-0.19470355639639847,0.6874472647587581,0.1378623719338592,0.6055775584794275,0.05089979088487395,0
1.0,0.9638316832675349,0.6938843752732845,0.9587617899779362,1.0,0.6549870393009686,1.0,-0.22382435516205673,0.9716433968606458,-1.0,0.982133685858585,0.1071973940991723,1.0,-0.9616798527229624,0.990383956903416,-1.0,-0.08372040649412281,-0.9531734008029693,-0.5874665182642989,-1.0,-0.9710874847453659,-0.9631589291315749,-0.2501426668084339,-0.4218027611902517,-0.9390386055626485,0.09564210507050666,-1.0,0.9959122347278913,-0.8813068636705815,0.08262281280755704,-1.0,1.0,-0.5569049868235194,0
0.7564337547190724,-0.029683488672463537,0.0035204196967820595,-0.11778746762386402,-0.06409622762583311,-0.07449107266402404,-0.12661334022389567,0.521282472580827,0.7312896180956242,0.15336656720134909,0.8325099122188276,-0.07770563289107438,-0.17952041936627686,-0.16035962201267862,-0.15185130261249719,0.24952996162405278,-1.0,0.1253587471362383,-1.0,-0.16009264047901053,-0.038875944599780166,-0.12467320767676279,-0.0765123338196468,-0.5340096323307152,-1.0,0.8886442417734668,-1.0,0.4688389965530711,-0.2520641023101522,-0.15336255496999854,-0.10012635865350406,-0.1401349541652622,-0.11456975701510304,0
1.0,1.0,0.06226695669629958,1.0,0.1622289438996261,1.0,0.10613720030115245,1.0,0.02768692256614473,1.0,0.08603770227765833,1.0,0.13781693171746878,1.0,0.037627874464063696,0.9617778903909382,0.18265371679328357,1.0,0.18873664090899875,1.0,0.22342364440539006,1.0,0.1817041960775167,1.0,0.14882807727302497,1.0,0.07790446493233723,1.0,0.08398986015900133,1.0,0.1773160831007846,1.0,0.18217370619249265,0
1.0,1.0,-0.06182,1.0,0.02942,1.0,-0.05131,1.0,-0.01707,1.0,-0.11726,0.84493,-0.05202,0.93392,-0.06598,0.6917,-0.07379,0.65731,-0.20367,0.9491,-0.31558,0.80852,-0.31654,0.84932,-0.34838,0.72529,-0.29174,0.73094,-0.38576,0.54356,-0.26284,0.64207,-0.39487,0
1.0,0.7261114454446235,-0.2621328263892144,0.8909217405800937,0.22379084817945855,0.7777566208155259,0.040071350666212126,0.7396024006110471,0.3174243547447994,0.5717738706047291,-0.3108571468143407,0.7241636580615182,0.14508576253871036,0.5700786419486901,0.2708028335493811,0.886599044331066,-0.39884742079326074,0.8386705004372916,0.17888346748625739,0.7080330795896101,0.3142301095834942,0.800985354167759,-0.4965381643370169,0.5782530346433985,-0.07486458932503989,0.7260611022330462,-0.018372679616700735,0.42006060243502064,-0.2551654767270855,0.27971991810451113,-0.25969831736219007,0.528336081509814,-0.18900203085609987,0
0.6482511415287052,0.6810930289262266,-0.2805386292539213,0.7054319659380083,-0.2111544850502707,0.26719961438260376,-0.16776965652036152,0.7002889107335958,-0.37440483459326146,0.6211309341939683,-0.41853462875608294,0.707769307818554,-0.5557031145813318,0.5053955990709504,-0.38454942234552153,0.5127371897392193,-0.30104280499062497,0.6780822082976009,-0.42157399397510265,0.4706161694435229,-0.3527313307783774,0.5121772148461831,-0.3562158129132328,0.34123033963496097,-0.2716598179071624,0.6337698124725867,-0.39515223251012493,0.6432640316250693,-0.1917376418012555,0.6252368421215645,-0.48364137204206425,0.6675595959555517,-0.2742306730954317,0
0.27827681500544954,0.28674138732628296,0.2689384269724329,0.3399979700484493,-0.2103707220659416,0.25529313293371114,0.28520522018977373,0.372618788170755,0.3474426247091782,0.22616216385387483,0.36081061899386185,0.36072390976426577,-0.3375393369882076,0.18653437782315996,0.2967500269943741,0.350509098418492,0.3716067886410091,0.26081277310374373,0.37883905970983345,0.19974304218824845,0.28343772237768206,0.2812255198852914,0.3518551661215936,0.3584236109672901,0.34294006449450276,1.0,0.33881785643095147,-0.34651446105889017,0.2247944526624184,0.20698437770392408,-0.3735397141848123,0.291895531455934,-0.21340781426247651,1
0.9595761550112856,0.8733279882765783,0.19347425671476182,1.0,0.0692961459719465,1.0,-0.1094914149746197,1.0,-0.3881863128790704,0.6898745555181728,0.4646810744231004,0.6750398543366607,0.4367741136355809,0.9976803194353399,0.242828408908849,0.7147164583072012,0.29511877523275,0.8384209572293997,-0.0028010626434948893,0.5777372817778308,0.19020231601984927,0.12598503699403496,0.23428578635990627,0.6489568307274776,0.18041311334394394,0.4400071709190455,0.4233441075888713,0.27203244763326684,0.25254378657758086,-0.016011706915755652,0.11351705915582946,0.30784106740619943,0.19932507358518947,0
-0.08146902567332975,1.0,0.9663975987456518,-0.052325973534675475,-0.07582906036829046,1.0,-1.0,1.0,-1.0,0.8007239853501182,0.8853293140991637,1.0,0.8789849492481477,1.0,-0.7579185479839108,1.0,0.7965082530065706,0.8814485233414354,0.9600431965756633,0.9506870833407477,-0.9787180616837714,-0.9562579881090706,-0.7577260862833597,0.9994792468876948,-1.0,1.0,-0.8231765592506567,1.0,0.9655047846707453,0.0871564963568686,-0.029551173915134205,0.7122007499711522,-0.9211136003838546,0
0.7799267699072555,0.720830529516463,-0.192730142899082,0.631201004662184,-0.11125410008498181,0.6750365995501142,-0.04149377703623468,0.5305882176475488,0.05563840219988541,0.6431702227472267,0.10502684727226519,0.5247464080166798,0.2327469300758149,0.4445589814383605,0.18431399953138589,0.2862408982805681,0.37588585236237254,0.21762266847543166,0.2347763899575166,0.2528727623086628,0.2751598370470018,0.2060608562853282,0.21494621646611928,0.06694858095720699,0.3395738688321441,0.05681692861262934,0.2539653474133493,-0.09206005868427908,0.2934753304367233,-0.18945521474585178,0.3144687797494254,-0.12865293015395135,0.17007384941827292,0
1.0,0.32789,0.11042,0.1597,0.29308,0.1402,0.74485,-0.25131,0.91993,-0.16503,0.26664,-0.63714,0.24865,-0.9765,-0.00337,-0.23227,-0.19909,-0.30522,-0.48886,-0.14426,-0.89991,0.09345,-0.28916,0.28307,-0.1856,0.39599,-0.11498,0.31005,0.05614,0.21443,0.2054,0.13376,0.26422,0
0.0,1.0,1.0,1.0,-1.0,0.0,0.0,0.0,0.0,1.0,1.0,1.0,1.0,-1.0,-1.0,1.0,-1.0,-1.0,1.0,0.0,0.0,1.0,-1.0,1.0,-1.0,1.0,1.0,-1.0,-1.0,0.0,0.0,0.0,0.0,1
0.7182192529023583,0.5297344086990976,-0.30989719269437865,0.6260272483139853,-0.3581238465811148,0.7088729446145324,-0.310003692433887,0.6091741411951745,-0.22871227903744196,0.5624622581787105,-0.26569627519016076,0.5246622454719495,-0.28078548494547934,0.5838798028430012,-0.38716350641876923,0.6414611440286999,-0.2663171813673854,0.5489170773990946,-0.41961130499973437,0.5932280785598159,-0.2641410036435044,0.6352193833982737,-0.2988389872186309,0.6196799757499822,-0.2830647278972136,0.5182456487052307,-0.38350730637888736,0.46755690777694864,-0.4599284092077802,0.7341068579134165,-0.35890381518761355,0.5797563413633747,-0.42838809782852627,0
1.0,0.1925561006179099,0.20170439929524347,0.044198658449033035,1.0,0.30417267923507785,0.26292770553420697,0.9752597983529453,-0.6606891608881136,1.0,0.6245435240168761,0.03894597772834377,-0.3177165701537286,-0.026088673569634225,0.9688494392258478,1.0,0.4842378205530582,0.2787789468157868,0.30573152870917036,0.36227831547758516,0.29243135796478714,0.16096119530863964,-0.7806414785147723,0.27883366438617324,0.3012459879484233,1.0,-0.788197843746695,0.295670556214825,0.36555099829123183,0.30914408176299074,0.9092322535308447,0.31492825432749927,0.3083028849175251,0
0.9657765770378381,0.7993597003068583,-1.0,1.0,0.8146228880527189,0.6891310012121922,0.7979086311807948,0.21230299081182935,-0.6664301849650431,0.7904637950786244,1.0,0.8444358285348662,0.8799559428119584,0.7985614410485623,0.8712258411881421,-0.22838709867528273,-0.1931511353717027,0.9389910718763206,0.7756188137244469,0.7975254410224296,0.7618648161446189,1.0,-1.0,0.8794440173508549,0.8359331917691576,0.817570088827038,0.3874850466130796,0.7934236524693613,-1.0,-0.8687549427266497,0.8854158716991106,0.8346246238203852,0.8635385388133541,1
0.9450219610796933,0.9119428820675632,0.2981345422808991,0.8131058012310955,0.6003493956844251,0.4163342611214051,0.7858063029361584,0.24869790285129176,0.9280924814074452,-0.16607023977689653,0.9992047270814813,-0.5332328108226856,0.7086665336992249,-0.7655879836972407,0.6515298030479086,-0.902690227396313,0.2740038676163699,-0.8828116748118309,0.048650195924813955,-0.894263916643734,-0.25622413839023994,-0.8200908636719032,-0.541020705557934,-0.4776719622193082,-0.7058091398608758,-0.20264148512876087,-0.8510381684498073,-0.024245714617929195,-0.887811384018282,0.2969066311487692,-0.7319362572820906,0.635114323239444,-0.6657010919154182,0
1.0,0.94631,0.17498,0.90946,0.33143,0.85096,0.4996,0.73678,0.63842,0.59215,0.73838,0.48698,0.83614,0.30459,0.90665,0.17959,0.93429,-0.00701,0.93109,-0.1888,0.89383,-0.33023,0.82492,-0.46534,0.76482,-0.58563,0.66335,-0.67929,0.52564,-0.75321,0.42488,-0.8121,0.26092,0
1.0,0.8697204481747489,1.0,1.0,-0.5953339905270905,1.0,0.30615988370761577,0.9673992137298337,0.2219312481029863,0.9707046706829225,0.8873443387451818,0.9009107659212483,0.36927510309053757,1.0,0.32363862413640726,1.0,-0.14274129540715758,0.9311476786432041,0.3517527482879244,0.7382888213367003,0.4116988398941004,0.7169889041919867,0.9177339342308461,1.0,-0.41895309266841263,1.0,0.34971981804267094,0.8396013499323252,0.652824783891759,1.0,0.05481088765963926,0.7593150155471292,0.4139358124248515,0
-0.24715804937740438,-0.12526175978793797,-0.13390542659252808,-0.04431388991968768,0.0587320003825386,0.25884919721380045,-0.2003604112885881,-0.06786883556879834,-0.1254373194074996,-0.17751712460850166,0.013362676125339172,0.00020719876615863143,-0.25393232859160164,0.0025410739123651223,-0.1687554390075595,0.0016558806788966,0.17772950904885262,0.06482951455063146,0.024852393216992584,-0.07402720603647418,0.00936147111826843,0.0788555911146475,0.06498328799317736,-0.013890626933896148,0.030432685351448194,0.8156813451941087,-0.1028071484688833,0.09905836535643804,0.11788461319238909,0.013103802717510682,0.20705520281112125,0.07112271830459138,-0.03263785250082905,0
0.3191820206049407,-0.1432233644089518,0.2168850942591166,-0.25237973838459576,0.029130566706401174,-0.08842723679187314,-0.06271391493505,-0.07230949850723606,-0.12806026594918607,-0.17635636293109697,-0.061939752970405756,1.0,1.0,1.0,1.0,0.793055237926006,-1.0,0.09954068867909947,0.04804670581079016,0.8794354839477151,1.0,0.9256217545266526,-1.0,1.0,1.0,0.9267922730959945,-0.0779615935345947,0.8502284480270622,0.9445952455517589,1.0,-0.965762935181657,0.13420317130882836,0.0722495952744582,0
1.0,1.0,0.24003119588523397,1.0,0.17615182651222683,1.0,0.1389787130134423,1.0,0.19017264052954846,1.0,0.21972750467349758,1.0,0.2605686870195178,1.0,0.08322944426139971,1.0,0.2000047407431141,1.0,0.22540737352547263,1.0,0.2999929556820251,1.0,0.25577950787695725,1.0,0.2535461187064422,1.0,0.19120949420283764,1.0,0.24269650917852167,1.0,0.217487913983019,1.0,0.24672604305786416,0
1.0,0.34365284996577344,0.30913620343123677,0.34650718192354396,0.3690934840622234,0.3752378513967798,0.31485317168380733,0.3209304339571215,0.3121358273402064,0.2950362804180771,0.3153329004396877,0.35802761153061075,0.30268494036099136,0.23033334248429704,0.4046142228805384,0.2551051844280101,0.28238538899451077,0.3361573131844364,0.36161755485320785,0.35558861420532967,0.3065057120857355,0.35287521439349945,0.3628097468765513,0.33276308364442764,0.22756402751526442,0.40878134870370075,0.3366745600266019,0.28271141076272555,0.23815687174391653,0.3057866043681838,0.26349829827345894,0.32189979092995313,0.33345330785752186,0
0.09288411602894178,0.0490842456708603,-0.1014697609799794,0.9678033726624461,0.9568724967808735,-0.053019823992036884,0.10647163582286732,0.8567211705380682,1.0,0.08779624815450504,-0.038696725633873344,1.0,-0.9242135570621205,-0.08370989650674598,-0.06122402088305688,-0.08498525088573339,0.10444973757635301,0.018548091514747053,-0.09302922923687379,0.1456428877707567,-0.09598689029910781,-0.0824280043812958,-0.10496440674132675,-0.06231947552307023,-0.09984334522905089,0.9194295432076792,-1.0,0.04961735441555551,-0.04647268489979134,-0.8971478998813135,1.0,0.07899300889620547,0.03936999362011344,0
1.0,0.67065,0.02528,0.66626,0.05031,0.57197,0.18761,0.08776,0.34081,0.63621,0.12131,0.62099,0.14285,0.78637,0.10976,0.58373,0.18151,0.14395,0.41224,0.53888,0.21326,0.5142,0.22625,0.48838,0.23724,0.46167,0.24618,0.43433,0.25306,0.40663,0.25792,1.0,0.33036,0
1.0,0.6306500281630769,0.23708190943599938,0.7430550162078587,-0.07369570738213557,0.8056678480168802,-0.2889879537319729,0.6099205536145995,-0.20941942066992197,0.7514917404820987,-0.2815382775251776,0.8413212898567943,-0.16012166158164626,0.9740117360967726,-0.445835603908163,0.4812068537363405,-0.041256583576462474,0.9152893388865815,-0.19034716449671085,0.43043317778601253,-0.18891839310113048,0.527810593518313,0.01339623182447841,0.5511546255221185,-0.2917550853416317,0.4320425521677421,-0.11134937482237492,0.4685638327063391,0.02039838998057571,0.45768287112481526,-0.532856248408562,0.6143678455463176,-0.13063113360487974,0
0.7377034006990661,-0.3018966066170711,-0.34707819988787647,-0.37581882759791063,-0.26256758465566293,-0.32460502900189003,-0.2851325509954808,-0.24421318918188945,-0.3589016014584068,0.319918817876922,0.6923187634201509,-0.28291157059674177,-0.24423780007108042,-0.35982533165980835,-0.27435909230824046,0.11226856987471659,-1.0,0.2547948853198095,-1.0,-0.2844832314949595,-0.27379413266847946,-0.27474237631194526,-0.3441887537527043,-0.2554380076032775,-0.24749475770143928,0.7083737302160634,-0.257476988794735,-0.30516355677000406,-0.2912517355376744,-0.35150701070040674,-0.3162062128609656,-0.3634216224401344,-0.27267184987561,0
0.678094417745873,-1.0,-0.8903183423464224,-0.3356268617458843,-0.3822882784651832,-1.0,0.3210191585146569,-1.0,0.6899177182194481,-0.7056378292087062,-0.304125671777094,-0.25375216011838014,-0.2269721438686112,-0.38525007665627126,-0.33606267416576197,-0.3384405237438541,-0.2934425357613457,-0.35488976105444037,-0.22429815380729934,-1.0,-1.0,-0.228327881979775,-0.30072214308375067,0.016403653292440992,-0.0999159222981422,0.6383274070725526,0.18866372658230962,-0.1664722607634449,-0.271514057327087,-0.28764593233000274,-0.343936802558334,-0.2589937139557269,-0.3610961973441206,1
1.0,0.8205230312592273,-0.30431415870943623,0.6258436697612008,0.747131684485923,0.5997376731881142,-0.41705597485464896,0.46755035742217693,-0.020042642669810158,0.7439202968494643,-0.00098340767113074,0.8097971700706785,-0.1252636038920592,0.7570740582028787,0.023343369105190352,0.7366849934452203,-0.026891616315642755,0.6349228667420943,0.2603396155486841,0.5961023897141269,-0.22341330348642224,0.6008308324066174,1.0,0.5291180647666303,0.1617244120291182,0.5028441037552852,0.04460910676462028,0.40448739010777346,0.09622640561713591,0.4970131989764188,0.18953636355930614,0.7564334662225203,-0.03939265473288256,1
1.0,0.9325820573323449,-0.13947435054446022,0.842454286358747,0.12585798596159592,0.8459877623632504,0.11946747924027992,0.8843174406492715,-0.10462381553324224,0.8986045707962912,-0.18390098472963093,0.9387238099253218,0.1204207190337389,0.9301846602919865,0.00615319940886867,1.0,-0.2931584333497254,1.0,0.029106322860561838,0.6986168485402401,0.14363488869854577,0.898285040442765,-0.09261736462538739,0.92087534276257,-0.004712939597660809,1.0,0.005764220264670845,0.8841387454136964,-0.1275484936775268,1.0,0.044854224338873164,0.9133104864881966,0.01423714372592981,1
1.0,0.68198,-0.17314,0.82332,0.21908,0.46643,0.32862,0.25795,0.58304,1.0,-0.15194,0.0106,0.44523,0.0106,0.38869,0.18681,0.41168,0.10567,0.36353,0.04325,0.30745,-0.00083,0.24936,-0.02862,0.19405,-0.04314,0.14481,-0.04779,0.10349,-0.04585,0.07064,-0.04013,0.04586,1
1.0,0.01667,-0.35625,0.0,0.0,0.0,0.0,0.0,0.0,0.0,0.0,0.0,0.0,0.12292,-0.55,0.22813,0.82813,1.0,-0.42292,0.0,0.0,0.08333,-1.0,-0.10625,-0.16667,1.0,-0.76667,-1.0,0.18854,0.0,0.0,1.0,-0.27292,1
0.23324974975755325,0.43428883502044874,0.9400914382926796,1.0,-1.0,1.0,-0.9906820213389292,0.8851745704897622,1.0,-0.20590117561816573,0.32031641246285725,0.9846729647337154,-1.0,-0.03629603425206393,0.16066126505776218,-0.057281230960583567,-0.19092693309619557,0.11951978459788737,-0.05818034428893159,-0.9085212684432908,1.0,1.0,1.0,-0.5053532612922971,-0.11451301053805318,0.964166999355446,1.0,0.25172034581430974,0.18041672143514828,-1.0,-1.0,-0.1159984049196636,-0.39677110003977245,1
1.0,0.6351,-0.04388,0.7653,0.02968,0.61432,0.36028,0.65358,-0.00462,0.64203,0.08314,0.79446,-0.43418,0.72517,0.54965,0.59584,0.13857,0.6351,0.2194,0.63279,-0.25404,0.70951,0.15359,0.64665,0.23095,0.68775,0.17704,0.61663,0.07621,0.66316,0.19841,0.69053,0.36721,0
1.0,0.58459,-0.35526,1.0,0.35338,0.75376,-0.00564,0.82519,0.19361,0.50188,-0.27632,0.65977,0.06391,0.69737,0.14662,0.72368,-0.42669,0.76128,0.04511,0.66917,0.20489,0.84774,-0.40977,0.6485,-0.04699,0.56836,-0.10571,0.5282,-0.13346,0.15602,-0.12218,0.44767,-0.10309,0
1.0,0.7688770299245645,-0.04213736372052322,0.6481879345941242,-0.07761295376890225,-0.7732773636751357,-0.39569642197183175,0.8005565050567832,0.05068052554382342,-0.8897717201971824,0.3777620132007501,0.6205192378611384,0.0020472671111064038,0.7116509216307078,0.25153265870359726,1.0,-0.05729369410062,0.579252525677479,0.07594909484992474,0.7385872376112841,0.0013803223677561066,0.482206207605546,-0.21019199267323627,0.7300274049101173,-0.11590069572211495,0.5948368056393292,0.12911103961391934,0.32036644803263525,0.0884935643718499,0.6069806863140023,0.06886247773389845,0.5769451710870709,0.20815469716345203,1
1.0,0.9548287690749677,-0.9125807571587835,1.0,0.2808134854126006,0.8463220127202942,-0.41005674142494475,1.0,-0.16196141368633687,0.9663697395217313,0.3763012526289314,0.9885036355147292,0.0752259198499827,0.996594313366457,-0.13816970560685216,1.0,-0.9945147134436242,1.0,-1.0,0.6189196707472606,0.1262021257249347,0.9596563576999879,0.5904398523426789,0.9859908647606568,-0.14037822583235435,0.9558910696939301,0.3579972874259898,0.9853688846481397,-0.6787233731174833,1.0,0.9054288551099522,1.0,-0.1913528839589317,0
0.9590422483404398,0.857617714561481,0.4160722617110956,0.881695812984947,0.4699320371119273,0.5035899611633196,0.6546866554579309,0.277067212418649,0.5990079636166393,0.08402284497540194,0.7568548128254352,-0.0037618816712014086,1.0,-0.5098515870751332,0.7327635505669338,-0.44667836613584694,0.7764381200265382,-0.5662883829919172,0.615407266983917,-0.6152809684423253,0.3584830581594433,-0.8719022437010076,0.2222637756273415,-1.0,-0.3651736450713789,-0.6823678632165462,-0.2659222429371013,-0.5119432626184882,-0.31960950828111406,-0.49784301961908695,-0.5223904399899164,-0.06709542371985724,-0.5470581384771172,0
1.0,0.98822,0.02187,0.93102,0.341,0.83904,0.35222,0.74706,0.48906,0.73584,0.51879,0.55076,0.60179,0.4313,0.66237,0.318,0.70443,0.28379,0.68873,0.07515,0.73696,0.06338,0.71284,-0.16489,0.69714,-0.16556,0.6051,-0.16209,0.55805,-0.34717,0.44195,-0.33483,0.37465,0
1.0,1.0,-0.16316,1.0,-0.10169,0.99999,-0.15197,1.0,-0.19277,0.94055,-0.35151,0.95735,-0.29785,0.93719,-0.34412,0.94486,-0.28106,0.90137,-0.43383,0.86043,-0.47308,0.82987,-0.5122,0.8408,-0.47137,0.76224,-0.5837,0.65723,-0.68794,0.68714,-0.64537,0.64727,-0.67226,0
0.0,-1.0,1.0,1.0,-1.0,0.0,0.0,0.0,0.0,1.0,-1.0,1.0,1.0,0.0,0.0,1.0,-1.0,0.0,0.0,0.0,0.0,1.0,1.0,-1.0,1.0,1.0,-1.0,-1.0,1.0,-1.0,-1.0,0.0,0.0,1
0.8843119128945356,0.8813837168228594,-0.14081173283313472,0.9009660646914276,-0.024745382917682832,0.9395762428537205,-0.03976772335428029,0.8906337124848545,0.053141650650877344,0.872381661444339,0.0836749269834872,0.9520700890894451,0.03654855014146162,1.0,-0.005481334883847596,0.9518006767252046,0.03671682314131713,0.9277063402827295,-0.07308324177767207,0.8864685935524539,-0.01470400724052757,0.9600998054521775,0.042974131645866664,0.9739348648292178,0.05818091637882711,0.9175865545948331,0.03073121303852501,0.8604327880459544,-0.014188283191127238,1.0,0.05356549342345171,0.9391378107097267,0.016450728779025946,0
1.0,1.0,0.1874180792375564,1.0,0.3140458716199158,0.9988973863547563,0.4392561880685444,0.9341758268866958,0.5521197219379795,0.9960100353217173,0.6136893639582789,0.8250488142868876,0.7513772321509447,0.84579315103422,0.707945872219653,0.7319888027745789,0.7029364948654848,0.7188968777319512,0.7436182777090291,0.5829291450511042,0.8680456699879779,0.5072417663218226,0.7706343269349671,0.34518778815813445,0.7295579126479861,0.30938442410686967,0.9157350947508645,0.21141217874394996,0.8036976659534257,0.1382076680422954,0.9723644417080064,0.08523054215525759,0.9352874540733822,0
0.740063365953626,0.1780895041348087,-0.03421007183465273,-0.10247090222295685,-0.15797931555634637,1.0,0.8182195243264865,-0.9812417777398846,-1.0,-0.07355875247872652,-0.154498334336626,0.9131552794469675,-0.10987626518903988,0.03294371168885902,-0.10998294737961699,-0.012730816341237955,0.12438362033585908,-1.0,0.9991223436971397,0.8668902476436957,0.8526242159036856,1.0,-1.0,-0.17035243767291403,0.18539964688979826,1.0,-1.0,-0.20641993792028954,0.08308398998461544,-0.03988233662524575,0.21008045020969404,1.0,1.0,0
1.0,0.97467,0.13082,0.9412,0.20036,0.88783,0.32248,0.89009,0.32711,0.8555,0.45217,0.72298,0.52284,0.69946,0.5882,0.58548,0.66893,0.48869,0.70398,0.44245,0.68159,0.35289,0.75622,0.26832,0.7621,0.16813,0.78541,0.07497,0.80439,-0.02962,0.77702,-0.10289,0.74242,0
0.7134117871690113,-0.5645938161348714,0.023168850751308617,0.34748981671833856,-0.2689215232028726,0.1298641141492616,-0.3473033609356888,-0.13760734540194328,0.5656349812692445,-0.49295306136491523,0.4228258151210556,-0.7245966771062027,-0.4238268253565957,-0.8212100551622491,0.09638704938080336,-0.9767529502078015,0.1832858072668927,0.9364022324798799,-0.3342373311954406,0.9977653998902494,-0.5421940421032166,-0.7245066071463819,-0.7136395438968527,-0.46336198114985727,-0.8836939720449596,-0.2897635951598601,-0.7638502593041941,-0.11937921701239892,-0.7255991889993599,0.056438342937067607,-0.4991284367272417,-0.18534815298638718,-0.4385948404260143,1
1.0,0.48967087083272626,0.45801000354028093,0.5000440230238035,0.9704858472305035,-0.16678763109006278,1.0,-0.3781794223262128,0.8142025406702077,-0.990234075095188,0.39427875787733313,-0.9324031368618204,-0.07087259967353773,-1.0,-0.26529795371918513,-0.6625075195193373,-0.7730485491970359,0.6271722078723866,-1.0,-0.24084446631699385,-0.6493060437031684,0.8760278244636786,-0.2700123361893797,0.4266296042172874,-0.06213841451366903,0.9003309673318901,0.43614988041127484,0.5750589929155872,0.8858898705123233,0.2337828893776212,1.0,-0.5744959614731493,1.0,0
0.9448047752743249,0.4733017496255298,0.03554827916065449,0.5420870653789465,0.039533516859035604,0.5431562909606116,0.09023403167592245,0.5422965751372497,0.08622931548181231,0.7136688578531803,0.008810387962619154,0.7857001072963072,-0.14193161580173622,0.40957876823499473,-0.1304837241303881,0.5462262097654985,-0.07760870735861108,-0.35655990971863,0.05503020235646067,0.590146718564099,-0.3249496286936976,0.6025181025761648,0.03470597155535626,0.5439929050125097,0.25645651475535336,0.37826782424012195,0.1891340485912606,-0.46574853446116904,-0.2879148767375929,0.40700974364802167,0.18314761251462422,-0.3380829904914685,0.3735161849509261,1
0.7057182698093278,0.23286198923123863,-0.27360876502265535,0.41908295224509273,-0.2174669213354362,-0.09054670391170432,-0.1520294379239375,0.2620736731774388,-0.2705854464486462,0.016916817234406654,-0.38331995502078847,0.20558976635746318,-0.4211507617854761,0.17405533381390237,-0.3720814974462207,0.3188839300971962,-0.3659889368626983,0.1895569923849699,-0.3119128688502122,0.03611403837182285,-0.39282850280453946,-0.021417716151286237,-0.13703813682155908,0.08749266380970085,-0.4338151370527184,0.001292554625707952,-0.3010212044327408,-0.07985887891039792,-0.2671942236211857,0.06299737244213803,-0.3822559148422746,-0.005222539349757387,-0.39415159810650474,0
0.7892168665968838,-0.2386100180070445,-0.18874167363567196,0.6623816178396439,-1.0,0.6255525529069327,-0.25142077933981555,0.6598762641358276,-0.2867860335034729,0.5533576698293672,-0.26137914337686574,0.7101922745717459,-0.2634425385967435,0.1537359149203913,-0.2304397172648887,0.613920707776662,-0.846859505287355,0.6875482733946288,-0.3048214637145476,1.0,-0.2470807912076493,0.5452239989503672,-0.23736778791853744,0.5713624087751896,-0.8638679728100649,1.0,0.49243566486535556,0.6639989653197501,-0.3371806721471664,1.0,-0.1419711142108285,0.6688511176066018,0.4651539372271897,1
0.8412890207871124,0.6525228769096819,0.027195176163367946,0.9137363460422068,-0.010269535181552575,1.0,0.4027683698736753,0.6374072723650115,-0.12125135401907064,1.0,0.05699174248603225,0.6425959991312797,-0.17507247526237446,0.789416848808034,0.29642297021298636,0.7898285526758917,-0.05384454221767511,0.7692640124011871,-0.009467918816609218,0.8994007756524584,-0.37153535381762687,0.6249552988365051,-0.1823176566420412,0.8911499292101495,-0.3182445043745812,0.9986783324282699,-0.053760314351629514,0.8103867354730274,0.06602863408408602,0.8053039139303977,0.3812484421845259,0.8413186268912425,0.23675011407178553,0
1.0,0.0,0.0,-1.0,-0.62766,1.0,0.51064,0.07979,-0.23404,-1.0,-0.3617,0.12766,-0.59043,1.0,-1.0,0.0,0.0,0.82979,-0.07979,-0.25,1.0,0.17021,-0.70745,0.0,0.0,-0.19149,-0.46809,-0.2234,-0.48936,0.74468,0.90426,-0.67553,0.45745,1
0.09180995568680131,-0.09381830378582016,0.07612166167041495,0.08218196072161212,0.034991335470194694,-0.08302732091402817,-0.02561628772646392,0.9227192086060375,1.0,-1.0,1.0,-0.13058149631646407,0.10345852258512968,-0.08562468599221815,-0.0913846235513456,-0.266833947169278,-0.9457748190611344,-1.0,-1.0,0.017572746876666805,-0.04754346180936242,-0.09993370704073318,0.3680590367677238,-1.0,1.0,-0.960485402952599,-1.0,1.0,0.7308134643120858,0.9660326158456113,-0.3261301279792014,-0.03040463925297424,-0.015050398346321514,1
0.8960296524672994,0.7560847065180606,0.04051048744624913,1.0,-0.04542149064614496,1.0,-0.12180568074212828,0.883464802255241,0.011151794901136568,1.0,0.033114191491504984,0.9577196480381379,-0.22252803610110905,0.8313330607104943,0.1564833183176616,0.7094520830963942,0.21545897134028788,1.0,-0.11685298597092575,0.7920531433029797,0.28982374197876304,1.0,0.038158291983910325,1.0,-0.041685390527438144,0.9155297568956547,-0.07208651639970136,0.8975439766156148,0.2625961131670639,0.9866140334829403,-0.09184306337830776,0.7843179132821035,0.005596486031027184,0
0.6446592104215125,0.7126104751662938,-0.6871873406476434,0.6708488848727596,0.66723892023311,0.4671058667170972,-1.0,-0.3184751961225481,-0.31679149228258086,-0.3029241441445715,-0.37081371431559174,-0.32427030506437315,-0.2896334391387125,-1.0,-0.10273031263391855,0.3237126499987662,-0.6252382449001019,-1.0,-0.8513630565845244,-1.0,0.7008045294628781,-0.2736489553602196,-0.2630127990789449,0.7280388580082132,0.6014971037880777,0.25153880079290175,0.7567392627287576,0.7396072172830394,-0.502430587482353,-0.0807031911627703,0.6614094656775351,-0.6544747930616482,0.7115683839403718,0
1.0,0.04700679964987449,-1.0,-1.0,-0.8939860911312377,-0.8759788888643788,1.0,0.1842378601513478,0.14742220998631594,-0.8560909173548639,1.0,1.0,1.0,1.0,-0.9524516225253955,0.1200767488866489,0.19333763296575218,0.1430709367115044,0.10295998297192338,-0.8639819835522151,-0.8643139243102335,-0.8665666416026969,0.22029680294752318,1.0,0.5733615389635263,1.0,-0.8359933461340477,0.06330428584709076,0.20012510717124857,-1.0,-0.7700652660866836,-0.9688840032449613,1.0,1
0.9802979162626007,0.8059794983246424,0.13760747310687085,1.0,0.010200716467998867,0.806590560442169,0.1363144194762052,0.7528171208213577,-0.13921858181447588,1.0,0.024883576576884777,1.0,-0.06334746817610531,0.9109335724185776,0.12364324071130901,0.8652548173412354,-0.02599813364913351,0.5811589498940115,-0.0207918889877171,0.7927301246820893,-0.06533535718529947,1.0,-0.03193925396235221,0.7952334243388521,0.029487121852956297,0.8192268484388566,0.002886046980267275,0.7398500547092173,0.02363528466204143,0.8890468173757,0.09107424527034413,0.7506874163729512,0.009266973754956283,0
1.0,0.85209,0.39252,0.38887,0.76432,0.08858,0.98903,-0.42625,0.88744,-0.76229,0.4998,-0.93092,0.10768,-0.859,-0.31044,-0.6603,-0.55262,-0.1926,-0.86063,0.28444,-0.80496,0.64649,-0.3523,0.77814,-0.23324,0.71698,0.21343,0.3783,0.5831,0.19667,0.66315,-0.11215,0.64933,0
0.0,0.0,0.0,0.0,0.0,0.0,0.0,0.0,0.0,0.0,0.0,0.0,0.0,0.0,0.0,0.0,0.0,0.0,0.0,0.0,0.0,0.0,0.0,0.0,0.0,1.0,-1.0,0.0,0.0,0.0,0.0,0.0,0.0,1
1.0,1.0,1.0,0.4679977322983011,-0.00043236724337848004,0.04015261384002129,0.9201644193367234,-0.3822742017510946,0.7886530918143114,-0.6131973457017259,0.15995321390398054,0.24497487502508375,0.2775499650518312,-0.6620855580250398,-0.03222835583821883,-0.3961261230290547,-1.0,-0.46486635461935316,-0.5602142726244478,-0.7596685563904273,-0.897566588622339,0.09534642877329777,-0.33843314833488136,0.6185571419250555,-0.28055831016922195,0.35151792612198496,-0.04088500310453802,0.9575687390267585,1.0,0.2496997042789063,0.009715265864051229,0.24239523993645826,1.0,1
1.0,1.0,0.11501662598461859,0.5062070529191701,0.1558179604489683,1.0,-0.9012507902004654,1.0,0.06398127589444466,0.45797580310914454,0.11283567477376971,1.0,-0.6564715101518626,1.0,0.1568979728380418,1.0,-0.6583872494516952,0.24887460261993644,0.1576392839824185,1.0,0.08962692471945648,0.43062100322428865,0.09139949805946501,1.0,0.07224030975883826,1.0,0.2752802936651758,1.0,0.2834396201355649,1.0,0.13175691265677883,1.0,-0.6830313720874741,1
0.9917956690945882,0.9613673855729201,0.18996347913776798,0.776063174823366,0.8534482333180199,0.3124439796551069,0.8291908787410448,-0.185121861259821,0.5330329632673393,-0.33478693277435495,0.9680391939561878,-0.7916885618811669,1.0,-0.8105308706368393,0.17215117254721807,-1.0,-0.041913332378534604,-0.7797540430537018,0.15663903947733077,-0.43699029262183975,-0.6613506998812144,-0.4894285059147189,-0.9563913280484874,-0.0859042505116486,-0.9082835433683829,0.1647958933325393,-0.6248428822526026,0.4713516155989615,-0.5161325978333242,0.4765295474400342,-0.08414428739919089,0.7084021353542483,-0.032934236741636355,0
0.9909348216783865,0.830690486855918,0.37353083678533444,0.7274778657662355,0.5185645988836798,0.568697574934123,0.6578083219483144,0.21050262179187118,0.9011013924571681,-0.0841138324899072,0.8501934798004013,-0.3731953771659012,0.8391360362546343,-0.5344289970549376,0.5771385301694458,-0.6529239209016956,0.29057140117683483,-0.7855793691396427,0.07758806903552579,-0.7759843979066277,-0.12230952934438044,-0.4976780632108701,-0.35684526330457556,-0.40367594215093977,-0.565807203333507,-0.20238041758559736,-0.5990001752131539,0.05250825283494197,-0.6013276180809086,0.17245916286916704,-0.4730285167540938,0.37410245310149187,-0.32167830898214345,0
1.0,1.0,0.08886309214824828,1.0,0.2551925927669717,0.9517183250147814,0.1497470471099106,0.8695301820429019,0.37116509909268824,0.8108141490487325,0.3346832659225266,0.8188875992127285,0.41598859721872994,0.7856364237462755,0.5580919585552843,0.6392161029579947,0.6195564551474644,0.6506323896028838,0.6256686696391583,0.5170050478563809,0.7274001045724214,0.36467778785775784,0.7543435605875686,0.2646753856393055,0.6760251068297081,0.33889920027673237,0.7056905821310601,0.21182776540312018,0.7418074108810665,-0.02798152003713482,0.7521967323693458,0.0986133799805814,0.6316866409795715,0
1.0,1.0,0.0507,1.0,0.10827,1.0,0.19498,1.0,0.28453,1.0,0.34826,1.0,0.38261,0.94575,0.42881,0.89126,0.50391,0.75906,0.58801,0.80644,0.59962,0.79578,0.62758,0.66643,0.63942,0.59417,0.69435,0.49538,0.72684,0.47027,0.71689,0.33381,0.75243,0
1.0,1.0,0.23395,0.91404,0.52013,0.7802,0.72144,0.4766,0.84222,0.27639,0.9173,0.09467,0.88248,-0.2198,0.91404,-0.34168,0.75517,-0.5136,0.64527,-0.64527,0.44614,-0.74102,0.29162,-0.70838,0.03591,-0.71731,-0.11943,-0.64962,-0.28183,-0.51251,-0.44505,-0.37432,-0.53319,0
1.0,1.0,0.763504321229757,1.0,1.0,0.6462276956459375,1.0,0.24754688045149165,1.0,-0.06284930505855174,1.0,-0.31280185718095505,0.9306577581283657,-0.5388867592748064,0.5549638496605191,-0.46795541608426006,0.18871541023163385,-0.3870568377482378,0.042227356804733024,-0.1866628067010545,-0.25521981395759064,0.10805437315463705,-0.28592603332891503,0.4340129271227806,-0.3213832793519166,0.5509646185856762,-0.19953184121861905,0.7579268714977371,0.010108606683589446,0.7751994120003394,0.21491644417614153,0.7556658304174171,0.423676335817073,0
0.9232109304433255,0.32324292225684403,-0.7462035883846097,-0.17089493661918678,-0.1501851020539663,-0.1334126868428033,-0.04910811025418478,0.5353747487868776,-0.13329802631121218,0.4864995761399954,-0.09633963822197175,-0.13217419275833367,0.04269609569764257,-0.11235748100320564,-0.14303084397630178,0.044989754393602095,-0.5421208055539903,0.4980134704329012,-0.2933568669807934,-0.15635166310314344,0.04780376755552962,-0.09977400676667955,-0.0755970117978063,-0.8113304806734936,-0.5183003837882023,-1.0,-1.0,-0.44351445105874915,-0.9217034066129012,-0.15737221141704705,-0.1855351535476398,-0.1187134432599178,-0.03750328860407001,1
1.0,1.0,-0.8378980298787584,-0.9884544778317447,0.33012097834250664,0.8666805453436494,-0.41427247692320496,1.0,-0.087377340413929,-0.9476393186862707,-0.317657494099803,0.9812505301886091,0.07985439152133822,0.9576040416773922,-0.10886472054352438,0.999528049588178,-1.0,1.0,1.0,0.5765915088630422,0.28276207134737114,0.9837057251378786,0.5682155532981583,-1.0,-0.2332063896011895,1.0,0.3765793873413291,1.0,-0.6370702110127469,0.9955096416853402,0.8847365493416518,0.9322623773924019,-0.15031700165605164,1
1.0,0.28409,-0.31818,0.0,0.0,0.68182,-1.0,0.30682,0.95833,0.64394,0.06439,0.34848,-0.84848,0.0,0.0,0.59091,-0.35985,0.45076,-0.80682,0.0,0.0,0.0,0.0,0.24242,0.17803,1.0,-0.23864,0.06061,-0.48485,0.16288,-0.70076,0.0,0.0,1
1.0,0.91353,0.81586,-0.72973,1.0,-0.39466,0.55735,0.05405,0.2973,-0.18599,-0.10241,-0.03158,-0.0897,0.01401,-0.03403,0.01108,-0.00537,0.00342,0.00097,0.00048,0.00075,-3e-05,0.00019,-3e-05,2e-05,-1e-05,0.0,0.0,0.0,0.0,0.0,0.0,0.0,1
1.0,-0.999889947664157,1.0,-0.9208605664860693,0.14569372598726943,0.28399693786735947,0.9766021603706881,-1.0,1.0,-0.9758664096105528,-0.9693544770694336,1.0,0.8842285989149143,-1.0,-0.14212829757768425,0.30938888068419146,-1.0,0.9397801574620508,1.0,-0.38691112936831196,-1.0,-0.9122514530632431,-1.0,1.0,-0.9474532253062792,-1.0,0.058088856601183785,0.9711520798191847,-1.0,-1.0,-0.2950919443586769,0.094010208259589,1.0,0
0.685103866849996,-0.2458862594558444,-0.36137986886896706,-0.36247729354454356,-0.3546210758741046,0.700414526168444,0.754107015245999,-1.0,-1.0,-0.30972080798892015,-0.2742227344475555,0.6785068613490441,-0.43511376310624256,-0.3605427868510961,-0.32572745000297043,-0.24701422111791002,-0.2959083296184685,-1.0,0.755626478772802,0.6736653924072915,0.7638980010767109,0.7631623140055045,-1.0,-0.36743472873172595,-0.196972472309441,0.7174274225319045,-1.0,-0.25697424383512246,-0.26839637458403937,-0.24100777425511016,-0.3298056504905953,0.7143313035748476,0.6466358396389777,0
1.0,0.9584072119935221,-0.19415360224707287,0.9265600403949763,-0.22472422762705446,0.904081230200835,-0.3685474255400928,0.7989049538667007,-0.16456633515582092,1.0,-0.4454497380962593,0.8435478179762678,-0.5666002144238069,1.0,-0.4169589299071268,0.7068695908537268,-0.737704588177496,0.6047518200690927,-0.6750977481008995,0.7631897575543476,-0.8668523057364826,0.7089438074893013,-0.5772129635132315,0.7632294891647698,-1.0,0.41175182446987774,-0.892615090927687,0.2766479558170576,-0.9304612380466982,0.10556937332377742,-1.0,0.19229687644878093,-0.8163776713353246,0
0.8583224371328986,1.0,-1.0,-0.9824235178654397,1.0,-0.9644686173365131,0.9937585966924088,1.0,0.9534420391985795,1.0,0.4404906490319572,-1.0,-1.0,-0.3698045196273172,-1.0,1.0,0.9231270994727379,0.9136533036693075,-1.0,-0.9311455040459858,-1.0,-0.9538709562693966,-0.9280586441199669,0.8936017844177578,0.07496114955134052,-0.08143711561778377,-0.9332980775750261,0.9685477290469484,-1.0,-1.0,1.0,-0.935474808735695,1.0,1
1.0,0.7087,-0.24783,0.64348,0.04348,0.45217,0.38261,0.65217,0.18261,0.5,0.26957,0.57826,-0.23043,0.50435,0.37826,0.38696,-0.42609,0.36087,-0.26087,0.26957,0.11739,0.53246,-0.03845,0.31304,-0.12174,0.4993,-0.04264,0.48348,-0.04448,0.64348,-0.25217,0.50435,0.14783,0
0.6773961985920789,0.5361543707517125,-0.36726252754247996,0.6966596524604011,-0.4204588570329543,0.7387059808373594,-0.3581147904383229,0.5856534318160932,-0.40760255535469336,0.5398640899240161,-0.44930773726986567,0.6500643810975862,-0.32578927292298404,0.6385413086756913,-0.34331216759067834,0.6401015147042587,-0.3309035001549945,0.4937002761010827,-0.4366009336590374,0.6098109107651508,-0.2637398832574012,0.7884192245099577,-0.2241208608877065,0.5019574843161388,-0.3313933172061182,0.5652992610535873,-0.3026091596818829,0.5090681337134442,-0.44633965588368296,0.51817931365271,-0.4302030372140796,0.6977506022156648,-0.461232324637988,0
1.0,0.41932,0.12482,0.35,0.125,0.23182,0.27955,-0.03636,0.44318,0.04517,0.36194,-0.19091,0.33636,-0.1335,0.27322,0.02727,0.40455,-0.34773,0.12727,-0.20028,0.05078,-0.18636,0.36364,-0.14003,-0.04802,-0.09971,-0.07114,-1.0,-1.0,-0.02916,-0.07464,-0.00526,-0.06314,1
1.0,0.8842,0.36724,0.67123,0.67382,0.39613,0.86399,0.02424,0.93182,-0.35148,0.83713,-0.60316,0.58842,-0.78658,0.38778,-0.83285,-0.00642,-0.69318,-0.32963,-0.52504,-0.53924,-0.27377,-0.68126,0.00806,-0.69774,0.26028,-0.60678,0.44569,-0.43383,0.54209,-0.21542,0.56286,0.02823,0
1.0,1.0,0.050582303785886545,1.0,0.17794022813279348,1.0,0.17793768437948115,0.9723319259574322,-0.11925898981775666,1.0,0.02352115811247856,1.0,0.0709991666950542,1.0,-0.03208911518910836,0.9887275472152739,0.12671107977898569,1.0,0.14999445090730423,0.9998475846195646,0.00016276463585458527,0.9710179470128598,-0.041065749955389114,0.9880847665491956,-0.0538677448578879,0.9924588371069498,-0.06986771180278055,1.0,-0.04389454117744701,1.0,-0.060786531994897405,0.9284202290838446,0.06329476552304056,0
0.7879167508771803,0.15109227420186347,-0.01698018650893786,0.01115065838791314,-0.1259898816388135,-0.2510500146974508,0.17997900436702455,0.033647272088551006,0.006045588852724923,-0.1327460717773797,0.013058935682289257,-0.11108216715030331,0.08412765400145039,-0.21692692988683837,-0.0461140691685053,-0.1901321515248025,-0.21491338536193483,-0.19146271025764236,-0.22616047946179976,-0.23101624092239129,-0.11347986847880642,-0.20296809163538296,-0.12467430472017195,-0.11865828466448036,-0.299530112903546,-0.31858594495663206,-0.12408854389392728,-0.10971964898582223,-0.1761684142056107,-0.15457113016756643,-0.13496122929882887,-0.12369955650268286,-0.2037851301393178,0
0.6236830032700721,-0.052852658499276076,-0.2248522618861801,0.18105295587460235,-0.13579288940021123,0.26551302571962737,-0.15936100061103953,0.20114456609698397,-0.029034343240739058,0.15466890564561972,-0.41907106782304976,0.09724571473543381,-0.3766286623111897,0.5824468747167901,-0.2472798806153758,0.4123031470536223,-0.6041150698502801,0.1331532503074413,-0.3924867482115984,-0.06207466495049517,-0.2660323584892558,-0.05329204478623869,-0.5261988555402782,-0.6394773482129968,-0.3318046728738112,0.12961585991067193,-0.3861434625415819,0.07403356717845716,-0.2621048464413953,0.3562907220616439,-0.4369198992341832,0.0658854173751134,-0.3395275265331792,1
0.6233584086003652,0.5563519237573686,0.05854706102417377,0.2813600325794308,0.42707160051694,0.07092587353625143,0.5650187779479984,-0.3530841097280865,0.6269743070959306,-0.722613753312277,0.4447619352695967,-1.0,0.20226037969633856,-1.0,-0.07222984769555893,-1.0,-0.49400725924777644,-0.9448052015161781,-0.6808662852196169,-0.5684680925632432,-0.9460535466579385,-0.4155743677200783,-0.8803051377006174,-0.13574587667235696,-0.9672533742674208,0.041028514736220704,-0.7469080134755957,0.17357042862205438,-0.5797495587418345,0.2410800105411228,-0.367900131816011,0.15052304791254734,-0.07310927502197473,0
1.0,1.0,0.4555450313553216,1.0,0.6702808774147507,1.0,0.751583523869308,0.8681906934949977,0.9879329411991103,0.6839033884893164,1.0,0.5279121310997084,1.0,0.33633236365823915,1.0,0.13962886150341805,1.0,-0.025939792473271495,1.0,-0.11970126369340447,0.9794987287540146,-0.3332022288588464,0.7956389140385296,-0.32893680543260384,0.663302484465061,-0.37453455687440074,0.5389871875183275,-0.4173253206351383,0.3498051725340572,-0.4421220408620624,0.20536121288021253,-0.36683801572488217,0.10515389108721471,0
0.956629741068195,0.6957230642109018,0.8262941678263471,0.7254445013619637,-0.7353483104726821,0.7116407205759053,-0.1598716403809688,0.8960177809239689,0.018568745790207064,1.0,0.7414459107553198,0.7419362406877424,0.1526600355464406,0.3874772857636024,-0.022030108747518623,0.9171806756393787,-0.19977792077902137,0.45680563686566306,0.17978576089953544,0.49171302779003556,0.2786668231125516,0.5992938900020245,0.8783402243401403,1.0,-0.47420141410163597,1.0,0.1731120533706626,1.0,0.36782532649071664,0.926114191092695,0.06097020158456501,0.6706009826805389,0.30736446267992884,0
1.0,0.29202,0.13582,0.45331,0.16808,0.51783,-0.00509,0.52632,0.20883,0.52462,-0.16638,0.47368,-0.04754,0.55518,0.03905,0.81664,-0.22411,0.42445,-0.04244,0.34975,0.06621,0.28183,-0.20883,0.51731,-0.03176,0.50369,-0.03351,0.34635,0.09847,0.70798,-0.01868,0.39559,-0.03226,0
1.0,1.0,-0.5421,1.0,-1.0,1.0,-1.0,1.0,0.36217,1.0,-0.41119,1.0,1.0,1.0,-1.0,1.0,-0.29354,1.0,-0.93599,1.0,1.0,1.0,1.0,1.0,-0.40888,1.0,-0.62745,1.0,-1.0,1.0,-1.0,1.0,-1.0,1
1.0,0.9442822805266592,0.008881654263471653,0.9607370106661802,-0.02383826166655965,1.0,-0.07635887927767582,0.9698470155722301,-0.03448521382513109,1.0,-0.08298586889180762,1.0,0.04892602772730332,0.9939464236897027,-0.009815828145962695,1.0,-0.027532642884590803,0.9906067737965092,-0.048840911802747744,0.968413524635673,-0.02598436825344319,0.9441168262114938,-0.07720123394885131,0.9278313108590848,-0.12407167955693689,0.9806413520852244,-0.00541915432947459,0.9633114168463061,-0.014654201371519921,1.0,-0.088689997351902,1.0,0.016770387852290312,0
1.0,0.20935537512774038,0.21827911484559465,0.2707287823962211,0.13419636705280172,0.2756824303241069,0.211249668856063,0.5137630409712807,0.3573885885476273,0.31964999086502843,0.24020294628298075,0.2717562982512352,0.274178135851817,0.2728146052890243,0.15293811830255186,0.3924922387951363,0.21778819674859431,0.23605154966422223,0.19765216704745908,0.3420120780513622,0.3041558394029523,0.33298539684834505,0.33986315691516783,0.3373740979800663,0.3929796574663657,0.33185908960988036,0.44520603997730934,0.25580287865665063,0.386671236797852,0.23533638161388526,0.3616627403095759,0.2550040059600215,0.39471473964199716,0
1.0,-0.64286,-1.0,1.0,0.82857,1.0,-1.0,1.0,-0.23393,1.0,0.96161,1.0,-0.37679,1.0,-1.0,1.0,0.13839,1.0,-1.0,1.0,-0.03393,-0.84286,1.0,0.5375,0.85714,1.0,1.0,1.0,-1.0,1.0,-1.0,1.0,-1.0,1
1.0,0.90932,0.08791,0.86528,0.16888,1.0,0.16598,0.55187,0.68154,0.70207,0.36719,0.16286,0.42739,0.5762,0.46086,0.51067,0.49618,0.31639,0.12967,0.37824,0.54462,0.31274,0.55826,0.24856,0.56527,0.18626,0.56605,0.12635,0.56101,0.06927,0.55061,0.12137,0.67739,0
1.0,0.8811,0.0,0.94817,-0.02744,0.93598,-0.0122,0.90244,0.01829,0.90244,0.01829,0.93902,0.00915,0.95732,0.00305,1.0,0.02744,0.94207,-0.0122,0.90854,0.02439,0.91463,0.05488,0.99695,0.04878,0.89666,0.02226,0.90854,0.00915,1.0,0.05488,0.97561,-0.0122,0
1.0,0.44444,0.44444,0.53695,0.90763,-0.22222,1.0,-0.33333,0.88889,-1.0,0.33333,-1.0,-0.11111,-1.0,-0.22222,-0.66667,-0.77778,0.55556,-1.0,-0.22222,-0.77778,0.77778,-0.22222,0.33333,0.0,0.9212,0.45019,0.57454,0.84353,0.22222,1.0,-0.55556,1.0,0
0.6979827002051406,0.641450747656091,-0.2653289470824154,0.6512766858746818,-0.13498497074412935,0.7416384803786309,-0.018881419554905434,0.6333023275503765,-0.011003034288875835,0.6996805107140885,-0.03661833707842024,0.7336004336759019,0.0789056923360349,0.6475452397042429,0.09989143701523223,0.6992220650699055,0.35334766579830024,0.6817702672721234,0.29155845827559157,0.6763804671336081,0.24314590635347785,0.6694595052146809,0.3542748570204657,0.6333759472655703,0.37178429563030624,0.6568164813738214,0.44739740029698477,0.5441134786364428,0.36402405652045144,0.4587092979375446,0.5186750872651283,0.4151327279479208,0.4722531014075981,0
1.0,0.05544097934833589,0.03223504775251598,0.0626300603307137,-0.03747666901288908,0.1728673906299074,-0.0892282582775202,0.26797723764339404,0.1911376252328139,0.19350986008759558,0.001932234498619692,0.008815990587875855,0.13709819996014178,0.11268765062012959,0.03186913202538313,0.10187873506435184,0.07140273272832771,0.0402182607607066,0.15202613893026104,0.1418785593047478,0.05971787609975615,0.13795225385024604,0.14100887917516358,0.1930434888113105,0.01951089228696387,0.07569914537892841,0.27113804856127777,0.041986707104132895,0.11579777133947575,0.24120141813441087,0.06262158305750776,0.20042111686645975,0.30820681841985226,0
1.0,0.9154084508985586,0.7015760245489955,1.0,1.0,1.0,1.0,1.0,0.24908418358754808,1.0,0.3883004266761786,1.0,-0.5546384259623764,1.0,1.0,1.0,0.30577506276148075,1.0,0.4628172221288339,1.0,-0.4316791971719858,1.0,-0.5088221101163833,0.6426175505510484,0.016318034310577184,1.0,0.47567344768374126,0.9466831002785644,0.7015636259665455,1.0,1.0,1.0,1.0,0
0.8839276990222014,0.8133846464148098,-1.0,-0.1460961472775485,-0.14489313296024806,0.609328791716833,-1.0,0.7102658045945163,0.46688052676048863,-0.49247197331482784,-1.0,-0.20211499563260693,-0.15844733661926796,-0.13995073989681686,-0.1558859671400351,0.5489929665436868,-0.9312459789570543,0.6154906241744394,-0.8133861892867873,-0.02679720831783053,-0.1429153897779707,0.0923973027642506,-1.0,-1.0,-1.0,-1.0,-1.0,0.9336131114072982,-1.0,0.9035036245627155,-1.0,-0.19488140186583286,-0.04636177344483017,0
1.0,1.0,-1.0,0.0,0.0,0.77941,-0.99265,0.80882,0.55147,-0.41912,-0.94853,0.0,0.0,0.0,0.0,0.72059,-0.77206,0.73529,-0.60294,0.0,0.0,0.18382,-1.0,-1.0,-1.0,-1.0,-1.0,1.0,-1.0,1.0,-1.0,0.0,0.0,1
0.9724332247409233,0.9241407458151867,-0.15821462356953025,0.687605761067348,-0.176197497423814,1.0,-0.1473722395587274,1.0,0.03307972855789229,0.9924351595296612,0.017786642896130217,0.7749429399101638,-0.3083503274683778,0.980335566324249,-0.2637654192536862,0.9293535054799333,-0.27564062336917605,0.9784666292398341,-0.19486257007744026,0.9132678396374682,-0.4209472233115471,0.8565575463135346,-0.46629789476478045,0.9242804284579307,-0.21143166348843875,0.9759219836521641,-0.25505464428027397,0.7434381727557344,-0.25923373198663013,0.8323881045353748,-0.2893390809917757,0.5773709259176704,-0.48904637765671927,0
1.0,0.1859,-0.16667,0.0,0.0,0.0,0.0,0.0,0.0,0.0,0.0,0.11538,-0.19071,0.0,0.0,0.0,0.0,0.0,0.0,0.0,0.0,-0.05128,-0.06571,0.07853,0.08974,0.17308,-0.10897,0.125,0.09615,0.02564,-0.04808,0.16827,0.19551,1
-0.05364061621999072,1.0,0.12461445132831009,0.9588572470673089,0.24409348431413475,0.7337101851602577,0.3220049035281911,0.785132359075669,0.7146850875697037,0.6888952553884381,0.743168586779841,0.3723960633709649,0.7885217160656586,0.3669807839887125,0.7744354925805959,0.1542456484528557,1.0,-0.1687325944771006,1.0,-0.391358323394062,0.8399543411235068,-0.30639715088871633,0.7596687869716431,-0.42541816713138775,0.4481924263156001,-0.7220776732858145,0.43667430093576587,-0.5155977362116906,0.1994753514837575,-0.7294042467807282,0.2908920063663056,0.4668150886347764,0.106627067625681,1
1.0,0.9860290094613099,0.05215219211468648,1.0,-0.014270959952402724,1.0,-0.02208302830083918,0.9701876374321445,-0.10228769020135747,0.9749660753185979,-0.0612963521567715,1.0,-0.07340992791294519,1.0,-0.05521350304905494,1.0,-0.06307770109823863,1.0,0.03862581064741742,1.0,-0.023452278908268544,1.0,-0.07953875284672335,0.9285528166557051,-0.34636206413520676,0.961733140847313,-0.011563829484519077,1.0,0.08633029172240303,1.0,-0.019876600700618488,0.9525914335895727,-0.12670260715988324,0
0.09606566721596674,0.09476584782733327,0.7259918748530488,1.0,1.0,1.0,1.0,0.21279339966938815,0.23187913253946413,0.14946402358874825,0.07643142678475696,-0.8903952116874453,-0.9535975008368053,0.0440922378894672,0.15120151989574926,-0.8317735497735933,-0.7466118293944398,0.1309001426908259,0.054415668613649576,0.12857053423668371,0.1189382053151816,1.0,1.0,0.063017405515624,1.0,1.0,1.0,-0.42107762657556924,0.19847298429314225,-0.03832615047469612,1.0,0.21675657973492413,0.053590691764156706,1
1.0,1.0,0.43211716803306477,1.0,-0.06221280393963602,0.9296495999058069,0.3867450516909129,1.0,-0.026847809320039884,1.0,0.10718762307506115,0.978420633396805,0.163561446172214,0.8323498681802175,0.1954015715821054,1.0,0.0972978463790501,1.0,0.2428115241821492,0.8912067770760079,-0.01150191285770688,1.0,0.2959452520643631,0.8454732373340412,-0.08898797204830697,1.0,0.19246893180460523,1.0,0.266107363352612,0.84510453724433,0.13007051303780454,0.8294139779710686,0.1483784156356836,0
0.8571430541475664,0.8510547140317974,0.24983873416528735,1.0,0.18898011305264978,1.0,0.27161641868765507,0.9204447471200463,0.0635538903726913,1.0,0.3901526234946757,0.7588271217136349,0.21372376336491045,1.0,0.5469211625102023,1.0,0.15580390590749005,1.0,0.33949908229498227,0.9801483294426033,0.4273390153149801,0.5713350340409331,0.4729663539278046,0.9027275227637005,0.3437582642961035,0.6500357001770731,0.20742705235176762,0.7233464523171308,0.48953477149394753,0.43880425194058803,0.424712400437304,0.5641504548778882,0.4308209895326261,0
1.0,0.91667,0.29167,0.83333,-0.16667,0.70833,0.25,0.875,-0.08333,0.91667,0.04167,0.83333,0.125,0.70833,0.0,0.875,0.04167,1.0,0.08333,0.66667,-0.08333,0.75,0.16667,0.83333,-0.125,0.83796,0.05503,1.0,0.20833,0.70833,0.0,0.70833,0.04167,0
0.9894488197300351,0.5947576947815032,-0.6447954495514558,0.819621021337517,0.6116395584184092,0.7871145414342615,0.04970735740573518,0.5012181488500738,0.15560624228210682,0.3462937666861614,0.2692552028089965,0.44681209395252375,0.10917399745357967,0.5895069544699902,0.2669372977924644,0.7623316780814724,0.4366861150530798,0.47879148678191935,0.11535824681729026,0.6285450439413881,0.29969005313015307,0.6396637738017277,0.0880505967370216,0.5211344262600273,0.3556293330099237,0.3965821312997836,0.19247210472535753,0.5349595547926501,0.3671773277951893,0.37481497986065193,0.3050676134856387,0.39582762159541535,0.25192212439086475,0
0.9414250343490215,0.6879599706445535,0.02622722965506436,0.9795326906058585,0.15745269231301878,0.4955519942794181,0.3634084171765103,0.7432543794339403,-0.056384379258751824,0.7152733431184353,-0.10222791795999964,0.28686319159946216,-0.4274462779976487,0.4290467043150235,0.5485669104410491,0.7436581245251552,0.38244526065528994,0.6478339232406015,0.12071851848948048,0.5216192162946007,-0.4741681436556233,1.0,-0.006376089619431851,0.5401222820043837,0.001732837142243572,0.7098803942298454,0.11334223465480966,0.7648097818833532,0.06581855969038869,0.503099752928988,0.15455815067271614,0.12424948417117196,0.5075112425923185,0
1.0,1.0,0.17491793089858343,0.9159473288428854,0.31862752614946066,0.8573363756433152,0.6155211604804814,0.8543755544501915,0.6882716399012728,0.6705196364023703,0.7914086877433356,0.48093507532688357,1.0,0.42688091487803026,0.9779248868910168,0.19034942050491782,-1.0,0.011922639053532871,0.9895230286709548,-0.11974992464550124,0.9303276419340133,-0.34939672102081876,-0.9974384885253422,-0.39990974603390106,0.8412035166342527,-0.553196552679218,0.6388033608580707,0.6484157763767092,0.5630328161751863,-0.6641793643394899,0.5237377952933397,-0.7202946093900001,0.3638875334203887,1
0.8022352551823854,0.6755292363890048,-0.15052722983206662,0.7336531548786267,-0.03448006999216996,0.7218411423244273,-0.1376675524010384,0.6196813851550449,-0.1633828375335968,0.6856146325714967,-0.16841690668263362,0.6308010434496751,-0.19550581495229435,0.44174128838606347,-0.16155365955388626,0.6750087487571543,-0.39756455528607004,0.8129368280645473,-0.1925287974031102,0.6780800080225944,-0.16605424233873406,0.8077314857878461,-0.4074548847717481,0.79941462934329,-0.28512067715802136,0.6720307103787349,-0.24703151738187407,0.7536380119693215,-0.13140896264820418,0.6496768157738042,-0.2239618086143821,0.6755565978049503,-0.14786194185813453,0
-0.07495023245793082,1.0,1.0,1.0,-1.0,-0.2084265463607952,-0.1844101195435455,-0.043641641813715555,0.2047243986602022,-1.0,-1.0,-0.08636755373656456,-0.07444231148041343,-0.0015717581721278171,-0.17920702443724582,-0.8481896061142268,0.9797250490786494,1.0,0.8357000602029979,-0.7774187359445128,1.0,-1.0,0.9446915141083385,0.8710183057418145,-1.0,0.9999151670315198,1.0,-1.0,1.0,0.9636676399971713,1.0,-0.08767324067788189,-0.0373813354728568,0
0.9523356607011249,0.4542112857828823,0.0319603464194821,0.4284865122516692,-0.06094331963426887,0.5611661891117825,-0.05294373809294054,0.5284560274811464,0.030241630892788494,0.39484243450411927,0.012995754116360215,0.5461309374298517,-0.18098741257613585,0.5365214047764825,-0.0542537866188329,0.5814358015945085,-0.11655273183430437,0.6762762719780651,-0.0014970977590624754,0.5129219754917882,-0.05441558343161988,0.5753145695591588,0.004101165803410717,0.6272934135004553,-0.022446731182593445,0.5148319826956703,-0.09674144463529528,0.507043792246259,0.03740045759016969,0.5240990083223794,-0.11513179018896494,0.5798817987716253,-0.0369470023693131,0
0.7336118828078392,0.6732114900798375,-0.10923297748240322,0.5917989611349858,-1.0,0.569707956930608,-0.2809053133755067,0.6948589067470723,-0.2322754775810892,0.5943652459554434,-0.03857740425027263,0.559714419655336,-1.0,0.6648913158211921,-0.418883066774485,0.820748865582724,-1.0,0.7186616453416615,0.8152348324846217,0.10899640496984797,0.9431092147420375,0.6404922959657742,-0.019268955981664865,0.713698828472654,-0.33542630003486384,0.6330314534443295,-1.0,0.690113737585692,-0.12603866700688116,0.6190750383719344,-0.28434744230407183,0.7205159177776822,-0.2881809024575538,1
0.8414708408612984,0.7472883152429566,0.08673803533796384,0.5729987475810235,-0.2579676800824102,0.5353953017862699,0.0659831397819907,0.6788777255222567,-0.18314383724181826,0.7981975794958195,-0.16923193433369743,0.7290171871290271,-0.04479348206921311,0.515262929477489,-0.17722058046302727,0.6732951763511055,-0.18691381626058928,0.8762665871522798,-0.09024520407472315,0.5349905155591138,-0.2315092945666724,0.6148870944445123,-0.09816930139350409,0.6274520264089994,-0.25907172335305734,0.6116785041700519,-0.08885670693253818,0.7679248098759215,0.046612238051584945,0.6262895585736531,-0.12380995535656852,0.4532529915048136,-0.07845139090734052,0
1.0,0.74449,-0.0239,0.70772,0.03309,0.72243,0.16912,0.79228,0.07721,0.81434,0.43934,0.63787,0.00551,0.70772,0.21691,1.0,0.06066,0.61029,0.05147,0.67463,0.04228,0.52022,-0.25,0.72978,-0.15809,0.61727,0.07124,0.30882,0.0864,0.55916,0.07458,0.60294,0.21691,0
0.3004480013574126,-0.7838540416812798,-0.7133722187783794,1.0,1.0,1.0,-0.747618869605393,-0.6884458593982936,1.0,1.0,-0.6188438802419887,-0.7210009846476918,-0.7128716858006701,0.2575861829747536,0.35157852199491885,1.0,1.0,-0.7020648742360956,-0.729748479843291,1.0,-0.6459087722213286,1.0,-0.6057931005803138,1.0,1.0,1.0,-0.7226665493701216,1.0,-0.7015080755797141,-0.6906211962161297,1.0,1.0,-0.7346802770317418,0
1.0,1.0,-0.01342,1.0,0.01566,1.0,-0.00224,1.0,0.06264,0.97763,0.04474,0.95973,0.02908,1.0,0.06488,0.98881,0.03356,1.0,0.03579,0.99776,0.09396,0.95749,0.07383,1.0,0.10067,0.99989,0.08763,0.99105,0.08501,1.0,0.10067,1.0,0.10067,0
1.0,0.50932,-0.93996,1.0,0.26708,-0.0352,-1.0,1.0,-1.0,0.43685,-1.0,0.0,0.0,-1.0,-0.34265,-0.37681,0.03623,1.0,-1.0,0.0,0.0,0.0,0.0,-0.16253,0.92236,0.39752,0.26501,0.0,0.0,1.0,0.23188,0.0,0.0,1
1.0,0.86689,0.3595,0.72014,0.66667,0.37201,0.83049,0.08646,0.85893,-0.24118,0.86121,-0.51763,0.67577,-0.68714,0.41524,-0.77019,0.09898,-0.69397,-0.13652,-0.49488,-0.42207,-0.32537,-0.57679,-0.02844,-0.59954,0.1536,-0.53127,0.32309,-0.37088,0.46189,-0.19681,0.40956,0.0182,0
0.8543282968591677,-0.08568461361349668,-0.17392269841735192,0.8995749548996538,-0.35351190903440616,0.04395310620336615,-0.14442159798975499,-0.1016107900757103,-0.11463501369402163,0.8475626428850973,-0.05253745127449436,0.7821043310966254,-0.35456841091053937,0.7741175116070833,-0.032524125943491695,0.909147624710725,-0.2020872551472713,-0.11120763229243319,-0.08726611078445845,0.7855074658327035,-0.35185071334363777,0.7935918333056659,-0.5697988478942179,-0.054849780457285516,-0.0810005081361887,0.8974519030697976,-0.32042337868395554,-0.18534210647620247,-0.12631098306470193,0.9198714243371919,-0.37462879279096173,0.07424309328684851,-0.2871918223981316,0
0.0,1.0,-1.0,1.0,1.0,1.0,-1.0,1.0,1.0,1.0,-1.0,1.0,1.0,1.0,-1.0,1.0,-1.0,1.0,1.0,1.0,1.0,1.0,-1.0,1.0,-1.0,1.0,-1.0,1.0,1.0,1.0,-1.0,1.0,1.0,1
1.0,1.0,-0.08183,1.0,-0.11326,0.99246,-0.29802,1.0,-0.33075,0.96662,-0.34281,0.85788,-0.47265,0.91904,-0.4817,0.73084,-0.65224,0.68131,-0.63544,0.8245,-0.78316,0.58829,-0.74785,0.67033,-0.96296,0.48757,-0.85669,0.37941,-0.83893,0.24117,-0.88846,0.29221,-0.89621,0
0.9667707040103108,0.10493235081065817,0.1342401673572563,0.19263896328262717,-0.008806151090081565,1.0,1.0,-0.9987220098390895,-0.8912859787995339,0.13576144485361585,0.021504028712204373,1.0,-0.08546136395151523,0.1809068442856861,0.11078005769699942,0.05997745041136594,0.024092809331388645,-0.8782697262387973,1.0,1.0,1.0,1.0,-0.8082891535874834,-0.016137135988666923,0.1755168855174014,1.0,-0.9059156150425867,0.07794321316635722,0.1127573450383167,0.05459336685300151,0.1618842803446487,1.0,1.0,0
1.0,0.96071,0.07088,1.0,0.04296,1.0,0.09313,0.90169,-0.05144,0.89263,0.0258,0.8325,-0.06142,0.87534,0.09831,0.76544,0.0028,0.75206,-0.05295,0.65961,-0.07905,0.64158,-0.05929,0.55677,-0.07705,0.58051,-0.02205,0.49664,-0.01251,0.5131,-0.00015,0.52099,-0.00182,0
-0.012645343569390191,1.0,-1.0,0.9859159838055176,1.0,0.987322767071401,1.0,1.0,0.9140249792587626,0.9955682654335191,1.0,1.0,-1.0,0.9346567129218917,-0.9923781827613641,1.0,0.9501728755192932,1.0,-1.0,0.9939956232046323,0.9592905274340038,0.9921520586589023,1.0,1.0,-0.9432271185020099,1.0,1.0,1.0,-0.9807772147528016,1.0,0.9934780413176432,1.0,-1.0,0
0.004679927608646568,0.9318722007996648,0.981392297021369,1.0,-0.9274083686994639,0.842448845152329,0.8504664981678186,1.0,1.0,0.9055777028858063,1.0,1.0,-1.0,0.898884255785761,-0.9478887403859173,-0.9721534618939907,-0.8241379508775513,1.0,-0.9950902681098054,1.0,1.0,-1.0,-0.9284809656867601,1.0,-0.9317351986891562,0.8909674640133892,0.9051206339715513,0.959596747363953,0.9010670009334356,-0.8198520946916666,1.0,1.0,0.8124886793190436,1
1.0,0.9330901512512962,0.2396288683902664,0.8876745164305241,-0.18057653042129754,1.0,0.16382301366712204,0.9605308079990196,0.09978207090732524,1.0,0.29750226977914096,0.9602061248520413,0.29772301240612165,0.9559879923596948,0.06157745211033072,1.0,0.047761730999244245,1.0,0.23455816035967186,0.9791907386198954,0.1654386473887132,0.9241246936899483,0.19106223914584525,1.0,0.13434134892154684,0.9796066802887865,0.05668140435986485,1.0,0.27775801207817724,1.0,0.05929926907697825,1.0,0.1284617865947251,1
1.0,0.19466,0.05725,0.04198,0.25191,-0.10557,0.48866,-0.18321,-0.18321,-0.41985,0.06107,-0.4542,0.0916,-0.16412,-0.30534,-0.10305,-0.39695,0.18702,-0.17557,0.34012,-0.11953,0.28626,-0.16031,0.21645,0.24692,0.03913,0.31092,-0.03817,0.26336,-0.16794,0.16794,-0.30153,-0.33588,0
0.8859234961576337,0.8600179994650713,0.08758871066414488,0.907141842061978,0.330278868240261,0.8069787299549609,0.5390927284218471,0.4805294355945563,0.701212935882287,0.5237725491787628,0.7409912334385569,0.4584824303710804,0.8998850410241922,0.18844392772993504,0.9026140396304118,0.04920614568915831,0.7913879899409568,-0.23437392412972297,0.6454502372082375,-0.258969159653811,0.8208196445825008,-0.5095664090443066,0.5725101517892297,-0.4571255197654347,0.44585013309796506,-0.6204827494848631,0.485697938174018,-0.6886697901332396,0.20466449107455448,-0.7590049956933788,0.2015111389928534,-0.7535470279527041,-0.04374146594579647,0
1.0,1.0,-0.074261980425018,1.0,1.0,1.0,-0.7014607481089141,0.32440990520369656,0.31175689743881363,0.3160179606113314,0.2906908017107524,0.26842851716002536,0.2849217996016861,-0.7757415240076699,0.48304767496396817,0.7853576212521034,-0.10309411748560648,-0.6708379731333535,-0.206897147730504,-0.47960933715767573,1.0,0.320688511475197,0.3023407249168047,1.0,1.0,0.7239231491414412,1.0,1.0,0.019875673108630074,0.5496869424245087,1.0,-0.08066636780157142,1.0,0
1.0,1.0,0.3741023346667426,1.0,0.19936814586552506,1.0,0.15930244540141775,0.9004692633397949,0.1577580322522681,0.9799009661057716,0.38704587240545046,0.9558871520624725,0.23581452213122428,1.0,0.25103470982331716,0.9687441787458686,0.26484976409840333,0.9759936401040861,0.22652728051043014,0.9920416725776331,0.3122360277884286,1.0,0.19192306021785077,0.8699047060957034,0.24875632667687061,1.0,0.3582986138883423,1.0,0.3603987961602799,1.0,0.3422386368074629,1.0,0.20906927007874343,0
1.0,1.0,0.09091,0.95455,-0.09091,0.77273,0.0,1.0,0.0,0.95455,0.0,1.0,0.04545,0.90909,-0.04545,1.0,0.0,1.0,0.0,0.86364,0.09091,0.77273,0.09091,0.90909,0.04545,0.91541,0.02897,0.95455,0.09091,0.86364,-0.09091,0.86364,0.04545,0
0.9481090111322777,0.24465213052750096,0.20683524563581163,0.12431832139445811,0.034111381501982854,-0.11595645538318204,0.22742141566079607,0.8367867509119468,0.8473953082988364,-0.7016166617778432,-0.977258548006413,-0.17515109360965345,-0.09934732557317653,-0.030728637110498707,-0.350221498496211,0.3322577221631657,-1.0,0.20529575965915883,-0.8403969043139408,0.13962224476326507,-0.06796694608950546,-0.2626097762508018,-0.15800309625929987,-0.18470586275006398,-0.9035668961630741,-1.0,-0.7383633557588518,-0.8195893463983439,0.23187940871796428,0.1051623583196709,-0.08148653549569075,-0.03984446024791891,-0.20808549661201697,1
1.0,-0.5418,0.14861,-0.33746,0.73375,0.52012,-0.13932,0.31889,-0.06811,0.20743,-0.1517,0.47368,0.08978,0.56347,-0.1548,0.16409,0.45201,0.33746,0.03406,0.50464,0.07121,-0.63777,-0.6161,1.0,0.65635,0.41348,-0.40116,-0.1517,0.11146,0.02399,0.5582,0.52632,-0.08978,1
1.0,0.692114830552633,0.22417824516092777,1.0,0.39165177550638597,1.0,1.0,0.6817323918782257,0.4414552100438376,0.8294808054596446,0.47727107224038784,0.9723600035606608,-0.47212151902616073,0.8707896629273514,0.8828094955511069,0.9612407261123219,0.1614108994295328,0.7605823741445236,0.1541309098277076,0.954806706504048,0.4011525966845796,1.0,0.8102411167156901,0.7265154073984555,0.4641949231365359,0.8360431680971275,0.4874436856803308,0.6603981692211909,0.2875089931525691,0.7237601488841583,0.49699896596727694,0.6632360167297917,0.34487589439336175,0
1.0,1.0,0.67784,0.81309,0.82021,0.43019,1.0,0.20619,0.80541,-0.43872,1.0,-0.79135,0.77092,-1.0,0.40268,-0.39046,-0.58634,-0.97907,-0.42822,-0.73083,-0.76339,-0.37671,-0.97491,0.41366,-1.0,0.41778,-0.93296,0.25773,-1.0,0.9357,-0.35222,0.98816,0.03446,0
0.015645657641804363,0.9863042995149462,0.9968220658087884,1.0,-1.0,0.9744708799465502,1.0,0.9014531901804252,0.8558156833354866,0.9913609712976609,0.8417206960541113,0.7588103629963926,0.9517745952095257,1.0,0.994595426577235,1.0,-1.0,-0.9386624310582674,1.0,-1.0,1.0,-0.9761829735978856,0.8516716900298891,1.0,-0.8324010408461984,0.9680881934337077,0.8785368116588049,-1.0,1.0,-1.0,-0.9190018437702147,-1.0,1.0,0
1.0,0.29073,0.10025,0.23308,0.17293,0.03759,0.34336,0.1203,0.26316,0.06266,0.21303,-0.04725,0.12767,-0.06333,0.07907,-0.06328,0.04097,-0.05431,0.01408,-0.04166,-0.0028,-0.02876,-0.01176,-0.01755,-0.01505,-0.00886,-0.01475,-0.0028,-0.0125,0.00096,-0.00948,0.0029,-0.00647,0
1.0,0.8131803975758585,-0.48064427421398387,0.24935131817500292,0.16780552918559138,0.18569109486701632,0.15270399169737045,0.5932943963521545,0.4512875570635867,0.681844460918309,0.6440810850451839,0.09865685823380885,0.717137296194122,0.5366684569526737,0.5383900055439202,-0.3508896597853738,0.5053898725924331,0.3202328639430736,-0.03012688239522257,0.21186149354081737,-0.3048954957119597,-0.3721433752058703,0.4223267340673146,0.4695190013880325,-0.09898062983524139,0.39842795558226296,-0.39933333939636506,0.7268285370292897,0.4529110740403939,0.34925709499116026,0.12367680887771798,0.2872373694927752,-0.2614757726892946,0
0.07536448665981457,-0.9840135632083593,1.0,0.9887104060766432,-0.9275420427289736,-0.953464310179926,1.0,0.10203953898063528,-0.1098115513200161,1.0,0.9114203612838836,-0.8799017918971168,-0.2253089410141281,1.0,0.9038589007960961,-0.914763407940606,-0.9451400246983126,0.9300298023777089,-0.8914284299614333,-1.0,-0.9327615080973158,1.0,0.9642759022169528,0.9303703467602332,-1.0,0.8750982489352241,0.8989882153801749,1.0,1.0,-0.061420762126725294,-0.027669333539351096,-1.0,-0.9442231007015995,0
1.0,0.94653,0.28713,0.72554,0.67248,0.47564,0.82455,0.01267,0.89109,-0.24871,0.84475,-0.47644,0.56079,-0.75881,0.41743,-0.66455,0.07208,-0.65426,-0.19525,-0.52475,-0.44,-0.30851,-0.55089,-0.04119,-0.64792,0.16085,-0.5642,0.36752,-0.41901,0.46059,-0.22535,0.50376,-0.0598,0
0.0,1.0,1.0,0.0,0.0,1.0,-1.0,1.0,-1.0,1.0,1.0,1.0,1.0,1.0,-1.0,1.0,1.0,1.0,1.0,1.0,-1.0,-1.0,-1.0,1.0,-1.0,1.0,-1.0,1.0,1.0,0.0,0.0,1.0,-1.0,1
0.9647195414349656,0.9152771620349406,0.2989745011856341,0.9543649946245911,0.6385380759383708,0.4758755970674603,0.7703249460219497,0.15488002425616057,1.0,-0.29278356688549617,0.6933030501294073,-0.7084964256788929,0.8244842180044654,-0.8934663190794951,0.4775063038297507,-0.9651039862253823,0.13475365298424766,-0.7892756300496339,-0.4644763042556,-0.6247679467375662,-0.6167723635325433,-0.21711573031060924,-0.6715462811407104,-0.1452618511877963,-0.7016525819318349,0.10018980297924651,-0.5166819688998628,0.561456405842137,-0.43718262739691066,0.5801214764189866,0.029877375493017444,0.5407955810651034,-0.10396611300712455,0
-1.0,0.06618190013282522,0.1559355590940275,0.07466582719092098,0.07493440863359312,0.11894058489400425,-0.07012072532321063,0.06405546349841658,0.1515907655586535,-0.01591701805242764,-0.10798670606300538,0.013468953211584034,0.048619041183434755,-0.12510991227517082,0.0970623305105329,-0.11419490181409213,0.20847091947497495,0.031730334622616596,0.042833553560215246,0.056221303098484846,-0.033451157046878,0.05617004595643124,-0.07069859117383892,0.12144098028406645,-0.06988104728368956,0.0797651156606298,-0.11546820329972607,-0.05993867370105559,-0.11356759349404039,-0.05020928629945033,0.0691856326883951,-0.1108808029873777,0.0698558897897187,1
0.0,-1.0,1.0,-1.0,-1.0,0.0,0.0,-1.0,1.0,1.0,-1.0,-1.0,-1.0,-1.0,1.0,0.0,0.0,-1.0,-1.0,-1.0,1.0,0.0,0.0,1.0,-1.0,1.0,1.0,1.0,-1.0,1.0,1.0,0.0,0.0,1
1.0,0.47938,-0.12371,0.42784,-0.12371,0.70103,-0.39175,0.73196,0.07216,0.26289,-0.21649,0.49485,0.15979,0.45361,-0.11856,0.42268,0.06186,0.5,-0.2732,0.54639,0.18557,0.42268,0.08247,0.70619,0.19588,0.53396,-0.12447,0.15464,-0.26289,0.47423,0.04124,0.45361,-0.51546,0
1.0,0.38521,0.15564,0.41245,0.07393,0.26459,0.24125,0.23346,0.1323,0.19455,0.25292,0.24514,0.36965,0.08949,0.22957,-0.03891,0.36965,0.05058,0.24903,0.24903,0.09728,0.07782,0.29961,-0.02494,0.28482,-0.06024,0.26256,-0.14786,0.14786,-0.09339,0.31128,-0.19066,0.28794,1
1.0,0.6254104636940052,-0.03341050858088619,0.34781400823394626,0.2494819565135258,0.951320363467203,-0.6828579273918143,0.6594923692042038,1.0,0.9458014773656392,0.447088553385404,0.6354450952578555,-0.4990354569936663,0.25760185513683126,0.3189090228088464,0.78553381316146,-0.11032159552439058,0.7717604559136344,-0.5658797483490237,0.3192127324855133,0.34079061543655637,0.27744059132767745,0.25639711699466106,0.5210816022865368,0.4345684456367116,1.0,0.06595407811996368,0.3468395444606436,-0.10950383419159304,0.4305068281140861,-0.338145506933511,0.2531442343659549,0.3032749906473697,0
1.0,0.98182,0.0,0.88627,0.03131,0.86249,0.04572,0.8,0.0,0.69091,0.04545,0.79343,0.08436,0.77118,0.09579,0.62727,0.25455,0.68182,0.12727,0.70674,0.12608,0.68604,0.13493,0.74545,0.22727,0.64581,0.15088,0.67273,0.02727,0.60715,0.16465,0.5884,0.17077,0
0.7284659346201083,0.5867778893056421,-0.06908742439884348,0.49814656089571985,0.36619388317351415,0.14960757752979403,0.5043741926839305,-0.1275716559112977,0.7403777302283616,-0.5649564281838698,0.6287517536184863,-0.9691892475907268,0.4508696715380019,-1.0,0.24837154342484857,-1.0,-0.05735979296918446,-1.0,-0.4141612013548932,-1.0,-0.7381635137070764,-1.0,-1.0,-0.7246416250961347,-1.0,-0.4848438087644195,-1.0,-0.08455238192455893,-1.0,0.09613773596642285,-1.0,0.384942941964351,-0.699127800058336,0
-1.0,1.0,0.8498005247480147,1.0,0.7900993068365559,-1.0,-0.6976875998303715,1.0,-0.7766075780210964,1.0,-0.7368743039469233,1.0,-0.7158383992971028,-1.0,0.8143226589455038,1.0,-0.6428974686355093,1.0,-0.7068254480391979,1.0,-0.37318263476401314,-1.0,-0.6816241789251263,1.0,-0.7495004569187255,1.0,-0.6763721150507227,-1.0,0.6949276489342006,-1.0,-0.6200656315881738,-1.0,-0.7189380180702373,1
0.1359461787870884,0.19361180006077158,0.12468815550089159,0.15051183777497484,0.19609853367611796,1.0,-0.8788332274227764,0.1200470832049782,0.09214256276249551,-0.7897278421035631,-0.7836779809927357,0.2160706395630768,0.14098417784244538,0.2367405322644166,0.2217819011112504,1.0,1.0,-0.846012805716091,-0.8039489405678564,0.2673053580016074,0.24333579851653317,0.17363244655425358,0.21337404082442546,1.0,1.0,1.0,1.0,0.33489657725942756,0.157942346119351,1.0,1.0,0.14896168607260996,0.14667015939898673,0
0.6720630303911609,-0.21778256886135608,-0.2957691926247142,-0.4102123162734707,-0.4551582345590322,-0.3695470817797315,-0.36727177043381454,-0.1170012332528112,-0.17276973303084425,-0.2442831842858494,-0.4819146106349991,-0.35600623197066533,-0.2790807912368981,-0.36235726613562086,-0.4805478885117657,-0.35307520442002877,-0.35931846946634566,-0.3952213313163562,-0.3315863949691345,-0.3101321011953276,-0.25537705084950857,-0.34500942167884163,-0.2969622591380787,-0.37862683103668987,-0.38591522626105496,-0.3469040329913405,-0.10088968341762805,-0.4596234383041189,-0.3486411266642938,-0.2902451341488235,-0.22037596922934286,-0.2912922376355367,-0.14829361664631296,0
1.0,0.5984,0.40332,0.82809,0.80521,0.76001,0.70709,0.8401,-0.10984,0.97311,0.07981,0.95824,-0.85727,0.91962,0.88444,0.95452,-0.05206,0.88673,0.18135,0.98484,-0.69594,0.8667,-0.85755,0.28604,-0.30063,1.0,0.17076,0.62958,0.42677,0.87757,0.81007,0.81979,0.68822,1
1.0,1.0,-0.14754,1.0,0.04918,0.57377,-0.01639,0.65574,0.01639,0.85246,-0.03279,0.72131,0.0,0.68852,-0.16393,0.19672,-0.14754,0.65558,-0.17176,0.67213,0.03279,1.0,-0.29508,0.31148,-0.34426,0.52385,-0.20325,0.32787,-0.03279,0.27869,-0.44262,0.4918,-0.06557,1
1.0,0.8659803229538977,0.377809362242238,0.7095905028435139,0.4727206159068034,0.4668803317053539,0.8207358698982148,0.21735016332602364,0.7606359092351999,0.027571660325920674,0.7851308821707261,-0.29829172783027663,1.0,-0.3119393594761439,0.7087877257709232,-0.5171137765403159,0.7346694689425748,-0.8697177022415098,0.4819342817524397,-0.7652463589578035,0.09746161770931512,-0.725377017888581,-0.1482334946716046,-0.8399088287570307,-0.14851411833510778,-0.7019510109512194,-0.5391703049376441,-0.3785076572831144,-0.5401691392888077,-0.3945628499154212,-0.8232462802259687,-0.18281804913935587,-0.8343858167269727,0
1.0,1.0,-1.0,0.18549780951158706,0.0032432898833758468,0.7085485448951963,-0.8759034646233006,0.6686285138320388,0.307741916274056,0.11305027001283974,-0.6712059039409249,-0.22646614883701413,-0.13305990823025018,-0.1578218632936128,0.02376278659621728,0.8374086939185208,-0.8018735730296072,0.6540021501027071,-0.7317796252931283,-0.3334925191158349,-0.159933958305562,0.03581408153830973,-0.8331340218149618,-0.8031367522870757,-0.9382782914972754,-1.0,-1.0,1.0,-1.0,1.0,-1.0,-0.18292062132043915,-0.5981029842870158,1
0.0,-1.0,1.0,1.0,-1.0,-1.0,1.0,0.0,0.0,1.0,1.0,-1.0,-0.1875,1.0,1.0,-1.0,-1.0,1.0,-1.0,-1.0,-1.0,1.0,1.0,1.0,-1.0,1.0,1.0,1.0,1.0,0.0,0.0,-1.0,-1.0,1
0.0986144503016134,-0.8867714796385641,-0.8192324297889888,1.0,-0.9390885777733767,-0.8001667948659271,1.0,0.07942912199346436,0.1303168198751294,1.0,-0.8175689443651942,1.0,-0.8550528965134738,0.13912604918871138,0.0745790436945546,0.21885557857868204,0.18170227304000025,0.11121659012833085,0.15817886623059138,-0.8027083340768064,1.0,1.0,-0.7055216877232855,-0.857720316614745,1.0,1.0,1.0,0.21099302275330648,0.13091107967766016,1.0,0.7024083787252652,0.09453725868427318,0.10204506044356476,0
0.9946408793546777,-0.9721579514649482,1.0,-0.8665748275108713,0.05785116219854302,0.3007576298961403,0.9811241008499204,-1.0,0.9827603783197828,-0.9191467325151099,-0.9625154817463851,0.9049256772362663,0.9665556986235608,-1.0,0.17444188360307067,0.1470163997890893,-1.0,1.0,0.8554035296026994,-0.32500892284707794,-0.9690495721796304,-1.0,-1.0,1.0,-1.0,-1.0,-0.12435460591635258,0.941981459439148,-1.0,-0.9462492245109074,-0.3193687780934925,0.04853914126266856,0.9528725201427942,1
1.0,0.8381823393365923,0.12444563546579294,1.0,0.37533621850020343,0.9883638461158106,-1.0,0.7054557521095698,0.09823365408088733,0.998018460301503,0.30772166236596554,0.9729916599096948,0.6185597968381543,1.0,0.3257404308469871,1.0,-0.004694954920380953,0.5402005518774073,-0.4807154187244095,0.9781523082651475,0.6506749550419024,0.8956041211947705,0.24017199224369032,0.9181306799029979,-0.3353232512471443,1.0,0.18765288489539314,0.3844858244911894,-0.07935947807332164,1.0,0.13444375885397952,0.987373208549034,0.3878167348610368,0
1.0,1.0,0.11385,0.70019,-0.12144,0.81594,0.09677,0.71157,0.01139,0.56167,-0.0778,0.6907,0.12524,0.58634,0.03985,0.53131,-0.03416,0.6945,0.16888,0.72676,0.07211,0.32068,0.05882,0.53321,0.37381,0.4909,0.17951,0.1518,0.32448,0.44141,0.18897,0.56167,0.1518,0
1.0,1.0,-0.0373,1.0,-0.07383,0.99601,-0.11039,0.99838,-0.09931,0.98941,-0.13814,0.96674,-0.21695,0.95288,-0.25099,0.91236,-0.344,0.90581,-0.32152,0.89991,-0.34691,0.87874,-0.37643,0.86213,-0.4299,0.83172,-0.43122,0.81433,-0.42593,0.77919,-0.47977,0.75115,-0.50152,0
1.0,0.90608,-0.01657,0.98122,-0.01989,0.95691,-0.03646,0.85746,0.0011,0.89724,-0.03315,0.89061,-0.01436,0.90608,-0.0453,0.91381,-0.00884,0.80773,-0.12928,0.88729,0.01215,0.92155,-0.0232,0.9105,-0.02099,0.89147,-0.0776,0.82983,-0.17238,0.96022,-0.03757,0.87403,-0.16243,0
1.0,0.93669,-0.0019,0.60761,0.43204,0.92314,-0.40129,0.93123,0.16828,0.96197,0.09061,0.99676,0.08172,0.91586,0.05097,0.84628,-0.25324,0.87379,-0.14482,0.84871,0.26133,0.75081,-0.03641,0.84547,-0.02589,0.87293,-0.02302,0.98544,0.09385,0.78317,-0.10194,0.85841,-0.14725,0
1.0,1.0,0.2520276807654903,1.0,0.8329982566009416,0.9987714054787938,0.989742140571664,1.0,-0.11718877993366382,0.9820882387509418,-0.011015052195102869,1.0,0.18706493926206041,1.0,0.0027714638803666147,0.5623480271067621,-0.135308718061256,1.0,0.09830076726762611,1.0,-0.21898388351210452,1.0,0.05803805620287457,0.43477113681616936,-0.21689457364464682,1.0,0.11929482367484179,1.0,0.16005014159608175,1.0,0.6220739851253402,1.0,0.08981589284196315,0
1.0,0.19690962658437722,0.27717632766121303,-0.8390266597076004,-0.7612324573798496,-0.7853629942792206,1.0,0.14498484956413885,0.11374917080280955,-0.7769062240257436,1.0,1.0,1.0,1.0,-0.809871440203198,0.1631302508842838,0.15061292824427638,0.1868861663056545,0.22231474876378074,-0.8176842247442496,-0.860611391888006,-0.8040913232749566,1.0,1.0,0.6397361015915323,1.0,-0.8456682660514124,0.152670053659132,0.11572222113922201,-0.7421237837038246,-0.7780623667207898,-0.7970607335605373,1.0,0
0.9600649394362928,0.9428953999874029,0.22114312317049553,0.9108330161914538,0.07082372090628902,0.8336478983788869,-0.3258024964749829,0.8865042236518154,0.052956759285719225,0.8818328222780523,-0.24258789590811308,0.933212150449827,0.022923908779522426,0.7816507116470397,-0.23478882000622284,0.8784756901211646,0.08257009454888758,0.8660616624508787,-0.252597179696771,0.906459511903081,0.1363476967665794,0.7573768007026459,-0.014358248473952843,1.0,-0.19948050174114576,1.0,0.14908624332513393,0.7987212264760758,-0.2204012066622793,1.0,-0.06362825250413268,0.5445922619026871,-0.17626124325654113,0
1.0,0.8941,0.13425,0.87001,0.31543,0.78896,0.43388,0.63388,0.59975,0.54003,0.71016,0.39699,0.76161,0.24266,0.79523,0.09134,0.79598,-0.09159,0.76261,-0.20201,0.66926,-0.30263,0.6261,-0.40552,0.50489,-0.46215,0.40753,-0.50314,0.27252,-0.52823,0.19172,-0.48808,0.05972,0
1.0,0.8909940329823004,0.10307485338230117,0.8963849160691315,-0.24840605461400433,0.8176495652530171,-0.1104246002303747,0.8632786064045119,-0.04068949104789191,0.7698691139681486,-0.0072718248883132525,1.0,0.07075129789683879,0.9543437761895749,-0.004468745380793809,0.8112752162256054,0.2878000588518277,0.8930109437259336,-0.06843036693946995,0.8265921548033561,-0.03494381153107007,0.8213347927329793,0.13960364671740033,0.8206267319996763,0.06487691770666623,0.9812638268818618,0.19034940331617656,0.8355737026566973,0.02371618382641456,0.9982585776115486,0.22059202699765734,0.9874893310575503,-0.08146966049869417,0
-0.059949635677825325,-1.0,0.7803306558626261,1.0,-1.0,-0.1769023986801296,0.03750867740902097,-0.22930508534655614,-0.13741677578223788,1.0,-0.9350105167252868,0.9459082056364865,1.0,-0.061945874228000526,-0.00867969331166554,0.8933464064416486,-1.0,-0.0854949392563606,-0.10162051925980568,0.14614753949830744,0.10781643488182742,0.8694691424252671,0.83278486904404,-1.0,1.0,0.8561212714824833,-1.0,-0.9875791420795274,0.984790095633679,-1.0,-0.8382888038922024,0.06362420721208359,0.11841274532431058,0
1.0,0.97032,-0.14384,0.91324,-0.00228,0.96575,-0.17123,0.9863,0.18265,0.91781,0.00228,0.93607,-0.08447,0.91324,-0.00228,0.86758,-0.08676,0.97032,-0.21233,1.0,0.10274,0.92009,-0.05251,0.92466,0.06849,0.94043,-0.09252,0.97032,-0.20091,0.85388,-0.08676,0.96575,-0.21918,0
1.0,0.98002,0.00075,1.0,0.0,0.98982,-0.00075,0.94721,0.02394,0.977,0.0213,0.97888,0.03073,0.9917,0.02338,0.93929,0.05713,0.93552,0.05279,0.97738,0.05524,1.0,0.06241,0.94155,0.08107,0.96709,0.07255,0.95701,0.08088,0.9819,0.08126,0.97247,0.08616,0
0.9158363572157132,-0.02831083419009128,0.04654848467973511,-0.12959533684284852,-0.17264222121511966,-0.020547742927828128,-0.16199585406422573,0.11386826804507405,0.0048276617204522036,-0.033775574240146225,-0.049999293383870255,-0.1637602904192263,-0.01802320479076852,-0.12106448818574,-0.31645205682550814,-0.10864587434280883,-0.15086207435353605,-0.15640055524544047,-0.056479041664857205,0.02012178507703285,-0.10285220678929718,-0.008899093814580511,0.005853329409702408,0.0015260482602598765,-0.03194281988326052,-0.1950905573840478,-0.013922208360612198,-0.043366488852736876,-0.05620180832415019,0.08664692588848612,-0.12344465369056398,0.04669702547228674,0.03672835422525741,0
1.0,0.90374,-0.01604,1.0,0.08021,1.0,0.01604,0.93048,0.00535,0.93583,-0.01604,1.0,0.0,1.0,0.06417,1.0,0.04813,0.91444,0.04278,0.96791,0.02139,0.9893,-0.01604,0.96257,0.05348,0.96974,0.04452,0.87701,0.0107,1.0,0.09091,0.97861,0.06417,0
1.0,1.0,1.0,0.0,0.0,0.0,0.0,0.0,0.0,0.47744,-0.89098,-0.51504,0.45489,-0.95489,0.28571,0.64662,1.0,0.0,0.0,0.0,0.0,0.6203,0.20301,-1.0,-1.0,1.0,-1.0,1.0,1.0,0.0,0.0,0.0,0.0,1
1.0,0.8826248255828408,0.09490170100890391,0.8760393583736743,0.26272821246704525,1.0,0.2686094428602684,0.8364955303253606,-0.023289326872009575,0.9686301661347638,0.07106311658524007,0.9422533047093377,-0.35353170315546256,0.9259239673963984,0.24095553762018931,0.9625872452876483,0.038604928923880476,0.9035451643939856,-0.02573045069007398,0.9409076284970859,-0.29999844818446586,0.7634627387034405,-0.16370965043316268,0.7949255473571227,-0.05004217515554785,0.8891902429618432,-0.025874839151839357,0.7550276805094818,-0.13055532089743435,0.7463220599210846,0.20596933516301946,0.9515103271671417,0.0663307123107125,0
1.0,0.84134,-0.18362,0.43644,0.02919,0.93421,-0.00267,0.87947,0.13795,0.81121,-0.01789,0.88559,0.54991,0.91714,-0.57486,0.75,-0.2952,0.86676,-0.20104,1.0,1.0,0.4661,-0.1629,0.90066,-0.02778,0.93358,-0.01158,0.61582,-0.32298,0.84463,-0.25706,0.93323,-0.01425,0
0.9931657629149873,0.6713343778816915,-0.2400121428999857,-0.621927016527086,0.08950835525687206,0.4829421034835535,-0.40608830900633686,-0.7598604764790017,0.139460083222157,0.4760654864772156,0.23868305192734982,0.5630734470130049,-0.28015722504101404,0.5281234930150474,0.3689389957249997,0.3370249895689502,-0.4631784777188072,0.3733861945373001,-0.22999236024715344,-0.26647295005581617,0.21783197643371333,-0.6176552945350788,0.13861976062347964,0.23687517029786093,-0.11082688894142255,-0.2990262731927822,-0.05563429422974578,0.4635998219094499,-0.050950890901116694,0.6792460982010243,0.17941915592491883,0.49725457082710267,0.11312532852763979,1
0.6949786431187179,-0.13118006624772005,-0.47977121272144074,0.3113412476090238,-0.23035765122837593,0.2197647861140028,-0.11816812302077065,-0.5540317228138525,-0.10861389466392916,0.028248669150646125,-0.46366504670434044,0.32783363755977796,-0.14896638487065156,-0.07559412016513976,-0.1901134863750733,0.33086666581264174,-0.18021821355879797,0.2126694666603309,-0.13930266671700514,0.5071252075959786,-0.13332839970286,0.0015715955544699026,0.3273944347778267,0.15155918550567268,-0.25281530753710935,0.37049260218213265,-0.14915569275424723,0.02230869234074758,-0.3622247984544672,0.051160211465377164,-0.19711110816044702,0.17058326433358914,0.06650993566031829,1
1.0,1.0,-0.05529,1.0,-1.0,0.5,-0.11111,0.36111,-0.22222,1.0,-0.25712,0.16667,-0.11111,1.0,-0.3466,1.0,-0.38853,1.0,-0.42862,0.0,-0.25,1.0,-0.50333,1.0,-0.27778,1.0,-0.57092,1.0,-0.27778,1.0,-0.63156,1.0,-0.65935,1
1.0,0.7863400345187601,1.0,0.7855446157263841,0.629096179759713,0.6409283321327541,0.7753448344120047,0.1122147071399824,1.0,0.7021922867959778,0.9529763315512287,-0.45866653251096906,0.6965983926006898,-0.6199307837503906,0.4691771760606242,-0.7908045061537677,0.4140208292517073,0.35798415768546377,0.16284488675565412,0.34266896966538063,-0.02740259306773956,-0.6846396811368107,-0.457047235007728,-0.4610823387432196,-0.4809701215954873,-0.05413348409825791,-0.6953363802208278,0.08320319241810478,-0.47205453213092935,1.0,-0.5677800201092347,-0.8486527794634753,-0.29669814147283774,1
0.9658581000281746,1.0,-0.032327587645439665,1.0,-0.16454122774084065,1.0,-0.09708316472486321,1.0,-0.12529946635536693,1.0,-0.030367033885807387,1.0,-0.4248352536819754,0.9993031104773967,-0.21222943518938236,0.9335990574686478,-0.35895128578816654,0.9089317710477556,-0.34111362678632934,0.8484807089830498,-0.4384326012371509,0.9166855182490291,-0.4767459890502943,0.8091963331955648,-0.42506417395908136,0.8926772694835697,-0.4063772039028081,0.7811491265848272,-0.41026132703086876,0.7436786869606435,-0.3689778183450532,0.7390661879797641,-0.5144200928552494,0
1.0,0.5679837128627857,0.22276778450078338,0.6733224371046936,-0.03897993913981612,0.6276038768212073,0.08522549682045408,0.6540423172486804,0.1356025261621688,0.46660424074634627,0.01203409394863391,0.6404457331641793,-0.6135561596718363,-0.22784495638004243,-0.9365415372642615,0.711232843563633,-1.0,1.0,-0.1301138440048531,0.8532916507154094,0.056250754206860626,0.2564413516004488,0.08752278161317811,0.6316540628512775,-0.33595773839636506,1.0,-0.04721918569423471,0.524037760120575,0.558575918222763,0.773567821209072,-0.354282800230846,0.5589407690834783,-0.3777154413913945,1
1.0,1.0,-0.01179,1.0,-0.00343,1.0,-0.01565,1.0,-0.01565,1.0,-0.02809,1.0,-0.02187,0.99828,-0.03087,0.99528,-0.03238,0.99314,-0.03452,1.0,-0.03881,1.0,-0.05039,1.0,-0.04931,0.99842,-0.05527,0.994,-0.06304,0.99057,-0.06497,0.98971,-0.06668,0
0.0,1.0,-1.0,0.0,0.0,0.0,0.0,1.0,1.0,1.0,-1.0,-0.71875,1.0,0.0,0.0,-1.0,1.0,1.0,1.0,-1.0,1.0,1.0,0.5625,-1.0,1.0,1.0,1.0,1.0,-1.0,1.0,1.0,1.0,1.0,1
0.2270321251790693,1.0,-0.8689331977770904,1.0,1.0,1.0,-0.824567054290665,1.0,1.0,1.0,-0.9075308334203781,1.0,-0.8910344741649442,1.0,-0.8304341376803632,1.0,1.0,0.7162209504764163,1.0,0.7678084389166102,0.8665897489823036,1.0,-0.8985430887574307,1.0,1.0,1.0,1.0,1.0,1.0,1.0,1.0,1.0,-0.7984335233087941,1
1.0,0.4449724058376515,-0.07710089081953211,0.639260706226084,-0.18113996383360487,0.18107834029424175,-0.710187170950704,0.4131176052790507,0.059390946348067,0.266400049900597,0.031814949765315986,0.37403088932915585,0.29453841261734753,0.30109300031953135,-0.4351608488468138,0.20681907276748313,0.09548549445338242,0.39430682336211165,0.04079055331340752,0.17124437986051974,0.4627245685696436,0.6804789546232402,0.15133874914933454,0.3222257651033939,0.21899655453451736,0.5350736362530337,0.07620133012471755,0.33003867682394555,-0.04779836422284324,0.18962856636479067,-0.26861858047164205,0.21928776763353652,-0.24996120694176235,0
1.0,1.0,0.5433983740285709,0.7537126867735721,0.882641055772638,0.41595217027206965,0.9494804574024885,0.007870684942187414,1.0,-0.3459248718170893,1.0,-0.46342273161688297,0.786233420398535,-0.6136576211885698,0.38133588111590566,-0.7029952687765236,-0.08606742975222405,-0.5182405018886631,-0.09126615285221713,-0.37789132851887497,-0.43667484538720264,-0.06234730809815892,-0.49475903796362897,0.28979543856670076,-0.5576393265197407,0.3665424052744556,-0.27971779368029703,0.5987945480785757,-0.18147782371143767,0.6855153424523057,-0.03299023996351,0.5979518789155369,0.25201929891278524,0
1.0,1.0,0.9369551675709349,1.0,-1.0,1.0,-0.41710684864092124,-0.22820385829438122,0.09761292897185199,1.0,0.9301132658704865,1.0,-0.8795981561998895,1.0,0.9092509046367325,1.0,-1.0,0.03971566622586911,0.06322494793549471,-0.0862426354507958,-0.16123997114547695,1.0,-0.30395122739298497,0.04807878743486559,0.03985395045340089,0.9275703331097875,-1.0,1.0,0.9526241257257858,0.9256469838295958,-1.0,0.05023963694786743,-0.05628286644453952,1
1.0,1.0,0.019138898885017304,0.9933827757830394,0.3989815397536245,0.7389826958469153,0.7573533374327375,0.973276614903574,0.44313274014867443,0.7831629532524856,0.6205443037747992,0.9197979115844492,0.021958181937931906,0.7980834209514275,0.687418534224943,0.6641177934915976,-0.01998901244813768,0.6713848684532397,0.03634845140936278,0.623158296991614,0.4009553909322524,0.8777942424777795,0.1865020421987657,0.5926255679189496,0.22546816882697607,0.8699588974265352,0.2225616929147303,0.7434380263701608,0.2810550893666706,0.915443474728703,0.035743993701007254,0.843788226113172,0.4233454018273694,0
-0.1893029679871502,0.034622404473503676,-0.025770903304624403,0.9451862418887608,1.0,-0.10264047472893949,-0.19526766844340027,1.0,0.8011448600824556,-0.2699120309141989,0.12715747659859516,1.0,-0.9338192521683714,-0.0619398604691471,-0.19381685842526272,-0.16601020990647347,-0.03810644592037973,-0.17813640010852586,0.04298740698639146,-0.06474411132481865,0.02590504663114277,0.021720737951700316,0.05415193761943377,0.06992755382045981,-0.048146082709094325,1.0,-0.9669588620211755,-0.34004464327307116,0.09051360442032863,-0.9790080925291649,1.0,-0.18015810336261678,-0.04420824452273507,0
1.0,0.91241,0.04347,0.94191,0.0228,0.94705,0.05345,0.93582,0.01321,0.91911,0.06348,0.92766,0.12067,0.92048,0.06211,0.88899,0.12722,0.83744,0.14439,0.80983,0.11849,0.77041,0.14222,0.75755,0.11299,0.7355,0.13282,0.66387,0.153,0.70925,0.10754,0.65258,0.11447,0
1.0,1.0,0.11765,1.0,0.23529,1.0,0.41176,1.0,0.05882,1.0,0.23529,1.0,0.11765,1.0,0.47059,1.0,-0.05882,1.0,-0.11765,1.0,0.35294,1.0,0.41176,1.0,-0.11765,1.0,0.20225,1.0,0.05882,1.0,0.35294,1.0,0.23529,0
1.0,0.81143,0.03714,0.85143,-0.00143,0.79,0.00714,0.79571,-0.04286,0.87571,0.0,0.85571,-0.06714,0.86429,0.00286,0.82857,-0.05429,0.81,-0.11857,0.76857,-0.08429,0.84286,-0.05,0.77,-0.06857,0.81598,-0.08669,0.82571,-0.10429,0.81429,-0.05,0.82143,-0.15143,0
1.0,1.0,0.4944951695329261,1.0,0.7874496895975165,0.968887564957449,0.9301917809042103,0.6510973578396761,1.0,0.47904678124534567,1.0,0.2646247452278149,1.0,-0.04812102051254935,1.0,-0.09905453133135261,0.9983744067111442,-0.2935508824264575,0.7739219482961268,-0.4581423290038085,0.5708147942678623,-0.5563502594406863,0.5160254682183321,-0.46674037399737617,0.25158664884982074,-0.46235201194242936,0.08559222920374153,-0.46926360374364623,-0.04611256465816084,-0.2751517851342977,-0.2792241750593171,-0.16333647721462793,-0.35587125885996285,0
0.776071091917274,0.9569914215825849,0.03950789314160713,0.7355195608344246,0.49978829232479804,0.46435524932487077,0.8394525038731984,-0.15155637149177512,0.9875618432775211,-0.7619684727826173,0.5452751094537358,-0.9834222548385186,0.3293218233022005,-0.9037055345905854,-0.35629769392710275,-0.5219213583261386,-0.744544701796805,-0.23959752084528038,-0.862875178917893,0.03444987150342245,-0.959456815328791,0.7259876481595242,-0.7531329280399205,0.7410822256302942,-0.30185751932962107,0.8937036983898694,-0.057560915574340885,0.725730156064174,0.5266048266082937,0.12500824622962348,0.9513057844772267,0.16468389850684892,0.6823611894157228,0
0.8269970188406538,0.6534569317908105,-0.2457763940102198,0.7150732492671492,-0.1958912625510543,0.7372105328950124,-0.16734544070299565,0.719824207230251,-0.2147046136686649,0.579396112988916,-0.22947103969194146,0.6929949995773661,-0.014273314353202546,0.6816518629238549,-0.3109454781545009,0.6281133838826991,-0.06512729376149834,0.6330851175636087,-0.10118069980554466,0.6101169126525232,-0.2728243371377712,0.7190338270003868,-0.24117726417945679,0.641008887353123,-0.2556337976865105,0.5630449512070993,-0.14516008668040165,0.5835528141905809,-0.2011987754250185,0.5481162376790222,-0.20436573222481788,0.598605674566768,-0.19934226682098746,0
1.0,1.0,0.12768310033571606,1.0,0.12726094707765406,1.0,0.26458053058084335,0.9582939221430705,0.12769912386181098,0.7417763225639666,0.25254596857578726,1.0,0.3405372637544899,0.927826027963207,0.20755091295183734,0.8355459151541389,0.4146012650301309,0.8721212900199031,0.3088022890025795,0.8777848770467226,0.3439003940118588,0.9057181072892632,0.2751903196021541,0.865689080268411,0.2687089118602228,0.7948966358327425,0.26260844591216553,0.8600845497875867,0.1768713570954607,0.7621732713228675,0.3716430086253263,0.7746574378394195,0.33133020084089937,0
1.0,0.0546,0.01437,-0.02586,0.04598,0.01437,0.04598,-0.07759,0.00862,0.01724,-0.06609,-0.03736,0.0431,-0.08333,-0.04598,-0.09483,0.08046,-0.04023,0.05172,0.02011,0.02299,-0.03736,-0.01149,0.03161,-0.00862,0.00862,0.01724,0.02586,0.01149,0.02586,0.01149,-0.04598,-0.00575,1
1.0,0.9408,0.11933,0.85738,0.01038,0.85124,0.01546,0.76966,-0.00278,0.84459,0.10916,0.83289,0.03027,0.8268,0.03506,0.74838,0.01943,0.80019,0.02405,0.80862,0.04901,0.80259,0.05352,0.77336,0.0222,0.79058,0.06235,0.85939,0.09251,0.77863,0.0709,0.77269,0.07508,0
1.0,1.0,0.42186325112253825,1.0,0.36860809326860255,1.0,0.3557274070359427,1.0,0.2670673425463985,1.0,0.4046264905214794,1.0,0.3198559224763132,1.0,0.2846783577338877,1.0,0.18839624987810386,1.0,0.34843027285787026,1.0,0.2786448851502883,1.0,0.3428962850992466,1.0,0.25266845870251375,1.0,0.4249960272521891,1.0,0.40941504037836246,1.0,0.29371177028194667,1.0,0.23815752768470166,0
-0.2644699685611389,-1.0,-0.7448064994419321,0.7250212543641813,-1.0,1.0,0.6771745564816948,-0.2793243667814878,-0.28296744036215854,-0.779846141495629,0.7357542873171709,-1.0,-0.5354212298199423,0.6878473146901134,0.6350531475547004,-1.0,-1.0,0.7589357704000012,-1.0,1.0,-1.0,-0.6758330760557777,0.706017256348593,-0.7865041541450565,-1.0,0.6940460471679505,0.6258620210266175,-0.6871997395581173,0.68531143254474,-0.40520556755165876,-0.21922029904184262,-1.0,1.0,1
0.800621999380158,0.34513527429309715,0.773573458370329,0.4718702579660051,0.3136018175282732,1.0,0.6530928988610943,0.35325959417752867,0.2618772723782573,0.027961828937022953,0.842591817264062,0.7073030531093965,0.8268740771716785,-0.35968780570405545,0.78848093350304,-0.46883083153498173,0.7730672470823281,-0.783435772367009,0.6507755119126774,-0.3315571752343306,0.4879185815728778,-1.0,0.3876144732597434,-0.6225886488553783,0.21776282068895497,-1.0,-0.16120107952348844,-1.0,-0.30689825285264677,-1.0,-0.625793610254317,-1.0,-0.7972065936562188,1
0.0,0.0,0.0,-1.0,-1.0,1.0,1.0,-1.0,1.0,-1.0,1.0,1.0,-1.0,1.0,1.0,-1.0,-1.0,-1.0,1.0,1.0,-1.0,-1.0,1.0,-1.0,1.0,1.0,-1.0,-1.0,1.0,-1.0,-1.0,1.0,-1.0,1
1.0,0.95882,0.10129,1.0,-0.01918,0.98313,0.02555,0.96974,-0.09316,0.98955,-0.02716,0.9798,-0.03096,1.0,-0.05343,1.0,-0.05179,0.9384,0.01557,0.9762,-0.09284,0.97889,-0.05318,0.91567,-0.15675,0.95677,-0.06995,0.90978,0.01307,1.0,-0.10797,0.93144,-0.06888,0
1.0,0.90071,0.01773,1.0,-0.01773,0.90071,0.00709,0.84752,0.05674,1.0,0.03546,0.97872,0.01064,0.97518,0.03546,1.0,-0.03191,0.89716,-0.03191,0.8617,0.07801,1.0,0.0922,0.90071,0.0461,0.94305,0.03247,0.94681,0.02482,1.0,0.01064,0.93617,0.02128,0
1.0,0.83427,0.39121,0.5404,0.78579,0.12326,0.89402,-0.33221,0.83578,-0.70086,0.59564,-0.86622,0.21909,-0.84442,-0.24164,-0.59714,-0.61894,-0.19354,-0.87787,0.12439,-0.89064,0.51109,-0.72454,0.79143,-0.27734,0.83008,0.08718,0.66592,0.49079,0.37542,0.70011,-0.03983,0.79444,0
1.0,1.0,-0.21146289477863545,0.7678423731738403,-0.09979609669905998,1.0,-0.11089965332542726,1.0,-0.14155965139682142,1.0,-0.06051405250181935,1.0,-0.6528143622702599,0.5963205916269816,-0.4648447816985401,1.0,-0.36319390126080114,0.9438712624480864,-0.6980338905557726,0.6563068931220227,-0.6818947203791462,0.6683464283310114,-0.524158271831579,0.7829163024667838,-0.6948556184083388,0.6556003581662095,-0.7249514956563265,0.4106894770903546,-0.7679208725129086,0.29204907409483183,-0.685141935237432,0.44555038471707153,-0.8552943291716778,0
0.9027481757327489,0.9175030377562695,-0.48550225480316467,0.8836895678599057,0.03169102502026866,0.870565245589587,-0.9885012708189851,0.8575714697897509,0.6202557641638066,0.9286509334307229,-0.1276029148212467,0.9394998224503198,-0.07664346024986894,0.9211484948277389,-0.2770975973950516,0.8912394620884199,-0.2241885171961065,0.9534991210994478,-0.26817941818481167,0.8733718055758706,-0.24365909290323495,1.0,-0.3396144607861606,1.0,-0.322202620313357,1.0,-0.3803393346657652,0.9325382044464948,-0.3944239061210999,0.8983269199397658,-0.4586309368282996,1.0,-0.4738773527567473,0
0.0,-1.0,-1.0,0.0,0.0,0.0,0.0,0.0,0.0,0.0,0.0,0.0,0.0,1.0,-1.0,0.0,0.0,-1.0,-1.0,0.0,0.0,1.0,1.0,1.0,-1.0,1.0,-1.0,0.0,0.0,0.0,0.0,0.0,0.0,1
1.0,0.21429,-0.09524,0.33333,0.07143,0.19048,0.19048,0.2381,0.09524,0.40476,0.02381,0.30952,-0.04762,0.30952,-0.04762,0.28571,-0.11905,0.33333,0.04762,0.30952,0.0,0.21429,-0.11905,0.35714,-0.04762,0.22109,-0.0229,0.19048,0.0,0.16997,-0.02034,0.14694,-0.01877,0
0.8213930463349346,1.0,0.24107940246255388,0.745423719253937,0.4680848399385241,1.0,0.42700360602667686,0.6813078465567809,0.6381938952432598,0.5157093104665683,0.5382071615955973,0.36092586810917887,0.8240508261762856,0.40849968875826476,0.16422240311860054,-0.3738079428244747,0.847830884803504,-0.19774800941182588,0.7545421853821004,-0.4766162634835044,0.6313652467632139,-0.8666489933073542,0.5657598653298185,-0.6699097077156972,0.5553854367119903,-0.7135535483393225,0.34257726209320905,-0.7084187550280724,0.2666368744793479,-0.7310931158966778,-0.011980052591198498,-0.6285526978473026,0.20338765027704558,1
1.0,1.0,0.25323732812788247,1.0,0.35075154487584437,1.0,0.27998105154400044,1.0,0.26812370864385004,1.0,0.11028852427265132,1.0,0.186582388183081,1.0,0.24105189941921948,1.0,0.18932740780631285,1.0,0.13893839640818162,1.0,-0.06547371698811716,1.0,-0.004311076681008729,1.0,0.00559105623767716,0.9947114276577279,-0.03227019410233876,1.0,-0.11663210857217404,0.8439447497015963,0.08152951985263343,0.9473453199250925,-0.08942659926837743,0
1.0,1.0,1.0,-1.0,1.0,-1.0,-0.82456,0.34649,0.21053,0.46053,0.07018,0.22807,0.05702,0.35088,0.34649,0.72807,-0.03947,0.22807,0.5307,0.0,0.0,-0.29825,-0.16228,1.0,-0.66667,1.0,-1.0,1.0,-0.24561,0.35088,0.20175,0.82895,0.07895,1
1.0,0.83367,0.31456,0.65541,0.57671,0.34962,0.70677,0.17293,0.78947,-0.18976,0.79886,-0.41729,0.66541,-0.68421,0.47744,-0.74725,0.19492,-0.7218,-0.04887,-0.6203,-0.28195,-0.49165,-0.53463,-0.26577,-0.66014,-0.0153,-0.69706,0.22708,-0.64428,0.431,-0.51206,0.64662,-0.30075,0
0.9088715956657575,0.3594320166071213,-0.22639366598218955,0.8587089371470672,-0.018618704130343597,0.4057023521311676,-0.19124219863199032,0.2054923958232549,-0.18053544248591127,0.40309259738470415,-0.28123146315936504,0.5760703451053072,0.1708512643519785,0.7181685683504794,-0.5593860164993076,0.4140999849856047,-0.11720088870280589,0.3767717312499296,-0.10851267030898516,0.483670026189661,0.17352492404325642,0.6624674194312553,-0.09414843764939008,0.25204116455846337,0.03087808016201623,0.5458090321051781,-0.15457824909513526,0.5071492318392895,-0.16187646659031793,0.7473212417597851,-0.26994556985413365,0.7025258702749928,-0.1763680470474484,0
0.9120559119086972,1.0,-0.1694810957804051,0.7002763281109206,1.0,0.8991244720566585,0.26716137894183584,0.9389233553993631,-0.09974211747995579,0.9653918216983551,0.33302656107281503,0.5417245986439458,0.005039455724775516,0.782671441649709,0.07053547446389569,0.9242576326883142,-0.6357590009265806,1.0,-0.37860035857660135,0.722435720037174,-0.21712617849287508,0.8924017912257058,-0.12222670802076319,0.9576859015311947,0.13963212918888973,0.911555281385901,-0.17079263843291154,1.0,-0.28950698731058017,0.370313576312303,0.40568911787365314,0.4968363255451969,0.09885812420952274,0
0.9331921582318199,0.5285036987945078,0.0397713317773786,0.8024327675345106,0.18843516872161334,0.7311153903604413,0.5481970179473306,0.628658496586088,0.7383074467066919,0.3288579080096434,0.6674510318863078,0.12552690448169995,0.7018891458228412,0.09626795625832571,0.9746053966799735,0.14869968081809085,0.938056129383022,-0.15169869553821017,0.61984946640367,-0.3492288192353814,0.7064214993079201,-0.04920739081292058,0.6838335208828683,-0.45798748210026163,0.4784620802822782,-0.46653204644525165,0.6912599584249424,-0.3304348007831165,0.3089142605810512,-0.5128675245071451,0.23362947465178263,-0.4188814063003693,0.0018722865834165936,0
-0.0020425874599360365,-0.8873187112042501,-0.9681892088061713,0.09859962285593048,-0.0013735150527608103,-0.7405897037598598,-0.6026911925440719,0.14043564280727083,-0.7603277128156137,-0.0221304796318061,-0.026307418837184904,-0.015293507774579588,0.0042621493147844474,0.9921094458293511,-1.0,0.10708607773755655,0.11593063895674383,-0.7502600426938955,-1.0,0.7203444534795523,-0.26727922427957557,1.0,0.7960785038989941,0.86219364549988,-0.9534884539377854,0.9129901350408762,-1.0,-0.6899600373048516,0.10214763886859357,-0.6938356492922908,-0.007581680991155013,-0.05301187983550711,0.11478470798606193,1
1.0,1.0,0.025804060936725444,-0.9485223708893282,-0.9376772298466625,-0.9622004675765908,-0.8475825174939597,1.0,0.3708813022817034,0.9370071730708422,0.8296559770226792,-0.9377827575751434,-0.9205124493344986,-0.8789357649600568,1.0,0.5862538742004597,1.0,1.0,1.0,0.7658101369117892,-0.8888371031524444,-1.0,-0.8154647444794887,0.9707114144056613,0.40887924485759936,1.0,1.0,1.0,0.5940912489567218,-0.9038117894934845,-0.3046290958838822,-0.9464224132129153,0.8795436719214309,0
0.7597497802981398,0.299179623921054,-0.14409364350626333,0.4714124563141164,-0.3343596392015421,0.4966180263294543,-0.29089451507398606,0.32053949950101357,-0.38064037156705494,0.423912789991157,-0.18532740037648923,0.4180848175178888,-0.1972406600157617,0.40554680897966944,-0.2138040650048934,0.39423030681978083,-0.35575441568284805,0.3218676101466433,-0.21177288355544593,0.4077257092658959,-0.22821573151060578,0.3743082234809666,-0.18852890854090146,0.2667416583544896,-0.41347579323288836,0.31752097956520525,-0.22597620632347312,0.29290931757599237,-0.051099042428836054,0.27994343998517296,-0.18888129821059044,0.21904887471713674,-0.22361050394331233,0
1.0,-0.16273008368961422,0.5923509607477567,-0.21263014317019852,0.27802487329647546,-0.04951058235616161,0.044760218539647345,0.18480612095842966,0.046956622305713555,0.07595070818041871,0.09018847628951901,0.029276763809155545,0.1115047806173786,0.16568402467079318,0.13404357500428687,0.013956562256684,0.075609845681941,0.11955939856185846,0.14395721572507286,0.06317588463161913,0.02897599748084645,0.09632133268023522,0.1360036871685848,0.11424269610469204,0.04726125807420605,0.20630903511551893,0.09448297451308887,0.1127245233108212,0.0611738628033702,0.16723238680857294,0.13530272045976463,0.11964171265633432,0.031762617507981206,0
0.0,0.0,0.0,0.0,0.0,0.0,0.0,1.0,1.0,1.0,1.0,0.0,0.0,0.0,0.0,-0.375,-1.0,-1.0,-1.0,0.0,0.0,0.0,0.0,-1.0,-1.0,-1.0,-1.0,-1.0,1.0,1.0,0.0,0.0,0.0,1
1.0,1.0,-0.06290551166084034,1.0,0.01516455251223664,0.5619084521458246,0.10828590514103827,0.68337668476275,0.03603396934938399,0.8096490135406028,-0.02949109537387917,0.7730789891322074,0.009677316592828177,0.6661438798720013,-0.172386595813805,0.277016093044006,-0.09868657727710561,0.6964089875747743,-0.13652049770004007,0.6099347764089268,0.05791751916799613,1.0,-0.3019487185101746,0.37891225770468956,-0.30275982292568615,0.5822969445164425,-0.19140723684353497,0.3898517076360898,-0.1118843228421982,0.28946531717344287,-0.39105253437230864,0.5183645455377974,0.008953993323282339,0
1.0,0.4709,0.22751,0.42328,0.33598,0.25661,0.47619,0.01852,0.49471,-0.02116,0.53968,-0.34127,0.31217,-0.4127,0.3254,-0.51587,0.06878,-0.5,-0.1164,-0.14815,-0.1455,-0.14815,-0.38095,-0.2328,0.00265,0.03574,-0.31739,0.15873,-0.21693,0.24868,-0.24339,0.2672,0.04233,0
1.0,1.0,0.33239653187507134,0.10514500993797171,0.1972480303966109,0.7381543537223078,0.16314923367639483,0.527283213940982,1.0,0.6467313972653043,1.0,0.14359546960563085,0.7410657142388796,0.3206492337522653,0.2857269221878675,0.17881199669568573,1.0,-0.35157557954991275,1.0,0.1002776529808685,0.5729343947368433,-0.19729757440855875,0.43855733323964974,-0.7048057487332484,1.0,-0.11471245560647908,1.0,-0.8482234905657414,0.7997615341029902,-0.8216418117902777,0.3026924096613985,0.2583429353647354,0.12887000611242563,0
1.0,1.0,0.0,1.0,0.0,0.66667,0.11111,1.0,-0.11111,0.88889,-0.11111,1.0,-0.22222,0.77778,0.0,0.77778,0.0,1.0,-0.11111,0.77778,-0.11111,0.66667,-0.11111,0.66667,0.0,0.90347,-0.05352,1.0,0.11111,0.88889,-0.11111,1.0,0.0,0
1.0,0.99645,0.06468,1.0,-0.01236,0.97811,0.02498,0.96112,0.02312,0.99274,0.07808,0.89323,0.10346,0.94212,0.05269,0.88809,0.1112,0.86104,0.08631,0.81633,0.1183,0.83668,0.14442,0.81329,0.13412,0.79476,0.13638,0.7911,0.15379,0.77122,0.1593,0.70941,0.12015,0
0.7015916776456349,0.5382029025830632,-0.3598210127659902,0.6354270085411587,-0.43695693537939506,0.5513176828257051,-0.2015981327580657,0.485207055667251,-0.3778492451943995,0.3687169112259503,-0.4971727979463005,0.43095017372691147,-0.44768503302612583,0.44257038909688406,-0.501524105496206,0.47671888082014413,-0.49047546235596173,0.26425917012419065,-0.43261097082598726,0.48474475627298835,-0.4659068337040471,0.6764790668336039,-0.3235189033274264,0.47664845846182596,-0.5423318387285956,0.46570486752347906,-0.5387507612710133,0.30781714965158596,-0.4438175387108942,0.37796522388884346,-0.648185250711283,0.36717227380787715,-0.5213735252936603,0
1.0,0.98166,0.00874,0.98103,-0.03818,0.97565,-0.05699,0.95947,-0.06971,0.99004,-0.04507,0.94713,-0.11102,0.93369,-0.1279,0.94217,-0.11583,0.79682,-0.192,0.88274,-0.17387,0.86257,-0.18739,0.88487,-0.19689,0.81813,-0.21136,0.78546,-0.23864,0.76911,-0.23095,0.74323,-0.23902,0
0.9333344614120964,1.0,0.7002375879874195,0.786889691006462,0.8113537381724771,0.42280502119178826,1.0,0.3283617531161668,0.9474595322171859,-0.5856480551224441,1.0,-0.7174186520112061,0.7745896591974946,-0.9276803290348492,0.5185643272010073,-0.45613625353280257,-0.561680020948258,-0.8450309034949741,-0.4858516521816513,-0.7211096745890503,-0.7736595706874032,-0.2969621697169773,-0.8868009772899801,0.4400339073668555,-0.9814331763071467,0.33126539514696396,-0.8309455828530814,0.2531742869568288,-0.9919052376291386,1.0,-0.3237297535928203,1.0,0.08729887403617095,0
0.6198286399047835,0.3459333823356127,-0.5834483177101385,0.4380344173225384,-0.09792750219744081,0.11595622756949839,-0.04905578126831353,-0.14527776976988407,0.17320370826269532,0.6430510604808112,-0.3794348592367709,-0.304496412086487,0.016214534795354077,-0.2960106405870234,-0.005886807104817426,-0.1625250532273587,0.02730475310001325,-0.12200832185852073,-0.05356008533385555,-0.2869768752628331,-0.08271303888603582,-0.30554392586836554,-0.08207638142718841,-0.30239045186183927,-0.11190654295161019,-0.43379564276337146,-0.029261455978955186,-0.36350804261189645,-0.2785933275606715,-0.3825611870601876,-0.24055359302480323,-0.3536059418948465,-0.27342192477395405,0
0.7237849067596749,0.5576013398103833,-0.22489932009979074,0.407289092115149,-0.3511975072437392,0.5788265387296101,-0.2932530737617497,0.6192339518381773,-0.278648227939763,0.466545162836584,-0.17245249757944806,0.5933329432244049,-0.20603937585973642,0.7439676885744155,-0.22652851865400703,0.6900165543598529,-0.10167467612051383,0.7028446017586244,-0.3114179424224257,0.5449817105989612,-0.22526593636861905,0.5557571008315129,-0.2304902598444946,0.5562167084200983,-0.16680903044605383,0.513318448680062,-0.17582136163219103,0.4044510964911119,-0.21971261084339955,0.587563799349914,-0.1833516550249764,0.6362559791975356,-0.3150209723390414,0
0.7990721619553831,0.26348969354182183,-0.30457801010032365,0.3847572151193881,-0.3211385254175523,0.175327657907503,-0.3099433387562496,0.37331938031578665,-0.1593534346218341,0.3594912315524787,-0.33527678747939416,0.4566769904437655,-0.12125243375865555,0.331371434145989,-0.28303373431982315,0.3883223104897786,-0.16301236367084967,0.45626252467399697,-0.20475547926176443,0.35328523448983906,-0.21921697951643637,0.13292105755144057,-0.23545101918791156,0.4622634316281414,-0.08769181341057986,0.3636883205483578,-0.23569525328243343,0.27692245071385674,-0.27058913051167954,0.40867844925547253,-0.21431527238911552,0.3369404096049589,-0.32070320205534614,0
-0.29058588783810113,0.764128569968145,0.47042735397051266,0.6870123304553727,-1.0,-0.3840177081402734,-0.27477940012685376,-0.5490890519983722,-0.2113848382430027,0.6287670061124994,1.0,0.3771133185676965,0.6798845743039665,-1.0,-1.0,0.7181585056354265,-1.0,-1.0,0.6701665278863611,-0.3545865212631891,-0.5042211294247854,0.7151518236290337,-1.0,0.7015394553249759,-1.0,0.7487089653227627,0.6860457111134756,-1.0,-1.0,-0.27882076862531674,-0.2973859712885566,-0.34007737336534133,-0.33236341031833233,1
1.0,0.89835,0.35157,0.67333,0.62233,0.43898,0.94353,-0.03643,0.8051,-0.22838,0.75334,-0.25137,0.48816,-0.57377,0.28415,-0.6675,0.10591,-0.47359,-0.06193,-0.81056,-0.06011,-0.33197,-0.47592,-0.12897,-0.5362,0.07158,-0.51925,0.24321,-0.43478,0.36586,-0.30057,0.42805,0.13297,0
1.0,-0.3378216978097191,-0.08069383579624372,0.12327724267551428,-0.03920201232088839,0.1743006935317706,0.14696525189872878,-0.18993956930349992,-0.020065373838836453,0.9372674805267814,-0.5278233612092941,-0.036928405479738,0.1475769835261581,-0.08972955733176938,0.03965216881407078,0.14618988625001883,0.07191029381373176,0.10505211363931535,-0.03732649500585143,-0.11349997247419542,-0.23952249742263657,-0.2284761336553896,1.0,-1.0,0.23773739837696944,0.09524796557870463,0.712902471205457,-0.43034780902336917,-1.0,-0.25441681156064944,-0.14590288480167207,-0.028182539650978528,-0.7079612408677134,0
1.0,0.7244825554336303,0.1709169447913724,0.724327597964493,0.16765118582504002,0.8053566075568915,0.17394221737482723,0.8080247055776361,-0.007779407931404109,0.7658590246865273,0.09502201260152424,0.8146614142138783,0.10566701851610397,0.8371426307303169,0.2031847510357085,0.7943162819049953,0.26673749020316995,0.8763087996139032,0.18898595686946473,0.8571502468190549,0.19706158590534228,0.907078648719715,0.14909506993489582,0.7355648439726605,0.3012231292366946,0.7836115225896251,0.1184239031379685,0.7053561273717911,0.1890093519975732,0.7334045372671129,0.23832973358722753,0.788687787352309,0.29602588466678803,0
1.0,0.92308,0.15451,0.86399,0.29757,0.72582,0.3679,0.70588,0.5683,0.57449,0.62719,0.4327,0.74676,0.31705,0.67697,0.19128,0.76818,0.04686,0.76171,-0.12064,0.76969,-0.18479,0.71327,-0.29291,0.65708,-0.38798,0.58553,-0.46799,0.50131,-0.53146,0.40732,-0.56231,0.35095,0
1.0,1.0,-0.08714,1.0,-0.17263,0.86635,-0.81779,0.94817,0.61053,0.95473,-0.41382,0.88486,-0.31736,0.87937,-0.23433,0.81051,-0.6218,0.12245,-1.0,0.90284,0.11053,0.62357,-0.78547,0.55389,-0.82868,0.48136,-0.86583,0.4065,-0.89674,0.32984,-0.92128,-0.13341,-1.0,0
0.7527228892576032,0.7076229947158273,-0.33896189057679843,0.8907135790463588,-0.36366813296444606,0.09609385773726675,-0.16403731595921672,0.8253858735990566,-0.2558388238341766,0.7193989484763411,-0.15398117382844514,0.7401732979152896,0.4104187054681849,0.8038403362834857,-0.9204451721460254,0.7428640695552351,-0.589281543400614,0.7024895929101379,-0.3762853443132444,1.0,-0.5591869572478072,0.7242275601780547,-0.2120747538922056,0.6938131937114808,-0.7020893569207995,0.6102018667988742,-0.6026508806794745,0.7077043271875421,-0.5438602288672563,0.6337558160797944,-0.5915460800731646,0.6381171391400441,-0.7541723061540655,1
1.0,0.9044036651989608,-0.9929454174966847,0.9068636108672324,-0.7981487873997527,-0.42562551142921096,-0.02330395297034798,0.7237143265808788,-0.05141860789060814,1.0,0.07091028133759388,-0.4309722566817052,-0.11897368800861267,-0.5353032110630295,-0.14469343610961613,1.0,0.14523029565692505,-0.46499106814714336,0.10380971078294174,0.43762889794038184,0.23005282891688697,1.0,-0.03762316255611477,-1.0,0.790942249431492,0.828016905887103,-0.024547783806693743,0.994143628399007,-1.0,0.9389450693198212,0.5099595660752304,0.5465498747848035,-0.16619600958517053,1
0.6115810199611794,0.6797270865144238,-0.34031741277441574,0.3300321502738522,-0.3840118033547747,0.6221069847020317,-0.38696143739651523,0.7410733419420983,-0.18251753686707192,0.6618525512593296,-0.36315575181186766,0.48619516455911926,-0.5228107214405647,0.762522852629361,-0.5483885157576883,0.7026527915389964,-0.43573853463667894,0.8037262556306498,-0.4838012810140185,0.7502785983825421,-0.5524224838342121,0.6553803854477247,-0.6527073766366648,0.8338946213290673,-0.4057146533794316,0.6691398300115663,-0.6111758079892288,0.4920882550583329,-0.4822091095568019,0.6972734828243214,-0.4834669721021957,0.27985053262989334,-0.5372479384585594,0
1.0,0.9781571001469528,-0.07332717162763754,0.9355014980896338,-0.193472636514396,0.8818014018110467,-0.2738920985800585,0.19869627342135,-0.3059453181461137,0.7329074076270651,-0.4653196479629177,0.7599358024248399,-0.5534506740551873,0.7328828730101525,-0.5648484757952436,0.4895933112144519,-0.7232114899490856,-0.6471952501627469,-0.6952996038623194,-0.7078947630949927,-0.7287330323863261,0.2690435036330511,-0.8467446198319992,0.23356261588776403,-0.8042695342197285,0.14576499446271357,-0.8216376204849649,0.04576416622838108,-0.8083849678307903,-0.025429005579558468,-0.7749038459344126,-0.1849846556061811,-0.8984352636344608,1
1.0,0.73523,-0.38293,0.80151,0.10278,0.78826,0.15266,0.5558,0.05252,1.0,0.21225,0.71947,0.28954,0.68798,0.32925,0.49672,0.17287,0.64333,-0.02845,0.57399,0.42528,0.5312,0.44872,0.9453,0.57549,0.44174,0.482,0.12473,1.0,0.3507,0.49721,0.30588,0.49831,0
0.0,1.0,1.0,1.0,-1.0,0.0,0.0,0.0,0.0,-1.0,-1.0,0.0,0.0,0.0,0.0,-1.0,1.0,1.0,1.0,-1.0,1.0,-1.0,1.0,1.0,-1.0,1.0,1.0,-1.0,1.0,1.0,1.0,0.0,0.0,1
0.9510254954190785,0.9844611666512919,-0.11277264363942281,-1.0,-1.0,-1.0,-1.0,0.9666705656595954,0.3063481249437287,0.7946067332140752,0.6603875567921206,-1.0,-1.0,-1.0,0.9438893177927707,0.4941299416553216,0.9449887998154736,1.0,0.929154321502813,0.6292635922619985,-1.0,-1.0,-1.0,0.6756503227161388,0.23370468273989037,0.9441170651711476,0.8947981829590479,0.9090081907314563,0.4715327939566644,-1.0,-0.38153727670166904,-1.0,0.7233841292379589,0
0.9472533227599617,0.18198743935244518,-0.9801366907356451,-0.9734874659106264,0.9713230499640976,0.016933733700484094,0.05237591578380006,0.04659390027310212,-0.011807184500248489,-0.9976199732734259,1.0,-0.09226883970224753,0.026764328312487533,-0.5662011776228881,-0.7144797628707246,0.7643134951890145,0.30320182429158327,0.5037496217619402,0.1633687705190134,-0.055207161844349706,0.03924637892274416,-0.991361986132568,-0.261871677001045,-0.9524917114297059,0.9453722616701633,1.0,0.9205171137547468,-0.9944164058465262,0.618033059173399,0.01041304697522237,-0.04137590190526806,0.03188530430599332,0.002044201090671348,0
0.9224366755855229,0.5700787913869789,-0.14775799341491702,0.32792761269233994,-0.1738792642296187,0.7477312886065002,-0.3366809427103284,0.8482675513093816,0.20113996003730752,0.13833187187134688,-0.30669667348911245,0.5375441116425316,0.2444966887953576,0.39185291478079504,-0.22483293018581446,0.5050131680080163,-0.06873222165641121,0.5683568382391769,-0.12061673521644875,0.4578929884940503,0.05943984545117969,0.5027123644689196,-0.06448934945687906,0.5796450280590432,0.15244250815057647,0.6200224978625182,0.032754938879591605,0.06025344293658866,-0.17309987165065296,0.4056119128329249,-0.14334994809372842,0.3697334936118257,-0.6082239097981826,0
0.9493383675692402,-0.025997998626934783,0.002793910943843618,-1.0,-0.612532303808764,0.9511088876954575,0.4883843085215698,-0.11185897120177835,-0.28721880396666793,-0.9571261682001528,-0.3529580562741294,0.14791404935937202,-0.6201696268295661,1.0,-1.0,-0.07254469243375405,0.018369765005205187,0.8522072140680532,-0.07495321401520436,-0.3071147207490519,0.9839496428229428,0.2208708041587323,-0.7117356878314773,-0.1216044397027829,-0.07066451024942226,-0.26494460791680496,-0.5462880922140965,-0.3830157456359546,-0.40886403583418374,0.6591640557181764,0.8230844139261677,-0.8249711948048802,0.4764970515803675,0
1.0,1.0,1.0,1.0,-0.6959102785220659,1.0,-0.8023411592072418,1.0,1.0,1.0,1.0,1.0,1.0,1.0,-0.803107375663953,1.0,1.0,1.0,1.0,1.0,1.0,1.0,1.0,1.0,1.0,1.0,0.680235970554682,0.12429618686104775,0.2842216956931176,1.0,-0.8168595298741651,1.0,-0.7989926985647487,0
0.26227356971388377,0.7727715339647525,-0.8201726259212421,1.0,1.0,-1.0,-0.8002337099564362,0.9549534096154001,-1.0,-0.05435756818683293,-0.0798271234765953,-0.13252723748874148,0.15540109677525507,-1.0,0.9958494215510078,0.7978719354841675,-0.9956865045551132,0.8381703538088165,-1.0,-0.7653003074134516,1.0,1.0,-0.9287231459414137,0.9818115948029389,-1.0,1.0,-1.0,-0.8831792183773226,-0.8269674285492317,-0.11779414961660882,-0.0972223693886491,0.9236026291019555,-1.0,0
1.0,0.8949996910091289,0.16802001423317334,1.0,0.29430853202516377,0.9368842886472502,0.3611200888540999,0.9322151991848207,0.06157069984999804,1.0,0.26496114989965913,1.0,0.20488349841613665,1.0,0.26301916297078676,1.0,0.15808550710032673,0.9148516672471261,0.1577030083693915,1.0,0.11403103638755005,1.0,0.2571376239420821,0.865157215328021,0.14965551224749254,0.9303573244376773,0.2901049727558983,1.0,0.10469995862965653,1.0,0.313260336614662,0.9016949506888268,0.22504390723211457,0
1.0,1.0,-0.09524,-1.0,-1.0,-1.0,-1.0,1.0,0.31746,0.81349,0.7619,-1.0,-1.0,-1.0,1.0,0.47364,1.0,1.0,1.0,0.68839,-1.0,-1.0,-1.0,0.82937,0.36508,1.0,1.0,1.0,0.50794,-1.0,-0.3254,-1.0,0.72831,1
1.0,1.0,1.0,0.620373574467498,0.2818613666314628,0.3630849388652999,1.0,-0.14515946489706094,1.0,0.1592627891121316,0.5393311306422953,-0.6565394556512237,0.5665139307803599,-0.732628497595822,0.08828879819075705,0.1770555539906186,-0.2992828663066582,-0.22329254653059605,-0.6778095599452594,0.030589669619064716,-0.735926619582236,0.4552347998210694,-0.15240609250877787,0.9718411144575362,-0.32731398909636333,0.9890962440342005,0.09389016594774396,1.0,1.0,0.5712456461721804,0.22720142059165105,0.4002581517185245,1.0,1
1.0,0.8402767476989217,-0.2043309563032895,1.0,0.19549731153228875,0.9801035297596722,0.24875145962368486,1.0,-0.0961770416612796,0.8884813953209392,-0.1247824991324403,0.623103701102781,0.8256669174748621,0.9641878342651036,0.18628605326589365,0.8147638282399835,0.45742220793826005,1.0,0.21049746807862502,-0.27676261445607786,0.22526684766929375,0.7831852873654066,0.6380605551906858,0.8515992944286245,0.21968364014845293,0.8650920117883178,0.30374021591263206,0.7655677423664302,0.18972096852685608,0.6970825515470774,0.21859638607930304,0.6440350267459538,0.20962856295808255,1
0.653909862800588,0.6837852585658305,-0.23597765383602254,-0.4432255486234895,0.512762941241611,0.09479681987004143,0.7393194814325288,-0.09648752377290314,0.553229131381431,-0.7474972433041995,-0.7410076811331198,-1.0,0.47060290567590324,-1.0,0.08416995954783658,-0.6671314616859401,-0.9229136132470582,-1.0,-0.7543157622290367,-0.9925044057046927,-1.0,-0.6082670819974021,1.0,0.047232045200965966,-1.0,0.055472507338455906,-1.0,-0.014300215779305559,-1.0,0.6141143560483083,-0.6696333168787445,0.6612843051053149,-0.19127338744814304,1
1.0,0.9285893979782119,-0.17216175860416533,1.0,-0.10366235731680956,1.0,-0.06736358050578511,1.0,-0.11630050709085318,0.8778952014958721,-0.36789662471945633,1.0,-0.18820844536601497,0.853639376324347,-0.35182001514682665,0.9460902069551048,-0.26300272835125454,0.9708782890662514,-0.3304147256600324,0.8557406998994057,-0.4126951228384747,0.8618274943500723,-0.5204021173169747,0.7319762389018182,-0.4171958534339558,0.7916173520968222,-0.5672589168294981,0.5914197750628245,-0.5773260342399401,0.6893540423106329,-0.7207868051652715,0.5621965065754372,-0.6385459266084648,0
0.24554722217574795,0.26147084605391946,0.2841527190561791,0.2200509250986815,0.20282660563023214,0.171225536431857,0.12200542350512009,0.18105708347967556,0.20057164692392587,0.1894801449909551,0.22484065975334186,0.12224609639227411,0.1858560465981102,0.294693235569116,0.24473469808771164,0.2257642665732365,0.21448887886372497,0.17668316724266714,0.1072512475247648,0.21781118963320042,0.07253334429811703,0.17867696698196164,0.19477180063748392,0.17259523834224977,0.303523913119362,1.0,1.0,0.1486884218089816,0.2910255264608732,0.22590321705378552,0.1478557771249499,0.19659060567741257,0.2428835027895071,0
1.0,0.9970571705845659,0.03600569887565349,1.0,0.4417635805166683,0.7629650266053172,0.6575608753568731,0.9456839632155185,0.5797480677105386,0.8954194966370962,0.5221359414441618,0.8371098595035149,-0.011345892858132978,1.0,0.6603261815190937,0.6977453409618335,-0.036226470002360275,1.0,0.07091119247907943,0.5929889337185176,0.39092021917368225,0.2950204226183719,0.22331346359049165,0.6733345903899879,0.15182470656558958,1.0,0.09113974422850117,0.7418883265132509,0.23631560549521588,0.8340693148940226,0.03733004464709814,0.7814911593241316,0.48338049943753236,1
-0.03753361034868466,0.015614734334165728,-0.048454819842356986,-0.13898759296290628,-0.09714568566065329,-0.10026181780599251,-0.0031344587172163936,0.03614761323013724,0.06829480859035737,-0.11774719423792682,0.017562676333303516,-0.05655780073411696,0.15575395546708087,0.06335971863722258,0.08246019552621772,0.028492860012946715,0.0032597625866599873,-0.04380850744408685,-0.05561277785136198,-0.06765983441931048,0.01740101028186846,0.07397063874826626,-0.04106199964523491,-0.06299445780082931,-0.10866373351040057,0.9950279709017593,-0.9458974803408604,0.057106110161337625,0.06305279521356205,0.005270867577854242,-0.014242210962057397,0.05728160651903351,-0.08625720493100764,0
1.0,1.0,-1.0,1.0,1.0,-1.0,1.0,1.0,-1.0,1.0,-1.0,-1.0,-1.0,-1.0,1.0,1.0,1.0,1.0,1.0,-1.0,1.0,1.0,-1.0,1.0,-1.0,1.0,1.0,1.0,1.0,-1.0,1.0,-1.0,1.0,1
1.0,1.0,0.21485528340454674,0.9189372594019485,0.13935700988724095,0.9359123099416379,0.2866913546176216,0.9753539545167491,0.2215006993041068,0.8493755844725852,0.4372026673075328,0.7250253796567869,0.560493922484509,0.7452221223268004,0.6485722343055984,0.6527671600240946,0.6806264421264109,0.6372002398691043,0.809193398204136,0.4457186852270351,0.6953655566381981,0.35489511060470164,0.8000058949983514,0.23199170835814578,0.7367157305112796,0.06007600344185421,0.7834783704403262,0.16084352920515693,0.8172519169577488,-0.013401738322063178,0.8156975267980474,-0.14103626780099088,0.765925150925371,0
1.0,0.05866,-0.00838,0.06704,0.00838,0.0,-0.01117,0.00559,-0.03911,0.01676,-0.07542,-0.00559,0.05307,0.06425,-0.03352,0.0,0.09497,-0.06425,0.07542,-0.04749,0.02514,0.02793,-0.00559,0.00838,0.00559,0.10335,-0.00838,0.03073,-0.00279,0.04469,0.0,0.04749,-0.03352,1
1.0,1.0,0.5793942815979666,0.5628871867869903,0.4538554561363187,0.22878710364455107,0.5208289640127572,-0.3630477339433754,0.7842962193710442,-0.36156488914982715,0.5305720938539682,-0.6642781309736792,0.06020552259331908,-0.4794540833935302,-0.05098778715971901,-0.2866907157729641,-0.3862903217799056,0.02273085574345947,-0.7754234087174207,0.6499236381045366,-0.4763878322251733,0.628670763499109,-0.3839804191366388,1.0,-0.24178252034227432,0.7849120115236963,0.24959042118068803,1.0,0.7719080954560869,0.3584190201638814,0.42521513500956,0.22421492341908728,0.4683175465256515,0
1.0,1.0,1.0,0.4875676608616524,0.09083381130503096,0.2564040973818683,1.0,-0.06777657585252518,1.0,-0.23253583193970892,0.04809266439938675,-0.5372638682699553,0.3750735607286087,-0.964495879838608,0.7724635418230166,-0.3324385575537784,-0.2405426416930065,-0.44119902645069076,-0.7912762253769714,0.0016673679809004194,-1.0,0.3249753075329902,0.39298876610034017,0.8416673986551918,-0.3064569453301364,1.0,-0.02890443527717125,1.0,1.0,0.4545547722843247,0.1503469829126155,0.3841310978773963,0.8164887793704936,1
0.9304294632130493,0.7752588601693461,-0.19603994719379217,0.8204653507854507,-0.11137424135028713,0.8429730975087217,-0.10341998883105867,0.8425015605259869,-0.1376775491659064,0.9300879447450487,-0.1511061546732101,0.9056413525477826,-0.04007283870940155,0.8772686832357877,-0.20694258391592102,0.8323068824247033,-0.15236072996322209,0.8388585424785789,-0.14424433171283885,0.8614569053590578,-0.05072674073789144,0.8555052230099023,-0.11198492791267145,0.7831027528042166,-0.0948319212699055,0.9152677240139924,-0.07969651036276806,0.8231688622121602,-0.07797216438754463,0.818010497611767,-0.052852195163219796,0.8361006695396119,-0.028289846516978235,0
1.0,0.86284,0.1931,0.8092,0.41149,0.67203,0.55785,0.54559,0.69962,0.36705,0.81533,0.19617,0.85671,-0.04061,0.86284,-0.17241,0.75785,-0.341,0.65747,-0.48199,0.56092,-0.6023,0.40996,-0.59234,0.25747,-0.63038,0.08818,-0.57241,-0.07816,-0.54866,-0.19923,-0.42912,-0.31954,0
0.0,0.0,0.0,1.0,1.0,1.0,1.0,0.0,0.0,0.0,0.0,-1.0,-1.0,0.0,0.0,-1.0,-1.0,0.0,0.0,0.0,0.0,1.0,1.0,0.0,0.0,1.0,1.0,0.0,0.0,-1.0,1.0,0.0,0.0,1
0.943218374269639,0.9683564978889083,-0.15063656969847175,0.8801175303890238,0.0654261862765145,0.7766756897947646,-0.056940397278309955,0.9207981263913295,-0.14874736908331376,1.0,-0.19876767911390436,1.0,0.03685210263311743,0.9672631564913254,0.14076452368281772,0.9388611317068739,-0.0764798557446677,1.0,0.1692272123128713,0.8530787211435132,-0.03956405319509414,1.0,-0.03685030025350814,1.0,0.12928650364837357,0.8589973594220839,0.0283584528760363,0.9991330227686088,-0.22879160307512672,0.789188629500024,-0.12597836941549162,1.0,0.09786014272386588,0
1.0,0.95704,-0.12095,0.63318,-0.1269,0.96365,-0.18242,0.97026,0.0846,0.92003,-0.01124,0.83543,-0.24719,1.0,-0.31395,0.99273,-0.21216,0.98678,-0.21018,1.0,-0.27165,0.93126,-0.39458,1.0,-0.19233,0.88793,-0.31565,0.81428,-0.23728,0.89095,-0.31857,0.69531,-0.41573,0
0.8541075203775995,0.8399560132217893,0.21409071415562755,0.8065174452623076,0.257675822809423,0.7891962556934418,0.4112419704742431,0.7414524838194612,0.5056951021802452,0.6687083279228083,0.6555820680273123,0.3764894190109492,0.6991646318109324,0.4256746282246184,0.6124468652827166,0.1708258872813713,0.8653116247932882,0.09864094640433967,0.7003224900533009,-0.07814453284267522,0.814748535980522,-0.10087925920079853,0.6673430035249306,-0.33868720585806694,0.6717095228157182,-0.47585449838714555,0.7145629845462067,-0.4202015547060918,0.42018063447574505,-0.4273591835253623,0.4711956448829367,-0.48806223223072936,0.4001306980441587,0
0.9658134716817373,0.09894473663513162,-0.044349154678754006,-0.05743602939665821,-0.011460522090622031,0.05710025390646808,0.11491489824742511,-0.10667221127795205,0.05594156331966797,0.07253040794918739,-0.1459217938431356,-0.015014770708289268,0.1224892983713074,-0.12022616361340738,-0.08251369045788896,-0.03253096199213759,0.02960797885105425,0.03661355198126605,0.03197967083332831,-0.0004661556207964587,-0.03300636286057867,0.06365388134927846,0.048975259663100366,0.10621230254227207,-0.05121605962324833,0.06973437056441521,0.04395781614370793,-0.002061856460400212,0.16354443962423648,-0.03972696342012204,0.06644395084234231,-0.009128048449685058,-0.07529983235713683,0
0.8542374920553337,0.8704625213171439,-0.13763977752642995,0.8486904736855646,-0.08516261456997223,0.7542890227985458,-0.18254973515845282,0.8299524130685199,-0.21670900037699337,0.8088227518572717,-0.10367853208602908,0.8101258300715825,-0.23411617261623,0.8129772923027547,-0.1541099625238377,0.8118188553922849,-0.1303237491632106,0.8368738075072424,-0.1562269261568306,0.754602390857197,-0.18128258381240941,0.7842255509383788,-0.1591208113648441,0.839972805532363,-0.15228048375234368,0.8556746644565529,-0.16905978141067102,0.8885724171837054,-0.11674369560069528,0.8253961128615666,-0.11469829201163283,0.787096358037917,-0.24367333202855235,0
0.6773202201236401,0.7109478459387427,0.3373544040456079,0.5326156868876822,0.5063757269087547,0.09763608777488347,0.7023942444602004,-0.07615738516894045,0.46722619885785316,-0.7496375570916322,0.7210455269788199,-1.0,0.3963209421809245,-1.0,0.08386771111743636,-0.7497888224337312,-0.9019874852829309,-1.0,-0.7902569274459906,-1.0,-0.9674362950577877,-0.6583441462660929,-1.0,0.10660028144663432,-1.0,0.1940897368782348,-1.0,-0.07636246272997269,-1.0,0.6403393214629411,-0.7154759316418061,0.6672897818830194,-0.30643075484996585,0
0.9891578878796646,0.8835556496247746,-0.05011309351657796,0.9868392469807753,0.0025860053721556836,0.9587415481724857,-0.03634554333863,0.8336411578101289,-0.09980642338311219,0.9208671223083565,-0.11863995311021575,0.9003205849748177,0.002168135370174379,0.8277996976459903,-0.09694873665973108,0.9986250304400139,-0.03407280902294242,0.7254606190988007,-0.1104947351438213,0.8273975425918676,-0.10513489825217813,0.92627978027285,-0.09028958791862976,0.9053007199816485,-0.08288319903459157,0.9055715125840108,-0.08968378089917656,0.6791108734225775,-0.17453807009424394,0.9244747364490071,0.01200718498006692,0.8725316953213191,-0.14588080494182257,0
1.0,1.0,-0.10745054282390826,0.7628444897554736,0.17676887916080158,0.7258839678677266,0.22292267757755038,1.0,0.356884824628036,0.6362837085585061,0.4568744896250448,0.7373383378672538,0.38449801475121603,0.7324052022030304,0.5803452363889656,0.6059803031662627,0.5090247556607003,0.8228158086662747,0.6898775598470217,0.6010464565291236,0.5604888324232276,0.28465594697470364,0.7146740940307592,0.353601180540523,0.4719363380647613,0.23574033649772277,0.40687444072665924,0.3710960660180207,0.63010519163705,0.16854854461396915,0.4852500196924622,0.020436357185022,0.16749982987380713,0
1.0,0.86889,-0.07111,1.0,-0.02494,1.0,-0.06889,0.87778,0.00222,0.83556,-0.06444,1.0,-0.07287,1.0,-0.2,0.86889,0.05333,0.88,-0.03778,1.0,-0.11526,1.0,-0.18667,0.84444,0.03556,1.0,-0.14162,0.82222,-0.14667,1.0,-0.15609,1.0,-0.44222,0
1.0,-0.67935,-1.0,-1.0,1.0,1.0,0.63317,0.03515,-1.0,-1.0,-1.0,1.0,1.0,0.88683,-1.0,-1.0,1.0,0.8384,1.0,1.0,-1.0,-1.0,-1.0,-0.18856,1.0,1.0,-1.0,-1.0,-1.0,-1.0,1.0,1.0,0.33611,1
1.0,0.6,0.03333,0.63333,0.06667,0.7,0.06667,0.7,0.0,0.63333,0.0,0.8,0.0,0.73333,0.0,0.7,0.1,0.66667,0.1,0.73333,-0.03333,0.76667,0.0,0.63333,0.13333,0.65932,0.10168,0.6,0.13333,0.6,0.16667,0.63333,0.16667,0
0.9376749584364825,0.8634584621578749,0.07730875118958536,0.6629036853218042,0.1009657039032964,0.5994325983778064,0.0720874483202281,0.30629889322842063,0.11583706906008737,0.4277576440606699,0.18949774942088057,0.4645186785503218,0.11039580316311887,0.37125447081449103,0.17551452047649796,0.24932721062401372,0.1338187298400127,0.5088139045053166,0.1394309830235664,0.4557609019906031,0.07400364296951022,0.36939702209158337,0.14022397254010716,0.18938738527041327,0.2026878295744919,0.27276977574081124,0.20266500695225714,0.23224007379319844,0.1631184251978352,0.1501855272199887,0.09032095077995565,0.16478879136687788,0.19241731556017458,0
0.7463224607809535,0.5051978919962513,-0.010009728873051182,0.318098068273277,0.22507921148884533,-0.024754498754967838,0.3680147940914114,-0.08786278659749933,0.5206354388308053,-0.49134512324904434,0.42392317930019296,-0.7275901255584449,0.3835317731882484,-0.8211357754280273,0.03484905614768793,-1.0,-0.19654644578579936,-0.9177390170487775,-0.43798970206820687,-0.9378784101437475,-0.6885094350987413,-0.7890960815036242,-0.6792406657679065,-0.47098121787598246,-0.8925159563186764,-0.34855311634944786,-0.7035214982875829,0.024039023381845964,-0.6396474069643524,0.07559303086621884,-0.4537482465843356,0.1505505306228203,-0.4265194339959038,0
1.0,0.47368,-0.10526,0.83781,0.01756,0.83155,0.02615,0.68421,-0.05263,0.68421,0.0,0.79856,0.05028,0.78315,0.05756,0.84211,0.47368,1.0,0.05263,0.7255,0.07631,0.70301,0.08141,0.42105,0.21053,0.65419,0.08968,0.52632,-0.21053,0.6015,0.09534,0.57418,0.09719,0
0.9121004102022998,1.0,-0.2792385040801012,1.0,-0.03939678795797846,1.0,0.8654213619660668,0.9051417451522487,-0.12116618351585756,0.8072667023105087,0.2949493640502623,0.9848887084769231,0.566972227349617,0.9459862414470029,1.0,0.5863530350882076,0.006398732247053236,0.83192460205445,0.3315587841115999,1.0,0.2143683562493507,0.8165818483387013,-1.0,0.9369670411757036,0.15146104771187863,0.9579440793854432,0.6393386288935399,0.9452543537190075,-0.08836323294047449,1.0,0.9253225195618326,0.9615574569706529,1.0,0
1.0,1.0,0.041421335674168475,0.5743263998555141,0.2655254545118589,1.0,0.22456133680307228,1.0,0.3546813242100195,1.0,0.16958835315212573,1.0,0.810077890620086,1.0,-0.433450352413646,0.9814816120650462,-0.025776663612284825,1.0,0.03238884417369018,1.0,1.0,0.6345494314743064,0.037022875448652466,1.0,0.1158723741793867,1.0,0.1669830576935344,0.7751543901835743,-0.08304030852716407,1.0,-0.0268831985915668,1.0,0.20853086224420012,0
0.9314645523289791,0.7816032441308373,0.22274180081082076,0.6290567215844808,0.5410614065099594,0.19924604046932048,0.6582546746612428,0.0015184332182726218,0.7713948735790392,-0.34679307188925096,0.7239205304277628,-0.644865219286763,0.5417786995365867,-0.8922008493640552,0.300589019907602,-0.8617808995447369,-0.015353202666301632,-0.7232261840042518,-0.3044617498467109,-0.6456488284498979,-0.5331326928210285,-0.43089530209559035,-0.7895640738565255,-0.11601874261143177,-0.704837800627432,-0.0700832897968665,-0.654819106049458,0.1649492812978547,-0.5112598058209014,0.277271318160895,-0.2937142086715333,0.3799351764232993,-0.08626246389669778,0
1.0,0.96355,-0.07198,1.0,-0.14333,1.0,-0.21313,1.0,-0.36174,0.9257,-0.43569,0.9451,-0.40668,0.90392,-0.46381,0.98305,-0.35257,0.84537,-0.6602,0.75346,-0.60589,0.69637,-0.64225,0.85106,-0.6544,0.57577,-0.69712,0.25435,-0.63919,0.45114,-0.72779,0.38895,-0.7342,0
-1.0,-0.49549562877894426,-0.8793811925526271,-1.0,0.8888561814570132,1.0,0.7246390804402388,1.0,-0.08284632017971884,1.0,1.0,1.0,-0.25131032708200973,1.0,-0.8803724660884322,1.0,-0.24592363804917322,1.0,-0.7901387003284513,-1.0,-0.050173864255211004,-0.825437654976609,1.0,0.6451322835223201,1.0,1.0,1.0,1.0,-0.9344803629821573,-1.0,-0.7746590592117166,1.0,-0.8659428069542859,1
1.0,1.0,0.00433,1.0,-0.01209,1.0,-0.0296,1.0,-0.07014,0.97839,-0.06256,1.0,-0.06544,0.97261,-0.07917,0.92561,-0.13665,0.94184,-0.14327,0.99589,-0.14248,0.94815,-0.13565,0.89469,-0.20851,0.89067,-0.17909,0.85644,-0.18552,0.83777,-0.20101,0.83867,-0.20766,0
0.9888755637805617,0.524882124297825,-0.03500352535930701,0.6222836217765673,0.06902456189620057,0.6033628272652158,-0.0077578895189562656,0.530457925618246,-0.012286309375644941,0.6206725794999194,-0.2166064807373589,0.6093865308222696,-0.03400369414073598,0.6980929961227327,-0.19322794770381674,0.39320018968613846,-0.07789100033749288,0.6009656641506068,-0.29102628258422136,0.4772195074569744,-0.13611872078128673,0.7017155249100411,-0.30723311231683764,0.5438121095759039,-0.16288511403987413,0.4465905408512519,-0.2226854561121167,0.6248637205291823,-0.4059178322965791,0.339322565282346,-0.2909977561357878,0.44255184926755353,-0.16815453379060688,0
1.0,0.6742225968302386,0.10427486082827067,0.790739521002605,-0.08084635054368638,0.8095460255705246,-0.06197844496456166,1.0,0.22667190203810256,0.6225443506439619,0.32610144031651794,0.7583200743989162,0.009973751444999835,0.9330184072903848,-0.26906839614566613,0.7730363814282644,-0.20473673913540347,0.8080612111361789,0.016446955657161963,0.7528336888534708,-0.008220621745058308,0.8954683921689622,0.05198803024676535,0.8021195014072721,-0.021728117195580512,0.9652644596542306,0.03513435677777484,0.5503272093048012,-0.15127987240554827,0.4654887676351065,-0.05348362531116655,0.6288972418464194,-0.06551700434543344,0
1.0,0.88179,0.43491,0.59573,0.77655,0.19672,0.94537,-0.24103,0.92544,-0.62526,0.71257,-0.86443,0.33652,-0.92384,-0.05338,-0.77356,-0.44707,-0.4695,-0.73285,-0.10237,-0.82217,0.26384,-0.7757,0.55984,-0.5591,0.72147,-0.24433,0.72478,0.09599,0.58137,0.38915,0.34749,0.57656,0
1.0,0.94052,-0.01531,0.9417,0.01001,0.94994,-0.01472,0.95878,-0.0106,0.94641,-0.0371,0.97173,-0.01767,0.97055,-0.03887,0.95465,-0.04064,0.9523,-0.04711,0.94229,-0.02179,0.92815,-0.04417,0.92049,-0.04476,0.92695,-0.05827,0.90342,-0.07479,0.91991,-0.07244,0.92049,-0.0742,0
0.7323122924325637,0.5200597187817788,-0.3009010494678605,0.6428298653212207,-0.13724915212957842,0.8490093524843092,0.5479872315003503,0.46100738064219104,-0.2841535026028352,0.2882672558908756,-0.38698424655227615,0.6372553684030455,-0.15817968319483416,0.42555278441939753,0.7939553494053265,0.34566975052322807,0.08484800529067074,0.5068804496056611,-0.037736755010984745,0.7189749423664076,-0.5023359276760831,0.8638207388485654,-1.0,0.48746006878668424,0.23479592950746198,0.40710651223164296,-0.04356202543512922,0.19711496985576163,-0.11966352276765124,0.2911645600846428,-0.06092555410997462,0.7763900181220588,0.8423857348852134,0
0.6947148456127448,0.5116490500117996,-0.20825409302213888,0.5141609424962222,-0.3563817514523239,0.6293670485784443,-0.1550791878059637,0.5707918881455354,-0.37233224053324704,0.48937548489711064,-0.28529462113576,0.4983334010843085,-0.2770722034392348,0.4701636835245114,-0.32515794379173374,0.5498384915076459,-0.25067118009104533,0.4891677978303003,-0.3125760515437733,0.5058197415236526,-0.4237294708826095,0.39751559317796803,-0.22602806902749598,0.5972735617309253,-0.4427692294904361,0.5606433592405483,-0.29112251522047405,0.5188069173877777,-0.33160866030162484,0.4797198697145794,-0.3443159703387644,0.520936585485905,-0.43213475023244163,0
1.0,0.8027278773253111,0.1588612648563762,1.0,0.005063069706195189,0.5863764173345145,-0.1794212712481568,0.8947724472695038,0.02210710761278246,0.9861819771724674,-0.9167642689680705,0.8778139558174247,-0.06815754817720285,0.8837854468639149,0.23240736402075046,0.8693538108127173,-0.13677409663901036,0.8413603586798618,0.08897623997391248,0.8578521765102857,-1.0,0.7219386182710336,-0.019901442134078184,0.9505147793664943,0.42126272495148703,0.992531016796913,0.01595160788496908,0.8614534317516866,-0.09716601146387897,0.966356562396425,0.004199584971284809,0.7983858604632871,0.21531675761196659,1
1.0,0.7711752398665276,0.06949167176553378,0.3241728830284053,-0.4512815525487699,1.0,-0.040767571814447644,0.8634372708356486,-0.063481292091061,1.0,0.13257471353351483,0.6247354386620824,1.0,0.6679157098759386,-1.0,0.7757982291041152,-0.13067022076141066,1.0,-0.2475854848009038,-0.39041670349736274,0.7504185988162566,0.7497392087855513,0.1264910777339326,0.717661388576508,-0.25204239439814385,0.9687406498534981,-0.5512443868577535,0.6923177697985112,-0.3834918191203639,0.8110596176961137,-0.9635450408123167,-0.6878914699733205,-1.0,0
1.0,1.0,0.14931806283124985,1.0,0.11782040525055222,1.0,0.05151338355975807,1.0,0.20926188130988976,1.0,0.07080372425611632,1.0,0.12424358226851484,1.0,0.14876607691493107,1.0,0.005258018059671937,1.0,0.22742408680988874,1.0,0.0832366528826359,1.0,0.11583519868630547,1.0,0.21274894741460146,1.0,0.1641463981167525,1.0,0.23617769549615297,1.0,0.04437727122489084,1.0,0.14129339138039448,0
1.0,1.0,0.09802,1.0,0.25101,0.9839,0.33044,0.80365,0.5302,0.74977,0.60297,0.56937,0.71942,0.55311,0.74079,0.29452,0.82193,0.21137,0.79777,0.09709,0.82162,-0.01734,0.7987,-0.15144,0.75596,-0.22839,0.69187,-0.31713,0.60948,-0.40291,0.54522,-0.42815,0.44534,0
1.0,1.0,0.07344341064933406,0.9444650592283106,0.0322966191641408,0.9824251905952984,0.032375477188042276,1.0,0.14262338518277645,0.954308080683619,-0.15145245721625067,0.9515291615654352,0.08785931462289956,0.7204360858261216,-0.2881753073520746,1.0,0.1721771943591859,0.7751719950972737,-0.0330457020833947,0.8863536841916179,-0.05830621571382734,0.9709243412258982,-0.22517183206150487,0.7654795499310638,-0.08693516420897153,0.9065974162948176,-0.21590371479578402,1.0,-0.13324853623554467,0.8608555351506416,-0.032867769367813895,0.9024428413505501,0.043046753806813845,0
1.0,0.93147,0.29282,0.79917,0.55756,0.59952,0.71596,0.26203,0.92651,0.04636,0.96748,-0.23237,0.9513,-0.55926,0.81018,-0.73329,0.62385,-0.90995,0.362,-0.92254,0.0604,-0.93618,-0.19838,-0.83192,-0.46906,-0.65165,-0.69556,-0.41223,-0.85725,-0.1359,-0.93953,0.10007,-0.94823,0
1.0,1.0,-0.10059807037624845,0.9523403523557514,0.009449730830535505,0.9867415386604874,-0.11258500013724544,1.0,0.04187301095874678,-0.13736037915442645,-0.025744576298738518,0.9604743369496437,0.09406799939398452,0.05925002999217599,0.037590331009021025,0.11922236728524804,0.08872133131370863,0.985438915649443,-0.0029779157237105856,0.9123396391171625,1.0,0.9785296849054126,0.09413523375822637,1.0,0.03292923176025431,1.0,0.1490240819752668,0.8533653141226822,0.041340238759875914,0.9562605137581826,0.04028931701576411,0.9904685128184488,0.0020726103475043425,1
1.0,-0.205,0.2875,0.23,0.1,0.2825,0.3175,0.3225,0.35,0.36285,-0.34617,0.0925,0.275,-0.095,0.21,-0.0875,0.235,-0.34187,0.31408,-0.48,-0.08,0.29908,0.33176,-0.58,-0.24,0.3219,-0.28475,-0.47,0.185,-0.27104,-0.31228,0.40445,0.0305,1
0.9956537544155295,0.06675806359558581,0.027043632732885344,0.06705555698012004,-0.02366843711999415,0.07507864961549214,0.05015484468244773,0.0849835494381789,0.07397659125090064,0.6428073961796881,1.0,0.11425661584463083,0.01057664274598579,0.06252675115697594,0.006035716605596628,0.29786091220820127,-0.7557718886752139,0.6063811104581829,-0.9398383488046611,0.04556573667609176,0.08240254128475887,0.04466807397679018,-0.01365666910162051,0.05482017528877192,0.033585464261581884,0.9963271659676068,0.1584910312884268,0.029073574515956026,-0.005144961329283659,0.016211777536934705,0.09578342299219078,0.09414945701856609,0.03451227317861079,0
0.9355901923521917,1.0,0.4354388154829687,-0.2729445161724277,-0.7023566159188341,-0.23831738373214628,0.3329015531106408,-0.3170385522630777,0.20353963818371323,-0.8798534296973279,0.5108414949623378,-0.06448621339812999,-0.2545311137042061,-0.4795784658642666,-0.24288223032683787,-1.0,-0.28921117869724033,-1.0,-1.0,0.6658171374475081,-0.43309449446076054,0.28226687883253626,-0.5437512862711187,0.8207747291949408,-0.32065381427941286,0.7874757272879697,-0.25439486291168756,0.9275835730141022,0.687860776247755,0.2631366387713771,1.0,0.0398108838593805,0.185078268249545,1
1.0,0.8693896001208553,0.2660099759338375,0.8731115145897483,0.009152577020685119,1.0,0.033065909049758514,1.0,0.08002647878493807,1.0,0.21241814609329795,1.0,0.14774505074811498,1.0,-0.011645933592877446,1.0,0.09200043878861833,1.0,0.1985025881826284,0.9453302696884056,-0.021505717228576804,1.0,0.20531554574706923,0.911922287534185,0.11089060859806285,1.0,0.09307924519932857,1.0,0.2617135813877694,1.0,0.033611699399550055,1.0,0.15955724256198295,0
0.6876396401089327,0.6764870068536373,-0.22659994834164432,0.7122024833576549,-0.08384542346202899,0.7267942197571079,0.05983516660712707,0.5531237398436427,0.1793984039803151,0.37329355539461007,0.3027816409965707,0.3998160276101785,0.47639939501425566,0.2281599161171979,0.4598930460494103,0.027261410834965777,0.46035252916702124,-0.026996835893442775,0.4902359142930577,-0.2069906380073537,0.5226903096745235,-0.26583569373114474,0.46471680288093664,-0.5282536502153004,0.470492988180502,-0.6203546138777908,0.3783203382189007,-0.5637206569563531,0.33553922565789324,-0.6560039770423625,0.27313581143412735,-0.6196849480047466,0.11886921675544335,0
1.0,1.0,0.31594951763020096,1.0,0.3768922197363925,0.905709396409191,0.5785243176408497,0.9502913985000382,0.568394096852804,0.9277749838493583,-0.3115096283003047,0.8019037501473797,0.9365335543763651,1.0,0.8869802885495257,-0.6024462418291873,1.0,0.34486177054983425,1.0,0.2655882698193354,1.0,0.21244521890389145,1.0,0.09600000032969494,0.9472332566322614,-0.11492826985502395,0.9890257597248275,-0.15551891245789146,0.8219668239109749,-0.18560455356404015,1.0,-0.3424262359714329,1.0,1
1.0,0.3249781374032105,0.31895305876489016,0.2757027369633267,0.32771774717166335,0.3838121477423567,0.32122652992781836,-0.5245139629418198,-0.6697530259809681,0.23425605266901867,0.320710110294283,1.0,-0.726544912331401,0.39728738015348264,0.28860322756535356,-0.7333078346932402,-0.6481337839494373,-0.7426454651279069,-0.7201338614885354,1.0,-0.6980754595611418,-0.3702718670306938,-0.6755204673554821,1.0,1.0,-0.727278412643536,0.14730516881766664,1.0,-0.7382924450715206,0.2913054140658813,1.0,0.26141944113506216,0.31216327260185234,0
1.0,1.0,-0.01081,1.0,-0.02703,1.0,-0.06486,0.95135,-0.01622,0.98919,-0.03243,0.98919,0.08649,1.0,-0.06486,0.95135,0.09189,0.97838,-0.00541,1.0,0.06486,1.0,0.04324,0.97838,0.09189,0.98556,0.01251,1.0,-0.03243,1.0,0.02703,1.0,-0.07027,0
1.0,-0.65625,0.15625,0.0625,0.0,0.0,0.0625,0.625,0.0625,0.1875,0.0,-0.03125,0.09375,0.0625,0.0,0.15625,-0.15625,0.4375,-0.375,0.0,-0.09375,0.0,0.0,0.03125,-0.46875,0.03125,0.0,-0.71875,0.03125,-0.03125,0.0,0.0,0.09375,1
1.0,0.67291845400301,0.2213190701726033,0.6570706123185237,0.15859303926886853,0.4104450425239641,0.5816673117708957,0.1620011185337799,-0.09932753608111114,0.058151197769355886,0.738565032602565,0.005081209823810884,0.6159746692555286,-0.13799062723926073,0.6656901349390681,-0.28112684676048544,0.6430511501314515,-0.5608973792282717,0.0815334310199961,-0.24701436001699983,0.12654808508355003,-0.45800214559158775,-0.12755350034976773,-0.15772207013915399,-0.10524416433239862,-0.11891499151224716,-0.18523404262299945,-0.4052843283008989,-0.012405915635826076,-0.2098868648600321,-0.2553800810297218,-0.2983676316396368,-0.33624726965747587,0
0.6252442876657911,-0.245244587640799,-0.6055792514816989,-1.0,0.6634476235054243,-1.0,0.7162705853339315,0.44548926702946756,0.15861134579110314,-1.0,-0.9912133312876524,-1.0,-1.0,-1.0,0.6875970739711721,-0.34895029180193377,0.35515484974663064,-0.6543689991663257,-0.7702721207608829,-1.0,-1.0,-1.0,-0.7296772746791136,-1.0,-0.13533662610933672,0.643157539359651,-1.0,-1.0,-0.7034071607721025,-1.0,-1.0,-1.0,0.2104877024857977,0
0.8027760470652199,0.7934533864575923,-0.39412090386676113,0.8640595389723201,-0.3985056005358869,0.7844807300954454,-0.3037023406251351,0.6238131646159069,-0.26598255018929345,0.7230448184664391,-0.09933700276821936,0.7198826858047663,-0.09514643125560002,0.6541031850977167,-0.18836786140788536,0.4425882284915467,-0.5589803418332514,0.651977843159983,-0.13409699011970394,0.6675693720315057,-0.11421089860390049,0.7983510637729437,0.09968131673563044,0.4266421168026129,-0.5718842278587997,0.6404716057449197,-0.17830359293299475,0.80755388111342,-0.157373852558921,0.35269594094178214,-0.16615842109972825,0.6356072388676836,-0.1896740681553357,0
1.0,0.4963956768127869,0.13978027727401826,0.9917541861303181,0.04695319887902229,-1.0,-0.012378704437366755,-1.0,0.10814459791717963,0.5974182204563545,0.15585026168365645,0.5901395253489118,0.04543916420037364,-0.7563276042801061,-0.05086857911150987,0.8302984249896688,0.28166348389387247,0.8510588419778965,-0.027408471432919714,0.6772288468022923,0.19643513980648464,-0.7617260358612282,0.09809213067942738,0.994642422129219,0.15359499501121215,0.7894099635398664,-0.031412148141372616,-0.31736195777894577,0.14491669806716445,-0.6670559484180475,0.038315275033851105,0.16182823303249438,0.1340787016757054,1
1.0,0.94701,-0.00034,0.93207,-0.03227,0.95177,-0.03431,0.95584,0.02446,0.94124,0.01766,0.92595,0.04688,0.93954,-0.01461,0.94837,0.02004,0.93784,0.01393,0.91406,0.07677,0.8947,0.06148,0.93988,0.03193,0.92489,0.02542,0.9212,0.02242,0.92459,0.00442,0.92697,-0.00577,0
1.0,-0.023006123222617518,-0.024934854535627354,-0.05857865746595562,-0.0762679998781883,0.08920211529462048,-0.004325324952659665,0.532821936965232,0.7066007267682058,0.29620369337144375,0.8628567950907843,0.05798571253694095,-0.1635194814742568,-0.07374537892842534,0.047875764358026617,0.42048474769297733,-1.0,0.27186767410940543,-0.8886790191087162,-0.022998566898662254,-0.11041948482397382,0.09407843107305776,0.04129302117735144,-0.3509866127093164,-1.0,0.92983599542592,-1.0,0.6751570872655224,-0.17956867644119665,-0.05147337642461476,0.08487677328764685,-0.09778064444281527,-0.11121765512508189,0
1.0,0.89563,0.37917,0.67311,0.69438,0.35916,0.88696,-0.04193,0.93345,-0.38875,0.84414,-0.67274,0.62078,-0.8268,0.30356,-0.8615,-0.05365,-0.73564,-0.34275,-0.51778,-0.62443,-0.23428,-0.73855,0.06911,-0.73856,0.33531,-0.62296,0.52414,-0.42086,0.61217,-0.17343,0.60073,0.0866,0
1.0,1.0,1.0,0.0,0.0,1.0,-1.0,-1.0,-1.0,1.0,1.0,1.0,-1.0,0.0,0.0,1.0,-1.0,1.0,1.0,0.0,0.0,1.0,-1.0,-1.0,-1.0,1.0,1.0,-1.0,1.0,-1.0,1.0,0.0,0.0,1
1.0,0.4375,0.04167,0.58333,-0.10417,0.39583,0.0,0.33333,-0.0625,0.47917,0.0,0.29167,0.10417,0.54167,0.02083,0.4375,-0.22917,0.35417,-0.22917,0.33333,0.08333,0.25,0.1875,0.39583,-0.1875,0.44012,-0.10064,0.41667,-0.08333,0.58333,-0.3125,0.33333,-0.0625,0
1.0,0.5850368929103856,0.04747550913083243,0.924828129685306,0.15967715203212623,0.8495655300168509,0.12375196613508876,0.844474132503161,0.18464635044968086,0.5667005663829348,0.25010974559003707,0.8182053215997925,0.2365744436122514,0.8490084563948135,0.1845394166817869,0.7714553651763904,0.26886089411628455,0.8370505848389825,0.16191917877905454,0.7893185056904211,0.25781472047009735,0.7427025200116468,0.20518158677241516,1.0,0.3744683788811181,0.6986098325680411,0.21086349164987728,0.5447110855608474,0.2962266640105238,0.7047055897216983,0.2781894915047631,0.7392903593967133,0.2616761360788355,0
1.0,1.0,0.4234659001928172,1.0,0.38323491655066216,1.0,0.3490486461341425,1.0,0.38327866436668306,1.0,0.48133841929507554,1.0,0.4924565471578005,1.0,0.3561957142752584,1.0,0.3125900398925771,1.0,0.5818318196420103,1.0,0.7290818737200931,1.0,0.6822171003134977,1.0,0.5029438882966296,1.0,0.6794764640229094,1.0,0.7789305538888519,1.0,0.6185883925992061,1.0,0.748112310085652,0
1.0,0.31034,-0.10345,0.24138,-0.10345,0.2069,-0.06897,0.07405,-0.05431,0.03649,-0.03689,0.01707,-0.02383,0.00741,-0.01482,0.00281,-0.00893,0.00078,-0.00523,-3e-05,-0.00299,-0.00028,-0.00166,-0.00031,-0.0009,-0.00025,-0.00048,-0.00018,-0.00024,-0.00012,-0.00012,-8e-05,-6e-05,0
0.7452333580993176,0.6616907797829931,0.11697978589981743,0.6307796653744121,0.2978239218654901,0.555075155559986,0.3629360672233811,0.3005665497268762,0.4624927985530575,0.2861319208479201,0.656416143011568,-0.07587736956229924,0.7387295299633094,-0.3158391777641963,0.6452544436816777,-0.33555043934911233,0.7410570430906149,-0.4600580370023128,0.46050851421947614,-0.648309243942911,0.44808445129261154,-0.6850063042535449,0.22708352849093863,-0.7734751177231309,0.03964898796112378,-0.7584885808668277,-0.018279782137809363,-0.8567491967313099,-0.26998646253552194,-0.7894848630097886,-0.3581936842879636,-0.6714148751706767,-0.5667665647366904,0
1.0,1.0,0.23058,1.0,-0.78509,1.0,-0.10401,1.0,0.15414,1.0,0.2782,0.9812,-0.06861,1.0,0.0661,0.95802,-0.18954,0.83584,-0.15633,0.974,0.03728,0.99624,0.09242,1.0,-0.01253,0.96238,-0.04597,0.91165,0.03885,1.0,-0.13722,0.96523,-0.11717,0
0.903925424477277,0.8259572594203146,0.3357761816645963,0.5156479077812084,0.5024583334437387,0.23439841859771288,1.0,-0.10584282723486585,1.0,-0.4172261173015143,0.9059850734383662,-0.5329991368286199,0.5372596166995505,-0.9574794057093067,0.15031498096758072,-0.7138798576343031,-0.2551878556957273,-0.8093888323707946,-0.5115154246852007,-0.529736373547984,-0.7773639882340504,0.035437730779856895,-0.9643963734929095,0.44239362009215577,-1.0,0.698194696985498,-0.6843771538533424,1.0,-0.2594144902503709,0.8030451130303188,-0.09496224304743148,0.9377068675511973,0.41400541926667106,0
1.0,0.97905,0.1581,0.90112,0.35237,0.82039,0.48561,0.7176,0.64888,0.58827,0.73743,0.40349,0.83156,0.2514,0.84804,0.047,0.85475,-0.12193,0.79749,-0.2618,0.80754,-0.37835,0.71676,-0.51034,0.58324,-0.57587,0.4604,-0.61899,0.30796,-0.65754,0.18345,-0.64134,0.02968,0
1.0,0.87772,-0.08152,0.83424,0.07337,0.84783,0.04076,0.77174,-0.02174,0.77174,-0.05707,0.82337,-0.10598,0.67935,-0.00543,0.88043,-0.20924,0.83424,0.03261,0.86413,-0.05978,0.97283,-0.27989,0.85054,-0.1875,0.83705,-0.10211,0.8587,-0.03261,0.78533,-0.1087,0.79076,-0.00543,0
0.004451234015583394,-1.0,1.0,0.061058872547255894,0.01732704626286324,0.14726306860282756,-0.04088536903323116,-1.0,1.0,1.0,1.0,0.09522103526174953,0.01983137285028679,-0.027616459935706373,0.045935043330329814,1.0,-0.824316831370052,-0.9927779873802554,1.0,0.9614666352809732,1.0,-0.02842294464187258,0.004539874723807666,-1.0,-1.0,0.9269005470050922,-0.9866942990622974,0.9500329588487427,0.9878001017773888,-1.0,1.0,-0.051792854930903645,-0.047306819227919,1
1.0,0.7381,0.83333,-0.7619,-0.2381,0.33333,-0.14286,0.45238,-0.14286,-0.67285,0.12808,0.33333,0.0,0.28571,-0.07143,-0.38214,0.51163,0.2381,0.02381,0.45238,0.04762,0.16667,-0.2619,-0.57255,-0.10234,0.24889,-0.51079,1.0,0.0,-0.66667,-0.04762,0.2619,0.02381,1
1.0,0.92247,-0.19448,0.96419,-0.17674,0.87024,-0.22602,0.81702,-0.2707,0.79271,-0.28909,0.70302,-0.49639,0.63338,-0.49967,0.37254,-0.70729,0.2707,-0.72109,0.40506,-0.54172,0.33509,-0.59691,0.1475,-0.63601,0.09312,-0.59589,-0.07162,-0.54928,-0.0184,-0.54074,-0.07457,-0.47898,0
1.0,0.0,0.0,0.0,0.0,0.0,0.0,-0.85,-1.0,0.0,0.0,1.0,-1.0,0.0,0.0,-1.0,-1.0,-1.0,-1.0,1.0,-1.0,-0.6,-1.0,1.0,1.0,-1.0,-0.2,1.0,-1.0,0.0,1.0,0.0,0.0,1
-0.009854747197671355,1.0,1.0,1.0,-0.927452641812036,0.9710331443554213,1.0,0.9310907387715455,1.0,0.941518960139435,0.9724022513235475,0.9216166179074828,1.0,0.9442401784182569,1.0,1.0,-1.0,-0.988665306629245,0.8544457212354423,-0.946462056980013,0.9327412544726766,-0.9602103576002676,0.9643642744948603,1.0,-0.9345417820174693,1.0,1.0,-1.0,1.0,-1.0,-1.0,-1.0,1.0,0
1.0,0.0,0.0,0.0,0.0,0.0,0.0,0.0,0.0,0.0,0.0,-1.0,1.0,1.0,0.55172,0.0,0.0,0.0,0.0,0.0,0.0,0.0,0.0,0.0,0.0,1.0,1.0,0.0,0.0,0.0,0.0,0.0,0.0,1
0.9423131937822082,-1.0,-0.9840531867593106,0.039512209181650375,-0.04093189046329769,0.607951156979532,-1.0,1.0,-0.5556409718434845,-1.0,-0.34348312655266083,0.04085923458901256,0.0956574723421294,0.07163723288869034,0.007715784635290275,0.9562706467760019,-0.1600333582867815,0.40785962984024815,0.3672802639044118,0.9404030432714874,-0.9868990854213783,-1.0,-0.9994015142718292,1.0,-0.5090569800883206,-1.0,-1.0,-0.9349911482070358,-0.9527205126220469,0.9510575315329315,-1.0,-0.07484058697245233,0.05079449024379689,1
0.45945067521674404,0.34986320823323114,-0.19045499786384007,0.15144832939660186,-0.01896694509656196,5.7174221915146095e-05,0.15477407135388377,-0.3184242119697622,-0.09666451406189236,-0.4196303825439278,0.30542222538216784,-0.5027262962346115,0.20295610242232112,-0.7227018336701627,-0.020538234809447258,-0.881907806800314,-0.2737203767336059,-0.8811848064232655,-0.3189934068188157,-0.49732890363693083,-0.39627421012990094,-1.0,-0.6794852610582858,-1.0,-0.19123712499571716,-0.2502408593604476,-0.6316729377599045,0.11212138740480215,-0.6463397243707039,0.018908248033008807,-0.7217838795886258,0.726482240911251,-0.2920797262653026,1
-0.12322242914433813,-1.0,-1.0,-0.11714786190142418,-0.19426148229048212,-1.0,0.9221036589357626,0.9897980565139083,-0.5448154220691629,-0.06667050266256902,-0.05485476666821338,-0.07721552768024173,-0.15353665586921345,-0.15644290826413282,-0.09833673661281647,0.9013123087653073,-1.0,-1.0,-1.0,0.8021183885670409,-1.0,-0.07918290681472193,-0.08609851662395493,0.9135145551299901,-1.0,-1.0,0.875618008355459,-1.0,-1.0,-0.10588129658714569,-0.04175051846515551,-1.0,0.9298092444153104,0
1.0,0.8147192366610773,0.2540499998935004,0.8215213323379947,0.2912236426331588,0.6912390025478782,0.25920352375040345,0.3968949493662859,0.40428168969858047,0.5393234361574846,0.5522185525740546,0.1583200134399806,0.6501045399412193,0.4036929837151668,0.34987567019137167,0.19413649392834145,0.5542350325337405,0.047928687444037055,0.6886407940312017,-0.040940997408961725,0.49576108278329567,0.09598429931843566,0.4531414974333159,-0.10371525563777584,0.4772544095910413,-0.18961930160137133,0.5019361564813488,-0.22029612663522719,0.2584518636343325,-0.25145495095319326,0.3245251765529543,-0.2399664761634711,0.37605593471381027,0
1.0,0.20646928494148487,0.1697319675370192,0.22569360224990026,0.13088250347895428,0.20012651564741962,0.14942161516263425,0.40840681363157083,0.19670618602789983,0.22607973735240214,0.13552618156572072,0.22993879885525337,0.18816276414152835,0.14871584565175625,0.020894960041583026,0.24837915953540546,0.02523537926974727,0.06224466282778309,0.053038601686344916,0.1662604292487373,0.25191127472474517,0.2313601159041824,0.19258281680411726,0.2906916587130389,0.25171454577111446,0.16350103464215138,0.3041140442258606,0.09814517929498005,0.23802678747872633,0.13965937740491768,0.28915414187511373,0.2559716645425613,0.25952608370909486,0
0.16429994291620587,1.0,-0.8943472473382768,1.0,1.0,1.0,-0.9038520990993882,1.0,1.0,1.0,-0.912522780041759,1.0,1.0,1.0,-0.8656481008914764,1.0,-0.8722451938543062,1.0,1.0,1.0,1.0,1.0,-0.853554234343579,1.0,-0.7697326698624187,1.0,-0.8614322617413648,1.0,1.0,1.0,-0.9573542076811381,1.0,1.0,0
1.0,0.96933,0.00876,1.0,0.00843,0.98658,-0.00763,0.97868,-0.02844,0.9982,-0.0351,1.0,-0.01271,1.0,-0.02581,1.0,-0.01175,0.98485,0.00025,1.0,-0.02612,1.0,-0.04744,0.96019,-0.04527,0.99188,-0.03473,0.9702,-0.02478,1.0,-0.03855,0.9842,-0.04112,0
0.8727759348239288,0.848204451537807,0.00401180571239361,0.8932914766570715,0.2818406056644187,0.895193079198551,-0.2243291310857653,0.577129514472248,-0.21448789152479955,0.5527587967095181,-0.25493999956984614,0.49610200529960746,0.03864734758614523,0.5560252594185385,-0.25427428815690417,0.6895860796862393,-0.1307756671473705,0.6028794724534992,-0.2634907892685293,0.030850150702183738,-0.38413829990705306,0.09956881311895663,-0.417852204890339,0.050367866755664764,-0.5288410791673791,0.054033593222607784,-0.40810714259412245,0.16652332190602148,-0.5271205115705471,-0.038286230312630176,-0.4958647334633047,-0.17124062513338859,-0.6291992829895708,0
0.9548109974580786,0.45080364622988617,-0.8719311347214497,0.43802454035645527,-0.022089365555987624,0.30792748364682226,0.3183671892251158,-0.9767851268100239,0.19400843021051106,0.1668021074778274,0.31852704106498353,0.31501099434201707,0.3846955683844645,0.07224827284607874,0.17154496474924735,0.03156130796529712,0.3113280115247391,-0.8652401250107866,-0.7879731472628702,0.271020812557431,0.086828125598034,0.14411821119646862,0.37283224038913343,-0.04410705919783279,0.23691663821686465,-0.10532359549612891,1.0,-0.09499592544732684,0.20666877294733235,-0.07027116359544835,0.3669242389476717,-0.265392263976823,0.3799495870024748,1
0.9864120923019665,0.6444389168613333,-1.0,1.0,0.9720745860159125,1.0,-0.6453939889076286,0.892149706999803,-0.4131054207570215,0.9617737488593716,-1.0,1.0,-0.858708363762581,0.9673152403526228,0.8205239908749692,0.24563435560591412,0.6441923612888556,0.9642624926574138,0.775679994153594,0.9484319816115143,0.8497872632660697,1.0,-1.0,1.0,0.9139311351832478,1.0,-0.08755458132739206,0.9283511484327996,-0.3190216699834199,0.9430902308092106,0.6667558269663686,1.0,0.40553678772209795,0
0.8812155239519132,0.9964106740260209,-0.07896890860637334,0.9794597784500566,-0.17912305235378653,0.8684978296458878,-0.07356109829264523,0.9056127926718308,-0.11266226451019126,0.9073260273412688,-0.15536744323854412,0.8991995652231525,-0.1583639633198569,0.9547632830361514,-0.15386752379161991,0.9125557418926153,-0.23957054612203754,0.8796582908367996,-0.12195943858861881,0.9571976135154472,-0.35746030266215223,0.8255253335199372,-0.311541525315148,0.923898640862475,-0.29982213830117826,0.9133202962519402,-0.2885208034494077,0.9385423072287034,-0.20994306240154295,0.8909201990155405,-0.24566165981353846,0.7103460574439953,-0.31453236697350495,0
1.0,1.0,0.9229615236566089,1.0,0.17020513449440472,0.5675379252598665,-1.0,1.0,1.0,-0.12818000902824417,0.12364554644882855,1.0,1.0,0.09892791773725475,-0.06433083740737108,0.8219529480048434,-0.7439116782988677,1.0,0.9969234115787665,0.7732254388089455,0.8696342468742726,0.40088484042835115,1.0,0.7275135817446965,1.0,0.7804188972492055,1.0,1.0,0.935120997175098,-0.8051283925245057,1.0,0.18548986519070262,0.011266585874539424,0
1.0,0.908182286510185,0.2188189637507064,0.8900207824832058,0.3884161860192022,0.7881691228637951,0.46038129356821167,0.45978471182940717,0.6464511606387602,0.43510126665487214,0.6728356553934116,0.07804036084255092,0.9239036713960836,-0.07183644958214844,0.9624753538194576,-0.36466626456994766,0.7348188171790486,-0.48652199264844637,0.8183688581269688,-0.5904891177606263,0.47207354672237894,-0.7888448488246349,0.5106182054404633,-0.8193731030814242,0.33081918855298265,-0.8163612367098511,0.10467504042721607,-0.7858004312183198,-0.14162390612969358,-0.7932963706861759,-0.3003730657801106,-0.6379652301966434,-0.45488639977052747,0
1.0,0.93537,0.13645,0.93716,0.25359,0.85705,0.38779,0.79039,0.47127,0.72352,0.59942,0.6526,0.75,0.5083,0.73586,0.41629,0.82742,0.25539,0.85952,0.13712,0.85615,0.00494,0.88869,-0.07361,0.7978,-0.20995,0.78004,-0.33169,0.71454,-0.38532,0.64363,-0.47419,0.55835,0
1.0,-0.44910920086258477,0.3027166567121037,-0.405706096072219,0.7456231721989736,0.69489440063973,-0.23805577024065322,0.39904574855657626,-0.09879243356888505,0.23625237492156476,-0.13986296970197723,0.363320358890105,0.05328295310285732,0.5837605152907388,-0.16918135981969804,0.38427303297119353,0.5934037779542907,0.3780572697890895,-0.07278046558073034,0.3892767671342865,0.3475435449392575,-0.7791539610501071,-0.6001596534589266,1.0,0.6127646887923371,0.27317147295916966,-0.5110455294609082,-0.228210700322564,0.012130998326310927,0.2098708550453303,0.556922360913832,0.4529878458393343,-0.07480587385859122,0
0.9832469636473036,0.838833729597511,1.0,0.9423732168001546,-1.0,1.0,0.9556207661162802,0.9772463725916811,0.922012515508697,0.9627769484151271,0.9167035422956161,0.9175404060185499,-1.0,0.8949441024062428,0.9490156812891689,-0.09378912807689577,-1.0,0.265550597570948,-0.9612444057340246,0.9819107955472077,0.9063178977441381,0.9459373013985686,1.0,0.8617546198280819,-0.9603924812440159,0.8722746451440245,0.9727695347632802,0.9191490375824832,0.9156970671741473,0.8405782387501443,0.9732030168642528,0.8414515200626734,0.8321867971973106,1
0.9807636010770184,0.8646665874423659,-0.17660819562533628,0.8626466994701529,0.07297037530424344,0.8315583915814163,0.08804824671305936,0.798932650625047,0.14406046322527402,-0.0409739610603983,0.14165603147709557,0.8406067682048387,0.2053549640401097,0.7216319258551441,0.2447399906646837,0.7486555529923313,0.3405114212134205,0.6030196790624749,0.46552124072321843,0.6301946655322692,-0.022167393961568083,0.5872292472638609,0.5648929282219075,-0.2940833215030535,0.4625329115433204,0.4206168653573774,0.5455995801495183,0.3662263470625303,0.6224802143306044,0.24415323816817733,0.5796749316719938,0.0688970879457957,0.5844777762771574,1
0.17082247349983498,1.0,1.0,1.0,-0.8500871374480725,1.0,-0.9629138216717588,1.0,1.0,0.13728530082847865,0.04983356926927336,1.0,-0.9206971545941982,0.15125883957770647,0.16756844575016827,0.10104666710535426,0.07263117499460575,0.19800458747716712,0.1644677263229455,-0.8715790616996439,1.0,1.0,1.0,0.07073701838934773,0.11543216484030358,1.0,1.0,0.12199763240970946,0.1814783680047696,-0.8898913499671158,-0.918257779324807,0.055506459917966294,0.09551012349089241,0
0.9754513569700127,0.8358108874078475,0.048255880616335026,0.7465519383440699,0.3470176557886051,0.4950705741554431,0.4694015881132001,0.4393141013762589,0.6029814426695271,0.23229756809009114,0.8628254180996477,-0.025678717200015137,0.5521216930240346,-0.29950777169217824,0.7310350952159113,-0.4775642641914791,0.5802882826492988,-0.6013892710356457,0.5401995822711383,-0.7698145965293325,0.3221053273706501,-0.7836092004622285,0.22916335691137815,-0.7844163941840595,-0.13224111510022693,-0.8081571850182558,-0.13291997207125508,-0.7435181245239684,-0.23788649118457553,-0.6783440390391408,-0.3573448619943943,-0.5375117237449597,-0.4279469432729983,0
1.0,0.8484169765166395,0.16069816705825016,1.0,-0.06706550623711015,0.9300579667069744,0.27796172730457175,0.7788654443085486,-0.4148930334074908,0.6505304263298909,0.8456763022605072,0.7100990682344702,0.32216835994196935,0.7742289570641891,0.19126721396282387,0.6903086692498824,0.22444314730670628,0.5460573293836883,0.06046193361176133,0.521518927118715,0.4178730909271571,0.46385960846915597,0.4374310865151402,0.47147584243230245,0.26392421711376923,0.24139042257904536,0.1874530798494034,0.067938533648803,0.19828895538623434,0.24470982619898152,0.4539389536918927,0.25482484525904275,0.06975044278068321,0
1.0,0.9420438335934158,0.07652620282856183,1.0,0.2983223413022082,0.9043401994478565,0.2899256489401778,0.8985288851711672,0.06378516661686871,1.0,0.1585053072496145,1.0,0.16183071694446896,1.0,0.223546649185698,1.0,0.11647160885766417,0.8078351829016094,0.18357378203502017,0.9074841694982511,0.10611598673021691,1.0,0.06882140518610139,0.9601962197161147,0.024309281275218322,0.9492998760308982,0.2648018986245695,0.8508273808968392,0.19826910791463537,1.0,0.23842075471670737,0.848724152083023,0.028533822922230834,0
-0.04875456633092409,-0.18455918269152194,-0.0945307282724368,0.9340139854752346,0.9430493239248707,-0.16543798281865785,-0.09403301592138832,1.0,1.0,-0.19626662338768275,-0.1653665212391035,0.7825662665839226,-1.0,-0.013710028704477642,-0.12911912309462484,-0.12185037604174752,-0.09939010363679998,-0.13271656641832477,-0.1086007412107562,-0.10729145870156952,-0.16917987477263657,-0.034982449070552896,-0.0898053958434479,-0.08047323633980545,-0.06197695935824647,1.0,-1.0,-0.43910121574481265,-0.15664055284652562,-0.2581383706879603,0.6065614878610646,-0.1906529271456654,-0.10655700358296477,1
0.9863742543659703,0.89659678068594,0.32239459372067963,-0.9934677804513068,-0.18850513108099656,0.8699310019269504,-0.23518244806734206,-1.0,-0.34579442298489116,0.8613768724623603,-0.4227633126268526,0.6544521112660294,0.5071386723601112,0.6492811374556707,-0.5779926822259401,0.3612653756794227,-0.6983544717182844,0.17644116859129147,-0.7085814843058356,0.3761252536940137,-0.6104600094049912,-0.3399918503208534,0.5358093933369862,0.20482405486955468,-0.5833688538187944,-0.0014302621012665289,-0.6370218969876829,-0.07482532534254353,-0.4770009782644159,-0.03864729629491857,-0.5115981541755307,-0.10274148872259899,-0.4926415313837969,1
0.960046533385702,0.633854090410325,0.28168572117610724,0.7550644950367671,0.002296333458399205,0.7494954409375423,0.06308573399464967,0.7623346293465503,-0.04283750215702965,0.6721751433887035,0.14633039818873972,0.7404974949050863,0.1085758393288492,0.7416628876601856,0.033545504805962384,0.709274602681749,-0.0883053078422063,0.6627957950736102,0.13733259536155698,0.6222567069120057,0.14706780902889502,0.7327232682622723,0.1426263657552756,0.5900265280999115,-0.08930129792070203,0.574493544189622,0.16850659396531228,0.5286799666917956,0.3373753287580523,0.5995170876277346,0.1937465170723116,0.5972920829195716,0.1531922331171615,0
1.0,1.0,0.6867256446125828,1.0,0.9146354405032108,0.7900959054813191,1.0,0.543562058561136,1.0,0.142330610494425,1.0,0.009142081922726891,1.0,-0.4029847506603924,0.8964961663053529,-0.6034266652192719,0.6578830394723713,-0.6421970108120209,0.3552264974462918,-0.5182292765436721,0.09439251128161551,-0.4468374722410714,-0.2950625975099637,-0.14738845606939138,-0.4495574423057614,-0.0009225191521059911,-0.5291606446678134,0.4242559007905059,-0.6807558782220602,0.6231050411040193,-0.4855404305088471,0.9271229910088877,-0.3259085963080877,0
1.0,0.5894,-0.60927,0.8543,0.55298,0.81126,0.07285,0.56623,0.16225,0.32781,0.24172,0.50331,0.12252,0.63907,0.19868,0.71854,0.42715,0.54305,0.13907,0.65232,0.27815,0.68874,0.07285,0.51872,0.26653,0.49013,0.27687,0.46216,0.28574,0.43484,0.29324,0.40821,0.29942,0
1.0,1.0,0.610956121590207,1.0,0.7487424378682646,1.0,0.8496000511742303,1.0,0.350023379594279,1.0,0.17061237022792608,1.0,-0.28204383989607884,0.8051561640221252,0.4646622320748993,1.0,-0.49754727757457823,1.0,-0.14768080693189828,1.0,-0.18650242364596473,1.0,0.2639714055515828,1.0,0.03891470358126801,0.9181041490873847,-0.39620172629859096,1.0,0.6346796608705827,1.0,0.8807841156386911,0.8841440514589665,0.4154010856156968,1
0.9189146724285526,0.2966569330065363,0.03415489377142452,0.26096101428489343,0.24868618136768145,0.0597215870322286,0.370839080706419,0.01441624579734787,0.17816472472870665,0.026009470401177605,0.16382949248614492,0.04049928093310094,0.019763195759886568,-0.012831557995803256,0.15803448318535604,-0.1547156439330389,0.100671619033906,-0.1083068902058962,0.07131740060239887,0.03569653006301533,-0.016498948483759546,0.03466938647989953,-0.03992762110427222,0.07147239680020198,-0.1358479142164813,-0.1168792404686678,-0.11337030035189083,-0.10216366653709186,-0.08510458555818294,0.09191698612730823,0.10389498902910974,0.08313057254982233,-0.0915132289063068,0
1.0,1.0,0.08427989664813637,1.0,-0.0774833409391433,0.16917024160709765,-0.7015858752737488,1.0,0.26649003430855533,0.865707461286687,-0.3524823899171865,0.5273409475733393,-0.3682113328359202,-0.24196683036530733,-0.6547613966390505,0.3543539133355217,-0.33104094317390725,0.6264893922417035,-0.70100909387214,0.22898822374406097,-0.15388470841882895,0.168289125993154,-0.015044236036945428,0.12669704964126438,-0.04608784690583548,0.1455684695272723,0.09538444176389851,0.14180772764836475,0.1403060225041814,0.0804116680513535,0.32605749315740395,0.11955576199228485,0.3271047987573286,0
1.0,0.42,-0.61,0.0,0.0,1.0,-1.0,0.9,1.0,0.43,0.64,0.0,0.0,0.0,0.0,0.67,-0.29,0.84,-1.0,0.0,0.0,0.0,0.0,0.21,0.68,1.0,0.22,0.0,0.0,0.0,0.0,0.0,0.0,1
1.0,1.0,0.3088521773570575,1.0,0.2482097917714602,1.0,0.11505471169482176,0.7216992773555789,0.4059691839402709,0.4424588309997402,0.7252146999223245,0.49133142204238855,0.8461715258305205,0.6075821087728446,0.8257899453278758,0.23076407268230936,0.7149352598420933,0.2239365225307609,0.9264535456631436,0.09003651923227612,0.723348914831479,-0.1852025327957702,0.8272828221453358,-0.22900945488999527,0.7459163177654364,-0.26181902951481234,0.6296496635441636,-0.2759975014936683,0.687110571780175,-0.1277709477488903,0.6513354800558318,-0.20503447387362028,0.3307359480037569,0
0.0,1.0,1.0,-1.0,-1.0,-1.0,-1.0,0.0,0.0,0.0,0.0,-1.0,-1.0,0.0,0.0,0.0,0.0,0.0,0.0,-1.0,1.0,1.0,1.0,0.0,0.0,1.0,-1.0,0.0,0.0,-1.0,-1.0,-1.0,-1.0,1
1.0,0.141683606138332,0.004823554831706961,0.04783789179036521,0.16010629813456845,0.13245268243329825,0.13118294954405957,0.28487873790536866,-0.08954046582368103,-0.3273756004647376,-0.3101656512869028,0.10059930484022553,0.17401234885841765,-0.18946132716280684,0.4919489510850455,-0.27947867611961313,0.32616388164584986,0.7628953686967709,0.4052275197568225,0.19167466087680796,0.12014412801338321,0.1958933621206602,0.14721909829821028,0.006950007285536682,-0.005670432676223108,0.28710923513108705,0.06097285119784788,0.11979522968628012,0.14577557348972098,0.3141795325329527,0.3969193298379694,0.015737837554524035,0.5610462908569845,0
1.0,1.0,0.6996803797142539,1.0,0.9575823115777518,0.718467680117981,1.0,0.3975820696834967,1.0,0.07959910122154451,1.0,-0.1434901775976295,1.0,-0.3478127785616298,0.7845983492236313,-0.5394546516386571,0.33501800155262523,-0.4084402254984046,0.16533539343664946,-0.20379933381448495,-0.19596608623348294,0.026451626784564093,-0.17985107949893792,0.32920444556276796,-0.25069145290460876,0.4637753822315521,-0.26920488168272116,0.6263537623686185,0.02387146165786766,0.7460505349371824,0.0827169238479226,0.7593886646596761,0.3710158722835518,0
1.0,1.0,0.15684608498491642,0.7178988613375251,0.009077515412421598,0.6971615790539035,-0.10539766293729672,0.6454199439138582,0.05031415453868458,0.938884800394858,0.11024696128127634,0.7265984235451832,-0.2744627065455641,1.0,0.08062250542580995,0.721820316256016,-0.003310315641597311,1.0,-0.055035269649574683,0.49106049833600535,0.38327083631817205,0.6462554927593471,-0.006441672352756497,0.6381833979954009,-0.12302029539624987,0.8636473558975692,-0.3267232912318053,0.8686156180314575,0.09639793918379054,0.6213063545577429,-0.2140599083919018,0.771387285698196,-0.1392278086071926,0
0.9776784135124904,0.6502801997415852,-0.22782699739077353,0.6379500367656508,-0.0012337127080023179,0.43612517830443814,0.38560348762287167,0.6907819836552608,0.2199504955623118,0.5277190204849562,0.2175494912115456,0.654160825975806,-0.23203886901747472,0.5578958570778803,0.3636642232698128,0.3895100803959815,-0.4723840814501473,0.37184055078440315,-0.33242372187767166,0.32040078189647236,0.15350243435789837,0.4875928067326406,-0.04485633265380082,0.2706759880877455,-0.16071227419676296,0.5094320059933127,-0.06096414780649474,0.5613429901095607,-0.07833344539657755,0.6954320802785825,-0.23178522190450235,0.5491775389830234,0.14915479063542716,0
1.0,0.6830633568702932,0.3414153463928954,0.8007500711333754,0.10525599091963946,0.7976470262288067,0.1289885983569953,0.9000055345496736,0.16020787441071138,0.6960078318366234,-0.26801795673431056,0.8374226596813645,0.09162782652121612,0.9920073499745279,-0.291271609993568,0.9826800707593326,-0.10644774469773102,0.7069653067084488,-0.09264506902085702,0.7985663080790307,-0.04342517112680963,0.7665119783899768,0.193872362324864,0.6957041245011192,0.02479806387978294,-0.7105780681628114,0.05390337511793862,0.6613830166697964,0.24253975017964116,0.8401860753871507,0.10983263361108678,0.6530612750547434,0.06969459742520999,1
1.0,1.0,0.34236124688575326,1.0,0.4933153685719624,0.90060069799804,0.6121308548009626,0.8037213852281424,0.8454072322104742,0.735545260757561,0.914763426028732,0.5943456629486821,0.853632822153247,0.3412909513649577,0.9777743827045009,0.30374626378223135,0.9827150047375355,0.06368531562686858,0.949072608405256,-0.01988601232867862,0.9066884268176597,-0.06800073653316863,0.7969075379913593,-0.2095379483189194,0.7171782286831615,-0.24243951585442486,0.6886381689130633,-0.30606911719353974,0.529435504583867,-0.38775588950863904,0.35831457314600557,-0.396392956477027,0.2657635913740279,0
1.0,0.50466,-0.169,0.71442,0.01513,0.71063,0.02258,0.68065,0.01282,0.34615,0.05594,0.6905,0.04393,0.68101,0.05058,0.67023,0.05692,0.63403,-0.04662,0.64503,0.06856,0.63077,0.07381,0.84033,0.18065,0.59935,0.08304,0.38228,0.0676,0.56466,0.09046,0.54632,0.09346,0
1.0,0.9786056929094219,-1.0,0.9456498874312952,1.0,0.9865523388112539,0.9646394320993739,0.9694023176290023,-0.4654015942139881,0.9525951059767132,0.9570348327138822,1.0,0.9994371021713928,1.0,0.9897753401974081,0.007686835993034874,0.015558094559677311,1.0,1.0,1.0,0.9763021874660968,0.9584016524937056,-0.9542172958840882,1.0,1.0,1.0,0.6691335582065739,1.0,-0.7348097294681633,-0.7326381878002836,1.0,0.9683383042989213,0.9734405090850687,0
1.0,0.9779161553503668,0.493982554343428,0.17042777939700687,-0.09372254871385095,0.684033685852816,0.16820092505784334,0.6635212867325064,0.8645978076653196,0.4617031513950111,0.9002201517326259,0.04736631457401888,0.5020854669560393,0.3043756325867244,-0.06884734605139942,0.0844417074178257,0.9800683321260539,-0.4886729965519333,1.0,-0.15554767575749526,0.43594715946807744,-0.4116821021345043,0.26497548243370256,-0.604687453350011,0.8160329929379249,-0.42087917192835683,1.0,-1.0,0.4692850593907323,-1.0,-0.04592224916599985,-0.2519951652840232,-0.05082210061153883,0
1.0,1.0,-0.24051,1.0,-0.20253,0.87342,-0.10127,0.88608,0.01266,1.0,0.11392,0.92405,0.06329,0.8481,-0.03797,0.63291,-0.36709,0.87342,-0.01266,0.93671,0.06329,1.0,0.25316,0.62025,-0.37975,0.84637,-0.0554,1.0,-0.06329,0.53165,0.02532,0.83544,-0.02532,0
1.0,0.6444257844664251,0.17474545758635152,0.6554437013025675,0.1037199055835325,0.5563788577531327,0.09521427696764861,0.2309661263157561,0.12454257813826583,0.7362539164108933,-0.05731747240430055,0.3811968159539779,0.031160028021919674,0.08542131618057863,-0.026364484102110928,0.289301383274452,0.08086082457847232,0.3298520311721999,-0.06991376091071565,0.47423110788856015,0.2745687606266014,0.4590277744934962,0.09130505296953628,0.21450737044070334,0.19605846756660694,0.11219349707107369,0.07461833766077705,0.14950509409500887,-0.14950480440658892,0.21296377067747013,-0.061735364844062286,0.13677269703743744,0.12409989239099364,0
0.9634031801773468,0.933756050371426,0.422465138900518,0.9522791747030717,0.2260207937171204,0.15362879450530015,1.0,0.26688016526723574,0.8286402153342272,-0.05739366709120183,0.7420497319877605,-0.3674919097632763,0.6008117713940756,-0.4577798295135489,0.364855894719461,-0.5224604650273031,0.16054339837792075,-0.44212895037024336,0.061388653153028536,-0.21020669209707238,-0.02774601908153997,-0.10446182497986864,-0.11364865789034062,-0.17059005078837478,-0.1424324875593628,-0.059910481144862644,-0.10771650192450105,0.05428903866144931,-0.16506544398171832,0.10157923019316842,-0.008858279980114053,-0.01106457034828895,0.002693611361241518,0
1.0,0.6418641696138294,0.5957733550672146,0.7613874751260243,1.0,-0.0774696884393823,1.0,-0.13044701444389464,1.0,-0.9514999537771706,0.4949576534659599,-0.8704858694427339,-0.00915936074398007,-0.9927830091180896,-0.20103691440626112,-0.5749452929974304,-0.7520627502967291,0.6485273310841209,-0.8435467846249269,-0.1434846391980138,-0.6591795036255702,0.8271756227126116,-0.09070122269239453,0.4774108636975296,0.02821668478850707,0.9896795624134762,0.48775252416491427,0.7186856280184267,0.9669631338422464,0.3328300325552208,1.0,-0.422597133664689,1.0,0
0.9786497163298905,0.9649406318187275,0.768000508094111,1.0,-1.0,0.3488051327939376,-0.048161909757262596,-0.10582511147491329,-0.12061518176897747,0.565566566948827,0.8808819973665732,0.9756901388758217,-1.0,1.0,1.0,1.0,-0.8563047988257221,0.15527773655078278,-0.14264050738933978,0.06147605697606729,0.13932202947116526,0.938965533073213,-0.3884677310042408,0.07425690429030203,-0.2074280420502751,0.847679358370719,-1.0,1.0,1.0,-1.0,-1.0,0.21830250491506026,0.07334767562495301,1
1.0,0.5894153399305458,0.0009347062363837238,0.3490719594958659,-0.07545238571424132,0.39161361005656464,0.10749660425475702,0.4214797365779827,-0.02885038851435431,0.5749496846899551,0.16238342342025366,0.4692911635261261,0.09550103012815012,-0.5894711855000581,-0.09068730115160262,-0.7032529191810579,0.039007262071708425,0.48277782440423866,0.02513614769433345,0.454916876850863,0.08050679691766449,0.6148244010387437,0.017994121581005773,0.44726223394948206,-0.05335772347839997,0.3989322012374081,0.08205197916247003,-0.4629552235975787,0.06697782310870866,0.4525014183000636,0.278813846952779,0.4724377800614679,-0.10044213616639577,1
1.0,0.61538,0.18923,0.78157,0.0178,0.77486,0.02647,0.65077,-0.10308,0.77538,0.08,0.73961,0.0506,0.72322,0.05776,0.68615,-0.08923,0.61692,0.16308,0.66233,0.07573,0.63878,0.08041,0.60154,-0.07231,0.58803,0.08767,0.55077,0.25692,0.53389,0.09207,0.50609,0.09322,0
0.8673914711965915,0.28607163166380095,-0.033775962831902116,-0.043550230583147706,-0.3593180082161236,0.4339294119968248,-0.09517957900739066,0.24740034433775807,-0.24304856005981532,0.3708298375878732,-0.23080067357543066,0.2798145532779588,0.05431054777273889,0.5047216983911051,-0.25640398896342176,0.34413427484146425,-0.1004079381941293,0.24383849388766002,-0.07512186961762429,0.3473481919170672,-0.036612811170222914,0.32132972595170156,-0.2589848338815202,0.3325052649734604,-0.20953504621155225,0.29610774158391334,-0.14909730548021727,0.36290570479223533,0.039431945539254554,0.11209721952767021,-0.32684610232918476,0.06483260281411175,-0.11087857550507234,0
1.0,0.343793383241118,-1.0,-1.0,-0.5906899299353476,0.16388249095160784,0.7984773448619115,1.0,1.0,0.6986644078613574,-0.3621369355578031,-0.9613624909619003,-0.9816555922006605,-0.24115610957206074,1.0,0.5007563539174473,0.36582121984158233,0.20633734042046176,-0.28717909495396887,-0.01936886658234177,-0.21258800793256183,0.1074223162889909,-0.028464876672758543,0.057245372203675635,0.01678863992543917,0.11674453249783542,-0.12128230351152748,0.2658056855591258,-0.2534057364306409,0.23255723355523444,0.01367838567523659,0.07748944144456785,0.1900834864328741,0
0.7749919115620982,0.19373209867069455,0.14293108221712802,0.9639085912214473,0.06554804972757289,0.9240466568105928,0.9366216528981134,0.24801657946709868,0.2189511138662124,0.5311468115448059,0.19150075289247617,0.6631913739444477,-0.8805230227086055,0.37413771245760974,0.46268805656008993,1.0,0.10246428221926339,0.65404555936477,-0.21011495297816535,0.6570713627268369,0.03376920906635608,0.6483985066767752,0.3727917071474019,0.655815894880141,0.28188435136935575,0.35728327977291696,0.10222575297795347,0.4295072440711213,-0.10605599532622724,0.4023220742765823,0.19146864258907367,0.3988402772581784,0.16313035987664,0
1.0,0.93972,0.28082,0.80486,0.52821,0.58167,0.73151,0.34961,0.80511,0.10797,0.90403,-0.20015,0.89335,-0.3973,0.82163,-0.58835,0.62867,-0.76305,0.40368,-0.81262,0.18888,-0.81317,-0.04284,-0.75273,-0.26883,-0.63237,-0.46438,-0.46422,-0.61446,-0.26389,-0.70835,-0.08937,-0.71273,0
0.9193864264977658,0.8597862835813408,0.10026664549115785,0.8807702483711195,-0.004086090602644591,0.8793363017514149,0.0008732026280014321,0.9343489006527413,-0.038279647160704,0.985777560572162,0.02832748939465557,0.954681238105611,0.011742712163937344,0.875932628964031,0.05094425130678644,0.7698761965300365,-0.0014313005818668706,0.8650906563144151,-0.001592556483485337,0.8439021769329982,-0.02358292255288559,0.8784635948637844,0.04573686321043792,0.8371313084058966,-0.06307793758878512,0.8583621168444915,-0.013619829494166465,0.9172107379061244,0.051372558881722666,0.8324126828679144,0.051666637318443856,0.7517643183344141,0.1217246998262492,0
1.0,0.687145354301869,0.34347497963070567,0.488969192415889,0.7225573286377336,0.029116310467951705,0.8592227378028434,-0.41408150651465164,0.7268428515919733,-0.6474839024507139,0.49836794710753896,-0.8106908440253194,0.029472589406001445,-0.8303205843645654,-0.22912467753234783,-0.4279176567487336,-0.7009160330811975,-0.09589616560354115,-0.8585596956816635,0.25021754035465277,-0.7151374926175977,0.5613054780051001,-0.5231601591845914,0.7476555768156877,-0.10642846836406904,0.7423791156149844,0.2037411265779922,0.45254155882705793,0.6181823154632984,0.1409205709652424,0.7566886070129717,-0.19053980577943214,0.772101664334548,0
0.0,0.0,0.0,1.0,1.0,0.0,0.0,1.0,1.0,0.0,0.0,1.0,-1.0,0.0,0.0,0.0,0.0,0.0,0.0,0.0,0.0,0.0,0.0,0.0,0.0,1.0,-1.0,0.0,0.0,-1.0,1.0,0.0,0.0,1
0.7500181028270413,0.7390295928957702,0.1572170530524376,0.46366548928639806,0.48214526781259115,-0.07995042439096489,0.7035234392349273,-0.3636089462096525,0.7452558687048517,-0.7543973512000501,0.5602483663416072,-1.0,0.2412849878087093,-1.0,-0.09646192171925225,-1.0,-0.43274424677647794,-1.0,-0.8183232535678012,-0.530165145624022,-1.0,-0.2646592669573813,-1.0,0.1514567859158849,-1.0,0.3728878458806517,-0.8224211336634271,0.5032919352385226,-0.47329068231343424,0.6210377070394499,-0.14380927227122978,0.481419146208639,0.3068685758948386,0
1.0,1.0,-0.006339546108255614,1.0,0.3068062354001144,1.0,0.131625437188925,1.0,0.20254661238780508,1.0,0.08325498831620669,1.0,0.0390671859917848,1.0,0.10636907055241894,0.8511335223967019,0.08121696343126038,0.8231687967745127,-0.0336160919595344,1.0,-0.13747896869064968,0.9539014684141728,-0.2042607747265601,0.9799731722566395,-0.18104639670805714,0.844261761253875,-0.09017084741627755,0.9067180551816342,-0.17430833084915814,0.6658943370996401,-0.15011808508442112,0.8531481594613747,-0.23409700401863096,0
1.0,0.9507895300875225,-0.7529589308216491,1.0,0.2807790647508424,0.7485572700275759,-0.3490818495301451,1.0,0.016287887388664914,0.9586979726964231,0.21792113715097974,1.0,-0.01831104605170242,0.9271319999324781,-0.3026275567546414,0.8505307996156404,-1.0,0.8384194525570084,-1.0,0.5306190157686952,0.07921411141679491,0.9016756691251017,0.5173243173024722,0.9361957825592125,-0.2535019901080626,0.8839902207008347,0.2671961038530141,0.9200467182621025,-0.5114374990183373,0.934157130859341,1.0,1.0,-0.11324220418806091,0
1.0,0.95113,0.00419,0.95183,-0.02723,0.93438,-0.0192,0.9459,0.01606,0.9651,0.03281,0.94171,0.0733,0.94625,-0.01326,0.97173,0.0014,0.94834,0.06038,0.9267,0.08412,0.93124,0.10087,0.9452,0.01361,0.93522,0.04925,0.93159,0.08168,0.94066,-0.00035,0.91483,0.04712,0
1.0,1.0,0.6140132873115539,1.0,0.3183503849031067,1.0,0.4046028370550995,1.0,0.3245572866442181,1.0,0.5684074865189008,1.0,0.353887702461449,1.0,0.3260630148461378,1.0,0.0477375545690399,1.0,0.24375014508811674,1.0,0.24283570714580116,1.0,0.6661008830693482,1.0,-0.026342774379235656,1.0,0.270049484062246,1.0,0.49669124990386065,1.0,0.08319777611307849,1.0,0.21466768463913932,0
0.9711321368979352,0.9016171013006944,-0.10250623363841739,0.9662043555346645,0.2703194959584292,0.9777160721856375,-0.16784649506008148,1.0,-0.0945099810108456,1.0,-0.11989247705972095,1.0,-0.09541636593043497,1.0,-0.1727064818340301,0.9589931059998329,0.1842494100269494,1.0,0.3182552318527886,0.9623203371066776,0.009865999414494325,1.0,-0.2593892503439176,0.7309049953545846,-0.15664114480931715,1.0,-0.26010916566647146,1.0,0.04895893722844509,1.0,0.10781788957173213,1.0,0.14915861092141444,0
1.0,0.9601176437324251,0.09273734491733118,0.9514990622741331,0.08888128299536388,0.9257269282109034,0.34620067101478175,0.9465602132857811,0.4550287529162599,0.8141590698901695,0.5702908277096111,0.898205026389717,0.5100303302582859,0.6389950761916658,0.559439878717414,0.7323193320359539,0.6210921862964449,0.6507225130247136,0.6682129986285855,0.5989205674557868,0.6863867309140171,0.48013328351737333,0.5887599235503117,0.467327869870891,0.6989707366267831,0.4062046566841497,0.6553213996577928,0.3089137726524953,0.6524253893676085,0.27116422525442363,0.6228840757918344,0.37744460233221355,0.5157480018043663,0
0.7044454092589121,0.6976878404330209,-0.0836173807343996,0.660005332869863,-0.19242567161432184,0.46976216270106597,-0.5973850230341133,0.6173591741490183,-0.4719693194061341,0.3758340400202056,-0.46157205821799535,0.42428387879879165,-0.5945899696633967,0.5340197756315774,-0.6984198022939319,0.2357081432384288,-0.8310994874244387,0.14383772862640773,-0.8371279888391221,0.45846610259691833,-0.6735968631731731,0.26451851049395647,-0.6264877459406635,-0.030761228065228453,-0.7430590607856244,-0.003924459962682335,-0.8898979671838352,-0.12090192853900249,-0.7356162059745405,-0.07840355299046137,-0.792855623411614,-0.039369593309320765,-0.8024167655830443,0
1.0,1.0,0.617308195413956,1.0,0.5993482393878633,0.7756436985514322,0.6989998581158507,1.0,-0.0799196655499009,1.0,0.06741925681733829,0.9322137177679037,-0.4203125706089661,0.6417030973507144,0.3644362513314558,1.0,-0.6889841988704949,1.0,-0.1596020380137151,1.0,-0.3446031125610361,1.0,0.15717826026325318,1.0,-0.002677482827662482,1.0,0.08202237190927864,1.0,0.4986356597391154,0.9835617210425167,0.6208751232100258,0.820254672020801,0.30533139999183173,0
1.0,0.9397272236335958,0.20074740601808339,0.9600904511089425,0.3024978564413118,0.7495630675038589,-0.2066986909316795,0.7164038502507142,-0.1444638729809945,0.699112676773258,-0.14971665524988764,0.7349435766037713,-0.10095095305835235,0.2287531759466797,-0.27231528976078273,0.523988695025248,-0.24382031163538698,0.3168615584061041,-0.010318777420735614,0.009022791911311716,-0.15609906289022452,0.024874071128568147,-0.43800994968603374,0.11093935001491557,-0.7669784636491194,0.18430840901734843,-0.2620933877746051,0.059535715434049945,-0.49579125646164557,0.03998805824290593,-0.5527430478289018,-0.019972979518535487,-0.580345821723018,0
1.0,0.9090372299444732,0.2272824071992522,1.0,0.327260489919342,0.9451389835456678,0.2514742140231758,0.9538813068013388,0.11966747799613442,1.0,0.27117391725879536,1.0,0.22245045700582017,1.0,0.3126451492403046,1.0,0.21112354773084102,0.9082340071451437,0.1979272424054266,1.0,0.20420326328189675,1.0,0.01601235877921875,0.872275961828832,0.1391483801804263,0.9792512664062291,0.1546177274797471,0.9433913836362073,0.09562320238204335,1.0,0.3180029560689799,0.9196129705281583,0.2272768389674239,0
1.0,0.7478240531933761,0.10560903428318191,0.6293317794338655,0.08270485626569192,0.6007786151895464,0.024759828016893737,0.6300532584370282,0.18275731557121555,0.8087853038746385,0.03891640508227995,0.7011455750952951,0.19747986317485047,0.8288108584022389,0.04604100546353802,0.8408334300037376,0.17369596489438066,0.7344137280875225,0.10295113002105918,0.5998089627321551,0.3207786585448889,0.6140767328032164,0.18112287819754203,0.7428688040593814,0.17012991198627725,0.7824149720132354,0.07047921641536004,0.6377761686576537,0.17316847104516428,0.7275217956631359,0.05763501867008172,0.7127326186278801,-0.032468310822927365,0
1.0,0.5017165684648314,0.37255633518404385,0.4067858573713092,0.07363168764308825,0.3507378588350273,0.3840438578577442,-0.028464018198307493,0.3472940251238341,-0.010972499051009622,0.6888049706271433,-0.21068666481355236,0.5342365310899231,-0.1707856758864244,0.038977607763848676,-0.6829768785300785,-0.18436682096571744,-0.4115297425454574,-0.21343144973188138,-0.21663524645815016,-0.17582364046984375,-0.09459010366729478,-0.5888949467209039,-0.4090408847687722,0.002831468914354952,0.20356443106162544,-0.32094563645515184,0.04789764110651548,-0.5176792152472691,0.3820545819084391,-0.34642043091466723,0.106558831794759,-0.19781553170422936,0
0.23526574157470018,0.22613391883068237,0.23643247489154592,0.17046769082784843,0.21473095117689414,0.23118037813036024,0.11671964368297041,0.27937065103038505,0.3075836309586457,0.24165039337783267,0.23458001675944162,0.22372390852591795,0.17811431156860574,0.18877746808951612,0.24250622342096848,0.1456251189096209,0.14125013299648576,0.1744195192158171,0.22709863739771746,0.15098917073923201,0.18301517530707415,0.18895219845034156,0.1436925167212192,0.07229758281365604,0.1429603516820018,1.0,-0.7814068479331843,0.21900412784601228,0.22476459839509894,0.16296623362606974,0.15225552240358267,0.21303887889548484,0.183698475141095,0
0.671270685672915,0.6365562044617076,0.008430295087486005,0.35520586167624124,0.34671753708084574,0.24021018835026123,0.47749304688022376,-0.3210361204667694,0.5916837145191649,-0.5359685983222882,0.5166248179210238,-0.772976602753662,0.2881472790182748,-0.9705446679306359,0.1117490029254349,-0.9664083791903253,-0.159184644430922,-0.9789724636234142,-0.5548458864742981,-0.8134887960953467,-0.6915721238710438,-0.5922628789160141,-0.855255704589626,-0.40636770179106774,-0.9505466160370769,-0.08365802831576485,-0.919735268669265,0.05650637717885282,-0.7364468129471262,0.12919329432130147,-0.5141934647966447,0.22370873585652035,-0.3403227892842954,0
0.7506903183732269,0.8191766104883963,0.4629902839012532,0.8092427192508601,0.8495916206098897,0.5527164246727648,0.8138268696992076,-0.5769476537632808,0.833658343764391,-1.0,0.744669062020129,-0.19272240118544529,0.8143118489308182,-1.0,0.835668271721109,-1.0,-0.13760015919719715,-1.0,-0.8935636140854885,-1.0,-1.0,-1.0,-0.5042684479487092,-0.44573524328861075,-1.0,-0.056429323733733563,-1.0,0.8216512139993511,-1.0,-0.20336266759229601,-1.0,0.8892302350853222,-0.9023461092119034,0
1.0,0.8078656483825776,0.19813392204774255,0.8521950711113846,0.2595937331066329,0.8786125592001175,0.3075193175404611,0.9001315886863086,0.3545647375366927,0.9522603584472178,0.29713908867981825,0.9676284371989406,0.1923076339084268,0.8977162444278262,0.33820615105077023,0.857824146836029,0.24051958817290187,0.9443509971292375,0.16964304006962622,0.9432570468537839,0.41552302252859286,0.9059477693618605,0.31304333623232444,0.722198219634933,0.35286212028996183,0.8907860555624666,0.3134395777584548,0.7926495341689418,0.2042066772898381,0.8710016298871537,0.3837426112622281,0.9224653050477862,0.26049949804981587,0
1.0,0.8189551011482252,0.39541751556857496,0.758096104953459,0.5899400233973734,0.5179634383414938,0.7529598358018735,0.2875921613476226,0.9539548348635816,-0.06868744067134032,0.34339915680849675,-0.3832240495425592,0.8080685540051906,-0.5408358434959013,0.6903116268453401,-0.6188428042634895,0.40036258920599554,-0.5527139658334035,0.0882435734029686,-0.6171200590683082,-0.08521822578011753,-0.5228110708723716,-0.2616980515349965,-0.2032453749688392,-0.48646267628211204,-0.06316336356294715,-0.11049614042695471,0.1654562779835808,-0.5378704566872669,0.2847657454567367,-0.5992783711850265,0.5473011230909831,-0.3234759725225612,1
1.0,0.39179,-0.06343,0.97464,0.04328,1.0,1.0,0.35821,0.15299,0.54478,0.1306,0.61567,-0.8209,0.57836,0.6791,0.66791,-0.10448,0.46642,-0.11567,0.65574,0.14792,0.83209,0.45522,0.47015,0.16418,0.49309,0.1463,0.32463,-0.02612,0.39118,0.13521,0.34411,0.12755,1
1.0,0.42708,-0.5,0.0,0.0,0.0,0.0,0.46458,0.51042,0.58958,0.02083,0.0,0.0,0.0,0.0,0.16458,-0.45417,0.59167,-0.18333,0.0,0.0,0.0,0.0,0.9875,-0.40833,-1.0,-1.0,-0.27917,-0.75625,0.0,0.0,0.0,0.0,1
0.9589858449116201,-0.05413399765491099,-0.11244788717305247,-0.20961554166536608,0.11547603906467326,-0.08499595408097341,-0.41635864692937896,-0.016175480923185243,0.19625144679987927,0.0025346320772128353,-0.08179142401909195,0.16377402319867299,-0.10880332248412246,0.04281848109832656,-0.24890364097026296,0.07719272914532672,-0.1567189351077522,-0.14956688447979666,0.06067871205157884,0.12310347307554995,0.013530082043358128,-0.05083731379926997,0.23276066182743158,0.11763631360971563,-0.07010985321210392,-0.12383181086056572,0.23571565097189956,-0.06243398795255768,-0.015577419317652073,0.01609652457876313,0.047291562449178814,-0.008326480640308023,0.2886261613580192,0
1.0,0.94333,0.38574,0.48263,0.64534,0.21572,0.77514,-0.55941,0.64899,-0.73675,0.42048,-0.76051,0.0,-0.62706,-0.31079,-0.38391,-0.62157,-0.12797,-0.69287,0.49909,-0.6362,0.71481,-0.3766,0.73857,-0.05484,0.60098,0.30384,0.45521,0.60512,0.02742,0.54479,-0.21572,0.50457,0
1.0,-0.7969586481032707,0.7289847639260179,0.32502799900789553,0.27946234065784803,0.28790166128953476,0.2954946217378536,0.3661389272093257,0.30135313218511117,-0.9689557887733458,0.2461854683486498,0.30626534647468207,0.24917573996890593,0.3526163430884127,-0.22140088040796957,1.0,1.0,1.0,-0.1144545260112025,0.32710887236860886,0.32721374567729095,-0.5075361341144755,0.47020682672280445,0.21705568846801596,0.11485945340324433,0.6195308601168918,-0.4328885008244865,-0.6963583645036526,0.5563963737755689,0.35071438135265043,0.29466461311628545,1.0,-0.10118458473406142,1
1.0,0.66161,-1.0,1.0,1.0,1.0,-0.67321,0.80893,-0.40446,1.0,-1.0,1.0,-0.89375,1.0,0.73393,0.17589,0.70982,1.0,0.78036,1.0,0.85268,1.0,-1.0,1.0,0.85357,1.0,-0.08571,0.95982,-0.3625,1.0,0.65268,1.0,0.34732,1
1.0,0.6899374220052255,-0.08738965996063111,0.20868763265272827,0.29734892492262116,1.0,-0.7017440048820195,0.60350229044704,1.0,0.9060315035511449,0.3838595268660861,0.6341998298354773,-0.4988150808160357,0.29188324863622617,-0.9348386051827657,0.8149630251670478,-0.06759492441517673,0.693645794288682,-0.567568283430215,0.3237355789116144,0.22000484724764735,0.363548702024981,0.3071872372977993,0.5404470816038768,0.4314655326752236,1.0,0.06122927798811721,0.3297356510766639,-0.1758578886506785,0.38715465450522785,-0.4743497209197113,0.24959162616145147,0.3157287270424371,1
0.0,-1.0,1.0,1.0,1.0,0.0,0.0,1.0,-1.0,1.0,-1.0,1.0,-1.0,-1.0,-1.0,0.0,0.0,-1.0,-1.0,0.0,0.0,0.0,0.0,-1.0,-1.0,1.0,-1.0,1.0,1.0,-1.0,-1.0,0.0,0.0,1
1.0,0.7002256935006428,0.3289179275984877,0.8115330680967152,-0.19815178993463028,0.9224097706546535,0.3812075485799462,1.0,-0.16316982785882284,0.6876726938541445,0.08080912522425007,0.7835080779442228,0.1644532339899822,0.8961624790990526,-0.24745382421397913,0.9218545357593476,-0.07076273452143153,0.8768951390439294,-0.000297978003507747,0.9850420607387242,0.04199101489644293,0.6050560163037786,0.03573432452344628,0.8018770049999904,-0.38659843564692375,0.7961581289358474,0.21004561985827352,0.5423839248750355,-0.01039865111240941,0.7496106596426454,-0.02649703395299522,0.7228585059648497,-0.26102548271199355,0
1.0,1.0,0.32063683406789506,1.0,0.47017337994567154,0.9121630886131772,0.534289403249147,0.8238981768010544,0.7340308985437146,0.8431569439359301,0.6723351164039333,0.5964751380576815,0.9912180871475379,0.38111249027912747,0.8715738955549488,0.3939009247181915,0.8141071207496621,0.22413959290928534,0.8799689359745262,0.010271142253602686,0.8847306065310119,0.028509235530271737,0.8410806288202283,-0.18617092203484406,0.7648353592436613,-0.27390150730915147,0.6552957588483617,-0.36178015340997477,0.6429080675263991,-0.37265922475685553,0.6141002335147623,-0.4133133759833007,0.45701970626838173,0
1.0,1.0,0.2810542405079347,1.0,0.31091616479737505,1.0,0.3697316406083053,1.0,0.23409351948154014,1.0,0.2797210116753125,1.0,0.45942607661127594,1.0,0.5268526126750974,1.0,0.4922347889152715,0.968220828951556,0.4637260491819448,1.0,0.5106546188951792,0.9088890234496367,0.5801401581119736,0.9609011832504459,0.44510160158926604,0.8370200131184773,0.5710727591249465,0.7736807776968908,0.6502007720038517,0.7122174137988212,0.5396230037673426,0.7002409529862181,0.6253565840150187,0
1.0,0.6788688343282078,-0.6937576379501201,1.0,0.4625927776248689,0.18259098339152596,-0.8537007648904368,1.0,-0.7507214419792975,0.604952990341157,-0.7778663719017705,0.2068492864867178,0.21236491405828012,-0.7665733634172488,-0.12387937500553836,-0.19093374176415456,0.2707204673159944,1.0,-0.8348840721565123,0.19273569319215877,0.1043910092834425,0.2220055519210482,0.2539815283577011,0.017430888170024483,1.0,0.5793358627972905,0.4386408383506944,0.20443421388681735,0.15361352259309835,1.0,0.3794781031391935,0.22227947883697138,0.20478755555787265,0
0.6732472484607075,0.6099962560203652,-0.641431150998643,0.6820540574352091,-0.49503389613147314,0.5514131920653017,-0.3332418215374549,0.5105870425831098,-0.3111230575762219,0.5638642625311071,-0.20796252278268482,0.6776671387785991,-0.3337457869794306,0.5640826384950048,-0.28605286924078877,0.2569819794873924,-0.673618872378038,0.6336526506657978,-0.33337674428594616,0.6493676458279793,-0.37769221558779914,0.7012829375836247,-0.05035098959153886,0.2061320220196337,-0.7721549732609317,0.5480648541091713,-0.4081079682817371,0.7321710493154396,-0.3791916381923918,0.20049207996981763,-0.31945219601609937,0.5184556738933521,-0.31168931167174957,0
1.0,1.0,-0.10488074039794876,1.0,0.11856593693069428,0.6958231917137576,0.04720912353963255,0.6951798234193767,0.11596456859884009,0.5127311810836455,0.2596772216590357,0.9438721782598758,0.03039900526030061,0.4906990969427727,0.005519060549012272,0.09957729013094045,-0.07280225767950903,0.47597321575003476,0.1399369658562372,0.4702196533047932,0.04244804984431017,0.7028937899683909,-0.30085114330748514,0.2519400712806414,-0.18505432485316473,0.4642968795771389,-0.04384269840151378,0.18449312053758607,-0.07226462442626416,0.24202230629112914,-0.3732376442113916,0.5433724196969879,0.03554152168927063,0
1.0,0.79157,0.16851,0.0,0.0,0.56541,0.06874,0.39468,1.0,0.38359,0.99557,-0.02439,0.53215,0.23725,0.1286,-0.02661,0.95122,-0.50998,0.84922,-0.102,0.38803,-0.42572,0.23725,-0.91574,0.8071,-0.34146,0.88248,-1.0,0.69401,-1.0,0.1286,0.0,0.0,1
1.0,1.0,0.8127394513707183,1.0,0.5902556945551642,-0.6008666661688029,1.0,-0.3831678499701629,1.0,-0.2509189102500419,1.0,-0.06228709596757905,0.8983324181944102,-0.13643209302932524,-0.734717984152233,0.13528555190788308,-0.5285743823874398,-0.08687639309322066,0.27198624940625554,0.08389632659600206,0.11505174339799837,0.12896281784457325,-0.19357959943590214,0.2410256169026919,0.1071168241566446,0.25661965964403777,0.19297381197046096,0.35848331246667064,0.24458832350579407,0.2689830305109012,0.23664354765757029,-0.5554512971503767,-0.08456663851397211,1
1.0,0.25316,0.35949,0.0,0.0,-0.2962,-1.0,0.0,0.0,0.07595,-0.07342,0.0,0.0,0.0,0.0,0.0,0.0,0.0,0.0,0.00759,0.68101,-0.2,0.33671,-0.1038,0.35696,0.0557,-1.0,0.0,0.0,0.06329,-1.0,0.0,0.0,1
0.8475806867194413,0.9092305321137292,0.117491593622754,0.7750160639705314,0.28865875368880134,0.5552254951819398,0.4149848012620482,0.32114070902467956,0.7105163952034917,0.14876393764000911,0.7639365588942724,-0.10016830758093219,0.6671311622349264,-0.4482032044741047,0.7187337928721735,-0.5777062773643888,0.6558327385808629,-0.7658535423228464,0.4482823714859724,-0.9292158853411102,0.27383277839533676,-0.928274150157423,0.08664551764845652,-0.9421541279710692,-0.15110187289018567,-0.9316680091702784,-0.3134083591379,-0.7388834645736668,-0.460356103874938,-0.6730016042708649,-0.6554082034535913,-0.6006767401533045,-0.7214728503419989,0
1.0,1.0,0.5796683983700934,1.0,0.36661996426726445,1.0,-0.006280755584010742,1.0,-0.01292397510776011,1.0,0.044744571379644826,1.0,0.025164843658409465,0.9588808020927437,-0.10233058766068356,0.8415558958174973,-0.2988204017942406,0.6786036451065668,-0.2562756155007395,0.9592906607174777,-0.051235848411956345,0.7657863206992161,0.04673277296523516,0.5831366613949406,-0.2282813862203714,0.5384524900610975,-0.13646961119725837,0.44920923751325786,-0.15703092701349944,0.446126486608873,-0.07261221757433806,0.48427257908364896,-0.19941867674510458,0
1.0,0.9775118732547696,0.22147082381150757,0.8082444076588491,-0.23945805147747762,0.9871477352711151,0.0813554788855776,1.0,-0.17278669979618416,1.0,-0.004884382082583565,0.9614048252192946,-0.04110648265876017,0.8803413696304615,-0.014270962826105155,1.0,-0.11339164723384493,1.0,0.15946642238052144,1.0,-0.23878206480850142,0.9928404073606789,-0.18078041880088336,0.9291876644819766,-0.28380513758278797,1.0,0.0397164056627779,1.0,0.16031109262736948,0.9621160403796869,-0.1675553640938396,1.0,-0.0919967510241381,0
-0.024347267793100556,0.010764198638018474,-0.12625778147029648,-0.128186430424767,0.050604589298319694,0.08048984374525552,-0.05275262038530094,-0.06341108529991542,0.09012602805892132,-0.06559219412807847,0.059881922789612005,1.0,0.9151917525352422,0.8604474898678802,0.8752492045631042,0.876640249583677,-1.0,0.0926923614716395,-0.06271779626901693,1.0,1.0,0.9391076021373724,-1.0,0.9587570892443883,1.0,1.0,0.053004476405111245,1.0,1.0,0.8363338446741557,-1.0,0.020819243295824047,-0.0691680259939923,0
1.0,1.0,0.031630221944792924,0.7873115029254407,0.3824126187322834,1.0,0.32078741687043394,1.0,0.4488358777756689,1.0,0.3101221680457959,1.0,0.7675631426951778,1.0,-0.2843659475825076,1.0,-0.024427837060634828,1.0,0.10618722452207488,1.0,1.0,0.8112309441026635,0.1630207836518009,1.0,0.3053392847189516,1.0,0.20801185572364003,0.9123973564614352,-0.0318753247206856,1.0,0.04384076059825772,1.0,0.22969821286974215,0
1.0,0.7287240658803025,0.5345785624226994,1.0,0.8611295644081659,1.0,0.8397329168677761,1.0,0.03244321207151992,1.0,0.15102837678009606,1.0,-0.6630337748337335,0.9711737679342658,0.9677087904567837,1.0,0.11092442294622479,1.0,0.25692272925582565,1.0,-0.5289833853279695,1.0,-0.7436550608432926,0.3519718470102067,-0.191809783268642,1.0,0.29138444667265057,0.8486246545701374,0.6168812792435058,1.0,0.8274236621014868,0.9128672183487814,0.7899516964985087,0
1.0,-1.0,1.0,-1.0,0.15244,0.28354,1.0,-1.0,1.0,-1.0,-1.0,1.0,1.0,-1.0,-0.23476,0.28301,-1.0,1.0,1.0,-0.31402,-1.0,-1.0,-1.0,1.0,-1.0,-1.0,-0.03578,1.0,-1.0,-1.0,-0.32317,0.14939,1.0,1
0.9993140101714703,0.9318261550294618,0.09681734022655644,1.0,-0.1838319252563794,1.0,-0.19853604741311054,1.0,-0.4482127344836802,1.0,-0.364623805613033,0.9722376507464325,-0.5424800430953063,0.912683984993786,-0.5604488528205886,0.9014627206767979,-0.7326561715895737,0.6641660016779627,-0.6547041344345428,0.6547414455648686,-0.7586532865912743,0.5577884275036389,-0.7621843552598716,0.5989397127055118,-0.8216836738296296,0.45975655086213807,-0.9798409696796851,0.3439269238804045,-0.8635486229417709,0.33477150645494325,-0.9058494269276488,0.28921363191757543,-0.8386483867558255,0
-0.9938485709796147,0.9954912679921227,0.0916086283975857,1.0,0.12020030156681932,-0.9567592209025906,-0.03728277825673497,1.0,0.11070340948358313,0.9675896220429566,0.027579099006200723,0.94689421613586,0.002231048849859224,-0.8857666528055204,0.00823484376537301,0.9371442297175866,0.021030423963135203,0.9947937945896368,-0.0827354285877141,0.9603232239039425,-0.05044378017318783,1.0,0.012063085197100844,-0.9562345004924806,0.06031533317094273,0.8862390048043727,-0.02384797647087548,0.8803498074570164,-0.1241610492759252,1.0,0.05329348294956699,0.9589898776313053,-0.08635700860551589,1
0.06517238318172332,0.01272694110912223,-0.035572585718139337,0.06402988968650099,0.010931984041156435,-0.008685386315075667,0.008824123826549162,0.07366692492357846,0.11286625786925722,-0.03976676323949254,-0.04124519501776549,0.01631127449692502,0.07860945686061944,0.0548515147063774,0.04420580311411986,0.07079721961891319,0.0524496975341886,0.0781142087212836,-0.003313998477849328,0.017765688685299742,0.04805169009721273,0.06717790621278225,0.024744379602491335,-0.056544955565059035,0.0952306945751579,0.9720733365108002,-1.0,-0.03116292665609517,-0.056021874942692576,0.03587822840087787,0.08575361778236382,-0.016060424560713982,-0.02440773343007225,0
0.9704809149899699,0.483038975229221,-0.14116859017515804,0.262675767351698,-0.14721866399234926,0.4396668957454987,-0.04197958524247792,0.18584754776228815,0.04545829007183119,0.3040253455855878,-0.016803541297182506,0.07974435078940512,-0.003740162987687222,0.1977334567719735,-0.07815074839864186,0.17863936193777674,-0.21071521896556367,0.1438208491728391,0.062280603578434096,0.11270431965115618,0.060387550892957303,0.10670667084797544,-0.05204944416745129,0.11909604804004775,0.08157098218408552,0.12408733733308194,-0.022516282190471717,0.14075698239907053,-0.07479778239456837,0.1503592096410824,-0.05311280944855271,0.11704702895568736,-0.03275877435206466,0
1.0,1.0,0.32982743156435396,1.0,-1.0,1.0,0.1470745930547173,1.0,0.17981798766544937,1.0,0.21861492303967353,1.0,1.0,1.0,-0.03392923405243785,1.0,-0.0784201207280392,1.0,-0.2568094439883126,1.0,-0.16887292749049929,1.0,-0.16109445923357615,1.0,-0.2183609929695363,1.0,-0.24814648183858268,1.0,-0.11871926456292768,1.0,0.905226947070042,1.0,-0.11320008734809901,1
1.0,0.92657,0.04174,0.89266,0.15766,0.86098,0.19791,0.83675,0.36526,0.80619,0.40198,0.76221,0.40552,0.66586,0.4836,0.60101,0.51752,0.53392,0.5218,0.48435,0.54212,0.42546,0.55684,0.3334,0.55274,0.26978,0.54214,0.22307,0.53448,0.14312,0.49124,0.11573,0.46571,0
1.0,1.0,-0.02401,0.9414,0.06531,0.92106,-0.23255,0.77152,-0.16399,0.52798,-0.20275,0.56409,-0.00712,0.34395,-0.27457,0.5294,-0.2178,0.45107,-0.17813,0.05982,-0.35575,0.02309,-0.52879,0.03286,-0.65158,0.1329,-0.53206,0.02431,-0.62197,-0.05707,-0.59573,-0.04608,-0.65697,0
0.9235198771693438,0.8534154335457776,-0.04615342428447175,0.8122466222433873,0.10737259374268095,0.7497925727201832,0.04113225359457451,0.7670344053636364,0.24272322376876918,0.6888297906114431,0.3069458039693015,0.6557063045083164,0.3731255901108447,0.569626388508843,0.45372594737884586,0.5234142779321178,0.4251970153882265,0.4539344897993497,0.3693219722839734,0.4133573249585448,0.4966829303007581,0.3871059868273213,0.40133476121611666,0.16955445537286118,0.4380025392309682,0.251116583384654,0.4652922351640223,0.0964387034975999,0.373936492138491,0.021024000262329243,0.36576590905935613,0.07461435141727286,0.42844067795436225,0
1.0,0.6747494515900817,0.21824250849629795,1.0,0.07396827075475802,0.9029779945749206,0.8281009817281221,-0.4198150227312394,-0.11453873365297007,0.9194842508843294,-0.09581897912265268,0.7832172539985967,0.14426085648270986,0.9461233355493959,0.9516298288272707,0.7959049928460129,0.19107488844726297,1.0,0.3970447507545051,0.7725129756622005,0.3868762511529132,0.4394082518379179,-1.0,0.9267101057788926,0.06775588021607579,1.0,0.8621102559505761,0.9935023277182575,0.012107974782882579,0.986355481564442,0.8304345159405702,0.789175099889013,0.6135438077629889,1
0.6199618344817173,0.6533039791616655,-1.0,0.6089775837174334,-0.19226732464083765,0.5447967266981716,-0.22963426444317034,-0.07046158316591711,-0.33686690805593833,1.0,0.47008340688808,0.47558780464948186,-0.3763095362208826,0.23066926086390716,0.33612826383441224,0.6232003657321288,-0.5254109872719092,0.4919324762891317,-0.26167276177467397,0.5492716673462893,-1.0,0.5833858259227447,-0.689080681605271,0.6037663097543341,-0.5039512065098962,0.6041217254748379,-0.41917024323744073,0.5888969637889455,-0.33123549983532885,0.49689557037028864,-0.3942190247245988,0.4729163612288542,0.22061042266224373,1
0.7083019983551543,1.0,-0.041964734241326095,1.0,-0.2690337210555139,1.0,-0.08113031908027882,1.0,0.10702986334563841,1.0,-0.10351183635240882,0.9517543230853944,0.003856613289892258,1.0,0.20338157936068535,1.0,-0.14510412037440382,1.0,0.4013406719772967,1.0,-0.3224559387860779,0.9663580415172782,0.20432673353574823,0.9744742182404829,0.03625727117985629,0.9625150098883116,0.16493652796085131,0.8302642035874988,0.2514264112253119,0.9921609811622704,-0.030233398375616907,1.0,-0.11564832671562982,0
0.8807107940525687,1.0,-0.19376965502050641,0.4220667986045854,-0.34166657209788753,-0.30324155519011686,-0.38462939263442747,0.09378554116376354,-0.07873957766091677,0.25647610362309425,-0.4496609743158354,1.0,-0.4487262371866678,-0.26059195841382343,-0.36132930905631633,0.04561481600356364,0.6255723893384649,0.006595334964999894,-0.48589323247271377,-0.12620894550433834,-1.0,-0.18277816084176993,-0.4185442725786885,-0.9519215404257243,-0.4310087170703226,-0.1923217415962077,-0.4531387277501705,-0.2006926960124319,-0.40932244587527183,-0.1884891580416051,-0.3555463899667107,-0.1580592277631648,-0.4514708792288722,1
0.7832987897428069,0.46340648762935127,-0.4900911627804321,0.6090667061271362,-0.49653955655561177,0.6450433628726333,-0.4544017860905307,0.6995358403323931,-0.3331361538117575,0.6871736089352236,-0.5581850369726291,0.698531783987099,-0.511519536962987,0.7140231140053569,-0.5673300229564499,0.7730131362138888,0.35930455633619085,0.42836244450950645,-0.8889477386012066,0.7285479816022601,-0.6506444312152152,0.7044966545470855,-1.0,0.6741151971940247,-0.7930611192073693,0.7090422392007275,-0.7681097002134992,0.689603578523143,-1.0,0.6964461618542135,-1.0,0.7089287008708314,-1.0,1
1.0,0.7604674859886643,0.13866841028021076,0.4330263306788466,0.062282544849811376,1.0,0.04575213146581347,1.0,0.055362776521804255,0.9208835148393787,0.005149582353897064,1.0,0.5198120370044411,0.868081850138563,-0.47236971176035836,0.8001190559925973,-0.4100412023255376,1.0,-0.09848868748481561,0.9896114133305525,0.9344476443576437,0.5170783255623019,-0.0704320686362503,0.6774894896440838,0.024815329153196473,1.0,-0.340922803995488,0.6432865522243406,-0.2257347211846189,0.9259529639970364,-0.14471723033068448,0.8873706771174452,-0.15983690085456384,0
0.8702403889414686,0.9060269864463473,-0.5193716018408323,1.0,0.8971923853589583,1.0,0.07900903603306604,1.0,0.12352740879297824,0.9059230738745591,0.5461977555716329,0.8282226548797695,-0.16904944717271653,0.98090515118995,-0.07903723895644327,0.6457246073871759,-0.491393973691613,0.7008682941565203,-0.3955188073063559,0.9397568310202041,-0.39413371371495376,1.0,-0.055416095863527026,0.8799029503623848,0.09791656460177571,0.762269046818406,0.03255740447115264,1.0,-0.23721100635746378,0.5099646531542382,0.10855184205515864,0.3011518415110693,0.08000457248776834,0
1.0,-1.0,-1.0,0.0,0.0,0.50814,-0.78502,0.60586,0.32899,-1.0,-0.41368,0.0,0.0,0.0,0.0,1.0,-0.2671,0.36482,-0.63518,0.97068,-1.0,-1.0,-1.0,1.0,-0.59609,-1.0,-1.0,-1.0,-1.0,1.0,-1.0,0.0,0.0,1
1.0,1.0,0.09578136856796347,0.6794422742711957,-0.09276518126417949,1.0,-0.08395689274968268,1.0,0.22827129632619625,1.0,0.1251423627198363,0.9709037609913456,-0.03064669041203981,1.0,-0.23663838305511206,1.0,-0.2317284970846494,1.0,-0.04416540286583795,1.0,-0.14535672423885362,1.0,-0.2280516991772515,1.0,-0.058591731406664425,0.983489901853228,-0.3199606259491261,0.9745541449292491,-0.10015440074094219,1.0,-0.24160710118084924,0.8549330737458904,-0.31722634771254393,0
0.30428808716507255,-1.0,-0.9423425016531711,0.8946149873661431,-0.8400903830641693,-1.0,1.0,-0.08057210297858035,-0.037588883610487296,1.0,-0.9758065033117195,0.9944196373645618,-1.0,-0.10768428634949663,-0.0645223995611623,-0.04494336011611025,0.09271638260785646,0.3219256678747671,0.39183054625610825,-0.9463013282715046,1.0,1.0,-1.0,-1.0,0.8545336713799327,0.9205648153946074,1.0,0.32241326623711486,-0.09950996599821332,1.0,0.27562111437675707,-0.025645502344994665,-0.1632833112069719,1
0.6473921703993496,0.22889469829511902,-0.23425806984380423,0.09870296587400766,-0.4129085776947711,0.21286329482153565,-0.4082268235236638,0.18082035546623892,-0.14647495815741124,0.1702694664888989,-0.2473138080267459,0.2635282562826418,-0.39333925855116025,0.25163845665595513,-0.36139863663205957,0.29633244244758516,-0.30050433094579027,0.2837265933658946,-0.3483231939630651,0.1397999241953233,-0.3484671708468467,0.1936444293939985,-0.38997213395015734,0.3144711910095366,-0.24206419812681876,0.2580913362923895,-0.36322237612619057,0.09542184711697793,-0.25273664451216643,0.2385513328097819,-0.3346131471584841,0.31668746176725354,-0.3365749261997402,0
0.9682169716935453,0.8871487125260966,0.4236997076828412,0.5425535017021096,0.7839049892095642,0.3320517622663731,0.9797872773721858,0.001971670267827349,0.9009436031840331,-0.4660338720196287,0.8348222374758199,-0.7684892982677085,0.4773310659228814,-0.8417983173004466,0.15746268058303042,-0.8581748261600343,-0.18918173191693724,-0.5518134859585424,-0.3417223053419684,-0.3716951462955587,-0.6778950531832074,-0.07861666094133996,-0.7963060141125228,0.09743418767968647,-0.6992795581273146,0.39851186247865705,-0.5503488743862688,0.5317219410368167,-0.23410620953795952,0.6617873184862022,-0.10388474921061522,0.6406960664777513,0.19189940450294396,0
1.0,-0.6481501451506299,1.0,-0.6068782981767,0.547938887692251,0.5962332398302285,1.0,-0.6463747853968913,1.0,-0.7590400006560005,-0.6434611488764064,1.0,1.0,-0.6994994513703477,-0.04213186625638313,0.574434695849435,-0.733887103263695,1.0,1.0,0.011930610535845942,-0.6822043608040386,-0.767380603692412,-0.6734210614001406,1.0,-0.6439663305804071,-0.6046805584406411,0.18805476968927765,1.0,-0.733401998672094,-0.6922371765226716,-0.022566916380188283,0.4388563067113934,1.0,0
1.0,0.94598,-0.02685,-1.0,0.26131,-0.36393,0.35639,0.69258,-0.63427,1.0,-0.03353,-0.2902,-0.0055,-0.54852,0.15452,0.91921,-0.4627,1.0,-0.50424,-0.29735,-0.31454,-0.73864,0.37361,0.83872,-0.46734,0.52208,-0.5813,1.0,-0.61393,-0.09634,0.20477,-0.06117,0.41913,1
1.0,0.88208,-0.14639,0.93408,-0.11057,0.921,-0.1645,0.88307,-0.17036,0.88462,-0.31809,0.85269,-0.31463,0.82116,-0.35924,0.80681,-0.33632,0.75243,-0.47022,0.70555,-0.47153,0.6615,-0.50085,0.61297,-0.48086,0.56804,-0.54629,0.50179,-0.59854,0.47075,-0.57377,0.42189,-0.58086,0
-0.04947280582266892,0.9723817121834751,-1.0,0.9229180674938325,0.9938170733384131,0.9227053304075125,-1.0,0.9168708830224953,0.9612574143042126,0.923429233329149,-1.0,1.0,1.0,0.9399338932629095,-1.0,0.9441940154599148,-0.9942425707934475,1.0,0.9906196847690427,1.0,1.0,0.9488137923108987,-0.9526966485833005,0.9599477126777879,-0.9760323764196218,1.0,-1.0,0.9246638319710356,0.9119107929018572,0.8838728371360807,-0.9830590621128422,1.0,0.9600915634824224,0
1.0,1.0,0.2630151054479559,1.0,0.213598965987349,1.0,0.3055920425128411,0.8702175432116345,-0.8222042937465022,1.0,0.35878273940831706,1.0,0.7057253577055572,0.9749783873558984,0.31567345219318005,1.0,0.27627496633876153,1.0,0.5744872712378517,0.8478531894358119,0.35626593014429137,0.7902109655932936,0.3506718276793857,0.7221104124830993,0.335196950478089,0.7545268865234328,0.36131067497865554,0.6283807945139118,0.3219955730575549,0.5629910181186251,0.3145796487570908,1.0,1.0,0
0.0,0.0,0.0,0.0,0.0,0.0,0.0,0.0,0.0,0.0,0.0,1.0,1.0,1.0,1.0,1.0,-1.0,0.0,0.0,1.0,1.0,1.0,-1.0,1.0,1.0,1.0,0.0,1.0,1.0,1.0,-1.0,0.0,0.0,1
1.0,0.0,0.0,1.0,-1.0,0.0,0.0,0.0,0.0,1.0,1.0,1.0,-0.25342,1.0,0.23288,1.0,-1.0,0.0,0.0,0.0,0.0,1.0,1.0,0.0,0.0,1.0,-1.0,0.0,0.0,1.0,-1.0,0.0,0.0,1
0.0,-1.0,-1.0,0.0,0.0,-1.0,1.0,1.0,-0.375,0.0,0.0,0.0,0.0,0.0,0.0,1.0,-1.0,-1.0,-1.0,1.0,-1.0,0.0,0.0,1.0,-1.0,-1.0,1.0,-1.0,-1.0,0.0,0.0,-1.0,1.0,1
1.0,0.7297857142351062,0.5691039027158031,0.5115656238759198,0.795720831957177,0.1687945406650763,0.943350255322208,-0.2624979702319614,0.947164974162793,-0.6435434723394456,0.6595093589512955,-0.7218486780934246,0.050186568976347545,-0.7315956631365664,-0.13122446833997062,-0.40623182205096703,-0.5586415372874273,0.10627168364123887,-0.7931823545707081,0.36008399284806514,-0.5857596039527164,0.6419455972187932,-0.4057277024084531,0.9399152781252926,-0.11000699283912843,0.9030304281945514,0.3002794645488878,0.5700932168547238,0.7454145339208579,0.1891193236502218,0.8634815461793062,-0.03166915332239312,0.885011577598328,0
0.0,0.0,0.0,0.0,0.0,0.0,0.0,0.0,0.0,0.0,0.0,0.0,0.0,0.0,0.0,0.0,0.0,0.0,0.0,0.0,0.0,0.0,0.0,0.0,0.0,1.0,1.0,0.0,0.0,0.0,0.0,0.0,0.0,1
0.702202227671865,-0.29679308779896457,-0.2926253653915782,-0.3269471855455553,-0.3249827275957389,0.6946635585028826,0.6979859061443892,-1.0,-1.0,-0.38166427869038383,-0.3328709816509028,0.6874032478208715,-0.4496351834163772,-0.2266860893335999,-0.29915121689737717,-0.2920453644798343,-0.3217453818584457,-1.0,0.6453135941063769,0.6923582333757217,0.657834620713191,0.6875168386859727,-1.0,-0.3507601443799586,-0.23412331179685497,0.7373678987098393,-1.0,-0.23755254286480842,-0.2697155659125985,-0.32037909084206107,-0.346676292581953,0.7516035072452363,0.7029055588474326,0
0.9784395869326835,0.05618252172484742,-0.3245473450374416,-1.0,1.0,-1.0,1.0,0.6064053232299854,0.40376195724504327,-0.9199678193649278,-0.624748849153245,-0.9844560840539924,-1.0,-1.0,1.0,-0.09565585467251843,0.5315276688154142,-0.45092914329308575,-0.5297368108504492,-0.8072550320137071,-0.9593405564643381,-1.0,-0.4917985997391092,-1.0,0.16343179279041745,0.9446028428710346,-0.9788489155474636,-1.0,-0.4201289806113718,-0.9864367969618472,-1.0,-1.0,0.6365174578050791,0
1.0,0.7915755473791353,0.4584234688439527,0.572793481429914,0.7575459835776128,0.16154851377077364,0.7994349345101276,-0.31288634230409845,0.8848596628898333,-0.6753945389425732,0.5771836275875933,-0.8678688400458565,0.22960285018266877,-0.9351646675844785,-0.3213547601960193,-0.6106131381453183,-0.6647940129997463,-0.12678578248896966,-0.8680677703126495,0.07751475758337421,-0.9141871537562065,0.3940180059795966,-0.7535677271382353,0.7640032222124131,-0.31302952817569973,0.8470074330327075,0.1499615276114176,0.6807897385158694,0.43690905497164334,0.3761915219838957,0.7403809413311335,-0.04983462837784026,0.8079584578924507,0
1.0,0.87111,0.04326,0.79946,0.18297,0.99009,0.29292,0.89455,-0.08337,0.88598,-0.02028,0.90446,-0.26724,0.8941,0.19964,0.88644,-0.04642,0.84452,-0.00991,0.97882,-0.34024,0.78954,-0.25101,0.86661,-0.09193,0.85967,-0.02908,0.78774,-0.04101,0.75935,0.21812,0.88238,0.09193,0
0.9734707257488943,0.7082176564546214,0.8972052375655923,-0.718352244199848,-0.11936225493075235,0.353284736385841,-0.09101170165379185,0.5045985364964634,-0.07707704276877919,-0.739579073470505,0.1907936515598331,0.37911804038209374,-0.10706586897452401,0.3377418608831872,-0.05825225579185778,-0.391145970821514,0.464723035359931,0.30687344783488235,-0.009453099390537355,0.5239285056098868,0.03167691513127616,0.1707319383874361,-0.141129218847324,-0.6608998374668937,-0.02926303304601835,0.27654471410589293,-0.5596989849898327,0.9261385720562267,-0.03204359045250996,-0.610185375029718,-0.011612611213350648,0.2768415066753727,0.08487962777643543,0
0.7732695669620036,0.8053350188406235,-0.3962530820510207,0.6499616162988275,-0.003882450441596033,0.6927444547190418,0.40661848428013386,0.9245360727360432,0.2611139360087388,0.6995568291237471,0.24033825110079107,0.6266304269286451,-0.05981989753734615,0.6310443928017668,0.4525990589458396,0.3410491234097181,-0.4483187091329409,0.5201426732244699,-0.07244242517750035,0.18656921790084574,0.013263743590304203,0.4058812696421697,0.0777080862022218,0.1829134969112473,-0.0072755231569553575,0.5756966480369419,-0.11895285821120927,0.7024203039391773,-0.24919624713417174,0.8758145639661985,-0.2075259790056305,0.2140647100677831,0.3706931490150259,0
0.9340526513673182,0.8507965929148907,0.38379090955115996,0.7104910146889976,0.6657492981043832,0.3876782164031538,0.7861902030618276,0.052869245119757505,0.8449682303911622,-0.30194587366572123,0.8353239949375292,-0.5894305525813078,0.6000648976201297,-0.8082349433305979,0.3627183253697085,-0.8346960232711252,0.08647553309873052,-0.8044295338363756,-0.2772242693059121,-0.6734761967045125,-0.4481880970798659,-0.3289658352958553,-0.724536367854318,-0.09657126933317334,-0.7708762489571634,0.16092537454351571,-0.6993728176331968,0.40354957416295184,-0.5730687105904051,0.6423332238289178,-0.274544570733942,0.5664612376160555,-0.1634277602042263,0
1.0,1.0,0.6254121202422985,1.0,0.8976094164655074,0.901289085553624,1.0,0.4880956947916111,1.0,0.400299316290993,1.0,0.08015793096427695,1.0,-0.2605674586301453,1.0,-0.42879529855704507,0.9405288403771592,-0.5955223372766743,0.6213386826279427,-0.6379322942845227,0.38457373656917343,-0.6456946917875144,0.08869125779469504,-0.4462639576118499,-0.2118545103489756,-0.30303116893599574,-0.44752062985772184,-0.08276485114028634,-0.5253831348844212,0.14113356802243293,-0.6943164583787947,0.3114005058288462,-0.6759101079016402,0
1.0,1.0,-0.23461236472149655,1.0,1.0,1.0,-0.7019595956214201,0.38082425905435663,0.32979960218578735,0.2815399652614716,0.31078464134515316,0.2840669035783744,0.3386728240720689,-0.7599488970980955,0.40809368105429,0.8614460463349715,-0.03814095980743705,-0.7990885868262639,-0.1828187952804313,-0.40605608077926025,1.0,0.16492224711497977,0.2311776270386274,1.0,1.0,0.844624019561919,1.0,1.0,0.0804211125552598,0.558332462911021,1.0,-0.05933241146725827,1.0,0
1.0,-0.26667,0.4,-0.27303,0.12159,-0.17778,-0.04444,0.06192,-0.06879,0.04461,0.02575,-0.00885,0.02726,-0.01586,-0.00166,-0.00093,-0.00883,0.0047,-0.00153,0.00138,0.00238,-0.00114,0.00102,-0.00069,-0.0005,0.00019,-0.00043,0.00026,5e-05,0.0,0.00015,-8e-05,2e-05,1
1.0,1.0,0.16801,0.99352,0.16334,0.94616,0.33347,0.91759,0.2261,0.91408,0.37107,0.8425,0.46899,0.81011,0.49225,0.78473,0.48311,0.65091,0.56977,0.56553,0.58071,0.55586,0.6472,0.48311,0.55236,0.43317,0.69129,0.35684,0.76147,0.33921,0.66844,0.22101,0.78685,0
1.0,0.8369326921652728,-0.13456583234267874,1.0,0.15035826539144134,0.8202385758786034,0.23586740912434492,0.8433854522400998,-0.1471878145831206,0.8921754712103694,-0.03025598912619956,1.0,0.09524136841079472,0.9069847183874753,0.0415368551183109,0.8353907452717971,-0.010545077112487602,0.7207500041049737,0.10925638149767683,0.7089147411095968,-0.1327286918807376,1.0,0.04183631463523339,0.6744382585026321,-0.14566317410351198,0.6901748738127786,-0.07527259217405036,0.8058053660679522,0.0273179878025019,1.0,0.04184649227283848,0.6726688632731359,-0.08026352913481788,0
0.9787136887214813,1.0,0.949003143211833,-0.0468159165386157,0.005141503957027778,-0.14921180176523452,-0.31258714740077553,0.03347888072648527,-0.27844599290132604,0.3384145815597391,-1.0,-0.7458222226865825,0.5145797243767009,-0.9860131431084103,0.5085219195954517,0.6259518692017926,0.9081811275626014,0.23638943352850436,-0.007292217142910087,0.11517436854587795,0.13511288169762806,0.5849892198438504,-0.056304900028868926,-1.0,-1.0,1.0,-1.0,1.0,0.5569981905723997,-0.330110456031411,0.4037845017466474,-0.18368502281233842,0.17407614770581192,1
1.0,0.0,0.0,-0.33672,0.85388,0.0,0.0,0.68869,-1.0,0.97078,0.31385,-0.26048,-0.59212,-0.30241,0.65565,0.94155,0.16391,0.0,0.0,0.0,0.0,-0.18043,-1.0,0.0,0.0,1.0,-1.0,0.0,0.0,0.04447,0.61881,0.0,0.0,1
1.0,0.4010197465533183,0.08520270188727208,0.23083922331283827,0.23337932598969108,0.2510251398184127,0.7326297057196179,-0.22018097711245113,1.0,-0.10769679509010442,0.3201166851908234,-0.6347638599354319,0.22604854999331497,-0.9668596331503005,0.016220472485997027,-0.024092152522159488,-0.002432251315390682,-0.167075652120528,-0.3310859824533996,-0.10069490466020431,-0.8430981095863294,0.13724964174243703,-0.07927939115027102,0.2808536496566449,0.07799206281461125,0.2854518543539093,-0.032062391912615756,0.3336436663847119,-0.0630392822389537,0.2159583702932465,0.145038291216779,0.21203678854458868,0.27162221129882996,0
0.6492940739008026,-0.2810889984465128,-0.6693896517642005,-0.3661248767123858,-0.3016795520572381,-0.3143293646009675,-0.3527781984877836,-0.31665805547790316,-0.3144428850322355,-0.327748671296601,-0.2582998425850827,-0.385630570294199,-0.3893609545819937,-0.17693213969979085,-0.8456742764773463,-0.05368031887914619,0.5038761921274407,0.658693428770845,-0.7232492259712726,-0.3198710160906598,-0.23020178679049375,-0.23126022624663362,-1.0,-0.2948561837180926,-0.47543421020288096,0.725027058933959,-1.0,-1.0,-0.09843307305649363,-0.29127716425152705,-0.29548495695732974,0.6740802743994802,-0.5582716538722329,0
0.22332233358547487,-0.7994448292149169,1.0,0.7939687917748289,-0.8155983991721049,0.14135924006791364,0.21235315563179055,0.9174717554419243,1.0,-1.0,-0.7366090968718916,-0.8330099255870931,-0.8363868794027906,0.8459034979346185,1.0,0.3002188121548621,-0.09364231560735402,0.8093401254679283,-0.8563440245383598,-0.8194036455085917,1.0,0.2718983871491351,-0.1486576248080554,1.0,-0.772416068074522,1.0,1.0,-1.0,-0.793169690324166,1.0,1.0,-0.0980924816369299,-0.1909834887021279,1
0.8986653660337331,0.2954396903667229,-0.6436803394496142,-0.09452810429765619,-0.14570099819969745,-0.15440669552240338,-0.20306015128877003,0.362552625291314,0.46853789532415735,0.5261158589395355,0.00444693147191183,-0.14637359565677915,-0.05485410513060345,-0.17206062548373308,-0.06334714962933104,0.15732856836642153,-0.5301697781862779,0.5854760286436197,-0.3251565882575639,-0.11395653230380748,-0.1608436900834304,-0.10381527746567897,-0.08972223914671937,0.883159435384939,-0.5426810052113598,-1.0,-1.0,-0.39462988419401457,-0.931260848683137,-0.21973983113139117,-0.14163197758885737,-0.18883879257599245,-0.15603686768476882,0
1.0,1.0,-0.41457,1.0,0.76131,0.8706,0.18593,1.0,-0.09925,0.93844,0.4799,0.65452,-0.1608,1.0,0.00879,0.97613,-0.50126,0.80025,-0.24497,0.88065,-0.19095,1.0,-0.12312,0.93593,0.10678,0.9289,-0.07249,1.0,-0.27387,0.4397,0.19849,0.51382,-0.05402,0
1.0,0.15916671228430937,0.15638429321553807,0.11744298672210496,0.06669949361927804,0.13310296489382967,0.1600332648682899,0.17910523725859867,0.1866360295481158,0.16749924630801769,0.052573409240516664,0.07566807260578032,0.18046467109219097,0.2462525173133791,0.15074216208789867,0.15985700224996738,0.26895179867827856,0.14619522986727235,0.22580964406954068,0.1675019938010545,0.13543370994857545,0.17089149968651823,0.11699439042052172,0.19464130850049316,0.10149182958397032,0.2338877781383682,0.04526222737241006,0.20707485619203583,0.2061755656998169,0.23685144947854758,0.18725743258703165,0.23608607171254017,0.148090743335368,0
1.0,1.0,0.0738,1.0,0.0342,1.0,-0.05563,1.0,0.08764,1.0,0.19651,1.0,0.20328,1.0,0.12785,1.0,0.10561,1.0,0.27087,1.0,0.44758,1.0,0.4175,1.0,0.20033,1.0,0.36743,0.95603,0.48641,1.0,0.32492,1.0,0.46712,0
1.0,0.03852,0.02568,0.00428,0.0,0.01997,-0.01997,0.0214,-0.04993,-0.0485,-0.01284,0.01427,-0.02282,0.0,-0.03281,-0.04708,-0.02853,-0.01712,0.03566,0.0214,0.00428,0.05136,-0.02282,0.05136,0.01854,0.03994,0.01569,0.01997,0.00713,-0.02568,-0.01854,-0.01427,0.01997,1
1.0,1.0,0.06538,1.0,0.20746,1.0,0.26281,0.93051,0.32213,0.86773,0.39039,0.75474,0.50082,0.79555,0.52321,0.65954,0.60756,0.57619,0.62999,0.47807,0.67135,0.40553,0.6884,0.34384,0.72082,0.27712,0.72386,0.19296,0.70682,0.11372,0.72688,0.0699,0.71444,0
1.0,-0.6104967052272292,-0.03046937777801889,-0.4018445886629437,0.27378524354933254,-0.7700897303210347,-0.689158567939473,0.6432603142125197,1.0,-0.8320692348582024,0.40595443699160105,-0.5528314445922363,-0.6079507045489796,0.2897348168227962,0.26614493231399317,0.8776859896136886,-0.1167187643732935,-0.6993373778757087,-0.5135354888330995,0.32471357224048647,0.30901797752161314,0.30930105326232105,0.23491616904614487,0.5645866198240193,0.4631410119188001,1.0,-0.10791283018385689,0.3282353999567397,-0.124046705219345,0.5278813884717891,0.27842291670137875,0.255872063515466,0.20161680394678805,1
0.953043073549108,0.9523746910495263,-0.030206374065602816,0.8820680861273407,-0.027618050512576816,0.8872736947443116,0.02940860236327212,0.9958241841562634,0.03256157223849638,0.9729835454161293,0.059312289192973905,0.89152493296745,0.0547658153957445,0.891737319415995,-0.057083399010605926,0.9094034787356655,-0.014532853704404321,0.9954849868540346,-0.016773378799543402,0.9491844431641661,0.0980271854372832,0.9647977422653929,0.12202208138797936,0.872719086930788,-0.05217856373160573,0.957854763417079,0.10686227046269778,0.8756983802850998,0.07217549202145036,0.9606918319134626,-0.027310843938822396,0.9124821490893206,0.0009076438969719859,0
1.0,1.0,0.63548,1.0,1.0,0.77123,1.0,-0.33333,1.0,-1.0,1.0,0.0,1.0,-1.0,1.0,-1.0,0.0,-1.0,-0.66667,-1.0,-0.92536,-1.0,-0.33333,-0.33333,-1.0,0.19235,-1.0,1.0,-1.0,0.0,-1.0,1.0,-0.66667,0
0.9013112546368851,0.8772995131602934,-0.16368917396746,0.9047126443397966,-0.08107031082338703,0.8536067786755883,-0.22475518777034936,0.7864478407931017,-0.21639280190902094,0.8576462793072547,-0.2013288254116288,0.8528673481371261,-0.15001357087334707,0.8827827550775413,-0.18215887709174522,0.8534658419874506,-0.28243391486952074,0.7741434910173168,-0.2823552309411234,0.8533563141861568,-0.35801302003210617,0.8079030207928967,-0.19337601947064356,0.8217641243011383,-0.29521935438195085,0.7842823549320941,-0.21961362092265324,0.6904630580268472,-0.34672990332789816,0.7810162164546719,-0.3125983023878194,0.6921425374180363,-0.29303231589193135,0
0.0,1.0,-1.0,1.0,1.0,1.0,-1.0,1.0,1.0,1.0,-1.0,1.0,-1.0,1.0,-1.0,1.0,1.0,1.0,1.0,1.0,1.0,1.0,-1.0,1.0,1.0,1.0,1.0,1.0,1.0,1.0,1.0,1.0,-1.0,1
0.9460754647744092,0.9754181357263062,0.1315378017438774,1.0,0.327971667739132,1.0,0.5014134965843074,1.0,0.06584922737907484,1.0,0.3123423920993853,1.0,0.15253279050373242,0.9958207616067728,0.5296494327002865,1.0,0.045092479028580636,1.0,-0.10876333798735961,1.0,0.37484484617546926,1.0,0.516743518232937,0.9737262444118661,0.027436681714700303,1.0,0.28786294486596037,1.0,0.11466463896953154,1.0,0.43804535732757344,1.0,0.24891920113366967,0
1.0,1.0,1.0,1.0,1.0,0.9101,1.0,-0.2697,1.0,-0.83152,1.0,-1.0,1.0,-1.0,0.72526,-1.0,-0.57779,-1.0,-0.42052,-1.0,-1.0,-0.52838,-1.0,0.90014,-1.0,1.0,-1.0,1.0,-1.0,1.0,-0.34686,1.0,0.34845,0
1.0,0.6635570092554467,0.18576215323017276,0.650780997410146,0.250536523524672,0.6805613503169083,0.20105556322592716,0.5614039638005097,5.0640819031966613e-05,0.7596631676990193,0.15538934323802475,0.8293052220549695,-0.033293541501211665,0.7437692356691722,0.05257322694902916,0.605209296588319,0.004644622121809869,0.7301907547256088,0.0899280836356582,0.5873005179887927,-0.1156709580306336,0.6559141788773192,-0.08271049606100865,0.4734113624108256,-0.02093277683495625,0.649463323366173,-0.005569824474392207,0.7153534661278438,0.14155969111136502,0.6733475874880709,-0.03527745939334603,0.6475918940896986,0.07077077845578675,0
1.0,0.90147,0.41786,0.64131,0.75725,0.3044,0.95148,-0.20449,0.96534,-0.55483,0.81191,-0.81857,0.50949,-0.96986,0.10345,-0.91456,-0.31412,-0.70163,-0.65461,-0.32354,-0.88999,0.05865,-0.94172,0.44483,-0.82154,0.74105,-0.55231,0.89415,-0.18725,0.87893,0.20359,0.70555,0.54852,0
0.8388540889090086,0.32113651670154303,-0.20818856670315491,0.47063438732094853,-0.12953901365388426,0.4861165180127167,-0.15735641132838563,0.5160173514944602,-0.11701478174691894,0.16102633751327536,-0.13447197261851565,0.5044811773806511,-0.18213220204373232,0.5405609223759108,-0.10741784918957813,0.519923865837079,-0.11862171785532757,0.4523215342768218,-0.15990455081713095,0.5240547557791773,-0.03276453841945415,0.4773351498461201,-0.030621362995902582,0.6474613002853058,-0.0014571570357400972,0.4870404699554246,-0.04685349081566159,0.19569291192558164,-0.1567774795296591,0.3823972219217029,-0.11584798979252528,0.4604806063957603,-0.04060253555268599,0
0.7775384288906927,0.7857427054483855,-0.010497706430073195,1.0,0.5210014236187341,0.728937890305761,0.6194680171386426,0.4717310412005759,0.6858201133630892,0.3859341905698866,0.9003706092084839,-0.06515501188710106,1.0,-0.1921502690781623,0.8747476881577928,-0.3376970825817235,1.0,-0.49062718360794816,0.6715319755200472,-0.6376595487046055,0.5447364214262287,-0.7024933836345578,0.48039239566246783,-0.9399975899248042,0.2720009934052745,-1.0,-0.030377874140362908,-0.8621123838730699,0.0094883308252392,-0.694776960056708,-0.2515015710559746,-0.846079007202158,-0.5462461150564014,0
0.14451083647768118,0.003077582280077712,0.1328219110140956,-0.769537775171298,1.0,1.0,1.0,-0.9710171820408255,-1.0,-0.03937153250407823,0.21723585964437583,-1.0,-1.0,-0.8451002471644076,-0.3505268899518248,-1.0,-0.8497278051817119,0.8996450354084454,-1.0,0.8055559640792449,-0.918550737922653,0.03627849313631124,-0.0969593118591062,0.8377691730870012,-1.0,-0.8436875799249339,-1.0,-0.09277576307335872,-0.16667301942849305,0.948562195525696,-0.9526689412996788,0.29612368198603267,0.030489411794791196,0
1.0,0.46785,0.11308,0.5898,0.00665,0.55432,0.06874,0.47894,-0.13969,0.52993,0.0133,0.63858,-0.16186,0.67849,-0.03326,0.54545,-0.13525,0.52993,-0.04656,0.47894,-0.19512,0.50776,-0.13525,0.41463,-0.20177,0.5393,-0.11455,0.59867,-0.02882,0.53659,-0.11752,0.56319,-0.04435,0
1.0,0.9184722980239729,0.0884441068801258,0.8062102266506238,-0.03870457691496372,1.0,0.25370897586375707,0.6786978579069527,-1.0,0.741208986082359,0.01634385999403036,0.8605821356125796,0.3613424389291652,0.7862860786984875,0.3887913333417498,0.8254070227602143,0.1825257280545451,0.8575422413374116,0.18057212986024898,0.4865525004239746,-0.07140448072574146,0.6118849367138113,0.2189040126170303,0.40931940660529154,0.18460870758728062,0.6943291342725197,0.43426762792861323,0.5426674491048905,0.12988232944583192,0.4868545941426758,0.33602339771491463,0.7189880607093218,1.0,0
1.0,0.87048,0.38027,0.64099,0.69212,0.31347,0.86625,-0.03933,0.9074,-0.42173,0.79346,-0.70561,0.5156,-0.81049,0.22735,-0.81136,-0.12539,-0.67474,-0.38102,-0.38334,-0.62861,-0.13013,-0.70762,0.15552,-0.66421,0.38544,-0.51568,0.52573,-0.29897,0.56239,-0.05938,0.5146,0.16645,0
1.0,0.5184291691312081,-0.4464115496840144,-0.10151979023818021,0.11253709916755093,0.7896246667260481,-1.0,0.9176368103110971,1.0,0.6650617427055834,0.6063910308442233,-0.12120496105046903,-0.12840084289640008,-0.09629843230340104,0.31094375150651676,0.7759623013588242,-0.13424554094925567,0.8065420177948147,-1.0,0.09789703083419328,-0.07081182580933151,-0.040783104116534664,-0.09445860427693764,0.14735102203400388,0.6868570057504653,0.8849605823370457,0.2600370570781141,0.03984144437715637,-0.025094809999865655,-0.11584437977887896,0.014694826853260621,-0.0706866388132508,0.006523183394844806,0
0.9081276712416826,0.08310704695496418,0.1305372662086179,1.0,-1.0,0.0651187924133975,0.06549476282561087,-0.13394990307137333,0.05861340741844978,1.0,0.907892482670261,1.0,-0.25529993491665265,0.9350143526039292,0.31210919855695757,0.8982730559889556,-1.0,-0.10223042709329752,-0.159212165405969,0.11715522115089436,0.0933821578570633,1.0,0.8813069687675881,0.03343153014612681,-0.07704029846249452,0.971593890398011,-1.0,-0.13327319942312546,0.09275562865622064,1.0,-1.0,-0.06364088200046611,-0.019627245483970795,0
1.0,1.0,0.9469525824943965,0.4682855516209474,0.12264134421071729,0.04364481691031363,0.9391338724323908,-0.2072422618898007,0.8559715605143144,-0.38961074774726023,0.3098637783404592,-0.9436184525671769,0.44045488417594847,-0.838306263430352,0.02664803334610559,-0.3122555189855907,-0.41149109240113824,-0.39178907361299725,-0.767509648496538,-0.11613612523813074,-1.0,0.34992205511497354,-0.1231941484169015,0.807529199902042,-0.5512319127053801,0.756678851685204,-0.2061599546033624,1.0,1.0,0.33619154525545036,-0.09638790516098472,0.32416534047193024,0.8648561554055099,0
1.0,1.0,0.16682180414327274,1.0,0.003278107947860361,1.0,-0.01356818988467242,1.0,-0.05794148335475188,0.9735357647930312,0.05603884801370614,0.9936888938651061,-0.23386719939861073,1.0,-0.09756995277029068,1.0,-0.23746789390671286,1.0,0.201375671223879,0.7868415666253882,-0.2681591406051144,1.0,-0.46108761769438944,0.14524093257306958,-0.37618851105101053,0.9368240921638239,-0.28206129861748874,0.8703210626650801,-0.12477372789901417,0.9537988482352874,-0.31260096367385004,0.8849898178468465,-0.33250327871258784,1
1.0,0.18642933672153056,-0.3090212261288029,0.09511812510224614,0.2271385680932152,0.11815596476814205,1.0,0.0912288812607276,0.17377625606292632,0.14862525189198694,0.05914457811720156,0.1908167108414939,0.06170946060166044,0.14332296889055945,0.21312008582472014,0.1314045130741588,0.11271960436313477,0.5120241354670112,1.0,-0.21490667279558034,0.9652459357973769,-0.24660762481881812,-0.6727640508346103,0.2012286624923993,0.09630894416343486,-0.3687063300742796,-0.3657560623144279,0.201632681009529,0.20152807084003785,0.15029191574078937,0.1339557063465828,0.15575808384120093,0.1935405243134295,0
1.0,1.0,0.15611514870445742,1.0,0.13089063057488853,0.9843015760247359,0.13935500432521036,1.0,0.24941261439250395,0.9907769031326891,0.3153452562427591,1.0,0.1493620919560637,1.0,0.2293127792521528,1.0,0.08019976603681378,1.0,0.04253126697580695,1.0,0.27756363701278175,1.0,0.2174396049105218,0.927265002699468,0.23526618789721687,1.0,0.20839873464102637,0.9821396128189799,0.21892829629435298,1.0,0.24528034966515286,0.9509106566133185,0.2258876716336805,0
1.0,0.84843,0.06794,0.80562,-0.02299,0.77031,-0.03299,0.66725,-0.0662,0.59582,-0.07666,0.6726,-0.05771,0.6426,-0.06438,0.39199,0.0453,0.71254,0.01394,0.5597,-0.08039,0.5343,-0.08453,0.47038,-0.22822,0.48659,-0.09128,0.52613,-0.08537,0.44277,-0.09621,0.42223,-0.09808,0
1.0,1.0,-0.28428,1.0,-0.25346,0.94623,-0.35094,1.0,-0.30566,0.92736,-0.49057,0.90818,-0.44119,0.75723,-0.58899,0.69748,-0.58019,0.59623,-0.57579,0.68459,-0.70975,0.54465,-0.87327,0.49214,-0.73333,0.35504,-0.76054,0.26352,-0.78239,0.16604,-0.73145,0.13994,-0.7,0
1.0,0.85736,0.00075,0.81927,-0.05676,0.77521,-0.04182,0.84317,0.09037,0.86258,0.11949,0.88051,-0.06124,0.78342,0.0351,0.83719,-0.06796,0.8357,-0.1419,0.88125,0.01195,0.90515,0.0224,0.79686,-0.01942,0.82383,-0.03678,0.88125,-0.06423,0.73936,-0.01942,0.79089,-0.09186,0
0.29154382379881477,1.0,-0.7007514375888834,1.0,1.0,1.0,-0.6746410505186163,1.0,1.0,1.0,-0.6794629816579246,1.0,-0.6903546516083361,1.0,-0.7850026342169198,1.0,1.0,1.0,1.0,1.0,1.0,1.0,-0.7541493698216715,1.0,1.0,1.0,1.0,1.0,1.0,1.0,1.0,1.0,-0.6321365266955157,0
0.9663791552351033,0.9244500782740483,0.028937674985291456,0.2552886404967257,-0.16234042828568043,0.8017657737024222,-0.21792501907114245,0.6741770162423941,0.0017774323227418842,0.9838990967544388,-0.06158075452962605,0.8899825148619249,0.416145004054415,1.0,-0.3122530361034119,0.625731816234481,-0.053735228049537204,0.9177794136434984,-0.19867911009958045,1.0,1.0,0.7260946186688542,-0.09006909754495852,0.9764150039597359,-0.08678997479475623,1.0,-0.14553857630721803,0.6310805585411432,0.080679697809316,0.49404341124951917,-0.22441942051303682,0.9712572089230456,-0.04618246594820837,0
1.0,0.6133427952808888,0.9312503706504517,0.27691260928806166,-1.0,0.9906579478729979,1.0,0.9231505079866633,0.26446229602275056,-0.6934294001227417,0.9384271039600567,-0.0872112092665891,0.6223328569891869,-0.02281223087057493,0.1137488848650042,-0.5565471591683456,-1.0,0.09901065960753151,-0.0691058049707514,0.3693529338189157,-0.39435257523144235,-0.9250418365142704,0.9234085437302246,0.7767792690521895,-0.9162722136347814,0.9778688445207785,-0.09369261308627837,1.0,1.0,0.21305198430107547,-0.9673540281359353,1.0,0.9943251842723778,0
0.9251051863087514,-0.0496899161620285,0.04481177942860574,0.8444244044821727,0.08901603514326678,0.9579788089097047,0.010599974898358986,0.0533140320106057,-0.04535561973337212,1.0,-0.2765417429196002,1.0,-0.9237814104733761,1.0,0.06861848177606229,1.0,-0.6450306101931808,-0.012424179128939405,-0.12763510022856175,0.9634403643337245,-1.0,0.5203045395830933,-0.2847058743265019,0.16690480401285654,-0.1945388208253414,0.7714464809157018,-1.0,-0.11795826688737164,0.4349071473647702,1.0,0.011171983928950788,0.9080888063727907,-0.18242591036399658,1
0.9018806638595638,0.8772042692140339,-0.04073309959019946,1.0,0.1525072736886309,0.7281206587791095,-0.017450774513323483,0.7744380656001046,-0.08797861037871696,1.0,-0.08333768229469897,0.8309318029233079,0.10510069371945953,0.8851503685914482,0.12475515106149104,1.0,-0.04269387056045849,0.8907417722693992,0.05776844785533746,0.7994864868474116,0.1914918376676685,0.7349870484275014,0.10406188800565176,0.9754449229633707,0.11272161154481745,0.8426286510900292,0.0971339042003225,0.8470103000387974,0.04603214605696136,1.0,0.16872564760063868,0.9534171643225553,0.015573097000639857,0
1.0,1.0,0.19865596221749385,-1.0,-0.04640240408774877,1.0,-0.10033128287260251,1.0,-0.04355884481179985,1.0,-0.04011486657898068,1.0,-0.21504626606961716,1.0,-0.2926921992643455,1.0,-0.37998558712025876,1.0,-0.2785211300841575,0.9614440950076757,-0.39560099724547027,0.924306134331872,-0.4867838303409169,0.8655977190347963,0.44047632290716937,0.7532327737079049,-0.5417926898422174,-0.7577219184989153,-0.5611238330888202,0.720440255191279,-0.6440008240944243,-0.6834888676719552,-0.6289971357350767,1
0.9581722173213063,0.8116420921822498,-0.07618995302004321,0.9480934321412345,-0.039641501356452336,0.9739568843963909,-0.04148434105598188,0.9037080898550788,-0.0666209202288814,0.9162022105459492,-0.0996909100381765,0.967810509831049,-0.08690464733572126,0.9461698763002727,-0.0496741692104685,0.9636786353606335,-0.022006014882250652,1.0,-0.036533219008471965,0.9050057647534431,-0.0724584552853291,0.9515113131482017,-0.08869407300080005,0.9630112046855495,-0.20140518312551944,0.9956422918901675,-0.014138764273413484,0.9266739254871915,-0.06710285361516248,0.9159881519607059,-0.11016340818548388,0.9471680002810884,-0.08137198803780292,0
1.0,0.9449,-0.49311,1.0,-0.03692,0.98898,-0.87052,0.90083,0.66942,1.0,-0.10104,1.0,-0.12493,1.0,-0.15017,1.0,-0.17681,1.0,-0.20491,1.0,-0.23452,1.0,-0.26571,1.0,-0.29852,1.0,-0.33304,1.0,-0.36931,1.0,-0.4074,1.0,-0.44739,0
0.6946572710094834,-0.011580210114155814,-0.14719187577944384,-0.17254281777521752,-0.12569577629381729,-0.2659873369062684,-0.018357551364986686,-0.14947047525356405,-0.06944250863752158,-0.25340646922089216,-0.0037748141510680483,-0.3018011857707425,-0.14647808773846976,-0.3461950379410018,-0.22834060101004042,-0.27330802305834545,-0.22293245658518923,-0.3880397461284364,-0.3489246025197944,-0.31615228991048283,-0.30531411084453003,-0.3930622175125775,-0.2924736225429788,-0.3296562222140184,-0.29117007835126385,-0.2889816903438592,-0.3421218809694727,-0.2743219856009108,-0.33490572871857044,-0.3185196842931437,-0.33343221329796197,-0.2462061507487178,-0.3190957574624462,0
0.9214370165496139,-0.09854220483717047,-0.03847565419164505,-0.9687016281259159,-0.6433535636304867,1.0,0.48320035205034656,0.0336507074422427,-0.29539035073610354,-0.9564247760649376,-0.37747393212547,0.11660236558032935,-0.5555633305781883,1.0,-1.0,-0.03265599019980869,0.012941816687970752,0.7784419553939713,-0.09273729525248298,-0.21385037328567794,1.0,0.2041465711135613,-0.6494722740835186,-0.02601024900080148,-0.001856882589711957,-0.13169021538284664,-0.5255694197121895,-0.3160060292947971,-0.46465873769381166,0.7829840432292502,0.8735739813119567,-0.7298346700569759,0.45514461257862304,0
1.0,1.0,-0.18829,0.93035,-0.36156,-0.10868,-0.93597,1.0,-0.04549,0.50874,-0.67743,0.34432,-0.69707,-0.51685,-0.97515,0.05499,-0.62237,0.33109,-1.0,-0.13151,-0.453,-0.18056,-0.35734,-0.20332,-0.26569,-0.20468,-0.18401,-0.1904,-0.11593,-0.16626,-0.06288,-0.13738,-0.02447,1
0.6219619966953825,1.0,-0.24409543462952543,0.5055468807738616,-0.2500324377301829,0.5738671219100185,-0.3577507900958999,0.534799138282663,-0.355929230605726,0.1688677975726256,-0.26707671983367737,0.3805586509602835,-0.270874175420876,-0.7477959132144018,-0.28291279198815233,0.20557364778681558,-0.11353048597449303,0.46949482362782274,-0.3346099584089396,0.4331979191177673,-0.29531658204962474,0.34835878416757915,-0.28338934437494384,0.3470711732037799,-0.20063567662105286,0.34017575545666934,-0.29228248613023433,-0.21742234348140532,-0.38541345374402164,0.190078713240511,-0.26734041610553455,0.26886565517571875,-0.328541457123425,1
1.0,0.7673127600574329,0.33050539344854074,0.8667550275256343,0.1177187344173164,0.8636015768382738,0.1093199953694549,0.7256378065304382,-0.014907077260698362,0.8463835872455117,0.10722737251592275,0.8867172491228643,0.17692789617470742,0.931168056730121,0.1752835133561612,0.7564848232176468,-0.031463690661619546,0.7151143961809749,0.2916049419425389,0.7429997958885924,0.0828669840277644,0.6897918133865163,0.17684393308871635,0.7413094517291693,-0.06610699356269822,0.6992874391773034,0.19628960395546444,0.619027842422364,0.31705709898493667,0.585063007657326,0.19587081034192308,0.66905155190487,0.26043950150946127,0
0.6968462289537555,0.6209469765986726,-0.17964195569321936,0.642510789218884,-0.36150845865703873,0.7093302536325768,-0.3089147678925336,0.7349670968419096,-0.4199738991787401,0.7478040573372458,-0.33118373351363234,0.8370396516405015,-0.34271199255632806,0.6593501503709858,-0.4099235247543091,0.6905076673050562,-0.4489491240889602,0.7132553279722514,-0.3267386696304163,0.7072751915825753,-0.46188632848433586,0.6828417966678958,-0.2996456820390438,0.8036816957744358,-0.5782900234351521,0.6932357147758124,-0.4007991403648994,0.6608558354847641,-0.24918379984862948,0.7370829914036622,-0.4639025138903671,0.8012190714221884,-0.355670933484737,0
1.0,1.0,-0.06604,1.0,0.62937,1.0,0.09557,1.0,0.2028,1.0,-1.0,1.0,-0.40559,1.0,-0.15851,1.0,0.04895,1.0,-0.61538,1.0,-0.26573,1.0,-1.0,1.0,-0.58042,1.0,-0.81372,1.0,-1.0,1.0,-0.78555,1.0,-0.48252,0
1.0,0.91176,-0.08824,0.97059,0.17647,0.82353,0.08824,0.91176,-0.02941,0.97059,-0.17647,0.97059,0.14706,0.94118,0.02941,1.0,0.0,1.0,0.0,0.76471,0.11765,0.88235,0.02941,0.85294,0.02941,0.92663,0.026,0.94118,-0.11765,0.97059,0.05882,0.91176,0.05882,0
1.0,1.0,-0.15899,0.72314,0.27686,0.83443,-0.58388,1.0,-0.28207,1.0,-0.49863,0.79962,-0.12527,0.76837,0.14638,1.0,0.39337,1.0,0.2659,0.96354,-0.01891,0.92599,-0.91338,1.0,0.14803,1.0,-0.11582,1.0,-0.11129,1.0,0.53372,1.0,-0.57758,0
0.956000215755699,0.21729470630289593,-0.17272509106389977,0.45771882736353775,-0.03792688737166269,0.3244963818557817,-0.21737089600835846,0.3231859727459524,0.0760654834381017,0.5347751847059264,-0.11851781120588997,0.6206203739015965,-0.034775217118949084,0.6518312302197331,-0.1615316596073696,0.45870495296580854,0.09047298269160367,0.3466951820287558,-0.12268817117379249,0.3047524309887935,0.17414840737692489,0.6576984729608635,-0.06491008759688247,0.0983026705720097,0.06060667761240367,0.37425418170277724,0.016940719750422037,0.3811723673273646,-0.00025135798819972063,0.48000892434347536,-0.04489870283210855,0.3363682148211138,-0.0479190796677252,0
0.7164032046672782,0.5696352373454225,-0.18200638218837367,0.749538608802158,-0.3104451394797174,0.7168443202316545,-0.24657110620255698,0.7096796905489658,-0.39852722916509586,0.6857955831021724,-0.3098984292685058,0.671543332611288,-0.2604532495117959,0.768470173427599,-0.3016439239686317,0.6816351057244961,-0.4144898317714289,0.7574638147337573,-0.21652417588338643,0.7147862953685639,-0.42959344382253156,0.7191548715686544,-0.37568751268478706,0.7285328060235564,-0.46773009851772057,0.7733970494758577,-0.3363464175650583,0.6378090302670495,-0.208130144107429,0.796285678482597,-0.4810275215699028,0.6973368292190402,-0.31078140416895605,0
0.10331845620597449,-1.0,1.0,-1.0,-1.0,-0.08113940024606732,0.07779125599901889,-1.0,0.9200515323637716,0.9808010347037884,-1.0,-0.9660811672654107,-0.9670331967138944,-0.9639539057773765,1.0,0.023642507980278067,0.07112691767490031,-1.0,-0.9444466154516165,-0.9060057953010855,1.0,-0.06612692134342897,-0.09284559339825696,1.0,-0.9681862403356184,0.9536000383113851,1.0,0.9045106174824498,-0.9626766347251742,0.9897585530577837,0.9484160386835648,0.0233217133608025,0.06932846536584619,0
1.0,-0.015373902397417871,-0.46481109648036345,0.7587671656202128,0.5755685635593963,0.5322152402521352,-0.20823460144209816,0.054255517582228185,0.8779875203967578,-0.17397236038691896,0.8429246509500534,-0.34250467544790275,0.9300895413996993,-0.44731831104096204,0.38577467827428163,-0.5747783484827702,0.02335612457368349,-0.597204639239125,-0.14897133645824412,-0.7275356901888407,0.0273962852475385,0.28871291824405915,-0.3641981344323057,-0.23267070115122565,-0.6395829548942906,0.20183529243298587,-0.5717409530202151,0.30900832566730907,-0.35905708227135297,0.2827897032244032,-0.37894021436212694,0.3651185995863761,0.14221943747151877,1
0.894876720767323,0.9065317596791529,0.06622441113719914,0.920271747302864,-0.05230730198672041,0.8980547088229243,-0.03192803753863944,0.8794467557501195,0.05667791085488359,0.9551744595679892,0.018106201197668904,0.9941230334181823,-0.001178897379612203,1.0,-0.011789526811946286,1.0,0.051805680616573285,1.0,0.029169069193641692,0.8722116673776247,0.04673085138558095,0.8903917871279741,0.026164669524383607,1.0,0.06144206964606442,0.9179842310819873,0.03432355683935931,0.9318944835052643,0.012449732336191151,0.9206320832812364,0.08978411747540774,0.9296652462318654,-0.051106395670505324,0
1.0,0.84557,-0.0858,-0.31745,-0.80553,-0.08961,-0.56435,0.80648,0.04576,0.89514,-0.00763,-0.18494,0.63966,-0.20019,-0.68065,0.85701,-0.11344,0.77979,-0.15729,-0.06959,0.5081,-0.34128,0.80934,0.78932,-0.03718,0.70882,-0.25288,0.77884,-0.14109,-0.21354,-0.7817,-0.18494,-0.59867,1
1.0,0.65845,0.43617,0.44681,0.74804,0.05319,0.85106,-0.32027,0.82139,-0.68253,0.52408,-0.84211,0.07111,-0.82811,-0.28723,-0.47032,-0.71725,-0.04759,-0.86002,0.23292,-0.76316,0.56663,-0.52128,0.743,-0.18645,0.74758,0.23713,0.45185,0.59071,0.20549,0.76764,-0.18533,0.74356,0
0.16368635563572448,0.06677784565168499,0.031863082231726625,1.0,-0.8314223399069185,0.11776504878983171,0.08639818322313095,-1.0,0.11984204190950787,-1.0,-0.9782045339370364,0.11235688411843145,0.125954697820994,0.036575851697247155,0.035753116254424414,-0.9033844436104409,1.0,1.0,1.0,-0.917342014049525,1.0,-0.8635906327905729,1.0,0.07740606595419997,-0.8441218111933879,1.0,1.0,-0.8103693382358381,1.0,1.0,1.0,0.1261540154945379,0.10394705536834355,1
0.7738407927472442,0.5943316057615563,-0.2896201470990838,0.644732212995226,-0.3912975164832405,0.5932226180931743,-0.2765835601666297,0.5612686433694848,-0.2649167486211147,0.7009116009706123,-0.3472144497897585,0.6994275159312965,-0.28209673698534793,0.7639947402382287,-0.26420341591069285,0.6575798791534264,-0.3341925410339968,0.5824090089992873,-0.3123481459053321,0.5629101427776335,-0.27868760154736893,0.6263915520312691,-0.19596913088151427,0.6629501543481158,-0.25032934521767264,0.6796483809264094,-0.22195358806083798,0.6588156330607602,-0.31183211695376334,0.7087888638270503,-0.23504172005797838,0.660015074731996,-0.24504895957271045,0
1.0,0.66667,-0.01366,0.97404,0.06831,0.4959,0.50137,0.75683,-0.00273,0.65164,-0.14071,0.40164,-0.48907,0.39208,0.58743,0.76776,0.31831,0.78552,0.11339,0.47541,-0.44945,1.0,0.00683,0.60656,0.06967,0.68656,0.17088,0.87568,0.07787,0.55328,0.2459,0.13934,0.48087,0
0.9434830354508754,0.9496290297227253,0.4025794998471203,0.5876157637812821,0.6787857317956212,0.3265586060571797,0.9176628235224698,-0.24743118154509242,0.9549867938507407,-0.554992634679315,0.7952364717025311,-0.8185382487404166,0.4878916904231203,-0.9862824983505024,0.022701079735814478,-0.8682093334411358,-0.41997086047154897,-0.73032814679714,-0.7656153804309441,-0.37261346446381155,-0.9627217094154179,0.02127076604518541,-0.9687991434541314,0.3528462873282566,-0.8671777502695925,0.7665666836008004,-0.6620902823970868,0.8072802840198829,-0.18837929512624702,0.8386407131403073,0.16698071896921446,0.7124980899126027,0.46464953738807163,0
1.0,0.88103,-0.00857,0.89818,-0.02465,0.94105,-0.01822,0.89175,-0.12755,0.82208,-0.10932,0.88853,0.01179,0.90782,-0.13719,0.87138,-0.06109,0.90782,-0.02358,0.87996,-0.14577,0.82851,-0.12433,0.90139,-0.19507,0.88245,-0.14903,0.84352,-0.12862,0.88424,-0.18542,0.91747,-0.16827,0
1.0,1.0,-0.86701,1.0,0.2228,0.85492,-0.39896,1.0,-0.1209,1.0,0.35147,1.0,0.07772,1.0,-0.14767,1.0,-1.0,1.0,-1.0,0.61831,0.15803,1.0,0.62349,1.0,-0.17012,1.0,0.35924,1.0,-0.66494,1.0,0.88428,1.0,-0.18826,1
1.0,0.88085,0.35232,0.68389,0.65128,0.34816,0.79784,0.05832,0.90842,-0.29784,0.8649,-0.62635,0.6959,-0.77106,0.39309,-0.85803,0.08408,-0.81641,-0.24017,-0.64579,-0.50022,-0.39766,-0.68337,-0.11147,-0.75533,0.17041,-0.71504,0.40675,-0.57649,0.56626,-0.36765,0.62765,-0.13305,0
1.0,0.41670369787850703,0.24864623948120493,0.42624157060883994,0.34233269465925165,0.36112566960447684,0.23681870180077794,0.4306084870301298,0.2873999401028408,0.5467060078610833,0.2691517034934312,0.42657438546627985,0.3814616474779181,0.44232371679727295,0.10562998451041922,0.6465589873419051,0.29993951145389464,0.4429414937908564,0.3596973465517311,0.40657114487906026,0.2479566539775188,0.328124167950698,0.26753333066394486,0.43499189468869637,0.13217449999861913,0.3926339993838465,0.3660585336492353,0.45002522657743704,0.22793914560785766,0.3132914736565461,0.2589766053296571,0.42328764760790505,0.2504457999148109,0
1.0,0.4166519288238622,0.187242756126202,0.3933153104970356,0.07309721347915964,0.17055123157888852,0.2766323383157796,0.3163656767440834,0.12162562057857798,0.22829965552667053,0.20552649081411453,0.21844887423932163,0.3330500236831047,0.08975859650018034,0.24720213123615734,-0.05974443715585239,0.31501962482364976,-0.005417641501741722,0.17364370190649614,0.2349275981353336,0.08858853639106934,0.11370589332605589,0.30561318946772553,-0.04964241047995232,0.3263181605855793,-0.07738346788046307,0.23157832154258495,-0.19421654176231545,0.19757756377493912,-0.13698606207265057,0.31575205788856253,-0.20324743395702405,0.32453268231310295,0
1.0,0.50112,-0.03596,0.61124,0.01348,0.58876,0.01573,0.58876,0.02472,0.66742,-0.00449,0.71685,-0.04719,0.66517,0.00899,0.57303,0.02472,0.64719,-0.07416,0.56854,0.14157,0.57528,-0.03596,0.46517,0.04944,0.56588,0.00824,0.4764,-0.03596,0.54607,0.10562,0.60674,-0.0809,0
1.0,0.0,0.0,-1.0,-1.0,-1.0,1.0,0.0,0.0,-1.0,1.0,1.0,1.0,1.0,-1.0,0.0,0.0,0.0,0.0,-1.0,-1.0,-1.0,1.0,1.0,0.4375,1.0,-1.0,0.0,0.0,-1.0,-1.0,-1.0,1.0,1
1.0,1.0,0.1813336919372907,1.0,0.07394712262525,1.0,0.2755069908000304,1.0,0.1626738891935057,1.0,0.2239239022697057,1.0,0.1419342650844428,1.0,0.2562193052744334,1.0,0.216091865239658,1.0,0.2531962670799063,1.0,0.18865950380938945,1.0,0.2124913698525567,1.0,0.10343909290479023,1.0,0.18148585095087444,1.0,0.25664938344467453,1.0,0.20624539278343837,1.0,0.2627012266909433,0
1.0,0.1390731809095069,0.14352658564003068,-0.9075953860585487,-0.8280734822525607,-0.9075337066082848,1.0,0.04752789279059791,0.08994236471048436,-0.7643287238314153,1.0,1.0,1.0,0.9733452787191034,-0.8602824057927295,0.07281191327363574,0.1253218417905403,0.1655625065643722,0.12025527186134521,-0.8741227004356703,-0.9458970266183645,-0.8514111095384624,1.0,0.9862736523720279,0.5933140345327758,1.0,-0.8049532838564317,0.23642874895443333,0.15259144166772542,-0.8629823041238277,-0.8283277666726361,-0.9470403399908531,1.0,0
0.8654300091364606,0.9665611769328188,0.8307761613335081,1.0,0.9654973164114656,1.0,0.7613779637050273,-0.24709287975626654,1.0,-0.9757980365492409,1.0,-0.8922567887030598,1.0,-0.8061751961252227,0.4203837334666526,-1.0,-0.3712821533876678,-0.8723163133430609,-0.3448483604227197,-0.8273498430872757,-1.0,-0.41699450721880504,-0.8509881772612808,0.8079219767353969,-0.6319068034952282,1.0,-1.0,1.0,-1.0,1.0,-0.2701478353252183,0.9162909098813332,0.5587932685568054,0
1.0,0.5957947585133513,-0.05195214095107186,0.8315553714320074,0.20401794866737066,0.6250484750885923,0.2574322174998928,0.7532650096141612,0.3008444855325047,0.37854376732434625,0.028344456531794848,0.7895053029965285,0.2882109267034638,0.6242630601622006,0.03995140999208391,0.8260597950651533,0.1466762439297795,0.7078941167758062,0.21965931612463913,1.0,0.33337366745204217,0.36374258422415995,0.00010411224823494644,0.6422903926922798,0.12481890698639755,0.6338770882652996,0.17561593338403547,0.5337727629719354,0.12538452102593706,0.6846032520932495,0.21927957497523864,0.5834480711343225,0.39975493249428756,0
-0.2841840812288109,0.6974570973674369,-1.0,-0.3176189595189942,-0.33606657303343607,-0.3346880081906013,-0.3242176597446782,0.7008471293461471,0.7066581309441156,0.6914176054986353,-1.0,-1.0,0.8128476153478119,-0.33468263181741936,-0.32510874038457865,-1.0,0.7189455986107248,0.6379008700343336,0.7379209241789768,-1.0,0.7409077678512294,0.6905066974283193,0.24270918677297668,-1.0,0.725488060869666,0.7437845246852143,0.7195713855783975,0.6799999964293105,-1.0,0.7544146926708006,0.7060632119582898,0.7810739171955927,0.7382719241440858,0
0.9288209218003094,0.07839277078033825,0.23212006051897194,-0.8616367463418451,-0.9476181544653692,-0.915605512735017,1.0,-0.01794451278335031,0.03606705419541901,0.9302397281446959,1.0,-1.0,-1.0,1.0,-1.0,0.13205924430625332,0.11985453047190364,0.1316016508993329,0.12925688621565812,0.7368474813079497,-0.9280983170985387,0.8098528647974231,1.0,-1.0,0.4162685084557126,-1.0,0.9612324849152295,-0.047021424949401924,-0.033039795489903184,0.912880317441017,-0.9202692610870428,0.8277257446698546,0.944636154010073,1
0.7333614938918906,0.4639701363061269,0.46985254546800836,-1.0,-0.6522393502226602,0.060122408429046134,-0.4546422236911085,0.14508323105611232,-0.5189749843965834,-1.0,-0.19342815106554045,0.0030753479933480835,-0.2946973766017066,0.011966065698431654,-0.26929743438216613,-0.6830407663513917,0.2618231198393626,-0.09924877496408985,-0.35156258417389097,0.1365264258980444,-0.32427747730434087,-0.13266970747739032,-0.59702043560289,-0.9604922124039563,-0.324218868436292,-0.0753002770897421,-0.8844828686324888,0.740417730572828,-0.3327876463142678,-0.9176125284839202,-0.3806227450605122,-0.062440396061825845,-0.2606725730735329,0
1.0,1.0,0.5618342093054857,0.8180057229412213,0.6810582094083204,0.4948254572461502,1.0,0.14112228944364766,1.0,-0.2516752087651533,1.0,-0.46755206730809623,0.8351866164529622,-0.7192429048921339,0.4912968824918974,-0.7028597537921244,0.16922777633189365,-0.5528529648605823,0.2758799477481856,-0.35885859523177227,-0.3420287628270943,-0.10229011946827933,-0.5623678478260641,0.2706587743570291,-0.5549591714173808,0.9990679020234998,-0.44795166323822616,-0.31877825450929065,-0.2726603903816791,0.5838161307556291,0.13597364812328339,0.7943592677936006,0.21253102467842458,1
1.0,0.88853,0.01631,0.92007,0.01305,0.92442,0.01359,0.89179,-0.10223,0.90103,-0.08428,0.9304,-0.01033,0.93094,-0.08918,0.86025,-0.05057,0.89451,-0.04024,0.88418,-0.12126,0.88907,-0.11909,0.8298,-0.14138,0.86453,-0.11808,0.85536,-0.13051,0.83524,-0.12452,0.86786,-0.12235,0
1.0,1.0,0.7327429294472073,0.7672412646187936,0.9063616114090605,0.4892276852231164,1.0,-0.20103631091878169,0.9561860057692881,-0.37898806164513393,0.7427199053675323,-0.47442538257777184,0.2824339258555834,-0.30178760621626793,0.026129153319971864,-0.03905432914346087,-0.3333392330119084,0.17991426353820125,-0.3665881815835103,0.7818115738328412,-0.3872723015211245,0.9785278019984044,-0.08744659491465935,1.0,0.30181398730074455,0.8399578756069419,0.5769594743731508,0.7391061876321536,0.9408822664537989,0.3036550259075175,0.8254520449273637,0.020740334028239923,0.8263233292187967,0
1.0,1.0,0.4095205413928874,1.0,0.48055773521128436,0.9861768060082478,0.5936290946553212,0.7560360719594523,0.7221977749312894,0.6463097470294769,0.8641316777118485,0.5140897727048609,0.92642519939555,0.30943377734387173,0.9313599234681723,0.31178305524809585,0.9098216061229649,0.14630911358166032,0.8997493028033894,-0.07808147556510632,0.8035761261018857,-0.19399637868617348,0.6345856516972689,-0.22539049254295723,0.7637718058004804,-0.30600522783438616,0.5673282736450412,-0.3867765451698261,0.46930636189349223,-0.4032672811439328,0.3350722218554675,-0.45467397208419974,0.15527850374898677,0
1.0,1.0,0.30469688544820045,1.0,0.3460749154545636,1.0,0.43497042465628866,1.0,0.6346977123670248,1.0,0.6327310683976388,1.0,0.7121481615541297,1.0,0.6144804250092697,1.0,0.7153344712283017,1.0,0.7753232157142768,1.0,0.9050206192336273,1.0,0.890065003022546,0.9508793123788767,0.9020792939904344,0.8622005312496285,0.9010606985097223,0.9573378040611187,0.9175185365397592,0.7733810257666897,0.9046133707936338,0.7503233037393441,0.9607922590198541,0
1.0,0.438861412776824,0.189207307861404,0.6205013027260334,-0.06356407390099357,0.6345233402797831,0.31146754279815936,0.5056501328836527,-0.10246501383246054,0.7666917018488888,0.030303986083508875,0.6892262854438728,0.13507105309107525,0.8750514026436853,0.04639469359253137,0.614264477738308,0.03583735322318987,0.7065246491417758,-0.08367006856987316,0.9192198833586358,0.20469927241461738,0.7336363210223621,0.04985462894031295,0.7993422859989056,0.40710851739947646,0.8772973869686979,-0.141295251870231,0.5558224836341473,0.20342635520765068,0.5308095784337296,0.4162573443056511,0.8614425241923686,0.05243978022377782,0
1.0,1.0,0.06843,1.0,0.14211,1.0,0.22108,1.0,-0.125,1.0,0.39495,1.0,0.48981,1.0,0.58986,-0.375,1.0,1.0,0.0,1.0,0.92001,1.0,1.0,1.0,1.0,1.0,1.0,1.0,0.25,1.0,1.0,1.0,1.0,0
1.0,0.9065415346626546,-0.6622586685358545,0.9922298726980683,-1.0,0.9982510676466304,-0.9800671641648356,1.0,0.32136403459322765,0.998381529462785,-0.38829206086095647,0.9315364467353093,1.0,1.0,-1.0,0.997391475767307,-0.3101842771029597,1.0,-0.9636905573513194,1.0,0.9592758662483616,0.9434303052214406,0.9988990867515196,0.9454840638050988,-0.37852853827153154,1.0,-0.6753832756611671,1.0,-1.0,0.9101068068659435,-1.0,0.9878066056923918,-0.983607116598296,0
1.0,0.982849547539351,0.10538634070064615,1.0,0.10448535920232543,1.0,0.03137648717143586,1.0,-0.14526740993716875,0.9683090897415706,-0.07510146673101878,0.8956005997330667,-0.3894480860780911,1.0,-0.27154566426647886,0.9659440872244536,-0.31489056487448414,0.8837202023007633,-0.30195544503162774,0.7237053306247319,-0.14666191497256112,0.7644671587324319,-0.2677722734520922,0.9089205461279469,-0.08489147649118158,0.7035539316979604,-0.3501269463588099,0.7887477133355185,-0.16314463876386848,0.9738957268604875,-0.3809361437611182,0.6987146058221466,-0.07440995648946439,0
1.0,0.48962520943120197,0.18440548175437632,0.3151486080639942,0.22266989170491236,0.20817787507191537,0.12508954497588767,0.08889043582942349,0.05271504838058992,0.017760998897058483,0.1960963817102147,0.14198542662840755,0.529424523565888,0.12472522035050271,0.16602610553659516,0.05325120305718206,0.2623842190527982,0.09831449106325395,0.36556018908058907,0.36837382081286907,0.06408046072312715,0.20878077154579971,0.18314465114087025,0.035603821919065984,0.3326018121723955,-0.10435616024829755,0.1396448877045957,-0.19173096693168323,0.26191653377585133,0.013835613201467624,0.39621862140606856,-0.0718574356992422,0.3830775356463909,0
0.0003747978513847637,0.755009429391517,1.0,1.0,-1.0,-0.3443592387742756,0.14407889174467495,0.07813281738130988,0.029495999885667177,1.0,1.0,1.0,0.9644100095839057,-1.0,-0.9410681166532721,1.0,-1.0,-0.7932931631716589,1.0,0.05329673559233262,0.3367153254253562,1.0,-0.7649947057856499,0.8883340878286399,-0.6930944496981193,0.9884896488232061,0.9681512348345092,-1.0,-0.9543192845624648,-0.15166955413436958,0.05715553599657874,-0.16261911865327686,0.25167797729127256,0
0.6789254932008628,0.5594724592746914,-0.26703820447385657,0.3765350141343621,-0.41307288790933216,0.5548533959642746,-0.31415949200437066,0.5804433149585352,-0.3819997386115885,0.655142349939341,-0.23723314437975113,0.5682857319131281,-0.17334728816329273,-0.4904943987370681,-0.4202413382654701,0.6632564273473588,-0.330462509784919,0.608113214542587,-0.2770962299439118,0.605063043117907,-0.2592292898599129,1.0,-0.20339451291149663,0.6742236487582913,-0.2740751185440303,0.5604011398840386,-0.251133852581953,0.7214684915918594,0.9795287803202347,0.5086797279544502,-0.4126185005699911,0.6037057754297612,-0.3540387476120877,1
1.0,1.0,0.05812,0.94525,0.07418,0.99952,0.13231,1.0,-0.01911,0.94846,0.07033,0.95713,0.14644,0.94862,0.11224,0.90896,0.20119,0.96741,0.16265,0.99695,0.14258,0.90784,0.1641,0.91667,0.22431,0.88423,0.23571,0.88568,0.22511,0.78324,0.29576,0.83574,0.31166,0
0.8958255806109269,0.8022091151560352,-0.15473583896062987,0.8717426458487129,0.23949565491040892,0.7225961119472631,0.20116485570109177,0.9652371609356225,0.0078792282934581,0.9454285906218287,-0.29386234119720267,0.8708752380504092,0.03822975338869754,1.0,0.18636505471559395,0.9253902770531175,0.04176462724350772,1.0,-0.1088711745438495,0.8502292454237431,0.15228911297327638,1.0,0.08629618788155566,0.810298147266994,0.18803954830960762,1.0,-0.053543364992770945,0.9929692546344603,-0.0009139211658235856,0.8582458577723896,-0.0741406436629998,0.9965406828185529,0.13742622711321972,0
0.6468644485230997,0.6995138924754998,0.7451648119932006,0.7008985562441208,0.17513983541615225,0.26886076927312014,-1.0,0.7176550188586461,0.7154621018061869,-0.31102281952680505,-0.3682341739891926,0.7189005743652473,0.6596031670461137,-0.2689921884443122,-0.3340249338957487,0.6555444795848586,-1.0,0.8060964653511865,0.7337063496002457,0.7061298684642633,0.7161483191371435,-0.06630021376685187,0.6494946833161349,0.5870082010728787,0.7778443252559479,0.7687323713120087,0.717676833679671,0.7060801796387892,0.6301784498876088,-1.0,0.780657634528175,-0.29408628008119286,-0.3254090909795353,0
1.0,0.796874577361515,0.23590436731087142,0.8503701064912095,0.15360641743574793,0.863379479396044,0.18595764105907067,0.9006042967608731,0.20889151399715997,0.7921654213724177,0.13609265633235018,1.0,0.1658939395806239,0.977209388536437,0.2612037081377463,0.9225916078620163,0.284188925732677,0.9305047997394041,0.28459206995926184,0.8819263609094916,-0.1184616770769808,0.9040509773077159,0.17223756806351892,0.8290403962383852,0.23512820845597596,0.8094297590518886,-0.24133794751991672,0.8047373688883159,0.3045899178262808,0.7847814621216889,-0.15635286765059986,0.7602967185463956,0.3361829635660682,1
0.8717102215051207,0.4470863801800915,0.8757488254736432,0.05070992643555182,-1.0,0.8198912468112375,0.8150503761941945,0.7347906892304712,0.14124088720742878,-0.8802337567852418,0.7862047776385901,-0.21886741784230887,0.4341999438777715,-0.17306924912223148,-0.1811128980437045,-0.6277543610521357,-1.0,-0.1317814419550672,-0.14086347074071576,0.14134859322695703,-0.6040532629050351,-1.0,0.9076743224250604,0.6844006473458841,-1.0,0.7562653487784577,-0.3376642081056292,0.8689553300448329,0.8921489003808315,-0.009544859948294682,-1.0,0.797184088674335,0.7958523794191575,0
1.0,0.0,0.0,0.0,0.0,0.0,0.0,-1.0,1.0,0.0,0.0,1.0,0.37333,-0.12,-0.12,0.0,0.0,-1.0,-1.0,0.0,0.0,1.0,-1.0,0.0,0.0,1.0,0.22667,0.0,0.0,0.0,0.0,0.0,0.0,1
0.0,1.0,1.0,0.0,0.0,0.0,0.0,-1.0,-1.0,0.0,0.0,0.0,0.0,-1.0,-1.0,-1.0,-1.0,-1.0,1.0,-1.0,1.0,0.0,0.0,0.0,0.0,1.0,-1.0,-1.0,1.0,-1.0,1.0,-1.0,1.0,1
1.0,0.95559,-0.00155,0.86421,-0.13244,0.94982,-0.00461,0.82809,-0.51171,0.92441,0.10368,1.0,-0.14247,0.99264,-0.02542,0.95853,-0.15518,0.84013,0.61739,1.0,-0.16321,0.87492,-0.08495,0.85741,-0.01664,0.84132,-0.01769,0.82427,-0.01867,0.80634,-0.01957,0.78761,-0.02039,0
0.8657547007704031,0.08349563725222198,-0.0078065603077336065,-0.1418902066790395,0.15595620866586374,0.1460274102492607,0.003459948672716512,0.7303776330703688,0.10378725309014337,0.6521118800036114,-0.12351109085238117,-0.3622271097995182,-0.08036398826423863,1.0,-0.04239753953637953,1.0,-0.2219500053271271,0.9237763884177173,0.2016164297090851,0.7870099095597634,0.024340143698714102,1.0,-0.15768697075641985,0.7496322871537499,-0.12681333404597211,0.24464012919338818,-0.14490553992547484,0.8149884645190404,0.038046643641408986,1.0,-0.02746157058602148,0.7348148029902006,0.13227809673063137,1
1.0,0.01975,0.00705,0.0409,-0.00846,0.02116,0.01128,0.01128,0.04372,0.00282,0.00141,0.01975,-0.03103,-0.01975,0.06065,-0.0409,0.0268,-0.02398,-0.00423,0.04372,-0.02539,0.01834,0.0,0.0,-0.01269,0.01834,-0.01128,0.00564,-0.01551,-0.01693,-0.02398,0.00705,0.0,1
1.0,0.60678,-0.02712,0.67119,0.04068,0.52881,-0.04407,0.50508,0.03729,0.70508,-0.07797,0.57966,-0.02034,0.5322,0.07797,0.64068,0.11864,0.56949,-0.02373,0.5322,0.00678,0.71525,-0.0339,0.52881,-0.0339,0.57262,0.0075,0.58644,-0.00339,0.58983,-0.02712,0.50169,0.0678,0
0.7853707993395137,0.698901089776278,-0.20701195011166212,0.6609618351604539,-0.13838869746752103,0.7267310474716926,-0.44147885460799624,0.5201221402704926,-0.3900927829670185,0.38536361213898207,-0.441707191945296,0.3518951184631356,-0.25400801622113134,0.1916949380186828,-0.483380841443986,0.27008087153858035,-0.43085317244169596,0.22312739915750993,-0.3080557612998085,-0.1563419383439633,-0.6521956212564507,-0.16047269376662962,-0.6351054419516838,-0.10880483458082614,-0.9312367074807164,-0.09670437661310743,-0.7473816785954882,-0.19028361946724273,-0.8125929765228709,-0.29119674841277715,-0.8641481177884504,-0.2024526677630653,-0.9378646528898069,0
1.0,0.64947,-0.07896,0.58264,-0.1438,-0.13129,-0.21384,0.29796,0.04403,0.38096,-0.26339,0.28931,-0.31997,0.03459,-0.18947,0.20269,-0.29441,0.15196,-0.29052,0.09513,-0.31525,0.06556,-0.26795,0.03004,-0.25124,-0.00046,-0.2321,-0.02612,-0.21129,-0.04717,-0.1895,0.01336,-0.27201,0
0.9903949144559457,0.6294668885351232,-0.05809824346778128,0.7882555868214518,-0.012466377442341166,0.5327117600774759,-0.08171793576023617,0.6157231961159662,-0.09444661045259936,0.6958788914932014,-0.13373857624409055,0.6984077174215013,-0.11833156105972516,0.6970429062002356,-0.13725180383240673,0.5310303775711617,-0.11336686507305378,0.5031222030753697,-0.21102217799843973,0.5726717760758785,-0.20710197821318146,0.5764415961983128,-0.23598056028569103,0.5405265768741315,-0.2312480548797739,0.4409424749968373,-0.2475446543967676,0.5921691543460899,-0.3034837814246187,0.4611552279739863,-0.312200824679398,0.506160333780417,-0.33796915843144965,0
1.0,-0.8613646335923498,-0.9412888200521311,0.14427037359474262,0.08009836265897394,0.5899925951544176,-0.6246152171227373,0.6722513574445967,0.4893049005498986,-0.8787888832651795,-0.3799510569441283,0.1843665730817003,0.13165546686255003,0.1358490737938688,0.16650489602861326,1.0,-0.14090587468981833,0.5118271466241787,-0.5004779229697534,1.0,-0.9630290346453819,-0.8731111165454143,-0.8149103279683969,1.0,-0.5333183790494468,-0.8289811442183794,-0.8993307120934417,-0.9884585131253749,-0.8329620287414986,1.0,-0.7948208008447292,0.17353145052924623,0.10475281681621731,0
0.9423877616547516,0.8408550484598777,-0.1563738640817373,1.0,-0.21320854101397904,0.88814376344692,-0.20159232072728017,0.7666087406714964,-0.30362516803415956,0.744050690255132,-0.2587721289367634,0.600956492655112,-0.562108715739695,0.6436399217277166,-0.6079407400121718,0.29685173436868995,-0.7917777163996654,0.33897203525809266,-0.6522122795176603,0.42126373103750886,-0.5986675082425487,0.22221200065322178,-0.5663723920835548,0.2093038726974216,-0.6549766800363459,0.11600285831364351,-0.5112355737086973,-0.07682971108013201,-0.5451074667971932,-0.04140134087551382,-0.5300902631731258,-0.10513938658641016,-0.52823148970153,0
1.0,0.7143637367868928,0.4865490132600685,0.7397303592647956,0.31181908105099765,0.5251646525735387,0.5320255672880393,0.5007961180878049,0.3843958338859801,0.41030209166082415,0.4923261854089636,0.5335963499195829,0.6665258134931502,0.35380258007412413,0.5331216345707451,0.24156748615912305,0.7187258114318231,0.34330684061888234,0.5803648896630772,0.5581746193032612,0.3341868032340175,0.3737403820918271,0.5440069155302092,0.2701945622802385,0.551289113224619,0.25694833650681637,0.5021540548140209,0.15280158213757467,0.4736187012153437,0.24745180061890476,0.57689245089521,0.11013879374932287,0.5962266137810207,0
1.0,0.35346,-0.13768,0.69387,-0.02423,0.68195,-0.03574,0.55717,-0.06119,0.61836,-0.10467,0.62099,-0.06527,0.59361,-0.07289,0.42271,-0.26409,0.58213,0.04992,0.49736,-0.08771,0.46241,-0.08989,0.45008,-0.00564,0.39146,-0.09038,0.35588,-0.10306,0.32232,-0.08637,0.28943,-0.083,0
0.9550158659254043,0.6165654077800957,-0.1552864778918223,0.8872066279049292,0.0027085622541951487,0.42141933378219226,0.3332005090058965,0.6807466855721552,-0.05355919258209188,0.6479772712897005,-0.2567919971610331,0.2917249050198797,-0.5821557754473062,0.32399835891216877,0.5096384512274671,0.7153329622446788,0.1794082357355672,0.7227202473111518,-0.006363206164958397,0.38560086774354535,-0.4466917557908654,0.8474454224080239,-0.08978581057564422,0.46018527423079303,-0.005319038426087069,0.6563292086158251,0.09672031878853779,0.7872017701795412,0.06164767929892691,0.4871626845849315,0.20423586566191484,0.09246043218858103,0.25441554263848626,0
1.0,0.75564,0.49638,0.8355,0.54301,0.54916,0.72063,0.35225,0.70792,0.13469,0.94749,-0.09818,0.93778,-0.37604,0.82223,-0.52742,0.71161,-0.68358,0.67989,-0.70163,0.24956,-0.79147,0.02995,-0.98988,-0.29099,-0.70352,-0.32792,-0.63312,-0.19185,-0.34131,-0.60454,-0.19609,-0.62956,0
1.0,0.41454172700872705,-1.0,1.0,0.5044824644705903,0.5911558430348263,0.743339194508919,0.43132925842166414,0.5768434949031629,0.4023535812571013,1.0,0.3068973303385061,1.0,-0.2170322511661604,-0.7515126669238924,-0.4105950818594401,0.8892425872133302,-0.9723469545104528,0.858791550439616,-0.30243063340876375,0.7685940298142591,-0.9377133397483135,0.5347271750996029,-1.0,0.3912436803047394,-0.8211510831593524,-0.10962722117008353,-1.0,-0.2250816748687376,-0.8209033207023632,-0.38605184803432635,-1.0,-0.32410191491425805,1
1.0,0.0,0.0,0.98919,-0.22703,0.18919,-0.05405,0.0,0.0,0.93243,0.07297,1.0,-0.2,1.0,0.07027,1.0,-0.11351,0.0,0.0,1.0,-0.21081,1.0,-0.41622,0.0,0.0,1.0,-0.17568,0.0,0.0,1.0,-0.25946,0.28919,-0.15676,1
0.9688431096414438,0.9025907454553284,-0.16450250062515467,-1.0,-0.9321765197363077,-1.0,-1.0,1.0,0.2815321450364097,0.714838536651193,0.48337862053865,-0.948560381578506,-0.9889409845348237,-1.0,0.8547641252346414,0.47542674701149346,1.0,1.0,1.0,0.7870584303647039,-1.0,-0.896640974146481,-0.993187281025249,0.8356969856331716,0.5465709316235432,0.8742718970603274,1.0,1.0,0.5511986781444846,-1.0,-0.5642623671523838,-1.0,1.0,0
1.0,0.18485160496606323,0.07160222645123346,0.23761755890279715,0.14651717814553905,-0.0315941659422555,0.2328760253049747,-0.7163923092305469,-0.8904252427722702,0.0969634109855814,0.15967450700887545,1.0,-0.9013099928634306,0.10013170866811205,0.1157695722746791,-0.8976081000870983,-0.8155267572038949,-0.8504318668153247,-0.8431134008025296,1.0,-0.8722812613131288,-0.527914164850616,-0.7583852563405737,1.0,1.0,-0.8046232998454997,-0.09431788933511558,0.9924257185970814,-0.9404413906348514,0.17149571769930755,1.0,0.10811340336186867,-0.016428815202267466,0
1.0,0.74084,0.04974,0.79074,0.02543,0.78575,0.03793,0.6623,0.09948,0.67801,0.31152,0.75934,0.07348,0.74695,0.08442,0.70681,-0.07853,0.63613,0.0,0.70021,0.11355,0.68183,0.12185,0.67016,0.15445,0.64158,0.13608,0.65707,0.17539,0.59759,0.14697,0.57455,0.15114,0
0.9710708811355583,0.8107715638021135,0.2393491392408194,0.6722654897719978,0.42589147688275536,-0.4717656120437186,0.6115990915797745,0.17703719025543727,0.8890156520393028,-0.051938960373858485,-0.29093059488431405,-0.3855934107417926,0.8229277042584484,-0.5715611130847684,0.590196323307552,-0.6876686499779331,0.2485327338285681,-0.7854806233640453,0.06838143467593556,0.019180700390999283,-0.17430828011425833,-0.5457414425326668,-0.3402134193117667,-0.39717659777769504,-0.4870820328715032,-0.08561352431470977,-1.0,0.025066300467508885,-0.6311049551867965,0.28740845383198105,-0.5055161330756136,0.3434173566310875,-0.38661049827817034,1
1.0,0.72727,-0.05,0.89241,0.03462,1.0,0.72727,0.66364,-0.05909,0.48182,-0.16818,0.81809,0.09559,0.56818,1.0,0.50455,0.21818,0.66818,0.1,1.0,-0.3,0.98636,-1.0,0.57273,0.32727,0.56982,0.14673,0.42273,0.08182,0.48927,0.14643,1.0,1.0,1
1.0,0.42441247562417855,0.019636538082398222,0.6591584798016922,-0.10956651708432577,0.4665105255885735,0.13161883499275004,0.5261155843604478,0.009097637459047944,0.6288189769812945,0.11589555717608907,0.7520607133076966,-0.21743546080846854,0.5814694232570533,-0.10628238659106037,0.6185956614459386,-0.037342044737755174,0.4593274526134741,0.022608619264814667,0.34985281630267523,-0.10743997461114549,0.4180488395316828,-0.2839747570648683,0.3498364335160433,-0.25054475446656455,0.710354205027375,-0.21080364101128488,0.49725335522572095,0.014911992329688283,0.46133073833198357,-0.027877135285395836,0.6173563566775254,0.03208918252492733,0
1.0,0.82624,0.08156,0.79078,-0.08156,0.90426,-0.01773,0.92908,0.01064,0.80142,0.08865,0.94681,-0.00709,0.94326,0.0,0.93262,0.20213,0.95035,-0.00709,0.91489,0.00709,0.80496,0.07092,0.91135,0.15957,0.89527,0.08165,0.7766,0.06738,0.92553,0.18085,0.92553,0.0,0
0.0,1.0,1.0,1.0,-1.0,1.0,1.0,1.0,1.0,1.0,1.0,1.0,-1.0,1.0,1.0,1.0,-1.0,1.0,-1.0,1.0,1.0,1.0,1.0,1.0,-1.0,1.0,1.0,1.0,1.0,1.0,1.0,1.0,1.0,1
0.8926920909578971,0.627188612610989,0.10575515582356422,0.3254728854622157,-0.14190585180500376,0.6495157675524637,0.09111295403300619,0.38270728219553485,-0.00996826960801252,0.4214961945597806,0.15691445712123536,0.6378076206298718,-0.18307238925465527,0.46340089945629936,-0.14509530288372383,0.44621583065046305,0.06142417032383162,0.6013745177926397,0.07877665891114947,0.3579717942419904,-0.15692988529367297,0.3824669293869548,-0.0824253840754531,0.6696737758988999,-0.11142920227512879,0.6226889776176081,-0.1616782633905596,0.5349126805254215,-0.01536603123269372,0.45394329066418504,-0.15037728266674186,0.6914149802637795,-0.0679718617578695,0
1.0,1.0,-0.92453,1.0,0.75472,0.49057,-0.0566,0.62264,0.0,1.0,-0.00054,0.45283,0.07547,0.62264,-0.0566,0.98878,-0.00085,0.5283,0.0,0.5283,0.07547,0.9519,-0.00112,1.0,0.79245,0.92192,-0.00128,0.9434,-1.0,1.0,0.43396,0.43396,-0.11321,0
1.0,0.6349340736842091,0.07771179494344811,0.7820058935475003,-0.026044146063428524,0.9110878623865997,0.27864997646772016,1.0,-0.06625169652257708,0.9655873754861077,-0.04935052049455592,0.9787660830381889,-0.09896033880876932,0.6601866122537352,-0.04518241341797658,1.0,0.06775996576633359,0.8156961347470882,0.01808904521711291,0.9651738464783995,0.09852164627213829,0.8761745999463535,0.06648467859874631,1.0,-0.9523249398596393,0.9026188895035485,0.036663831011695916,0.8780328074357292,-0.07761481376215823,1.0,-0.015920128274281173,0.9552379098731898,-0.45484865156897847,1
1.0,1.0,-0.00612,1.0,-0.09834,1.0,-0.07649,1.0,-0.10605,1.0,-0.11073,1.0,-0.39489,1.0,-0.15616,0.92124,-0.31884,0.86473,-0.34534,0.91693,-0.44072,0.9606,-0.46866,0.81874,-0.40372,0.82681,-0.42231,0.75784,-0.38231,0.80448,-0.40575,0.74354,-0.45039,0
0.8609672600967744,-0.103433668772931,0.05335401324538037,-0.08088403990703223,-0.10629244563139338,0.034225884891647004,0.21691879352356888,-1.0,1.0,-0.08046769060160434,0.048410868976147804,1.0,0.4188753029222957,-0.16164874674788635,-0.019455412822736495,-0.02424326832654167,0.07298914694324601,-1.0,-0.8794385944215346,-0.19519243695703029,-0.14189302737311466,0.8027500205184875,-1.0,-0.21413535063336786,-0.09685642050935471,0.8449487953603669,0.4338246721354354,-0.1386952493046175,-0.18011639840926794,0.03476739472720773,0.23615496163863245,-0.0162493910943959,-0.005420702906788985,0
0.0,1.0,-1.0,1.0,1.0,-1.0,-1.0,1.0,-1.0,0.0,0.0,0.0,0.0,-1.0,1.0,1.0,-1.0,1.0,-1.0,-0.75,1.0,1.0,-1.0,1.0,-1.0,1.0,-1.0,-1.0,-1.0,0.0,0.0,1.0,-1.0,1
1.0,0.0,0.0,0.0,0.0,0.0,0.0,0.0,0.0,0.62195,1.0,0.0,0.0,0.0,0.0,0.36585,-0.71951,0.56098,-1.0,0.0,0.0,0.0,0.0,0.0,0.0,1.0,0.10976,0.0,0.0,0.0,0.0,0.0,0.0,1
1.0,1.0,0.08013,0.96775,-0.00482,0.96683,-0.00722,0.8798,-0.03923,1.0,0.01419,0.96186,-0.01436,0.95947,-0.01671,0.98497,0.01002,0.91152,-0.08848,0.95016,-0.02364,0.94636,-0.02591,0.98164,0.02003,0.93772,-0.03034,1.0,-0.05843,0.92774,-0.03464,0.92226,-0.03673,0
1.0,0.9898015713494995,0.542362252935597,0.6067740203397799,0.8889098289704649,0.3941566269656724,0.8950378170995658,-0.5023701917654786,0.8381929425851974,-0.542270481838539,0.5693632159166017,-0.570654167417941,0.14225853205111294,-0.4140271777673132,-0.10148369973719482,-0.30618421009586744,-0.5316575337227769,0.1332661446264551,-0.4865881240243668,0.5956430082228505,-0.5550469434468667,0.8848706617547847,-0.2740437111193851,0.8824066890780362,0.10246809899424081,0.7561301390310429,0.5198389725634033,0.7066198704305539,0.7408461658326707,0.13055910028411666,0.7239043662234574,0.025526064196414677,0.6440813006572964,0
1.0,0.8408950935659482,-0.039226121749796776,0.9399681629040694,-0.04430242805481639,0.673408260729648,-0.10491871526655627,0.5668293610690377,0.09374715760030608,0.8499815312586656,0.08885036604386584,0.669085087646829,-0.04863131675505362,0.6514076478081541,-0.27273924345274203,0.15445037698550457,-0.2380473861998383,0.6019119175230656,-0.2445361817810716,0.6248574766341828,0.10173843609004092,0.9572587553360694,-0.22400397527550386,0.398770168145289,-0.39346732262296896,0.45544467706788494,-0.08095952596762095,0.2739532447044433,0.047343380321573536,0.25043240147695506,-0.49474405982543385,0.5251841934453176,-0.08609699466747198,0
0.0,0.0,0.0,0.0,0.0,0.0,0.0,0.0,0.0,0.0,0.0,0.0,0.0,0.0,0.0,0.0,0.0,0.0,0.0,0.0,0.0,0.0,0.0,0.0,0.0,1.0,-1.0,0.0,0.0,0.0,0.0,0.0,0.0,1
