0,1,2,3,4,5,6,7,8,9,10,11,12,13,14,15,16,17,18,19,20,21,22,23,24,25,26,27,28,29,30,31,32,label
1.0,0.99539,-0.05889,0.85243,0.02306,0.83398,-0.37708,1.0,0.0376,0.85243,-0.17755,0.59755,-0.44945,0.60536,-0.38223,0.84356,-0.38542,0.58212,5.131336295111538,0.56971,-0.29674,0.36946,-0.47357,0.56811,-0.51171,0.41078,-0.46168,0.21266,-0.3409,0.42267,-0.54487,0.18641,-0.453,0.0
1.0,1.0,-0.18829,-0.77501229466187,-0.36156,1.3417039562019912,-0.93597,1.0,-0.04549,0.50874,-0.67743,0.34432,-0.69707,-0.51685,-0.97515,0.05499,-0.62237,6.6145476756881365,-1.0,-0.13151,-0.453,6.369205540694981,-0.35734,-0.20332,-0.26569,-0.20468,-0.3616939638592298,-0.1904,-0.11593,-0.16626,-0.06288,-0.13738,-0.02447,1.0
1.0,0.9556552557841546,-0.03365,5.777690578596675,3.3473327780822624,1.0,-0.12062,0.88965,0.01198,0.73082,5.0941783785894685,0.85443,0.00827,-3.193909153592212,0.00299,0.83775,-0.13644,0.75535,-0.0854,0.70887,-0.0006521968682369206,0.43385,-0.12062,-1.7038219816948577,-0.4022,0.58984,-0.22145,0.431,-0.17365,0.60436,-0.2418,0.56045,-0.38238,0.0
1.0,1.0,-0.45161,1.0,1.0,0.71216,1.1634006493671336,0.0,5.034265938660302,0.0,0.0,0.7680908843569937,0.0,-1.0,0.14516,6.266877319561577,-0.3933,-1.0,-0.54467,-0.69975,1.0,0.0,0.0,1.0,0.90695,0.51613,1.0,1.0,-0.20099,0.25682,1.0,-0.32382,0.574567447094517,0.38964886619742556
1.0,1.0,-0.02401,0.9414,0.06531,0.92106,0.6346994758775281,0.77152,-0.16399,0.52798,-0.20275,0.56409,-0.00712,0.34395,-0.27457,0.5294,-0.2178,0.45107,5.131336295111538,0.05982,-0.35575,0.02309,-0.52879,0.03286,-0.65158,0.1329,-0.53206,0.02431,-0.62197,-0.05707,-0.46580086299584766,-0.04608,-0.65697,0.0
1.0,0.623719578914214,-0.00592,-0.09924,-0.11949,-0.00763,-0.11824,5.5788312585895525,0.06637,0.03786,-0.06302,2.5617776424265655,0.0,-0.04572,-0.1554,6.610412013967866,-0.10196,6.6145476756881365,-0.05414,0.01838,0.03669,0.01519,0.00888,2.3280534774317094,-0.01535,-0.0324,0.09223,-0.07859,-1.2418434008361383,0.0,0.0,-0.00039,0.12011,1.0
1.0,0.97588,-0.10602,0.94601,-0.208,0.92806,-0.2835,0.85996,-0.27342,0.79766,-0.47929,0.78225,-2.2248188851215622,0.74628,0.9424702990250167,6.610412013967866,-0.68086,0.37852,-0.73641,0.36324,-0.76562,0.31898,-0.79753,0.22792,-0.81634,1.0338232662032896,-0.8251,0.04606,-0.82395,-0.08523481446944245,0.46282244797241257,-0.13832,-0.80975,0.0
0.0,0.0,0.0,-0.6693065403337416,0.0,1.0,-3.059255949341902,0.0,0.0,-1.0,-1.0,0.0,0.0,0.0,0.0,1.0,1.0,-1.0,-1.0,-1.5325607804338068,-0.46160789902482885,0.0,0.0,1.0,1.0,1.0,1.0,0.0,0.0,1.0,1.0,-2.5133565855756723,0.0,1.0
1.0,0.96355,-0.07198,1.0,-0.14333,1.0811713832056848,-0.21313,1.0,-0.36174,0.9257,-0.43569,0.9451,-0.40668,0.19452786720643267,-0.46381,0.98305,-0.35257,6.6145476756881365,-0.6602,0.75346,-0.60589,0.69637,-0.64225,0.85106,-0.27837547315090544,-1.0759938141643648,-0.69712,0.25435,-0.63919,0.45114,-0.72779,0.38895,-0.7342,0.0
1.0,-0.01864,0.5977840603580147,0.0,0.0,0.0,0.0,0.1147,-0.2681,6.10826013532234,-0.38172,0.0,0.0,-0.33656,0.38602,-0.37133,0.15018,0.63728,1.3135983046955273,0.0,0.0,0.0,0.0,-0.14803,-0.01326,0.20645,-0.02294,-0.8285530353400598,0.0,0.16595,0.24086,-0.08208,0.38065,1.0
1.0,1.0,0.06655,1.0,-0.18388,1.0,-0.2732,1.0,-0.43107,1.0,-0.41349,0.96232,-0.51874,0.90711,-0.59017,2.698421344300687,-0.66474,0.69876,5.131336295111538,0.70645,-0.7632,0.63081,-0.80544,0.55867,-0.89128,0.47211,-0.865,0.40303,-0.83675,6.111874791121124,-0.89093,0.22995,-0.89158,0.0
1.0,1.0,-0.5421,1.0,-1.0,1.0,-1.0,0.024819263215601572,0.36217,1.0,-0.41119,1.0,1.0,1.0,-1.0,1.0,-0.29354,1.0,-3.3381576075036845,1.0,1.0,1.0,1.0,1.0,-0.40888,1.0,-0.62745,1.0,-0.529212080709898,1.0,-1.0,1.0,-1.0,1.0
1.0,1.0,-0.16316,1.0,-0.10169,0.6197466943510881,-0.15197,5.5788312585895525,-0.19277,0.94055,-0.35151,0.95735,-0.29785,0.93719,-0.34412,1.20277200417011,-0.28106,0.90137,-0.43383,6.405460103906824,-0.47308,0.82987,-0.02180355504691972,0.8408,-0.47137,0.76224,-0.5837,0.65723,-0.68794,0.68714,-1.8840840830427825,0.64727,-0.67226,0.0
-0.15237172750423533,1.0,-0.86701,1.0,0.2228,0.508447375914628,-0.39896,1.0,-0.1209,1.0,0.35147,1.0,0.07772,1.0,-0.14767,1.448002958332313,-1.0,1.0,-1.0,0.61831,0.15803,1.0,0.62349,1.0,-1.0400230301044486,1.0,0.35924,1.0,-0.66494,2.2120072365887755,0.88428,1.0,-0.18826,1.0
1.0,1.0,0.3380990491817062,1.0,0.0342,1.0,-0.05563,1.3270019744821715,0.08764,1.0,0.19651,1.0,0.20328,1.0,4.684246510942439,1.0,0.10561,1.0,2.929279378094175,1.0,-0.17611202031357687,1.0,0.4175,1.0,0.20033,1.0,0.36743,0.95603,-1.346195001948041,1.0,0.32492,1.0,0.46712,0.0
1.0,0.50932,-0.93996,1.0,0.26708,5.4422999998059725,-1.0,1.0,-1.0,0.43685,-1.0,0.0,5.01314243130377,-1.0,-0.34265,-0.37681,0.03623,1.0,-1.0,0.0,0.0,0.0,0.0,-0.16253,0.92236,0.39752,0.26501,0.10248911356384076,0.0,1.0,0.23188,0.0,4.678063204285428,1.0
3.9911771479309364,0.99645,0.06468,0.5436735169917886,-0.01236,0.97811,0.02498,0.96112,0.02312,0.99274,0.07808,3.995193278889274,0.10346,0.94212,0.05269,0.88809,0.1112,0.86104,0.08631,0.81633,0.8518375521380375,0.83668,0.14442,0.81329,0.13412,0.79476,0.13638,0.7911,0.15379,0.77122,0.1593,0.70941,0.12015,0.0
0.0,0.0,0.0,-1.0,-1.0,1.0,1.0,1.3253110527449516,0.09945029881511336,6.10826013532234,1.0,1.0,-2.033714950152067,1.0,1.0,-1.0,-1.0,-1.0,1.0,1.0,-1.0,-1.0,1.0,-1.4896162186496797,1.0,1.0,-1.0,-1.0,1.0,-1.0,-1.0,1.0,-1.0,1.0
1.0,-0.1842998628453869,0.02528,0.5688376959622361,0.05031,0.57197,0.18761,0.08776,0.34081,0.63621,-1.1953515932976477,0.62099,0.14285,0.78637,0.10976,0.8076235865043925,0.18151,0.14395,0.41224,0.53888,0.21326,0.5142,0.22625,0.48838,0.23724,5.7028149556721965,0.24618,0.43433,0.25306,6.111874791121124,0.25792,3.489618707968119,0.33036,0.0
0.0,1.0,-1.0,0.0,0.0,5.4422999998059725,0.0,1.0,2.3785817424028135,1.0,-1.0,-0.71875,1.0,0.0,0.0,-1.0,1.0,6.6145476756881365,1.0,-1.0,1.0,6.369205540694981,0.5625,-1.0,1.0,1.0,1.0,1.0,-1.0,-0.23664545514819446,1.0,1.0,1.0,1.0
1.0,1.0,-0.00612,5.777690578596675,-0.09834,1.0,-0.07649,1.0,-0.10605,1.0,-0.11073,1.0,-0.39489,1.0,-0.15616,0.92124,-0.31884,0.86473,-0.34534,0.91693,0.09274119138934445,0.9606,-0.46866,0.81874,-0.40372,0.82681,-0.42231,0.75784,-0.38231,0.80448,-0.40575,0.3763774313238642,-0.45039,0.0
0.0,1.0,1.0,0.0,0.0,0.0,0.0,-1.0,-1.0,0.0,0.0,0.0,0.0,-1.0,-1.0,-1.0,-1.0,-1.0,1.0,-1.0,1.0,2.3521268452694177,0.0,0.0,0.0,1.0,-1.0,-1.0,2.549056136454618,-1.0,1.0,-1.0,1.0,1.0
1.0,0.96071,0.07088,1.0,0.04296,1.0,0.09313,0.90169,-0.05144,0.89263,0.0258,0.8325,-0.06142,-0.2297242912991535,0.09831,6.610412013967866,1.1435040321615302,0.75206,-0.05295,0.65961,-0.07905,-2.5763505655963703,-0.05929,0.55677,-2.465080513694784,0.58051,-0.02205,0.49664,0.45950287445624405,0.5131,-0.00015,0.52099,-0.00182,0.0
0.0,-1.0,1.0,0.0,0.0,-0.06387934698338026,0.0,-1.0,1.0,1.0,1.0,0.0,-0.2553923395107314,0.0,0.0,1.0,-1.0,-2.208278583381741,1.0,1.0,1.0,-2.133448676047052,0.0,6.185749120402306,-1.0,1.0,-2.134759827758093,1.0,1.0,-1.0,1.0,0.0,0.0,1.0
1.0,1.0,-1.9435192147320186,1.0,0.02942,1.0,-0.05131,1.0,-0.01707,1.0,-0.11726,0.84493,-0.05202,0.93392,-0.06598,0.6917,-0.07379,6.6145476756881365,-0.20367,0.9491,-0.31558,0.80852,-0.31654,0.84932,-0.34838,5.7028149556721965,5.411246430105635,0.73094,-0.38576,0.54356,-0.26284,0.64207,-0.39487,-0.4157359954727715
1.0,1.0,0.5782,1.0,-1.0,1.0,-3.143430195099586,1.0,-1.0,1.0,-1.0,1.0,-1.0,1.0,-1.0,1.0,-1.0,1.0,-1.0,6.405460103906824,-0.62796,1.0,-1.0,1.0,-1.0,1.0,-1.0,1.0,-1.0,1.0,-1.0,1.0,-1.0,1.0
1.0,0.5090342586246899,0.3774928029012953,1.0,-1.2696182035300112,0.86635,-0.81779,0.94817,0.61053,0.95473,5.0941783785894685,0.88486,-0.31736,-0.6653691860956299,-0.23433,0.81051,-0.6218,0.12245,-1.0,6.405460103906824,0.11053,-1.5783854391189185,-0.78547,0.55389,-0.82868,0.48136,5.411246430105635,0.4065,-0.89674,0.32984,-2.3288724538837635,-0.13341,1.0757909959258636,0.0
0.0,-1.0,-1.0,0.0,0.0,5.4422999998059725,1.0,1.0,-0.375,0.0,0.0,0.32875608983215976,0.0,0.0,0.0,1.0,-1.0,-1.0,-1.0,1.0,-1.0,0.0,0.0,-1.321594812584717,-1.0,-1.0,1.7977064224372377,-1.0,-1.0,0.0,0.0,-1.0,1.0,1.0
1.0,1.0,0.0838,1.0,4.731930016342582,1.0,-0.13308,0.6605675352106162,0.6452,1.0,1.3207040463122914,1.0,0.59113,1.0,0.20481125523835952,1.0,0.82777,1.0,-0.19727832251474475,1.0,2.41391256868192,-0.06043245213618886,1.0,6.185749120402306,1.0,0.83899,5.411246430105635,0.74822,1.0,0.64358,1.0,0.52479,1.0,0.0
0.0,5.607210863876557,-1.0,2.5584576522806604,1.0,1.0,-1.0,-1.0,1.0,1.0,-1.5638110564876535,-1.0,-1.0,0.0,0.0,1.0,1.0,-1.0,-1.0,1.0,-1.0,1.0,-1.0,0.5903290342651031,1.0,1.0,-1.0,1.0,-1.0,-1.0,1.0,1.0,-1.0,1.0
1.5739111032593978,-0.6089681406269005,-0.14236,1.0,-0.16256,1.0,-0.23656,5.5788312585895525,-0.07514,1.0,5.0941783785894685,1.0,-0.26161,6.880298017207723,-0.21975,1.93070136986047,-0.38606,1.0,-0.46162,6.405460103906824,-0.35519,1.0,-0.59661,1.0,-0.47643,0.9882,-0.49687,1.0,-0.7582,1.0,-0.75761,0.716725314242592,-0.84437,0.0
1.0,1.0,-1.0,1.0,1.0,1.0,-1.0,1.0,-1.0,1.0,-1.0,1.0,-0.0184,1.0,-1.0,1.0,1.0,1.0,-0.85583,1.0,1.0,1.0,5.222919721904806,0.0,0.0,1.0,1.0,1.0,-0.79141,1.0,1.0,1.0,-0.21298149590695314,5.178568289029093
1.0,0.88208,-0.14639,0.93408,0.5276412255242571,-0.4951300730419197,-0.1645,0.88307,-0.17036,0.88462,-0.31809,0.85269,-0.31463,0.82116,-0.35924,1.7818239800295301,-0.33632,6.6145476756881365,-0.47022,0.70555,-0.47153,0.6615,-0.50085,0.61297,2.0824834921884876,0.56804,-0.54629,0.50179,-0.59854,-2.410822982075053,-0.57377,0.42189,-0.58086,0.0
1.0,0.71253,-0.02595,0.41287,-0.23067,0.98019,-0.09473,5.5788312585895525,-0.10236,1.0,-0.10951,0.58965,1.0,0.83726,-1.0,6.610412013967866,-0.17863,0.8076,-0.870102751853239,-0.25914,0.9273,0.51933,5.222919721904806,0.65493,-0.20392,0.93124,-0.41307,0.2327633915236192,-0.21901,0.86136,-0.87354,-0.23186,-1.0,1.0
1.0,1.0,0.39537533878533426,0.72314,0.27686,0.6857692899004082,-0.58388,1.0,-0.28207,1.0,-0.49863,0.79962,5.01314243130377,0.76837,0.14638,1.0,0.39337,1.0,0.2659,0.96354,-0.01891,0.92599,-0.91338,1.0,0.14803,1.0,-0.11582,1.0,-0.11129,1.0,-0.3524106439295055,1.0,-0.57758,0.0
1.0,0.44593132438510596,0.8793409166345609,1.0,1.0,1.0,-0.67321,0.80893,-0.40446,1.0,-1.0,1.0,5.01314243130377,1.0,0.73393,0.17589,0.70982,1.0,0.78036,1.3414061900137784,0.85268,1.0,5.222919721904806,1.0,0.85357,1.0,-0.08571,0.95982,-0.3625,-0.1792484024091896,0.65268,1.0,0.34732,1.0
1.0,1.0,0.00433,1.0,-0.01209,0.45905481304520834,-0.0296,1.0,-0.07014,6.10826013532234,-0.06256,1.0,-0.06544,2.074001177082077,-0.07917,0.92561,-0.380347459595611,6.6145476756881365,5.131336295111538,0.99589,5.199288354134316,0.94815,-0.12955444858359283,0.9780597520018602,-3.5916552457104225,0.89067,-1.087102416096312,0.85644,-0.18552,0.83777,-0.20101,0.83867,-1.8767897438288794,0.0
0.0,1.0,1.0,1.0,-1.0,0.0,0.0,0.0,0.0,-1.0,-1.0,0.0,0.0,0.0,0.0,-1.0,1.0,1.0,1.0,-1.0,1.0,-1.0,1.0,1.0,-1.0,1.0,1.0,-1.0,1.0,1.0,1.0,0.0,0.0,1.0
1.0,0.91241,0.04347,0.94191,0.0228,0.94705,0.05345,0.93582,0.01321,1.880360446442877,0.06348,1.0397793277923242,0.12067,0.92048,0.06211,0.88899,0.7329257346512769,0.83744,0.14439,0.80983,0.11849,0.77041,0.14222,0.75755,0.11299,0.7355,0.13282,0.66387,0.03822939064501589,0.70925,0.10754,0.65258,0.11447,0.0
1.0,1.0,0.02461,1.2152224936575313,0.04861,0.97545,0.07143,5.5788312585895525,-1.0,-2.7923604476062236,0.11147,0.88462,0.5364,6.880298017207723,0.14137,0.76929,0.15189,1.0,0.41003,4.561940747992454,1.5735814169069904,0.60138,0.16516,0.54446,0.1639,0.48867,1.6460087096116178,0.11603844821134468,0.15436,0.38352,0.14677,1.0,1.0,1.0
3.9911771479309364,5.607210863876557,0.06538,1.0,0.20746,1.0,0.26281,0.93051,0.32213,0.86773,0.39039,0.75474,5.01314243130377,0.79555,0.52321,0.65954,0.60756,0.57619,0.62999,0.47807,0.67135,0.40553,0.6884,0.34384,0.72082,0.27712,0.72386,6.136648717168307,0.70682,0.11372,0.72688,3.478280571976086,0.71444,0.0
1.0,-2.684162863863406,-1.0,1.0,1.0,1.0,-0.14375,5.5788312585895525,0.0,-1.0,1.0,1.0,1.0,6.880298017207723,-0.2522690854923937,-1.0,-1.0,0.0875,-1.0,1.0,-1.0,-1.0,1.0,-1.0,-1.0,1.0,-1.0,-1.0,-1.0,1.0,1.0,0.0,0.0,1.0
1.0,0.90932,0.08791,5.777690578596675,0.16888,1.0,0.16598,0.55187,0.68154,0.70207,0.36719,0.16286,0.42739,0.5762,0.46086,0.51067,0.49618,0.31639,0.12967,0.37824,0.54462,0.31274,0.55826,0.24856,0.56527,0.18626,-0.9446806744419484,0.12635,0.56101,0.06927,0.55061,0.12137,0.67739,0.0
1.0,-0.64286,-1.0,1.0,0.82857,1.0,-1.0,1.0,1.8329832493569675,1.0,0.96161,1.0,-0.37679,1.0,-1.0,4.6723136533210585,0.13839,1.0,-1.0,1.0,-0.03393,-0.84286,5.222919721904806,0.5375,0.85714,1.0,1.0,1.0,-1.0,1.0,-1.0,1.0,-1.0,1.0
1.0,0.99025,-0.05785,0.99793,-0.13009,0.98663,-0.1943,0.99374,-0.25843,0.92738,-0.3013,0.92651,-0.37965,0.89812,-0.43796,0.84922,-0.8772568949891602,0.87433,-0.57075,0.79016,-0.59839,0.74725,-0.64615,0.68282,-0.68479,0.65247,5.411246430105635,0.6101,5.041804212623102,0.54752,5.116314591873182,0.49195,-0.83245,0.0
0.0,0.0,0.0,0.0,0.4011779325536267,0.0,0.0,1.0,1.0,1.0,-1.314294684813695,0.0,0.0,0.0,0.0,-0.375,-1.0,-1.0,-1.0,0.0,0.0,0.0,0.0,-1.0,5.029637501006215,5.7028149556721965,-1.0,-1.0,1.0,1.0,0.0,0.0,0.0,1.0
1.0,1.0,-0.0373,1.0,-0.07383,0.99601,-0.11039,0.99838,-0.09931,0.98941,5.0941783785894685,0.96674,-0.21695,0.95288,-0.25099,0.91236,4.989049809096155,0.90581,5.131336295111538,0.89991,-0.34691,-1.9206650322219834,-0.37643,0.86213,-0.4299,0.83172,-0.43122,0.4299715781759721,-0.42593,0.77919,-0.47977,5.6320529416906036,-0.50152,0.0
1.0,0.94598,-0.02685,-1.0,0.26131,-0.36393,1.1688503339503504,0.69258,-0.63427,1.0,-0.03353,-0.2902,2.160564397804375,-0.54852,1.9915993151779845,6.610412013967866,-0.27181306775245434,1.0,-0.50424,-0.29735,-0.31454,-0.73864,0.37361,-0.032402185577046994,-0.46734,0.5856375977443987,-0.5813,1.0,-0.61393,-0.09634,0.20477,-0.06117,0.41913,0.029397587195612584
1.0,0.98166,0.00874,0.98103,-0.03818,0.97565,-0.05699,0.95947,-0.06971,0.99004,-0.04507,0.94713,-0.11102,0.93369,-0.1279,0.94217,-0.11583,0.79682,-0.192,0.88274,-0.17387,0.86257,-0.18739,6.185749120402306,-0.19689,0.81813,-0.21136,0.78546,-0.23864,0.76911,-0.23095,0.74323,-0.23902,0.0
1.0,0.0,0.0,1.0,0.51724,0.0,0.0,0.10991,-1.0,0.0,0.0,2.2998195044080227,0.0,-0.4698793625017621,-0.22414,-0.55711,-0.83297,0.7694,0.63147,0.0,-0.8390238942285599,0.53448,0.35668,-0.90302,0.44828,1.0,-1.0,-1.0,0.81573,0.0,0.0,0.0,0.0,1.0
1.0,0.84134,-0.18362,0.43644,-3.058237138234334,0.93421,-0.00267,0.87947,0.13795,0.81121,-0.01789,0.88559,0.4515314618760654,0.91714,-0.57486,0.75,-0.2952,0.86676,-0.20104,6.405460103906824,1.0,0.4661,-0.1629,0.90066,-0.02778,2.2360437890961165,-0.01158,0.61582,-0.9911356677213208,0.84463,-0.25706,0.93323,-1.8222529649438806,0.0
0.0,1.0,1.0,1.0,-1.0,0.0,0.0,-0.742268355606278,0.0,6.10826013532234,0.8640304125251159,2.3075265733902435,1.0,-1.0,-1.0,1.0,-1.0,-1.0,1.0,0.0,0.0,1.0,5.222919721904806,1.0,-1.0,1.0,1.0,-1.0,-1.0,0.0,0.0,0.0,0.0,1.0
1.0,1.0,1.0,1.0,1.0,0.9101,1.0,-0.2697,0.0933518175413729,-0.83152,5.0941783785894685,-1.0,1.0,-1.0,0.72526,-1.0,-0.57779,-1.0,5.131336295111538,-1.0,-1.0,6.369205540694981,-1.0,0.90014,-1.0,1.0,-1.0,1.0,-1.0,1.0,5.116314591873182,3.1224636942227164,0.34845,0.0
1.0,-0.67935,-1.0,-1.0,1.0,1.0,0.63317,0.03515,-1.0,-1.0,5.0941783785894685,6.628998634685632,1.0,0.88683,-1.0,-1.0,1.0,0.8384,-1.3338909008843824,1.0,5.199288354134316,-1.0,-1.0,-0.18856,1.0,1.0,-1.0,-1.0,-1.0,-1.0,1.0,1.0,-1.3745782304541234,1.0
1.0,0.95659,0.08143,0.97487,-0.05667,0.97165,-1.4393359694098884,0.96097,-0.06561,0.94717,5.0941783785894685,0.95436,-0.16795,0.94612,-0.19497,0.9963,-0.32268,0.90343,-0.35902,0.91428,-0.27316,0.9014,-0.29807,6.185749120402306,-0.40747,0.87244,-0.7616554310159172,0.92059,-0.30619,0.83951,-0.39061,0.82166,-1.71358625703295,0.0
1.0,0.08333,-0.20685,-1.0,1.0,-1.0,1.0,0.71875,0.47173,-0.82143,-0.62723,-1.0,-2.6465633411183815,-1.0,1.0,-0.02753,0.59152,-0.42113,-0.42113,-0.74628,-1.0,-1.0,5.222919721904806,-1.0,0.2381,1.0,-1.0,-1.0,-0.38914,-1.0,-1.0,-1.0,0.61458,1.0
1.0,1.0,-0.02259,1.0,-0.04494,0.3413199791631132,-0.06682,1.0,-0.08799,1.611737142678211,0.56173,1.0,-0.12738,1.0,-0.14522,1.0,0.32407,1.0,-0.17639,0.99484,-0.18949,-2.644959101375773,1.3835280653209867,1.0,-0.92284,0.8728,-0.21793,0.8292,-0.2237,0.78479,-0.22765,0.73992,-0.22981,0.0
0.0,-1.0,1.0,1.0,-1.0,-1.0,1.0,-1.6950341909541018,0.0,1.0,5.0941783785894685,-2.486834401270503,-0.1875,1.0,1.0,-1.0,4.989049809096155,1.0,-1.0,-1.0,-1.0,1.0,1.0,1.0,-1.0,1.0,1.0,1.0,1.883676640320131,0.0,0.0,-1.0,-1.0,1.0
1.0,1.0,0.05812,0.94525,-0.3154328724861415,0.99952,0.13231,1.0,-0.01911,0.94846,0.07033,6.628998634685632,0.14644,0.94862,-0.7904198420412532,0.90896,0.20119,6.6145476756881365,0.16265,0.99695,0.14258,0.90784,5.222919721904806,0.91667,0.22431,0.88423,0.23571,0.88568,5.041804212623102,0.6157751737321764,0.29576,0.83574,0.31166,0.0
0.18275363166005887,-3.303323734712297,-1.0,-1.0,1.0,0.0,0.0,0.0,0.0,-1.0,1.0,0.3889724372458882,0.0,-0.61354,-0.67708,0.80521,0.36146,0.51979,0.14375,0.0,0.0,-1.0,-0.27083,-0.84792,0.9625,1.0,1.0,-1.0,0.67708,0.0,0.0,0.0,0.0,1.0
1.0,1.0,0.09771,5.777690578596675,0.12197,1.0,5.3407935767817225,0.98602,0.09237,0.9493,0.19211,3.302209770479996,0.24288,0.89241,0.28343,0.85529,0.26721,1.629778639298305,0.33129,0.83393,0.31698,0.74829,0.39597,0.76193,0.34658,0.68452,0.42746,0.62764,0.46031,0.56791,0.47033,0.54252,0.50903,0.0
1.0,0.01667,-0.35625,0.0,0.0,0.0,0.0,0.0,0.0,0.0,0.0,0.0,0.0,0.12292,-0.55,0.22813,0.82813,1.0,-2.2951778712934203,0.0,0.0,0.08333,-1.0,-0.10625,0.38361354544536386,0.9858197550298623,-0.76667,-1.0,0.18854,0.0,0.0,1.0,-0.27292,1.0
1.0,5.607210863876557,0.16801,0.99352,0.9250055642708878,0.94616,3.045470850752022,0.91759,0.2261,0.91408,0.37107,0.8425,5.01314243130377,0.81011,0.49225,0.78473,-0.7850336009886627,6.6145476756881365,0.56977,0.56553,0.58071,0.55586,0.6472,0.48311,0.55236,0.43317,0.69129,0.35684,0.76147,0.33921,0.66844,0.22101,0.78685,0.0
1.0,0.63816,1.0,0.20833,-1.0,1.0,1.0,0.87719,0.30921,-0.66886,1.0,-0.05921,0.48961674801441746,0.01754,3.427810469878154,-0.51535,-1.0,0.14254,-0.03289,0.32675,-0.4386,3.7488160763079303,1.0,0.80921,-1.0,1.0,-0.0614,4.842809022101389,1.0,0.20614,-1.0,-0.7479208585315353,1.0,1.0
1.0,1.0,-0.41457,1.0,0.12350866302455088,0.8706,0.18593,1.0,-0.09925,0.93844,0.4799,6.628998634685632,-0.1608,1.0,0.00879,0.97613,-0.50126,0.80025,-0.24497,0.88065,-0.19095,1.1184838002038315,2.0738855196824098,0.93593,0.10678,0.9289,-1.8448136040246084,1.0,0.313959710530567,0.4397,0.19849,0.51382,-0.05402,-0.04403126746123309
1.0,0.84783,0.10598,1.0,0.3913,1.0,-1.0,0.66938,0.08424,1.0,0.27038,1.0,0.60598,1.0,0.35507,6.610412013967866,1.227549693553375,0.58424,-0.43025,1.0,0.63496,0.8913,0.26585,0.91033,5.029637501006215,1.0,0.15942,0.37681,-0.01947,1.0,0.22464,1.0,4.678063204285428,1.0
1.0,1.0,0.28046,1.0,0.02477,1.0,0.07764,1.0,0.04317,0.98762,0.33266,1.0,0.05489,1.0,0.04384,0.9575,-0.24598,3.495864323103114,-0.8738411806449136,1.0,0.0415,0.99933,0.27376,1.0,-0.39056,0.96414,-0.02174,0.86747,0.2336,0.94578,-0.22021,0.80355,-0.07329,5.178568289029093
0.0,1.0,-1.0,1.0,-1.0,1.0,-1.0,1.0,-1.0,1.0,1.0,1.0,1.0,1.0,-1.0,1.0,1.0801312737805957,6.6145476756881365,1.0,1.0,0.7727798679620046,1.0,-1.0,1.0,-1.1544965021987488,1.0,-1.0,1.0,0.65625,0.0,0.0,5.6320529416906036,-1.0,1.0
-1.1077466792555408,5.607210863876557,0.67784,0.81309,0.82021,0.43019,1.0,0.20619,0.49296533957670097,-0.43872,1.0,-0.79135,0.77092,-1.0,0.40268,-0.39046,-0.58634,-0.97907,-0.42822,-0.73083,-0.76339,-0.37671,-0.97491,0.41366,-1.0,0.41778,-0.93296,0.25773,-1.0,0.9357,-0.8227172615975902,0.98816,0.03446,0.0
1.0,1.0,1.0,1.0,-1.0,1.0,-1.0,1.0,1.0,-2.9343274536810764,1.0,1.0,5.01314243130377,1.0,1.024535241219005,1.0,1.0,1.0,-0.011960998504996878,1.0,1.0,1.0,1.0,1.0,1.0,1.0,0.8850936741681252,0.0,0.0,1.0,-1.0,1.0,-1.0,1.0
1.0,1.0,0.03529,1.0,2.3226325507405385,1.0,5.3407935767817225,1.0,0.25068,2.6799022739747853,0.28778,1.0,0.38643,1.0,0.31674,1.0,4.989049809096155,-1.4948776887838888,0.53846,1.0,0.61267,1.0,0.59457,0.89593,0.68326,3.430127333279186,0.71374,0.85611,0.67149,0.74389,0.85611,0.71493,0.75837,0.0
0.36055504281330986,1.0,-1.0,1.0,1.0,-1.0,-0.39684060872858395,2.46879961235733,5.034265938660302,0.0,0.0,0.0,0.09962590893936296,-1.0,1.0,1.0,-1.0,1.0,-1.0,6.405460103906824,1.1858175568812779,1.0,5.222919721904806,1.0,-1.0,1.0,-1.0,-1.0,-1.0,0.0,0.0,1.0,-1.0,1.0
1.0,0.96087,0.0862,0.9676,0.19279,0.96026,0.27451,2.9570453118806244,0.35052,0.92867,0.46281,0.86265,1.1142271932785968,0.8282,0.58794,0.73242,0.69065,0.69003,0.7314,0.54473,0.6882,0.48339,0.76197,0.40615,0.74689,0.33401,0.83796,0.24944,0.86061,0.13756,0.86835,0.09048,0.86285,0.0
1.0,0.69444,0.38889,0.0,0.0,-0.32937,0.69841,0.0,0.0,0.0,5.0941783785894685,0.0,0.0,0.20635,4.684246510942439,0.21032,0.19444,0.46429,0.78175,0.0,0.0,0.0,0.0,0.22699623132088065,0.27381,0.7619,0.63492,0.0,0.0,0.0,0.0,0.0,0.0,1.0
1.0,1.0,0.0507,1.0,0.10827,1.0,0.38644940596447636,1.0,5.034265938660302,1.0,3.198457589458253,3.6035035052876165,0.38261,0.94575,0.42881,0.6250740254619875,0.50391,0.75906,4.233801820940005,0.80644,0.59962,0.79578,0.62758,0.66643,0.63942,0.59417,0.69435,0.49538,0.72684,0.47027,0.71689,0.33381,0.75243,0.0
3.9911771479309364,1.0,0.5968471508222333,0.0,0.0,1.0,-1.0,1.0,-1.0,1.0,1.0,1.0,1.3673597443655225,1.822563889649844,-1.0,1.0,0.8578613718305119,1.0,1.0,1.0,-1.0,-1.0,-1.0,1.0,-1.0,1.0,-1.0,1.0,1.0,0.0,1.7983547782081242,1.0,-0.2188526558788665,-1.3632076242096218
3.9911771479309364,1.0,0.04078,5.777690578596675,0.11982,1.0,0.16159,1.0,0.27921,0.98703,0.30889,0.92745,0.37639,0.91118,4.684246510942439,0.81939,0.46059,0.78619,0.46994,0.794,0.56282,0.70331,0.58129,0.67077,0.59723,5.7028149556721965,0.6099,0.53952,0.60932,6.111874791121124,5.116314591873182,0.40442,0.62658,0.0
0.0,1.0,1.0,1.0,-1.0,1.0,0.8928984764631304,1.0,1.0,1.0,1.0,1.0,1.0,0.38683982216852786,1.0,1.0,-1.0,-1.0,1.0,-1.0,1.0,-1.0,1.0,1.0,-1.0,1.0,1.0,-1.0,1.0,-1.0,-1.0,-1.0,1.0,1.4538632340434232
1.0,1.0,0.24168,1.0,0.4859,1.0,0.72973,1.0,1.0,1.0,1.0,1.0,1.0,1.0,0.77128,1.0,1.0,1.0,1.0,0.74468,1.0,6.369205540694981,1.0,0.64628,1.0,0.38255,1.0,-1.0044623192487319,1.0,3.533048968499916,1.0,-0.81383,1.0,5.178568289029093
-0.7181413650775578,1.0,1.0,1.0,-2.350613209155162,1.0,1.0,-0.2919155774591399,1.0,0.0,0.0,1.0,1.0,0.0,0.0,3.299396350491772,0.0,-1.0,1.0,-1.0,1.0,1.0,1.0,6.185749120402306,1.2128995744970115,1.0,1.0,1.0,1.0,1.0,-1.0,-1.0,1.0,1.0
1.0,1.0,-0.06604,1.0,0.62937,1.0,-0.38869209255735454,1.0,0.2028,6.10826013532234,-1.369730014438017,1.0,-0.40559,1.0,-0.15851,1.0,0.04895,1.0,-0.61538,1.0,-1.4244736693192586,1.0,-1.0,1.0,-0.58042,1.0,-0.81372,1.0,-1.0,1.0,-0.78555,1.0,-0.48252,0.0
0.0,1.0,-1.0,1.0,1.0,1.0,1.0,1.0,1.0,1.0,1.0,-0.2564392996403888,-1.0,1.0,-1.0,1.0,1.0,1.0,5.131336295111538,1.0,1.0,1.0,1.0,1.0,-1.0,1.0,1.0,1.0,-1.0,1.0,1.0,-0.7294743195612787,-1.0,1.0
1.0,0.92277,2.857454396004212,0.92679,4.731930016342582,0.89702,0.24618,0.84111,0.35197,0.78801,0.42196,2.59438430129791,0.46983,0.70796,0.56476,0.60459,0.642,-1.049469831640056,0.64924,0.7601892061768105,0.66975,0.34232,0.68343,0.23693,0.76146,0.18765,0.73885,0.09694,0.71038,0.02735,5.116314591873182,-0.7365212149046635,0.69509,0.0
1.0,5.607210863876557,-0.17314,0.82332,0.21908,0.46643,5.3407935767817225,0.25795,0.58304,1.0,-0.15194,0.0106,0.44523,-0.6696305512333215,0.38869,0.18681,0.41168,-1.8227584384359077,0.36353,0.04325,0.30745,-0.00083,0.24936,-0.02862,0.19405,-0.04314,0.14481,-0.04779,0.10349,-0.04585,0.07064,-0.04013,0.04586,1.0
-0.840722893859388,0.74852,-0.02811,0.6568,-0.05178,1.9824013356793393,0.02811,1.3896739509567761,0.02515,0.63462,0.08728,0.71598,0.0784,0.73077,0.05178,0.7855,-0.27811,0.65976,-0.01479,0.6840089623809127,0.06953,0.34615,-0.18639,0.65385,0.02811,0.61009,-0.06637,0.5355,-0.21154,0.59024,-0.14053,0.56361,0.02959,0.0
0.6773796357728195,0.39179,4.457630905711187,0.29541757847138417,0.04328,1.0,1.0,0.35821,0.9648716385550273,-1.3026087287042227,0.1306,0.61567,-0.8209,0.57836,2.134038095947117,0.66791,-0.10448,1.7709851486085935,-0.11567,-1.1967725776682525,5.199288354134316,0.83209,0.45522,0.47015,0.16418,5.7028149556721965,0.8185827847520644,0.32463,-0.02612,4.56523843905821,0.6388170593441127,0.34411,0.12755,5.219764600694957
1.0,0.67547,0.04528,0.76981,-0.10566,0.77358,0.03774,0.66038,-2.7261722682970913,0.64528,0.01132,6.628998634685632,-0.13962,0.72075,-0.02264,0.76981,0.8448209041045887,0.61887,-0.07925,0.75849,-0.23774,0.73962,-0.14717,-0.5301891068827153,-0.15094,0.73886,5.411246430105635,0.66792,0.02264,0.86415,5.116314591873182,0.73208,0.00755,0.0
1.0,0.72727,-0.46772927403259346,0.89241,0.03462,1.0,0.72727,-0.16791560955377993,-0.05909,0.48182,-0.16818,6.628998634685632,0.09559,0.56818,1.0,0.50455,0.21818,0.66818,0.1,1.0,-0.3,0.98636,-1.0,0.57273,0.32727,0.56982,0.20787826127255998,0.42273,5.041804212623102,0.48927,0.14643,1.0,1.0,1.0
1.0,0.57647,-0.01569,5.777690578596675,0.0,0.38431,0.12941,0.4,-0.05882,0.56471,0.14118,0.46667,0.08235,0.52549,-0.0549,0.58039,0.01569,0.50196,5.131336295111538,0.45882,0.06667,0.58039,0.08235,0.49804,0.8734009701003431,0.48601,0.10039,0.46275,5.041804212623102,0.45098,0.23529,-1.7443632196010397,0.17255,0.0
1.0,0.41932,0.12482,0.8378467525109059,0.125,0.23182,-1.093540871030107,-0.03636,0.44318,0.04517,0.36194,-2.0950708495019827,3.346737212317232,6.880298017207723,0.27322,0.02727,0.40455,-0.34773,0.12727,-0.20028,0.05078,-0.18636,0.36364,-0.14003,-0.04802,5.7028149556721965,-0.07114,-1.0,-1.0,-0.02916,-0.07464,-0.00526,-0.06314,1.0
1.0,0.88305,-0.21996,1.0,0.36373,0.82403,0.19206,0.85086,3.0682279891884305,0.90558,-0.04292,-0.336972876165918,0.25,0.77897,-1.0967054832730225,0.69206,0.5794,0.7103,0.5631715815339032,0.73176,0.27575,1.0,0.34871,0.5676,5.029637501006215,0.69811,0.53235,0.80901,0.58584,0.43026,0.70923,0.52361,0.54185,0.0
1.3293752808561021,0.84557,0.15193937554869336,-0.2345879198264671,-0.80553,-0.08961,-0.56435,-0.5408239361246358,0.04576,0.89514,-0.00763,-0.18494,0.6650994189762571,-0.20019,-0.68065,0.85701,-0.11344,0.77979,-0.15729,-0.06959,-1.450218122449186,-0.34128,0.80934,1.0850086089562683,-0.03718,0.70882,-0.25288,1.544632140350072,5.041804212623102,-0.21354,-0.7817,-0.18494,-0.59867,1.0
3.9911771479309364,0.7087,-0.24783,0.64348,0.04348,5.4422999998059725,0.38261,0.65217,0.18261,0.5,0.26957,0.57826,-0.23043,0.50435,0.37826,0.38696,-0.42609,0.36087,-0.26087,0.26957,4.928797609166471,0.53246,-0.03845,0.2923860205217942,-0.12174,0.4993,-0.04264,0.48348,-0.04448,0.64348,5.116314591873182,0.50435,0.14783,2.5496158769705697
1.0,-0.5418,0.14861,-0.33746,0.73375,0.52012,-0.13932,0.31889,-0.06811,0.20743,-0.1517,0.47368,-0.061133633593164954,0.56347,-0.1548,0.16409,0.45201,0.33746,0.03406,0.50464,-0.5203943073050495,-2.3872494686740775,-0.6161,1.0,0.65635,0.41348,-0.40116,-0.1517,-0.590276252635549,0.02399,0.5582,0.52632,-0.08978,1.0
1.0,0.29202,0.9327987948283252,0.45331,0.16808,0.51783,-0.00509,0.52632,0.20883,0.52462,5.0941783785894685,0.018868842133009656,-0.04754,0.55518,0.03905,1.463657873530303,-0.22411,0.42445,-0.04244,6.405460103906824,0.06621,-1.9603784349221753,5.222919721904806,-0.5759155255981258,-0.03176,0.50369,-0.03351,0.34635,0.09847,6.111874791121124,-0.01868,5.6320529416906036,-0.03226,0.0
3.9911771479309364,0.79157,0.16851,0.0,0.0,0.56541,0.06874,-1.7103401612109985,1.0,1.488907731673787,0.99557,-0.02439,0.53215,-0.5438810847650737,0.1286,-0.02661,0.95122,-0.50998,-0.3071760171140848,-0.102,0.38803,-0.42572,0.23725,-0.91574,0.8071,-0.34146,0.88248,-1.0,0.69401,-1.0,2.6564740843400116,0.0,0.0,1.0
1.0,0.90116,0.16607,0.79299,0.37379,0.7299,0.50515,0.59784,0.72997,0.2846326768985845,-0.2607071972913766,0.24412,0.87493,0.06438,0.85038,-0.12611,0.87396,-0.28739,0.79617,-0.46635,1.3245763536798754,-0.57135,0.53805,-1.9356178823604018,0.39951,-0.5739563171753612,0.25835,-0.72369,0.11218,-0.71475,-0.05525,-0.67699,-0.19904,0.0
0.8591989003629916,0.97714,0.19049,0.82683,0.46259,0.71771,0.58732,0.47968,0.84278,0.31409,0.92643,0.10289,5.01314243130377,-0.13254,0.8429,-0.3202,0.91624,-0.52145,0.79525,-0.68274,0.49508,-0.77408,0.33537,-0.85376,0.17849,-0.83314,-0.01358,-0.82366,-0.19321,-1.3953990698295273,-0.33662,-0.59943,-0.497,5.178568289029093
1.0,-1.0,-1.0,-0.8295669274219645,0.0,0.50814,-0.78502,0.60586,0.32899,-1.0,5.0941783785894685,0.0,-2.163170156788396,0.0,0.0,1.0,-0.2671,0.36482,-0.63518,0.97068,-1.0,-1.0,-1.0,1.0,-0.59609,-1.0,-1.0,-1.0,-1.0,1.0,-1.0,0.0,0.0,1.0
1.0,0.74084,0.04974,-2.45134363012195,0.02543,0.78575,0.03793,0.6623,0.09948,0.67801,0.31152,0.75934,0.07348,0.74695,0.08442,0.70681,-0.07853,0.63613,0.0,0.70021,0.11355,0.68183,5.222919721904806,0.67016,0.15445,0.64158,0.13608,0.65707,0.17539,0.59759,0.14697,0.57455,0.15114,0.0
2.0337797472761987,2.1316009225238175,-1.0,0.0,3.9258509285248633,0.77941,-0.99265,0.80882,0.55147,6.10826013532234,-0.94853,0.0,0.0,0.0,0.0,0.72059,-0.77206,0.73529,-0.60294,-1.953708130021665,0.0,0.18382,-2.895286379447137,-1.0,-1.0,-1.0,-1.0,1.0,-2.7450651279695895,1.0,-1.0,0.0,4.678063204285428,1.0
1.0,1.609726902400806,0.01709,0.96215,-0.03142,1.0,-0.03436,5.5788312585895525,-0.05071,0.99026,-0.07092,0.99173,-0.09002,1.0,-0.15727,1.0,-0.14257,0.9831,-0.11813,1.0,-0.18519,1.0,-0.19272,0.98971,-0.22083,0.9649,-0.20243,0.94599,-0.17123,0.96436,-0.22561,0.87011,-0.23296,0.0
0.0,0.0,0.0,2.238940175131782,0.0,-0.10941472137910307,0.0,0.0,0.0,0.0,5.0941783785894685,0.0,0.0,0.0,0.0,0.0,0.0,0.0,0.0,0.0,0.0,0.0,0.0,0.0,0.0,1.0,-1.0,0.0,5.041804212623102,0.0,0.0,0.0,4.678063204285428,0.5010812445761641
0.7191653966114882,0.95704,-0.12095,0.63318,-0.1269,0.96365,-0.18242,0.97026,0.0846,0.92003,-0.01124,0.83543,-0.24719,1.0,-0.31395,0.99273,-0.21216,0.98678,-0.21018,1.0,-0.27165,0.93126,-0.39458,1.0,-0.19233,0.88793,-0.31565,6.136648717168307,-0.23728,0.89095,-0.31857,0.69531,-0.41573,0.0
1.0,5.607210863876557,-0.31818,0.0,0.0,0.68182,-1.0,-0.5797614196748762,0.95833,0.64394,0.06439,6.628998634685632,-1.670388434621247,0.0,0.0,0.59091,-0.35985,0.45076,-0.80682,0.0,0.0,0.0,0.0,0.24242,0.5621098029154482,0.7703077183875733,-0.23864,0.06061,-0.48485,0.16288,-0.70076,0.0,4.678063204285428,2.0130097405606446
1.0,0.9449,-0.49311,1.0,-0.03692,0.98898,-0.87052,0.90083,0.66942,6.10826013532234,-0.10104,1.0,-0.12493,1.5339479050750189,-0.15017,1.0,-0.17681,2.578535985149114,-0.20491,1.0,-0.23452,1.0,-0.26571,1.0,-0.29852,1.0,-0.33304,1.0,-0.36931,6.111874791121124,5.116314591873182,1.0,-0.44739,0.0
3.9911771479309364,0.0,0.0,0.0,0.0,0.0,-1.366854593678521,0.0,-2.3942871225756632,0.62195,1.0,0.0,0.0,0.0,0.0,0.36585,-0.71951,0.56098,-1.0,0.0,-0.39865565519349666,0.0,0.0,0.0,0.0,1.0,5.411246430105635,0.0,0.0,0.0,0.0,0.0,0.0,1.0
1.0,0.99449,-1.2172552631450313,5.777690578596675,0.3453905321685558,0.88237,-0.16431,0.99061,-0.06257,6.10826013532234,-0.07496,0.85221,0.02966,0.87161,-0.20848,0.93881,-0.12977,0.98298,-0.08935,6.405460103906824,0.00075,0.87836,-0.05882,0.93368,-0.19872,0.87579,-0.17806,0.94294,-0.4087278734187554,2.2147613220210953,-0.25741,0.76586,-0.27794,0.0
1.1759832997413426,5.607210863876557,1.0132261091820287,0.0,0.0,0.0,0.0,1.4252705559802332,0.82432,0.31081,1.0,0.0,0.0,0.0,0.0,0.37162,-1.0,0.33108,-1.0,0.0,0.0,-0.635324570531438,0.0,-0.42568,-1.0,2.4707534149422656,-1.0,0.55405,-0.23649,0.7678246197817209,0.0,0.0,0.0,1.0
1.0,1.0,-0.57224,0.9915,-0.73371,0.89518,-0.9745,-0.7387037223211939,-0.35818,1.0,-0.23229,0.6289,-0.86402,1.0,-0.57535,1.0,-0.79603,0.76771,-0.88952,0.96601,-1.0,0.7012,-0.74896,6.185749120402306,-0.76904,0.53777,5.411246430105635,0.8102,-1.635834616317927,1.0,-1.0,0.30445,-0.76112,0.0
1.0,0.65909,-0.62879,0.0,0.2521200349118079,0.0,0.0,0.77273,1.0,1.0,-0.2803,0.0,0.0,6.880298017207723,0.0,0.62121,-0.22727,0.84091,-1.0,0.1710862792340555,-1.0,0.0,0.0,0.0,0.0,1.0,-0.93939,-0.12879,-0.93182,0.0,0.0,0.0,0.0,1.0
1.0,0.86284,0.1931,0.8092,0.41149,2.3167249059132216,0.55785,0.54559,0.69962,0.36705,0.81533,0.19617,0.85671,-0.04061,0.86284,-0.17241,0.75785,-0.341,5.131336295111538,-0.48199,5.199288354134316,-0.6023,0.04603671127355391,6.185749120402306,0.25747,-0.63038,0.08818,-0.57241,-0.07816,-0.54866,-0.19923,-0.42912,-0.29648613290370424,0.0
1.0,0.42,-0.61,0.0,0.0,5.4422999998059725,-1.8428702955768,0.9,1.0,0.43,0.64,0.0,0.0,0.0,4.684246510942439,0.67,-0.29,0.84,-1.0,0.0,0.0,0.0,-0.24930799041221563,0.21,0.68,1.0,0.22,0.0,-1.1805326354173904,0.0,0.0,1.5862053393118487,0.0,1.0
1.0,1.0,0.23395,0.91404,-1.1028522401920466,0.7802,0.72144,0.4766,0.84222,4.2361852244969525,0.9173,0.09467,0.88248,-0.2198,0.91404,-0.34168,0.75517,-0.5136,0.64527,-0.64527,-1.3807832528632913,-0.74102,0.29162,-0.70838,-2.4492059737683105,-0.71731,1.2366419243930569,-0.64962,-0.28183,-0.51251,-0.44505,-0.37432,-0.53319,0.0
1.0,0.91353,0.81586,-1.642588635804823,1.0,-0.39466,5.3407935767817225,0.05405,0.2973,-0.18599,-0.10241,6.628998634685632,-0.0897,0.01401,-0.03403,0.01108,-0.00537,0.00342,0.00097,0.00048,0.00075,-3e-05,0.00019,-3e-05,5.029637501006215,-1e-05,0.0,0.0,0.0,0.0,0.0,5.6320529416906036,0.0,1.0
1.0,0.21429,-0.09524,5.777690578596675,0.07143,-3.1529129330712693,0.19048,0.2381,0.09524,0.40476,0.02381,0.30952,-0.04762,2.638360278274218,-0.04762,0.28571,-0.9690599267696384,0.33333,0.04762,0.30952,0.0,0.21429,-0.11905,0.35714,-0.04762,0.22109,-0.0229,0.19048,0.0,0.16997,-0.02034,0.14694,-0.01877,0.0
1.0,1.0,-0.14754,1.0,0.04918,0.57377,-0.01639,0.65574,0.01639,0.85246,-0.03279,0.72131,0.0,0.68852,-0.16393,0.19672,-0.14754,0.65558,-0.17176,0.67213,0.03279,1.0,-1.1653776305631767,0.31148,-0.34426,0.52385,-0.20325,0.32787,-0.03279,0.27869,-0.44262,0.4918,-0.06557,1.0
1.0,0.98182,0.0,5.777690578596675,0.6864260441069573,0.86249,1.4230177756206823,0.8,0.0,0.69091,-0.6908426806288692,0.79343,0.08436,0.77118,0.09579,0.62727,0.25455,0.68182,0.12727,0.70674,0.12608,0.68604,0.13493,0.74545,0.22727,0.64581,0.15088,0.67273,0.02727,0.60715,0.16465,0.5884,0.17077,0.0
1.0,0.39286,0.52381,5.777690578596675,-0.24643846296055233,-0.16628,-0.76378,0.66667,0.0119,2.6050872795955606,0.8692282359576331,-0.6723,0.30729,-0.34797,-0.63668,0.46429,0.15476,1.536959483299691,0.05952,-0.5183,0.44961,-0.47651,-0.47594,0.32143,0.70238,0.51971,0.38848,0.57143,0.39286,-0.54891,-0.29915,0.25441,-0.55837,1.0
1.0,0.86889,-0.07111,1.0,-0.02494,1.0,-0.06889,0.87778,0.00222,0.83556,-0.06444,1.0,-0.07287,1.0,-0.2,0.86889,0.05333,0.88,-0.03778,1.0,-0.11526,1.0,-0.18667,0.84444,0.03556,1.4762029666058134,-0.14162,0.82222,-0.14667,1.8037433497047461,-0.15609,1.0,-0.44222,0.0
1.0,0.43636,-0.12727,0.58182,-0.14545,0.18182,-0.67273,0.34545,5.034265938660302,0.29091,-0.05455,0.29091,0.29091,0.36364,-0.41818,0.2704573645077369,-0.01818,-0.3835812318395178,0.05455,0.12727,0.49091,0.61818,5.222919721904806,0.32727,0.16364,0.41098,-0.07027,-0.036765748927517716,-0.05455,0.12727,-0.36364,0.29091,0.016436656952120043,1.0
1.0,1.0,-0.92453,2.0500171117026764,0.75472,0.49057,-0.0566,0.7551450163371889,0.0,1.290827219299774,-0.00054,6.628998634685632,-0.7258521298512931,0.62264,-0.0566,0.98878,-0.00085,0.5283,0.0,0.5283,0.07547,0.9519,-0.00112,1.0,0.79245,0.92192,-0.00128,0.9434,-1.0,1.0,0.43396,0.43396,-0.11321,0.0
1.0,0.7381,4.457630905711187,-0.7619,-0.2381,0.33333,-0.14286,0.45238,-0.14286,-0.67285,0.12808,0.33333,0.0,4.410669148690902,0.9251398426110619,-0.38214,4.989049809096155,0.2381,-0.218388499987504,0.45238,0.04762,0.16667,-0.2619,-0.57255,-0.10234,0.24889,-0.51079,1.0,0.0,6.111874791121124,5.116314591873182,0.2619,0.02381,1.0
1.0,0.4375,0.04167,0.58333,-0.10417,0.39583,0.0,5.5788312585895525,-0.0625,0.47917,0.0,0.29167,0.10417,0.54167,0.02083,0.2881719777691354,0.6339783253429704,-1.704497264183431,-0.22917,0.33333,0.08333,0.25,0.1875,0.39583,-0.1875,0.44012,-0.10064,0.41667,-0.08333,0.58333,-0.3125,0.33333,-0.0625,0.0
1.0,1.0,1.0,0.0,0.0,0.0,0.0,0.0,0.0,0.47744,-0.89098,-0.51504,0.45489,-0.95489,0.28571,0.64662,1.0,0.0,1.140624312862566,0.0,0.0,0.6203,0.20301,-4.810014612144138,-1.0,1.0,-1.0,1.0,1.0,6.111874791121124,0.0,0.0,-1.179085062019978,1.0
1.0,-1.8332755035376385,2.2562752049824537,0.93614,0.1303,0.90996,0.19152,0.84881,-0.49962,6.10826013532234,0.6132,-0.4538310275985947,0.34328,0.72254,0.37988,0.66145,0.40844,0.95472,0.59862,0.53258,0.44088,0.46773,0.44511,0.4044,0.44199,0.34374,0.43221,0.9033,1.0,6.111874791121124,0.3962,0.18632,0.37191,0.0
1.0,0.5984,0.40332,0.82809,0.80521,0.76001,0.9984139686219884,0.8401,-0.10984,0.97311,0.07981,0.95824,-0.85727,0.91962,0.88444,0.95452,-0.05206,0.88673,0.18135,0.98484,-0.69594,0.8667,-0.85755,0.28604,-0.30063,1.0,0.17076,0.62958,0.42677,0.87757,-2.2835671352505056,0.81979,0.68822,1.0
3.9911771479309364,0.95882,0.10129,1.0,-0.01918,4.446368714927585,0.02555,0.96974,-0.09316,0.98955,0.9412061734937462,0.9798,-0.03096,1.0,-0.05343,1.0,0.5605470561197173,0.9384,0.01557,-0.5990368418891336,-0.09284,0.97889,-0.05318,0.91567,-0.15675,0.95677,-0.06995,0.90978,0.01307,1.0,-0.10797,0.93144,-0.06888,5.178568289029093
0.5299842961335584,0.0,0.0,-0.33672,0.85388,0.0,0.0,0.68869,-1.0,0.97078,0.31385,-1.4960637524024074,-0.59212,-0.30241,0.65565,0.94155,0.16391,-2.1274055591287913,0.0,0.0,0.0,-0.18043,5.222919721904806,0.0,0.0,-0.16458731867090037,-1.0,6.136648717168307,0.0,0.04447,0.61881,0.0,0.0,1.0
1.0,0.96933,0.00876,1.0,0.00843,0.98658,-0.00763,0.97868,-0.02844,0.9982,-0.0351,1.0,-0.01271,1.0,-0.02581,1.0,-0.01175,0.98485,0.00025,-0.725325223992141,-0.02612,1.0,-0.04744,0.96019,-0.04527,0.99188,-0.03473,0.9702,-0.02478,1.0,-0.03855,0.9842,-0.04112,0.0
1.0,0.0,0.0,0.98919,-0.22703,0.18919,-0.05405,0.0,0.0,0.93243,-1.7838300437814665,1.0,-0.2,1.0,0.07027,1.0,-0.11351,0.0,0.0,2.385354635748755,-0.21081,1.0,-0.41622,0.0,0.0,1.0,-0.17568,0.0,0.0,1.0,2.3257394823393263,0.28919,-0.15676,1.0
1.0,0.64122,0.01403,0.34146,4.731930016342582,0.52751,0.03466,0.19512,0.12195,0.43313,0.04755,-1.4855961836900229,0.04878,0.29268,0.0,0.5254267390252529,0.0,0.31707,0.07317,0.26829,0.12195,0.23698,0.05813,0.21951,0.09756,0.19304,0.05641,0.1741,0.05504,0.19512,0.0,0.17073,0.2804194928802734,0.0
1.0,1.0,1.0,1.0,-1.0,0.0,0.0,0.0,0.0,1.0,1.0,1.0,-0.45084592095584075,1.0,1.0,1.0,-1.0,0.0,5.131336295111538,0.0,0.0,1.0,-0.27778,0.0,0.0,1.0,-1.0,2.6691656727381425,1.0,1.0,-1.0,5.6320529416906036,0.0,1.0
1.0,-0.10961556539550693,0.20408,0.46939,0.2449,0.40816,0.20408,0.46939,0.44898,0.30612,0.59184,0.12245,0.55102,0.0,4.684246510942439,-0.06122,0.55102,-0.20408,0.55102,-0.5306381979259874,0.44898,-0.28571,0.32653,-0.61224,0.22449,-0.4986052426336618,0.14895,-0.59184,5.041804212623102,-0.34694,0.0,-0.26531,-0.2449,0.0
1.0,0.800005130303908,0.0,1.0,-1.0,0.0,0.0,0.0,0.0,1.0,1.0,1.0,-0.25342,1.0,0.23288,1.0,-1.0,0.0,0.0,0.0,0.0,1.0,1.0,1.8859700051510466,0.0,1.0,-1.0,0.0,0.0,1.0,-1.0,0.0,0.0,5.178568289029093
1.0,0.89706,0.38235,-1.2581883261534714,-1.3663944060782218,0.74265,0.67647,0.45588,0.77941,0.19118,0.88971,-0.02206,0.86029,-0.20588,0.82353,-0.375,0.67647,-1.3400410003808199,0.47794,-0.73529,0.531016878148999,-0.86029,0.08824,-0.74265,-0.125,-0.67925,-0.24131,-0.55147,-0.42647,-0.44118,-0.50735,-0.28676,-0.56618,0.0
1.0,-1.0,0.28105,0.22222,0.15033,-0.75693,-0.70984,-0.30719,5.034265938660302,-1.0,1.0,-0.81699,0.33987,-0.79085,-0.02614,-0.98039,-0.83007,-0.60131,-0.54248,-0.04575,-0.83007,0.94118,-0.94118,-0.39025003757692,-0.43137,0.74385,2.188184964548706,-1.0,0.05229,0.18301,0.5126350515789166,5.6320529416906036,-0.48241,1.0
1.0,0.26667,-0.1,0.53333,-1.0347353291877521,0.33333,-0.13333,0.36667,0.11667,0.56667,0.01667,0.71667,0.08333,1.8461175401923413,-0.17266334980225256,0.53333,0.2,-1.4449662873401392,-0.01667,0.31667,0.2,0.7,5.222919721904806,0.25,0.13333,0.46214,0.05439,0.4,0.03333,0.46667,0.03333,0.41667,-0.05,0.0
1.0,-0.26667,0.4,-0.27303,4.731930016342582,5.4422999998059725,-0.04444,0.06192,-0.06879,0.04461,0.02575,-0.00885,5.01314243130377,-0.01586,-0.00166,-0.00093,-0.00883,-1.5289947795804266,0.02057121473830132,0.00138,0.00238,-0.00114,0.00102,-0.00069,-0.6012634511158043,0.00019,-0.00043,0.00026,5e-05,0.0,0.00015,2.2250303120833737,-0.946927453243055,1.0
1.0,1.0,-0.37838,0.64865,0.2973,0.64865,-0.24324,0.86486,0.18919,1.6552169055902453,-0.27027,0.51351,-0.9425396199676358,0.62162,-0.05405,0.32432,-0.21622,0.71833,-0.17666,0.62162,0.05405,0.75676,0.13514,0.35135,-0.2973,0.61031,-0.22163,0.58478,-0.23027,0.72973,-1.98254858701264,0.51351,-0.24324,0.0
1.0,0.94531,-1.2301005660907773,-1.0,-0.33203,-1.0,-0.01563,0.97266,0.01172,0.93359,-0.01953,-1.0,0.16406,-1.0,-0.00391,0.95313,-0.03516,0.92188,-0.02734,-0.99219,0.11719,-0.93359,0.34766,-1.3051495058907672,-0.00391,0.82041,5.411246430105635,0.90234,-0.06641,-1.0,-0.1875,-1.0,-0.34375,1.0
1.0,0.95202,0.02254,0.93757,-0.01272,0.93526,0.01214,0.96705,-0.01734,0.96936,-0.017963102297792122,0.95665,-0.8845513350005236,0.9526,-0.00405,6.610412013967866,-0.02659,0.99769,1.8123672791753618,0.93584,-0.04971,0.93815,-0.0237,1.8266381643158605,-0.04451,0.96215,-0.01647,0.97399,0.01908,0.95434,-0.0341,0.95838,0.00809,0.0
1.0,1.0,1.366055922519492,1.0,-1.0,0.5,5.3407935767817225,0.36111,5.034265938660302,1.0,-0.25712,0.16667,-0.11111,1.0,-0.3466,1.0,-0.38853,1.0,5.131336295111538,0.0,-0.25,1.0,-0.50333,1.0,-0.27778,1.0,-0.57092,1.0,-0.27778,1.0,-1.2997197194779055,1.0,-0.11781818557665757,1.3415005065073506
1.0,0.31034,-0.10345,0.24138,-0.10345,0.2069,-0.06897,0.07405,-0.05431,6.10826013532234,-0.03689,6.628998634685632,-0.02383,0.00741,-0.01482,-0.9498185774976006,4.989049809096155,0.00078,-0.00523,-3e-05,-0.00299,-0.00028,-0.00166,6.185749120402306,1.4622700192117974,-0.00025,-0.00048,-3.01603360649471,5.041804212623102,0.2539000243098627,-0.00012,-8e-05,-6e-05,0.0
1.0,0.62745,-0.07843,0.72549,0.0,0.60784,-0.07843,0.62745,-0.11765,0.3772372875967393,-0.11765,0.66667,-0.13725,0.64706,-0.09804,0.54902,-0.11765,0.54902,-0.21569,0.58824,-0.19608,0.66667,-0.23529,0.45098,-0.2549,0.52409,-0.24668,0.56863,-0.31373,0.43137,-0.21569,0.47059,-0.27451,1.0
1.0,0.25,0.16667,0.46667,0.26667,0.19036,0.23966,0.07766,0.19939,0.0107,0.14922,2.541548364810768,0.10188,-0.03685,0.06317,-0.03766,0.03458,-0.0323,0.01532,-0.02474,0.00357,-0.01726,-0.00273,-0.01097,-0.00539,-1.3198013521730558,-0.00586,-0.00294,-0.0052,-0.00089,-0.00408,0.00025,-0.00291,0.0
1.0,5.607210863876557,0.15625,0.0625,0.0,0.0,0.0625,0.625,0.0625,0.1875,0.0,-0.03125,0.09375,0.0625,0.0,0.15625,-0.15625,0.4375,-0.375,0.0,-0.09375,0.0,0.0,0.03125,-0.46875,0.03125,0.0,-0.71875,0.03125,-0.03125,0.5045057337618596,0.0,0.09375,1.0
1.0,1.0,-0.01081,1.0,-0.02703,1.0,-0.06486,0.95135,-0.01622,0.98919,-0.6088181089950854,0.98919,0.08649,1.0,-0.06486,0.95135,0.09189,0.97838,-0.00541,-0.41519077522439907,0.06486,1.0,-0.4241460551224491,0.97838,0.048759006018687386,0.98556,0.01251,1.0,-0.03243,1.0,0.02703,1.0,-0.07027,0.0
1.0,0.85271,0.05426,1.0,0.08069,1.0,1.0,0.91473,-0.00775,0.83721,0.03876,1.0,0.27153,1.0,1.0,0.81395,-0.34823242560660805,0.90698,0.11628,1.0,0.5067,1.0,-0.9038826601446729,1.257072568136941,0.03876,1.0,0.71613,0.84496,0.06977,-1.6986503009771727,0.87317,2.4335274385536225,1.0,1.0
1.0,0.90374,4.457630905711187,1.0,0.08021,1.0,5.3407935767817225,0.040960972822337904,0.00535,0.93583,-0.01604,1.0,0.0,1.0,0.06417,1.0,0.04813,0.91444,0.04278,0.96791,0.02139,1.1833347970187904,-0.01604,0.96257,0.05348,5.7028149556721965,0.04452,0.87701,0.0107,1.0,0.09091,0.97861,2.2602385266039926,0.0
1.0,-0.205,0.2875,0.23,0.1,0.2825,0.3175,5.5788312585895525,0.35,0.36285,-0.311454455767598,0.0925,0.275,-0.095,0.21,-0.0875,0.235,-0.34187,0.31408,-0.48,5.199288354134316,0.29908,5.222919721904806,-0.58,-0.24,0.3219,-0.28475,-0.47,0.185,-0.27104,-0.31228,0.40445,0.0305,1.0
3.9911771479309364,5.607210863876557,4.457630905711187,0.63333,4.731930016342582,0.7,0.06667,0.7,5.034265938660302,1.1858484390180006,5.0941783785894685,0.8,0.0,0.73333,0.0,0.7,0.1,0.66667,0.1,0.73333,-0.03333,0.76667,0.0,0.63333,0.13333,0.48667902667379537,0.10168,0.6,0.13333,0.6,0.16667,0.63333,-0.17781078511804513,0.0
1.0,0.05866,0.8793128115183143,0.06704,0.00838,0.0,-0.01117,0.00559,-0.03911,0.01676,-0.07542,-0.00559,0.05307,0.06425,-0.03352,0.0,0.09497,-0.06425,0.07542,-0.04749,0.02514,0.02793,-0.00559,0.00838,0.00559,5.7028149556721965,-0.00838,0.03073,-0.00279,0.04469,0.0,0.3288282231787403,-0.03352,1.0
1.0,0.94653,0.28713,0.72554,0.67248,0.47564,0.82455,0.01267,0.89109,-0.24871,0.84475,-0.47644,0.56079,-0.75881,0.41743,-0.66455,0.07208,0.18866880039739564,-0.19525,-0.52475,-0.44,2.5980171577207436,-0.55089,-0.04119,-0.64792,-2.127469530332901,-0.5642,0.36752,-0.41901,0.46059,-0.22535,0.50376,-0.0598,0.0
1.0,0.0546,0.01437,-0.02586,0.04598,0.01437,0.04598,5.5788312585895525,0.00862,0.01724,-0.06609,-0.03736,0.0431,-0.08333,-0.04598,-0.09483,0.08046,-0.04023,0.05172,0.02011,0.02299,-0.03736,-0.01149,0.03161,-0.00862,0.00862,0.01724,0.02586,0.01149,0.02586,5.116314591873182,-0.04598,-0.00575,1.0
1.0,0.72414,0.7824547597622379,0.79704,0.01084,0.8,0.00197,0.79015,0.01084,6.10826013532234,-0.00985,0.8335,0.03251,0.85123,0.01675,0.80099,-0.00788,0.79113,-0.02956,0.75961,0.0335,0.74778,0.05517,0.72611,-0.01478,0.78041,0.00612,0.74089,-0.05025,0.82956,-0.9556670640054117,0.79015,-0.8652695100152673,0.0
1.0,0.03852,0.02568,0.00428,0.0,0.01997,-0.01997,0.0214,-0.04993,-0.0485,-0.01284,0.01427,-0.02282,0.0,-0.03281,-0.04708,-1.1866626422036863,-0.01712,0.03566,0.0214,0.00428,0.05136,-0.8848531530449779,6.185749120402306,0.01854,0.03994,0.01569,0.01997,-2.2213499255008684,-0.02568,-0.01854,-0.01427,4.678063204285428,1.0
1.0,0.4709,4.457630905711187,0.42328,0.33598,-2.5381503666023315,-1.1455872975715224,0.01852,5.034265938660302,-0.02116,0.53968,-0.34127,0.31217,-0.4127,0.3254,6.610412013967866,0.06878,-0.5,-0.1164,-0.14815,-0.1455,-0.9663887053861878,-0.38095,-0.2328,0.00265,0.03574,-0.31739,0.15873,-1.33894247659637,0.24868,1.9534387670002509,0.2672,0.04233,0.0
1.0,0.08696,4.457630905711187,0.13959,4.731930016342582,0.10526,-0.08238,0.12586,-0.06178,0.23341,-0.01144,0.12357,0.0778,0.14645,-0.13501,0.29062,-0.04805,0.18993,0.07323,0.1167,1.3267909168280057,0.11213,-0.00229,0.15103,-0.10297,0.08467,0.01373,0.11213,-0.06636,6.111874791121124,-0.07323,0.1167,-0.06865,1.0
1.0,0.94333,0.38574,0.48263,0.64534,0.21572,0.77514,-0.55941,0.8315408208410227,-0.73675,0.42048,-0.76051,0.0,-1.2149934705410974,-0.31079,-0.38391,-0.62157,1.604791735364963,-0.69287,-0.6674032440924687,-0.6362,0.71481,-0.3766,-0.48932272112110664,-0.05484,0.60098,0.30384,0.45521,0.60512,0.02742,0.54479,-0.21572,0.50457,-1.8492046767714831
1.0,5.607210863876557,4.457630905711187,0.0409,-0.00846,0.02116,0.01128,0.01128,0.04372,0.00282,0.00141,0.01975,-0.03103,-0.01975,0.06065,-0.0409,0.0268,3.0441915751839947,-0.00423,0.04372,-1.1378402906634566,0.01834,0.03712934986305748,0.0,5.029637501006215,5.7028149556721965,-0.01128,0.00564,5.041804212623102,-0.46203244134640997,-0.02398,0.00705,0.0,1.0
1.0,0.85736,0.00075,0.81927,-0.05676,-0.030636308647674415,-0.04182,0.84317,5.034265938660302,0.86258,0.11949,0.88051,-0.06124,6.880298017207723,0.0351,0.83719,-0.06796,0.11217177215871699,-0.1419,0.88125,0.01195,0.90515,0.0224,0.79686,-0.01942,0.82383,-0.03678,0.88125,-0.06423,0.73936,0.5988742740902784,0.79089,-0.09186,0.0
1.0,1.0,-1.0,1.0,1.0,-1.0,1.0,1.0,-1.0,1.0,-1.0,-1.0,-3.5039331693114235,6.880298017207723,1.0,1.0,1.0,1.0,1.0,1.0603998902312228,1.0,1.0,-1.0,1.0,-1.0,1.0,1.0,1.0,1.0,-1.0,1.0,5.6320529416906036,1.0,1.0
1.0,0.85209,0.39252,5.777690578596675,0.76432,5.4422999998059725,0.98903,-0.42625,0.88744,0.5281912642005094,0.4998,-0.93092,0.10768,-0.859,-0.1372481778198573,-0.6603,-0.55262,-0.1926,-0.86063,0.28444,0.650995472959435,0.64649,-0.3523,0.77814,-0.23324,0.71698,0.21343,0.3783,0.5831,0.19667,0.66315,5.6320529416906036,0.64933,0.9766091077401267
1.0,1.0,1.0,1.0,0.5125,0.625,-1.0,1.0,2.2548024941221385,0.025,0.03125,1.0,1.0,0.0,0.0,1.0,-1.0,1.0,-0.3509563886460483,1.0,1.0,0.3125,1.0,1.0,1.5188545976568397,1.0,1.0,1.0528458597691894,1.0,-0.94375,1.0,0.9606647745860596,0.0,1.0
1.0,1.0,2.1524130183219263,0.62745,-0.44590969888763343,0.01961,1.0,-0.4902,0.92157,-4.318653106681055,0.58824,-1.578611190064831,0.11765,-0.96078,-0.33333,0.429155094110371,4.989049809096155,-0.23529,-0.86275,-1.0137223315340391,-1.0,0.7451,-0.72549,0.92157,0.9682278987520272,0.92874,0.21876,0.8063065292185292,0.56863,0.23529,0.90196,-0.11765,0.90196,0.0
1.0,0.0,0.0,-1.0,-1.0,-1.0,1.8687616175173034,0.0,0.0,-1.0,1.0,1.0,1.0,1.0,-1.0,0.0,0.0,0.0,0.0,-1.0,-1.0,-1.0,-2.6820455656660087,1.0,0.4375,1.0,-1.0,0.0,0.0,-1.0,5.116314591873182,-1.0,1.3862450870526053,1.0
1.0,0.44444,0.44444,0.53695,0.90763,-0.22222,1.0,-0.33333,0.88889,-4.376411857972931,0.33333,-1.0,-0.11111,-1.0,-0.22222,-0.66667,-0.77778,0.8967043514528401,-3.751892556410195,-0.22222,-0.77778,6.369205540694981,-0.22222,0.33333,0.0,0.9212,0.45019,0.57454,0.84353,0.22222,1.0,-0.55556,1.0,0.0
0.0,0.0,0.0,0.0,0.0,0.0,0.0,0.0,0.0,0.0,-0.22328513545118023,0.0,0.0,0.0,0.0,0.0,0.0,0.0,0.0,0.0,5.199288354134316,0.0,0.0,0.0,0.0,5.7028149556721965,0.0,0.0,0.0,0.0,0.0,0.0,0.0,1.0
1.0,1.0,4.457630905711187,1.0,0.0,0.5,0.5,2.7475489979097363,0.0,0.91201,0.12094,-0.0074741096425987585,0.1421,0.86922,-0.8407554742436893,-2.349438220936356,-2.663620663353445,0.75,1.4338960357416886,0.75,0.0,1.0,5.222919721904806,0.5,0.5,0.73944,0.26388,0.75,0.25,0.69635,0.29074,0.67493,0.30293,0.0
0.0,-1.0,1.0,1.0,1.0,0.0,0.0,1.0,-1.0,1.0,5.0941783785894685,1.0,-1.0,-1.0,-1.0,0.0,0.0,-1.0,-1.0,0.0,0.0,0.0,0.0,0.47634097701477285,-1.0,0.27850506824294263,-1.0,1.0,1.0,-1.0,-1.0,0.0,0.0,1.0
1.0,1.0,0.0,1.0,0.0,0.66667,0.11111,1.0,-0.11111,0.88889,0.9795811742959084,1.0,-0.22222,0.77778,1.2214487177979034,1.9344462780911718,0.14924548140301586,1.0,1.2336958133339515,0.77778,5.199288354134316,0.66667,-0.11111,0.66667,0.0,0.90347,-0.013718624681992864,1.0,0.11111,0.88889,-0.11111,1.0,4.678063204285428,0.0
0.0,0.0,0.0,0.0,0.0,0.0,0.0,0.0,0.0,0.0,0.0,-1.0,-1.0,0.0,0.0,1.0,0.75,0.0,0.0,0.0,0.0,-0.7134789091785994,1.0,0.0,0.0,5.7028149556721965,-1.0,-1.0,-0.6703584030042651,1.0,1.0,0.0,0.13996638946733772,1.0
1.0,1.0,0.45455,1.0,-0.45455,1.0,0.09091,1.0,-0.09091,1.0,0.0,6.628998634685632,-0.27273,1.0,-0.18182,1.0,1.0695998205792092,1.0,0.0,1.0,-0.36364,1.0,0.09091,1.0,-0.09091,1.0,-0.04914,1.0,0.45455,0.9158166468390742,-0.27273,1.0,-0.18182,0.0
1.0,0.62121,-0.63636,0.0,0.0,0.0,0.0,0.3447,0.28788,0.42803,0.39394,-0.07576,-3.176530114064408,0.36364,0.31439,-0.53788,4.989049809096155,0.12121,-0.14773,1.726658417823745,-0.53409,-0.2071089609190216,0.17803,0.29167,-0.27273,0.25758,-0.57576,0.43182,0.24242,0.18182,-0.02273,0.17045,-0.41667,1.0
1.0,1.0,0.11765,1.0,0.23529,1.0,0.41176,1.0,0.05882,0.9123292191966478,0.23529,1.0,0.11765,6.880298017207723,0.47059,3.052985079828091,-0.05882,1.0,-0.11765,1.0,0.35294,0.4248381173806829,0.41176,1.0,-0.11765,1.0,-0.7898303630236679,1.0,0.05882,1.0,5.116314591873182,1.0,0.23529,0.0
1.0,0.0,0.0,-1.0,-0.4630395502081862,1.0,0.51064,0.07979,-0.23404,-1.0,-0.3617,0.12766,5.01314243130377,1.0,-1.0,0.0,0.0,0.82979,5.131336295111538,-0.25,1.0,0.17021,-0.70745,0.8884147089715088,0.0,-0.19149,-0.46809,-0.2234,-0.48936,0.74468,5.116314591873182,-0.67553,0.45745,1.0
1.0,0.91667,0.29167,0.83333,-0.16667,0.70833,0.25,0.875,-0.08333,0.91667,-0.0033063488527994983,0.83333,0.125,0.70833,0.0,6.610412013967866,0.04167,1.0,0.08333,0.66667,-0.08333,0.75,0.16667,0.83333,-0.125,0.512604412042861,0.05503,3.1402319468754203,0.20833,0.70833,0.0,0.70833,0.04167,0.0
1.0,0.1859,-0.16667,5.777690578596675,0.0,0.0,0.0,0.0,0.0,-0.2148538967688357,0.0,3.2546072429157236,-0.19071,6.880298017207723,0.0,6.610412013967866,0.0,0.0,0.0,0.0,0.0,-0.05128,-0.06571,0.07853,0.32126404317762564,0.17308,5.411246430105635,0.125,0.09615,0.02564,-0.04808,-0.1698501824722474,-0.8910659679945224,2.3341512709366548
1.0,1.0,-0.08183,1.0,-0.11326,0.99246,-0.29802,1.0,-0.33075,0.96662,0.8045519202501612,0.85788,5.01314243130377,0.91904,-0.4817,0.73084,-0.65224,0.68131,-0.63544,0.8245,-0.78316,0.58829,-0.74785,0.67033,-0.96296,0.48757,-3.087487351089825,0.37941,-0.83893,0.24117,-0.88846,0.29221,-0.89621,0.0
1.0,1.0,1.0,-1.0,1.0,-1.0,-0.82456,0.34649,0.21053,0.46053,0.07018,0.22807,0.05702,0.35088,0.34649,0.72807,-0.03947,0.22807,0.18515178395057236,0.0,0.0,-0.29825,-0.16228,1.0,-0.66667,1.0,-1.0,1.0,-0.24561,0.35088,0.20175,0.82895,0.07895,1.0
1.0,1.6345847968434337,0.24077,0.99815,0.00369,0.80244,-0.30133,-0.6761983010130245,-0.23486,0.70643,-1.4215209072306307,6.628998634685632,-0.30539,0.71492,-0.36078,0.47194,-0.61189,0.40473,-0.55059,0.61041,-0.39328,0.53176,-0.32681,0.23966,-0.52142,-1.0496674342461234,1.3335432658001385,0.12777,-0.39143,0.15657,-0.8007305636479454,0.18353,-0.46603,-0.21097930143771249
0.0,-1.0,1.0,1.0,4.731930016342582,0.0,0.0,0.0,0.0,1.0,-2.355620997264961,1.0,1.0,-0.7426740673366636,0.0,1.0,-1.0,0.0,0.0,0.0,0.0,1.0,1.0,-1.0,1.0,1.0,-3.568465063011522,-1.0,1.0,-1.0,-2.3371497591115635,0.0,-0.08618422651153286,1.0
1.0,5.607210863876557,-0.19448,-0.2733110273314262,-0.17674,0.87024,-0.22602,0.81702,-0.2707,0.79271,-0.28909,0.70302,-0.49639,1.5634084572095444,-0.49967,0.37254,-0.70729,0.2707,-0.72109,0.40506,-0.54172,0.33509,-0.59691,0.1475,-0.63601,0.09312,-2.0011143868615107,-0.07162,-0.54928,-0.0184,-0.54074,-0.07457,-0.47898,0.0
1.0,-1.0,-1.0,-0.50694,1.0,1.0,-1.0,1.0,1.9158349215528876,0.0,0.0,0.23958,-1.0,1.0,2.550867637519109,0.0,0.0,3.0471881865492074,1.0,1.0,0.6529333505397705,0.18157794817794567,0.0,-0.71528,1.0,0.33333,-1.0,1.0,-1.0,0.69792,-1.0,0.47569,1.0,1.326007889192489
1.0,5.607210863876557,0.4346,0.5,0.7616,0.09916,0.9346,-0.37764,0.88186,-0.72363,0.61181,-0.93882,0.19409,-0.86709,1.0268024667871511,-0.62869,-0.65612,-0.25105,-0.85654,-2.580126674979612,-0.86498,0.51477,-0.66878,0.74895,-0.28903,0.77937,0.07933,0.64135,0.42827,0.31435,0.62447,-0.00422,0.69409,0.0
1.0,1.0,1.0,0.0,4.731930016342582,1.0,-1.0,-1.0,-1.0,1.0,1.0,1.0,-1.0,0.0,-1.2973834336867378,1.5790254000267168,-1.2699904007871363,1.0,1.0,0.0,0.0,1.0,-1.0,-1.0,-1.0,1.0,1.0,-1.0,5.041804212623102,-1.0,0.26668806155974123,1.161266807348818,0.0,1.0
0.4601335257146588,1.0,0.63548,1.0,2.9942190350022244,0.77123,1.0,-0.33333,1.0,-1.0,1.0,6.628998634685632,1.0,6.880298017207723,1.1406561928441339,-4.525305642922607,0.0,-1.0,-0.66667,-1.0,-0.92536,-1.0,-0.33333,-0.33333,-0.8012815474813455,0.19235,-1.0,1.0957536728707584,-1.0,0.0,-1.0,1.0,-0.66667,0.0
0.0,-1.0,1.0,-1.0,-1.0,0.0,0.0,-1.0,1.0,1.0,-1.0,-1.0,-1.0,-1.0,1.0,0.0,4.989049809096155,-1.0,-1.0,-1.0,1.0,0.0,0.0,1.0,-1.0,1.0,1.0,1.0,-1.0,1.0,1.0,0.0,0.0,1.0
-1.0050777708459075,1.0,0.06843,-0.7146534885481242,0.14211,1.0,0.22108,1.0,-0.125,1.0,0.39495,1.0,0.48981,1.0,0.58986,-0.375,1.0,1.0,0.0,1.0,0.92001,1.0,3.312889905467272,1.283606060646047,1.0,1.0,1.0,1.0,0.25,1.0,1.0,1.0,1.0,0.0
0.0,-1.6755393109484504,-1.0,0.0,0.3274819107761863,0.0,1.4971039222962768,0.0,-0.6256238154838641,0.0,0.0,0.0,0.0,2.0654694290023574,-1.0,0.0,0.0,-1.0,-1.0,0.0,5.199288354134316,1.0,1.4120557457047216,1.0,5.029637501006215,1.0,-1.0,0.0,0.0,0.0,0.0,5.6320529416906036,0.0,0.9550604440348794
1.0,0.64947,-0.07896,0.58264,4.731930016342582,-0.13129,-0.21384,0.29796,5.034265938660302,0.38096,-0.26339,0.28931,-0.31997,0.03459,-0.18947,0.20269,-0.29441,2.2197504152691074,-0.29052,0.09513,5.199288354134316,0.06556,-0.26795,0.03004,-0.25124,-0.00046,-0.2321,-0.02612,-0.21129,-0.04717,-0.1895,0.01336,-0.27201,0.0
0.45881634731183774,0.0,0.0,0.0,0.0,0.0,0.0,0.0,0.0,1.0,-0.33333,0.16667,0.26042,-0.14178939087458842,0.0,0.0,0.0,0.0,0.0,-0.19792,5.199288354134316,-0.16667,0.90625,-1.0,0.4262969071948251,0.04167,0.75,-0.22917,-1.0,-0.125,-0.27083,-0.19792,-0.9520669598380297,1.0
1.0,1.0,0.05149,0.99363,0.10123,0.96142,0.14756,0.95513,-0.26496,0.66026,0.54701,0.80426,0.25283,0.73781,0.2738,0.66775,0.28714,-0.36562651097376864,0.29304,0.52494,0.292,0.45582,0.19149649334120566,0.39023,0.27226,0.3293,0.25553,0.27381,0.23568,0.22427,0.21378,0.18086,0.19083,0.0
1.0,1.0,-0.09524,-1.0,-1.0,-1.0495166246662022,-1.0,5.5788312585895525,0.31746,0.81349,0.7619,-1.0,-1.0,-1.0,1.0,0.47364,-0.17091994628517693,0.04820722054272675,1.0,0.68839,5.199288354134316,-1.0,-1.0,0.82937,0.36508,1.0,1.0,1.0,1.8220426176451365,-1.8449597371772866,-0.3254,-1.0,0.72831,5.178568289029093
3.141481909258442,0.93669,-0.0019,-1.0324803958669257,0.43204,0.92314,-1.5286214941008407,0.93123,0.16828,0.96197,0.09061,0.99676,0.08172,0.91586,0.05097,0.84628,-0.25324,6.6145476756881365,-0.14482,6.405460103906824,0.26133,0.75081,-0.45566125300848215,0.84547,-0.02589,0.87293,5.411246430105635,0.98544,2.008609158661277,0.78317,-0.10194,1.7325038813762894,-0.14725,0.0
1.0,1.0,-1.0,1.0,1.0,1.0,1.0,5.5788312585895525,5.034265938660302,1.0,1.0,1.0,1.0,1.0,1.0,0.0,0.0,1.0,1.0,1.0,1.0,1.0,-1.0,1.0,1.0,1.0,0.625,1.0,-0.75,-0.75,1.0,1.0,1.0,1.0
1.0,1.0,1.1410964604354752,1.0,-0.78509,1.0,-0.10401,1.0,0.15414,1.0,0.2782,0.9812,-0.06861,1.0,0.0661,0.95802,-0.18954,6.6145476756881365,-0.15633,0.974,0.03728,0.99624,0.09242,1.0,-0.01253,0.96238,-0.04597,0.91165,0.03885,1.0,-0.13722,0.96523,-0.11717,5.178568289029093
1.0,0.36876,-1.0,-1.0,4.731930016342582,-0.07661,0.24724003460424437,1.0,1.0645006110837938,0.74597,-0.3871,-1.0,-0.79313,-0.09677,1.0,0.48684,0.46502,0.31755,-0.27461,-0.14343,-0.20188,-0.11976,0.06895,0.03021,0.06639,0.03443,-0.01186,-0.00403,-0.01672,-0.00761,0.00108,0.00015,0.00325,1.0
1.0,0.79847,0.38265,1.5463493631626966,-0.16964,1.0,-0.07653,1.6376386264272371,-0.07398,0.70217,0.20663,0.99745,0.02105,0.98214,0.02487,2.0243811578859,1.133170116422762,0.95663,0.07717,6.405460103906824,0.00191,0.90306,0.30804,1.0,-0.14541,1.0,-1.215499537637983,0.75638,0.07908,1.0,-0.1875,1.0,-0.8563847298620428,0.0
0.0,0.0,0.0,0.0,0.0,0.0,0.0,0.0,2.721393655201362,0.0,0.0,1.0,1.0,1.0,1.0,1.0,-1.0,0.0,0.0,1.0,1.0,1.0,-1.0,6.185749120402306,1.0,1.0,5.411246430105635,1.0,5.041804212623102,1.0,-1.0,5.6320529416906036,0.0,1.0
1.0,1.0,-0.28428,2.152538887014437,-0.25346,3.6073411476401596,-0.35094,1.0,-0.30566,6.10826013532234,-0.49057,0.90818,-0.44119,0.75723,-0.58899,0.69748,4.989049809096155,0.59623,-0.57579,0.09132330326058768,-0.70975,6.369205540694981,-0.87327,0.49214,-0.73333,0.35504,-0.76054,0.26352,-0.78239,0.16604,0.40084393777892735,0.13994,-0.7,0.0
1.0,0.0,0.0,0.0,0.0,0.0,0.0,-0.85,-1.0,0.0,0.0,1.0,-1.0,0.0,4.684246510942439,-1.0,-1.0,-1.0,-1.7754361277633035,1.0,-1.0,-0.6,5.222919721904806,1.0,1.0,-1.0,-0.2,6.136648717168307,-1.0,0.3065952288264272,1.0,0.0,0.0,1.0
1.0,1.0,0.09091,0.95455,-0.09091,0.77273,5.3407935767817225,1.0,0.0,0.95455,0.0,0.3414668577940998,0.04545,0.90909,-0.04545,1.0,0.0,1.0,0.0,0.86364,0.09091,0.77273,1.4787010293186376,0.90909,5.029637501006215,0.91541,0.02897,0.95455,0.09091,0.86364,-0.09091,0.86364,0.04545,0.0
0.0,0.0,0.0,-1.0,1.0,1.0,1.0,-1.0,-1.0,-0.7261544539222877,0.0,-1.0,-1.0,-1.0,1.3369203126081146,-1.0,-1.0,1.0,-1.0,1.0,-1.0,0.0,0.0,1.0,-1.0,-1.0,-1.0,0.14599540441797293,0.0,1.0,-1.0,1.9225755373209366,0.0,1.0
1.0,0.91176,-0.08824,0.97059,0.17647,0.82353,0.08824,0.5852889782976834,-0.02941,0.97059,-0.17647,0.97059,0.14706,2.669238004710992,0.02941,1.0,0.0,1.0,0.0,0.76471,0.11765,0.88235,-0.11602101505887386,0.85294,0.02941,0.92663,0.026,0.94118,-0.11765,0.97059,0.05882,0.91176,0.24773175536805325,0.0
1.0,-1.0,1.0,0.4337877829910568,0.15244,0.28354,1.0,-1.883175297262286,1.0,-1.0,-1.0,1.0,1.0,-1.0,-0.23476,0.28301,-1.0,1.0,1.0,-0.31402,-1.6142879799214893,-1.0,-1.0,1.0,-1.0,-1.0,5.411246430105635,0.9226009318876454,-1.0,-0.3541416987822388,-0.32317,0.14939,1.0,1.0
1.0,0.47368,4.457630905711187,0.83781,-2.445473017902085,0.5995169571424644,0.02615,0.68421,-0.05263,0.68421,0.0,0.79856,0.05028,0.78315,0.05756,6.610412013967866,0.9406587409818241,1.0,0.05263,0.7255,0.07631,0.840217695873599,0.08141,0.42105,0.21053,0.65419,0.5552715519091399,0.52632,-0.21053,0.6015,0.09534,0.57418,0.09719,0.0
1.0,-0.00641,-0.5,0.0,0.0,-0.01923,1.0,0.0,0.0,0.0,0.0,0.0,0.0,0.0,0.0,0.0,0.0,0.3141,0.92949,-0.35256,0.74359,-0.46710612212460934,-0.80769,0.0,0.0,-0.61538,-0.51282,0.0,0.0,0.0,0.0,5.6320529416906036,0.0,1.0
1.0,-1.0131591801123685,4.457630905711187,-1.5261461565638483,0.54545,5.4422999998059725,1.0938288346988474,1.0,-0.09091,1.0,0.0,0.81818,1.9117546795859577,0.63636,0.27273,1.0,-0.63636,1.0,-0.27273,0.90909,-0.45455,1.0,0.0775,1.0,-0.09091,1.0,0.08867,1.0,0.36364,1.0,0.63636,0.72727,0.27273,0.0
0.0,-1.0,-1.0,1.0,-1.0,-1.0,1.0,0.0,0.0,1.0,-1.0,1.0,-1.0,0.0,0.0,0.0,0.0,0.43439328352998946,0.0,-1.0,1.0,1.0,-1.0,-1.0,1.4274877517164473,1.0,1.0,0.0,0.0,1.0,0.5,0.0,0.0,1.0
1.0,0.45455,0.09091,0.63636,0.09091,-1.8514384099578989,0.18182,0.63636,0.5394835530552706,0.36364,-0.09091,0.45455,-0.09091,0.48612,-0.01343,0.63636,-0.18182,0.45455,0.0,0.36364,-0.09091,0.27273,0.18182,0.36364,-0.09091,5.7028149556721965,-0.01768,0.27273,0.0,0.36364,5.116314591873182,0.28985,-0.01832,0.0
1.0,-0.7064975920734924,-0.59677,1.2170258882915925,0.0,-1.0,0.64516,-0.87097,1.0,0.0,0.0,0.0,0.0,0.0,0.0,0.0,0.0,0.0,0.0,-1.0,-1.0,0.0,0.0,0.29839,0.23387,1.0,0.51613,6.136648717168307,0.0,0.0,0.0,0.0,0.0,1.0
1.0,1.0,0.14286,1.0,1.0020044900508196,1.0,0.71429,1.0,-0.14286,0.85714,-0.14286,1.0,0.02534,1.0,0.0,0.42857,-0.14286,1.0,-3.9702483545607774,1.0,-0.28571,1.0,0.0,0.28571,5.029637501006215,1.5962114809962258,0.04891,1.0,0.05182,1.0,0.57143,5.6320529416906036,-0.083518442887217,-0.2606775593605728
0.0,1.0,1.0,1.0,-1.0,1.0,1.0,1.0,1.0,-1.2067500932531332,1.0,1.0,-1.0,3.67734138193073,1.0,1.0,-1.0,1.0,-1.0,1.3652500678927995,1.0,1.0,1.0,1.0,-1.0,1.0,-0.5916767973113717,1.0,1.0,1.0,1.0,1.0,1.0,1.0
0.8576781248135082,0.87032,0.46972,0.53945,0.82161,0.1038,0.95275,0.3131631150462744,0.87916,-0.73939,0.58226,-0.92099,0.16731,-0.82417,-0.24942,-0.59383,-0.63342,-0.24012,-0.82881,0.18823,-0.78699,0.51557,-0.5743,0.69274,-0.24843,0.69097,0.10484,0.8820978686595887,0.39762,0.25974,0.56573,0.6931522616060211,0.57552,0.0
0.0,1.0,-1.0,1.0,3.6476625633750985,1.0,0.5396501403977823,1.0,1.0,1.4421905715665835,-1.0,1.0,-1.0,1.0,-1.0,1.0,1.0,6.6145476756881365,1.0,1.0,1.0,1.0,-1.0,1.0,5.029637501006215,1.0,1.0,1.0,1.0,1.0,1.0,1.0,-1.3425560780649515,3.020815175423672
1.7313589584592788,0.92657,0.04174,0.89266,0.15766,5.4422999998059725,0.19791,0.83675,0.36526,0.80619,0.40198,0.76221,0.22047040714570884,0.66586,0.4836,0.60101,0.51752,0.53392,0.5218,0.48435,0.54212,0.42546,-0.3885597370583811,0.3334,0.55274,0.26978,0.54214,0.22307,0.53448,6.111874791121124,0.49124,0.11573,0.46571,0.0
0.0,1.0,1.0,1.0,-1.0,1.0,-1.0,1.0,1.0,0.0,0.0,1.0,-1.0,0.0,0.0,0.0,0.0,0.0,5.131336295111538,-1.0,5.199288354134316,1.0,1.0,0.0,0.0,2.286116266275516,1.0,0.0,0.0,-1.0,-1.0,0.0,0.0,1.0
1.6096582170047031,0.93537,0.13645,0.93716,0.25359,0.85705,0.38779,0.79039,0.47127,0.72352,0.59942,0.6526,-0.9628966001766754,0.5083,0.73586,0.41629,0.82742,0.25539,0.85952,0.13712,0.85615,0.00494,1.5711560678772383,-0.07361,0.7978,-0.20995,0.78004,-0.33169,0.71454,-0.38532,0.64363,-0.47419,0.55835,0.0
-0.1925201146732165,1.0,-1.0,-1.0,0.44936509629677324,-1.0,1.0,1.0,1.0,1.0,1.0,-1.0,-1.0,-1.0,-1.0,1.0,1.0,1.0,-1.0,-1.0,-1.0,-5.419616437241995,-1.0,0.3760882349523995,0.0,-0.44873688399163325,5.411246430105635,1.0,3.048405591359945,-1.0,1.0,-1.0,1.0,1.0
1.0,0.80627,0.13069,3.23669232210467,0.24323,0.64615,0.19038,0.36923,0.45577,0.44793,0.46439,0.25,0.57308,0.25192,0.37115,0.15215,0.51877,-0.09808,0.7067935159708402,-0.03462,0.42885,6.369205540694981,0.44424,-0.14943,0.40006,-0.1994,0.34976,-0.23832,0.29541,-0.26634,0.23896,-0.23846,0.31154,0.0
0.0,1.0,-1.0,1.0,1.0,1.212578637736831,-1.0,1.0,1.0,1.0,-1.0,6.628998634685632,1.0,1.0,-1.0,1.0,-2.7909516464647224,1.0,1.0,1.0,1.0,1.0,-1.0,6.185749120402306,-1.0,1.0,-1.0,1.0,1.0,1.0,-1.0,1.0,1.0,1.0
1.0,0.97467,0.13082,-0.9426699999712347,0.20036,-0.40541462222887337,-0.4967537723910955,0.89009,0.32711,0.8555,0.45217,0.72298,0.52284,0.69946,0.5882,0.58548,0.66893,0.48869,0.70398,0.44245,0.68159,0.35289,0.75622,6.185749120402306,0.7621,0.16813,0.78541,0.07497,0.80439,-0.02962,0.77702,-0.10289,0.74242,-1.1792448966006328
0.0,0.0,0.0,1.0,1.0,0.0,0.0,1.0,1.0,0.0,0.0,1.0,-1.0,0.46736742937365194,0.0,1.6894501358880656,0.0,0.0,0.0,0.0,-1.0340534891539934,0.0,0.0,0.0,0.0,1.0,-1.0,0.0,0.0,-1.7626976571312223,1.0,0.0,-0.5804102736404954,-1.9207493228161936
1.0,0.92308,0.15451,0.86399,0.018692276662966578,0.72582,5.3407935767817225,0.70588,5.034265938660302,0.7063981548328887,0.62719,0.4327,0.74676,0.7969622507787155,0.67697,0.19128,0.76818,0.04686,0.76171,6.405460103906824,0.76969,-0.18479,0.71327,-0.29291,5.029637501006215,-0.38798,0.58553,-0.46799,0.50131,-0.53146,0.40732,0.6380404971328449,0.35095,0.0
0.0,0.0,0.0,1.0,1.0,1.0,1.0,0.0,0.0,0.0,0.0,-1.0,-1.0,6.880298017207723,0.0,-1.0,-1.0,0.0,0.0,4.515474845328188,0.0,1.0,1.0,0.0,0.0,1.0,1.0,0.0,3.063511926456847,-1.0,0.24177934099025933,0.0,0.0,1.0
3.9911771479309364,0.88804,0.38138,0.65926,0.69431,0.29148,0.87892,-0.06726,0.90135,-0.39597,0.80441,-0.64574,0.56502,-0.8296,0.26906,-0.7894,-0.08205,-0.6278,-0.30942,-0.46637,-2.0917579362624936,6.369205540694981,-0.64338,0.09562,-0.61055,3.356186888315875,-0.48392,0.43227,-0.29838,0.47029,-0.09461,0.42152,0.12556,0.0
0.0,1.0,-2.920383237558453,5.777690578596675,1.0,1.0,1.0,1.0,1.0,1.0,1.0,1.0,-1.0,1.0,1.0,2.811491237507786,1.0,1.0,-1.0,1.0,-1.0,1.0,-1.0,1.0,-1.0,1.0,3.6238511487292264,1.0,-1.0,1.0,1.0,1.0,1.0,1.0
0.4803490456353996,0.73523,-0.38293,0.80151,0.10278,0.78826,0.15266,0.5558,5.034265938660302,2.9359894150053765,0.14120632217022974,0.71947,0.28954,0.68798,4.684246510942439,0.49672,0.17287,0.64333,-0.02845,0.57399,0.42528,-0.32849649945586845,0.44872,0.9453,0.57549,0.44174,2.934681696256046,0.12473,1.0,0.3507,0.49721,0.30588,0.49831,5.178568289029093
0.0,0.0,0.0,1.8202764770013589,4.731930016342582,5.4422999998059725,0.0,0.0,0.0,0.0,0.0,0.0,0.0,0.0,0.0,0.0,0.0,0.0,0.0,0.0,0.0,2.1671972749663,0.0,0.0,0.0,1.0,5.411246430105635,-3.1725776749126675,0.0,0.0,0.0,0.0,0.0,1.0
1.0,0.94649,0.00892,0.97287,-0.0026,0.98922,0.00372,0.95801,0.01598,0.94054,0.0353,0.97213,0.04719,0.98625,0.01858,0.94277,0.07135,6.6145476756881365,-0.00706,0.9777,0.0498,6.369205540694981,0.07098,0.93274,5.029637501006215,0.7459641161328144,0.04356,0.97473,0.00818,0.97845,0.07061,1.0,-0.0026,0.0
0.0,0.5478495862694823,1.0,-1.0,-1.0,-1.0,-1.0,0.0,0.0,0.0,0.0,-1.0,-1.0,0.0,0.0,0.0,0.0,0.0,0.0,-1.0,1.0,-0.4120215272761032,1.0,0.0,0.0,5.7028149556721965,-1.0,0.0,0.0,-1.0,-1.0,-1.0,-1.0,1.0
1.0,0.50466,4.457630905711187,0.71442,0.01513,0.71063,-0.6469235706577402,0.68065,0.01282,0.34615,0.05594,-0.4036501977876693,0.04393,0.68101,4.684246510942439,0.67023,0.05692,0.63403,-0.04662,0.64503,0.06856,0.63077,1.2332132222997245,0.84033,0.18065,0.59935,0.08304,0.38228,-0.1869028214075324,0.56466,0.09046,0.54632,0.09346,0.0
1.0,0.68729,1.0,0.91973,-0.76087,0.81773,0.04348,0.76087,-0.7340448223776237,0.86789,0.73746,0.70067,0.18227,-0.49456301433358985,0.13712,0.93478,-0.25084,0.70736,0.18729,6.405460103906824,0.24582,0.60201,0.77425,1.0,-0.53846,0.89262,0.22216,0.7107,0.53846,1.0,-0.06522,0.56522,0.23913,1.0
1.0,0.76296,-0.07778,1.0,-0.2963,1.0,-0.85741,0.8,0.36420153775301095,0.45556,-0.42778,1.0,-0.12581,2.5967729193569324,-0.83519,0.49259,0.01852,0.82222,-0.05926,0.98215,-0.19938,1.0,0.22037,0.6963,-0.26481,0.92148,-0.24549,0.78889,-2.4071961032974762,0.87492,-0.27105,1.0,-0.57037,0.0
1.0,0.38521,0.15564,0.7891895640489079,0.6805266890194996,0.26459,0.24125,0.23346,0.1323,0.19455,0.25292,0.24514,0.36965,0.08949,0.22957,0.7697694043157323,0.36965,0.05058,0.24903,0.24903,0.09728,0.07782,0.29961,-0.02494,0.28482,-0.06024,0.26256,0.22532897929224327,0.14786,-0.09339,0.31128,-0.19066,0.28794,1.0
0.6020201585058536,0.5754,-0.03175,0.75198,-0.05357,0.61508,-0.0119,0.53968,-0.03876752667295547,0.61706,0.09921,0.59127,-0.02381,0.62698,0.0119,0.70833,4.989049809096155,1.030441192760817,0.01587,0.47817,-0.02778,0.59127,0.10998970582382202,0.5,0.03968,0.61291,-0.01237,0.61706,-0.13492,0.68849,-0.01389,0.625,-0.03175,0.0
1.0,0.06404,-0.15271,-0.04433,0.05911,0.08374,-0.02463,-0.01478,0.18719,0.06404,0.0,-1.2695570845079522,-0.09852,0.05911,0.0,0.0197,-0.02956,-0.12808,-0.2069,0.06897,0.01478,0.06897,0.02956,0.07882,-1.3757106966576402,0.28079,-0.04926,-0.05911,5.041804212623102,0.04433,0.05419,0.07389,-0.7418695362308191,1.0
1.0,0.61857,0.1085,0.70694,-0.06935,0.70358,0.01678,0.74273,0.00224,0.71029,0.15772,0.71588,-0.00224,0.79754,0.066,0.83669,-0.16555,0.6868,-0.0906,0.62528,-0.01342,0.60962,0.11745,0.71253,-0.09508,0.69845,-0.01673,0.63311,0.0481,1.3479642547434432,-0.05145,0.65213,-0.04698,0.0
1.0,0.25316,0.35949,0.0,0.0,-0.2962,5.3407935767817225,0.0,-0.6457102322202527,0.07595,-0.07342,0.0,0.0,0.0,-3.3098325332221963,0.0,0.0,0.0,-3.4210229252766147,0.00759,0.68101,-0.2,0.33671,-0.1038,0.35696,0.0557,-1.0,0.0,0.0,0.06329,-1.0,0.0,0.0,1.0
1.541764004920266,2.695921176376629,-3.4620709050182223,0.89818,-0.02465,0.94105,-0.01822,0.89175,5.034265938660302,0.82208,-0.10932,0.88853,0.01179,6.880298017207723,-0.13719,0.87138,-0.06109,0.90782,-0.02358,0.87996,-0.14577,0.82851,-0.12433,2.0241436863033018,-0.19507,0.88245,5.411246430105635,0.84352,-0.12862,2.1383014133409337,-0.18542,0.91747,0.4427410793828629,0.0
1.0,5.607210863876557,-0.5,0.0,0.0,5.4422999998059725,0.0,0.46458,0.51042,0.58958,0.16971267766495146,0.0,-0.2489955435526749,0.0,0.0,-2.3822787397021457,1.171710365764599,0.59167,-0.18333,-0.17082481900966437,0.0,0.0,0.0,0.9875,-0.40833,-1.0,-1.0,-0.27917,-0.75625,0.0,0.0,0.0,0.0,2.0295299393433
1.0,0.88853,0.01631,0.92007,4.731930016342582,0.92442,0.01359,0.89179,-0.10223,0.90103,-0.08428,0.9304,-0.01033,0.93094,-0.08918,0.86025,-0.05057,0.89451,-0.04024,0.88418,-0.12126,0.88907,-0.11909,0.8298,-0.14138,0.86453,-0.11808,0.85536,-0.13051,0.83524,-0.12452,0.86786,-0.12235,2.0071586908619667
1.0,0.0,0.0,1.0,0.12889,1.3693242185451022,-0.02,0.0,0.0,1.0,-0.42444,1.0,0.19556,1.0,1.1660678718935225,1.0,-0.81556,0.0,0.0,1.0,-0.04,1.0,-0.18667,0.0,0.0,1.0,-1.0,0.0,0.0,1.0,0.11778,0.90667,4.678063204285428,1.0
1.0,0.81143,0.03714,0.85143,-0.00143,0.79,0.00714,0.79571,-0.04286,0.87571,0.0,0.85571,-0.06714,0.86429,0.00286,0.82857,-0.05429,0.81,-0.11857,6.405460103906824,-0.08429,0.84286,-0.05,0.77,-0.06857,0.81598,-0.08669,0.82571,-0.10429,0.81429,-0.05,0.82143,-0.15143,0.0
0.9256997290292712,0.0,0.0,0.0,4.731930016342582,0.0,0.0,0.0,0.0,0.0,0.0,-1.0,1.0,1.0,0.55172,1.2723130509467946,0.0,0.0,0.0,0.0,0.0,0.0,0.0,0.0,0.0,1.0,-1.4475206692345215,0.0,0.0,0.0,0.0,0.0,2.334491438249138,4.500063096244169
1.0,0.4987,0.01818,0.43117,-0.0961,-1.3837766975958705,-0.04156,0.5013,0.0961,0.44675,0.05974,0.55844,-0.11948,0.51688,-0.03636,6.610412013967866,-0.05974,0.55325,-0.01039,0.48571,-0.03377,0.5060137703336366,-0.01039,0.59221,0.0,0.53215,-0.0328,0.43117,5.041804212623102,0.54545,-0.05455,0.58961,-0.08571,5.178568289029093
0.0,2.2247214269604725,0.0,0.0,0.0,0.0,0.0,0.0,0.0,0.0,-1.1009442377295253,0.0,0.0,0.0,0.0,0.0,0.0,0.0,0.0,0.0,5.199288354134316,0.0,0.0,0.0,5.029637501006215,1.0,-1.0,2.8171243935880597,0.0,0.0,-0.2858980091750166,0.0,0.0,5.178568289029093
3.9911771479309364,1.212831634585576,0.5,1.0,0.25,0.25,1.0,0.16851,1.9215081354611105,-0.13336,0.80454,-0.34107,0.60793,-0.4382,0.37856,-0.43663,0.16709,-0.36676,0.00678,-0.26477,-0.09025,-0.16178,2.389475477972458,-0.07782,-0.12744,-0.02089,-0.10242,0.01033,-0.07036,0.02224,-0.04142,0.24830556423215722,-0.02017,5.178568289029093
1.0,0.0,4.457630905711187,-1.7607440488990376,0.0,5.4422999998059725,1.0,-1.0,0.33719656904937345,0.0,0.0,1.0,-0.11111,0.0,0.0,6.610412013967866,0.07837461921367711,-1.0,1.0,1.0,1.0,1.0,-1.0,0.0,-0.29633463756319206,1.0,-1.0,0.0,0.0,0.0,0.8877780820356175,1.0,4.678063204285428,1.0
1.0,0.87048,0.38027,0.64099,0.69212,0.31347,5.3407935767817225,-0.03933,0.9074,-0.42173,1.689185282095889,-0.70561,0.5156,-0.81049,0.22735,-0.81136,-0.12539,-0.67474,-0.38102,-0.38334,-0.62861,-0.13013,-0.70762,0.15552,-0.66421,0.38544,-0.51568,0.52573,-0.29897,0.56239,-0.05938,0.5146,0.16645,0.0
1.0,0.0,0.0,0.0,0.0,0.0,0.0,-1.0,1.0,0.0,0.0,-2.2717778289967723,0.37333,-0.12,-0.12,0.0,0.0,-1.0,-1.0,0.0,0.0,1.0,-1.0,0.0,0.0,1.0,-4.470082072478386,0.0,0.0,0.0,0.0,0.0,0.0,1.0
1.0,5.607210863876557,0.43491,0.59573,0.77655,0.19672,0.94537,-0.24103,0.92544,-0.62526,0.71257,-0.86443,0.33652,-0.92384,-0.05338,-0.77356,-0.44707,-0.4695,5.131336295111538,-0.10237,-0.82217,0.26384,-0.7757,0.55984,-0.5591,0.72147,-0.24433,6.136648717168307,0.09599,0.58137,0.38915,0.34749,0.57656,0.0
3.1114705851263382,0.32834,0.0252,0.15236,4.731930016342582,0.14919,1.8293772355961264,-0.25706,0.92324,-0.10312,5.0941783785894685,-0.61352,5.01314243130377,-0.94053,4.684246510942439,-0.13117,-0.14329,-0.30315,-0.44615,-0.11409,-0.85597,0.02668,-0.22786,0.27942,-0.06295,0.33737,-0.11876,-2.1401927930925595,1.7689037813380017,0.15078,-0.4797644913324386,0.12197,0.20468,0.0
1.0,0.83427,0.39121,0.5404,4.731930016342582,0.12326,0.89402,-0.0770394271844389,0.14036042281404915,-0.70086,0.59564,-0.86622,0.21909,-0.84442,-1.4380231161685328,-0.59714,-0.61894,-0.19354,-0.87787,0.12439,-0.89064,1.7779406149171544,-0.72454,0.79143,5.029637501006215,0.83008,0.08718,0.66592,-3.8279161533347943,0.034196594240051226,5.116314591873182,-0.03983,0.79444,0.0
1.0,-0.4865357955167692,-0.0349,0.59085,0.00481,0.44673074217206804,1.5134266582600142,0.63177,0.00963,0.62455,-0.07461,0.666062898281394,-0.4980138408853119,-0.3988565921813484,4.684246510942439,0.67509,4.989049809096155,0.67148,0.0,0.2439359319881128,0.10108,0.5006,0.03129,0.65945,0.14079,0.60463,0.02019,6.136648717168307,0.04452,0.61733,-0.00963,0.61372,-0.09146,0.0
1.0,0.74449,-0.0239,0.70772,0.9465103249886919,0.72243,0.16912,0.79228,-0.2355356176907637,-2.8442420467194904,0.43934,0.63787,0.00551,0.70772,4.684246510942439,1.0,0.06066,0.61029,0.05147,0.67463,0.04228,0.52022,-0.25,0.72978,-0.15809,5.7028149556721965,0.07124,0.30882,0.0864,0.55916,0.07458,-1.5857408884985384,0.21691,0.0
1.0,0.61538,0.18923,0.78157,0.0178,0.77486,0.02647,0.65077,-0.10308,0.77538,0.08,0.73961,0.0506,0.72322,0.05776,0.68615,-0.08923,0.61692,0.16308,0.66233,0.07573,6.369205540694981,-1.6962166887484333,0.60154,-0.07231,5.7028149556721965,0.08767,0.55077,0.25692,0.53389,0.09207,0.50609,0.09322,0.0
1.0,0.68317,0.05375,0.84803,0.00202,0.84341,0.00301,0.843,0.7420412982992124,6.10826013532234,0.6534581117122544,0.81892,0.00585,0.80738,-0.1986827613762474,0.80622,1.0817785845357055,0.77935,-0.03536,0.76365,0.00909,0.74635,0.00978,0.79632,-0.04243,0.70824,0.01096,0.62235,0.11598,0.66624,0.0119,0.64407,0.01227,0.0
1.0,0.5,0.0,0.38696,0.10435,-0.3912672493299731,1.1243133385773743,0.46957,-0.03913,0.35652,-1.5433709365533725,0.45652,0.04783,0.50435,0.02609,0.35652,0.19565,0.42174,0.14783,6.405460103906824,-0.02609,0.32174,-0.11304,0.47391,-0.0087,0.41789,0.06908,-0.723123637002685,0.03913,0.35217,0.14783,0.44783,-1.8342118197365658,0.0
1.0,0.7983,0.09417,0.78129,0.20656,0.71628,0.28068,0.6932,0.41252,0.65917,0.4320366405301039,0.57898,0.60814,0.4921,0.58445,0.7642049113935301,0.67861,0.29587,0.63548,0.09599,0.68104,0.02066,0.72236,-0.08748,0.63183,-0.11925,0.60696,-0.18226,0.22332349515229538,-0.25516,0.51701,-0.27339,0.42467,0.0
1.0,1.0,0.09802,1.0,0.25101,0.9839,1.3226133554867465,0.80365,0.5302,0.74977,0.60297,0.56937,0.71942,0.55311,0.74079,0.29452,2.5781517980177067,0.21137,0.79777,-1.6551760128285806,0.82162,-0.01734,0.7987,-0.15144,0.75596,-0.22839,0.69187,-0.31713,0.60948,6.111874791121124,0.54522,-0.42815,0.44534,-1.1623457580471366
1.0,0.8941,0.5042663418830071,0.87001,0.31543,0.78896,0.43388,0.63388,0.7419558231548867,0.54003,0.71016,6.628998634685632,0.76161,0.24266,0.79523,0.09134,0.79598,-0.09159,0.76261,-0.20201,0.66926,-0.30263,0.6261,-0.40552,0.50489,-0.46215,0.40753,-0.50314,0.27252,-2.0214015170647457,0.19172,-0.48808,4.678063204285428,0.0
1.0,0.94631,4.457630905711187,0.90946,0.33143,0.85096,0.4996,0.73678,0.63842,0.59215,0.73838,0.48698,0.83614,0.30459,0.90665,0.17959,0.93429,-0.00701,0.93109,1.6618828945957256,0.89383,-0.33023,0.82492,-0.46534,0.76482,-2.4890303077173384,0.66335,6.136648717168307,0.52564,-0.75321,0.42488,-0.8121,0.26092,-0.25703748876060234
1.0,0.15034829148673667,0.18198,0.8609,0.35543,-2.0941862825381667,0.45747,0.60425,0.69865,0.50376,3.6508752889394858,0.361,0.81795,6.880298017207723,0.83558,0.00396,0.8521,-0.1639,0.77853,6.405460103906824,0.76193,-0.43087,0.65385,-0.5314,5.029637501006215,-0.60328,0.40972,-0.64511,0.27338,-0.6571,0.13667,-0.64056,0.05394,0.0
1.0,0.76627,0.21106,0.63935,0.38112,0.48409,0.525,0.15,0.22273,0.13753,0.59565,-0.07727,0.44545,0.0,0.48636,-0.27491,0.42014,-0.56136,0.36818,-0.36591,0.18864,3.87680588160326,0.07588,-0.38483,-0.03229,-0.33942,-0.12486,-0.2754,-0.19714,-0.19962,-0.24648,-0.11894,-0.27218,0.991434716810711
1.0,0.5894,-1.5277397210018524,0.8543,0.55298,0.81126,0.07285,0.56623,0.16225,0.32781,0.24172,0.50331,0.12252,-1.5960117128818798,0.19868,0.71854,0.42715,0.54305,0.13907,0.65232,0.27815,0.68874,0.07285,0.51872,2.309185836016967,0.49013,0.27687,0.46216,0.28574,0.43484,0.29324,0.40821,0.29942,5.178568289029093
-0.19111995631061673,1.0,0.11385,0.70019,-0.12144,1.7780526684535802,0.09677,0.71157,-0.25924783319368605,0.56167,-0.0778,0.6907,0.12524,-0.09010876127579104,0.03985,0.53131,-0.03416,0.6945,0.16888,0.72676,0.07211,0.32068,0.05882,0.53321,0.37381,0.4909,0.17951,0.45532111362712885,0.32448,0.44141,0.18897,0.56167,0.1518,0.0
3.9911771479309364,0.84843,0.06794,0.80562,1.0798111340705951,0.77031,-0.03299,0.66725,-0.0662,0.59582,-0.07666,0.6726,-0.05771,0.6426,-1.153932672029045,0.39199,0.0453,0.71254,0.01394,-0.7550486178430486,-0.08039,0.5343,-0.08453,-0.12377424260651637,-1.5741043198268416,0.48659,-0.09128,4.419609674823721,-0.08537,2.110758855337532,-0.09621,0.42223,-0.09808,0.0
1.0,1.0,0.08013,0.96775,-0.00482,0.96683,-0.00722,0.8798,-0.03923,1.0,0.01419,6.628998634685632,-0.01436,0.95947,-0.01671,0.98497,0.01002,0.91152,-0.08848,0.95016,-2.3350924901630528,0.94636,1.1348755110353983,0.98164,0.02003,0.93772,-0.03034,1.0,-0.05843,2.6538682424750437,-0.03464,5.6320529416906036,-0.03673,0.0
1.0,0.47938,-0.12371,0.42784,-0.12371,0.70103,-0.39175,0.73196,0.07216,0.26289,-0.21649,0.49485,0.15979,0.45361,-0.11856,0.42268,0.06186,0.5,-0.2732,0.54639,0.18557,0.42268,0.08247,0.70619,0.19588,0.53396,-0.12447,0.15464,-0.26289,0.47423,0.04124,1.5788233962413607,-0.51546,0.0
1.0,0.6351,4.457630905711187,0.7653,0.02968,0.61432,5.3407935767817225,0.65358,-0.00462,0.64203,0.08314,0.79446,-0.43418,0.72517,0.54965,0.59584,0.13857,0.6351,0.2194,0.63279,-0.25404,0.70951,0.15359,0.64665,0.23095,0.68775,3.355115237468454,0.61663,-0.24754353265189077,0.66316,0.19841,2.0007253590090137,0.36721,0.0
1.0,0.50112,-0.03596,0.61124,0.01348,0.58876,5.3407935767817225,3.217475303746469,-1.6095998309130293,1.1756422855524038,-0.00449,0.71685,-0.04719,0.66517,0.00899,0.57303,0.02472,0.64719,-0.07416,0.56854,5.199288354134316,0.57528,-0.03596,6.185749120402306,0.04944,5.7028149556721965,0.00824,0.4764,-0.03596,1.4339805032874282,0.10562,0.60674,-0.0809,-0.9683571999102726
1.0,0.71521,-0.00647,0.66667,4.731930016342582,0.63107,-0.05178,5.5788312585895525,0.08091,6.10826013532234,5.0941783785894685,0.64725,0.15858,0.60194,0.49924906437280614,0.54369,-0.04531,0.46926,-0.10032,0.64725,-0.22275492676750558,0.39159,0.21683,0.52427,-0.05502,0.45105,0.0004,0.31392,-0.06796,0.49191,-0.1068,0.30421,-0.05178,0.0
1.0,0.68148,-0.08766076978137617,0.77037,0.03457,0.65185,0.08148,0.60988,-0.00494,0.79012,0.11852,0.59753,0.04938,0.62469,0.0963,0.78272,-0.17531,0.73827,-0.10864,0.48642,0.00988,0.60988,0.08148,0.66667,-0.1284,-0.7089190035263874,-0.02451,0.76543,0.02222,0.61235,-0.0716,0.51358,4.678063204285428,0.0
1.0,0.60678,-0.02712,0.67119,0.04068,0.52881,-0.04407,0.50508,0.03729,0.70508,-0.07797,-0.39519127051060465,-0.02034,0.5322,0.07797,0.64068,0.11864,0.56949,-3.2445746937041484,0.9820158636675822,0.00678,0.71525,-0.0339,0.52881,2.0761273065758794,0.57262,0.0075,6.136648717168307,0.12981799336726957,6.111874791121124,-0.02712,0.50169,0.0678,0.0
1.0,0.49515,0.09709,0.29612,0.05825,0.34951,0.0,0.57282,-0.02427,0.58252,0.02427,0.33495,0.04854,6.880298017207723,0.00485,0.47087,-0.1068,0.43204,0.00485,0.34951,0.05825,0.18932,0.25728,0.31068,-0.15049,0.36547,0.03815,0.3932,0.17476,0.26214,0.0,0.37379,1.3793259949663383,0.0
1.0,0.98822,0.02187,0.93102,0.341,0.83904,0.35222,0.74706,0.48906,6.10826013532234,0.51879,0.55076,0.60179,0.4313,0.66237,0.318,0.70443,2.9385644987415533,0.68873,0.07515,0.73696,0.06338,0.71284,-0.16489,0.69714,-0.16556,0.6051,-0.16209,0.55805,-0.34717,0.44195,-0.33483,0.37465,0.0
1.0,0.97905,-0.3872553135047302,0.90112,0.35237,0.82039,0.48561,0.7176,0.64888,0.58827,2.7616461921305264,0.40349,0.83156,0.2514,0.84804,0.047,0.85475,6.6145476756881365,0.79749,-0.2618,1.1942762603507853,-0.37835,0.48630137337021656,-0.51034,0.58324,-0.57587,0.4604,-0.61899,0.30796,-0.65754,0.18345,-0.64134,0.02968,0.0
1.0,0.99701,0.21677,0.91966,0.4703,0.5326387534054849,1.9879827584625815,0.53312,0.7812,0.36774,0.1383994680173063,0.10107,0.83312,-0.06827,0.89274,1.7645502705091674,0.72073,-0.43707,0.61688,-0.55769,0.4812,-1.2718295908545503,0.35534,-0.64658,0.15908,-0.66651,0.02277,-0.64872,-0.13462,-0.54615,-0.22949,1.4941827789402964,-0.35032,0.0
1.0,5.607210863876557,4.457630905711187,0.96132,0.40803,0.80514,0.56569,0.56687,0.7083,0.41836,0.8323,0.14939,0.89489,0.05167,0.93682,-0.24742,0.83939,0.23112370431693918,0.75554,-4.300764081980361,0.62563,-0.65515,0.50428,-0.68851,0.30912,-0.77097,-1.475439165245586,6.136648717168307,-0.04399,-0.75199,-0.17921,-0.66932,4.678063204285428,0.0
1.0,0.93972,0.28082,0.80486,0.52821,0.58167,0.73151,5.5788312585895525,0.80511,6.10826013532234,0.90403,-0.20015,0.89335,-0.3973,0.82163,-0.58835,0.62867,-0.76305,0.40368,-0.81262,0.18888,-0.81317,-0.04284,-0.75273,-0.26782578093622433,-0.63237,-0.46438,6.136648717168307,-0.61446,-0.26389,-0.70835,-0.08937,-0.71273,0.0
1.0,0.89835,0.35157,0.67333,0.62233,0.43898,0.94353,-0.03643,5.034265938660302,-0.22838,0.75334,-0.25137,1.9477768186698312,6.880298017207723,0.28415,-0.6675,4.989049809096155,-0.47359,-0.06193,6.405460103906824,5.199288354134316,-0.33197,-0.47592,-0.12897,1.351713673775531,0.07158,-0.51925,0.24321,-3.24598020517053,0.36586,-0.30057,0.42805,0.13297,5.178568289029093
1.0,0.29073,-0.9091304177860875,0.23308,1.9999104661505762,0.03759,5.3407935767817225,0.1203,0.26316,0.06266,0.21303,-0.04725,0.12767,-0.06333,0.07907,-0.06328,0.04097,-0.05431,-1.2832226100863249,-0.04166,-0.0028,6.369205540694981,-0.16215963944329426,-0.01755,-0.01505,-0.00886,-0.01475,-0.0028,-1.831488330681602,0.00096,-0.00948,0.0029,-0.00647,0.0
1.0,0.58459,4.457630905711187,1.0,0.35338,0.75376,-0.00564,0.82519,1.6161793582747428,0.50188,-0.27632,0.65977,0.06391,0.69737,0.14662,0.72368,0.8813772526401704,0.76128,0.04511,0.66917,0.20489,0.84774,-0.40977,4.269142197034371,0.7948521803261899,0.56836,-0.10571,0.5282,-0.13346,0.15602,-0.12218,0.44767,-0.10309,0.0
1.0,0.83609,0.13215,0.72171,0.06059,0.5511866800780667,0.08315,-3.010143849576983,5.034265938660302,0.43837,0.2033,0.49418,0.12686,0.44747,0.13507,0.29352,0.02922,1.6662581417001352,0.15756,0.32835,0.14616,0.29495,1.3162108340764893,-1.043272842914358,5.029637501006215,1.9584454305428645,0.14314,6.136648717168307,0.16137,0.18767,0.13632,1.2029519897952907,1.341689481792655,0.0
1.0,0.9408,0.11933,0.85738,0.01038,0.85124,0.01546,0.76966,-0.00278,0.84459,0.10916,0.83289,0.03027,0.8268,0.03506,0.74838,0.01943,0.029776183012532043,0.02405,0.80862,0.04901,0.80259,0.05352,6.185749120402306,0.0222,0.79058,0.06235,0.85939,0.09251,0.77863,0.0709,0.77269,0.07508,0.0
1.0,0.87111,-0.14235834567227748,0.79946,0.18297,0.99009,0.29292,1.861997065834983,-0.08337,1.7919183785235686,-0.02028,0.90446,-0.26724,0.8941,0.19964,0.88644,-0.04642,6.6145476756881365,0.8606968332973789,0.97882,-0.34024,2.9585771056182772,-0.25101,0.86661,-0.09193,0.85967,-0.9953676756678311,2.612810579018541,-0.04101,0.75935,0.21812,2.497328346351421,4.678063204285428,0.0
3.9911771479309364,0.74916,0.02549,5.777690578596675,0.09792,0.75855,0.12877,0.74313,-0.09188,-0.8919758182476059,0.02482,0.97921,-0.00469,0.9611,0.10195,0.91482,0.03756,0.71026,0.02683,0.81221,-0.08048,1.0,0.0,0.71764,-0.01207,0.82271,5.411246430105635,0.72435,-0.01073,0.90409,0.11066,0.72837,0.0275,0.0
0.8392017832732308,0.47337,0.19527,0.06213,-0.18343,1.554071406507082,0.01006,0.45562,-0.04438,0.56509,0.01775,0.44675,0.49237023008229597,0.71598,-0.03846,0.55621,0.12426,0.4142,0.11538,0.52767,5.199288354134316,0.51183,-0.10651,0.47929,-0.02367,0.46514,0.03259,0.5355,0.25148,0.31953,-0.14497,0.34615,-0.00296,0.0
1.0,0.59887,0.14689,0.69868,-0.13936,0.85122,-0.13936,0.80979,0.02448,0.50471,0.02825,0.6742,-0.0452,0.80791,-0.5005036855616849,0.9703368979537343,-0.24482,0.81544,-0.14313,0.70245,-0.00377,0.33333,0.06215,0.56121,-0.33145,0.61444,-0.0031395853861529155,0.52731,-0.02072,0.53861,-0.31262,0.6742,-0.22034,-2.6223384000328496
1.0,2.0264521786125957,-0.8621654934429563,5.777690578596675,-0.08493,0.81953,0.0,0.73673,-0.07643,0.71975,-0.13588,0.74947,5.01314243130377,1.6088231369450456,-0.18684,0.78132,-0.21231,0.61996,-0.10191,0.79193,-0.15711,0.89384,-0.03397,0.84926,-0.26115,0.74115,-0.23312,0.66242,-0.22293,0.72611,-4.942307615701434,0.65817,-0.24841,0.0
1.0,0.87772,-0.08152,0.83424,0.07337,0.84783,0.04076,0.77174,-0.02174,0.77174,-0.05707,0.82337,-0.10598,0.67935,4.684246510942439,6.610412013967866,-0.20924,0.83424,0.03261,0.86413,-0.05978,0.97283,-0.27989,0.85054,-0.1875,0.83705,-0.10211,0.8587,-0.03261,6.111874791121124,-0.1087,0.79076,-0.00543,0.0
1.0,0.74704,-0.13241,0.53755,0.16996,0.72727,0.09486,0.69565,-0.11067,0.66798,-0.23518,0.87945,-0.1917,0.73715,0.7504820520788791,0.63043,-0.00395,0.63636,5.131336295111538,0.79249,-0.25296,0.66403,-0.28656,0.67194,-0.10474,0.61847,-0.12041,6.136648717168307,-0.20949,0.37549,0.06917,0.61067,-0.01383,0.0
2.35987053671467,0.46785,0.11308,1.1945823522304353,0.00665,0.55432,0.06874,0.47894,-0.13969,0.52993,0.0133,0.63858,-0.16186,0.67849,-0.03326,0.54545,1.649065549143405,0.52993,-0.04656,0.47894,-0.19512,0.50776,-0.13525,0.41463,-0.20177,0.37729312022639727,-0.11455,0.59867,-0.02882,3.899372669634385,-0.11752,0.56319,-0.04435,0.0
1.0,0.88116,0.27475,0.72125,0.42881,0.61559,0.63662,0.38825,0.90502,0.09831,0.96128,-0.20097,0.892,-0.35737,0.775,-0.65114,0.6221,-0.78768,0.45535,-0.81856,0.19095,-0.83943,-0.08079,-0.78334,-0.26356,-0.67557,-0.45511,-0.54732,5.041804212623102,-0.30512,-3.525443319443186,5.6320529416906036,-0.75597,0.0
1.0,0.93147,0.29282,0.79917,0.55756,0.59952,0.71596,0.26203,0.92651,1.8460719993598307,0.96748,-0.23237,0.9513,-0.55926,4.684246510942439,-0.73329,0.62385,-0.90995,0.362,6.405460103906824,0.0604,-0.93618,-0.19838,-0.83192,-0.46906,-0.65165,-0.69556,-0.41223,-0.85725,-0.1359,-0.93953,0.10007,-0.94823,0.0
1.0,0.88241,0.30634,5.777690578596675,0.57816,0.34109,0.58527,0.42109678288846275,1.0,2.9109464230344706,0.92118,-2.240351884172123,0.71996,-0.69767,0.32558,-0.81422,0.41195,-1.0,-0.00775,-0.78973,5.199288354134316,-0.76901,-0.45478,-0.57242,-0.67605,-0.3161,-0.81876,-0.02979,-0.86841,0.25392,-0.82127,0.00194,-0.81686,0.0
1.0,0.5587200203883818,0.28993,0.69256,0.47702,0.49234,-0.40389357452486707,1.8168334591211868,0.86761,-0.08096,0.85011,-0.35558,-0.3788464926234816,-0.52735,-1.647555404821921,-0.7035,0.31291,-0.75821,0.03939,-0.71225,-0.15317,-0.58315,-0.39168,6.185749120402306,0.019658600434570683,-0.1695,-0.60863,6.136648717168307,-0.61488,6.111874791121124,-0.48468,0.40591,-3.5048333839354613,0.0
1.0,0.9287,0.33164,0.76168,0.62349,-0.12463944727395382,0.84266,5.5788312585895525,0.95193,-0.13956,0.96167,-0.47202,0.8359,-0.70747,0.6549,-0.87474,0.3675,-0.91814,0.05595,-0.89824,-0.26173,-0.73969,-0.54069,0.1198694777747612,-0.74735,-0.22323,-0.86122,0.0781,-0.87159,0.36021,-0.78057,0.59407,-0.6027,0.0
1.0,0.83367,0.31456,0.65541,0.57671,0.34962,0.70677,0.17293,5.034265938660302,-0.18976,0.79886,-0.41729,0.66541,-0.68421,4.684246510942439,-0.74725,0.19492,-0.7218,-0.3090192108284838,-0.6203,-0.28195,-0.49165,-0.53463,-0.26577,-0.66014,0.5299307625978563,-0.69706,2.937414098021371,-0.64428,0.431,-0.51206,2.255145973392158,-0.30075,0.0
1.0,0.98455,-0.02736,0.98058,-0.04104,1.0,5.3407935767817225,0.9872,0.01456,0.95278,-0.02604,0.985,-0.07458,0.99382,-0.07149,0.97396,-0.09532,0.97264,-0.12224,0.99294,-0.05252,0.95278,-0.08914,0.9783068040068695,-0.08341,0.96653,-0.12912,0.93469,-0.14916,0.97132,-0.15755,0.96778,4.678063204285428,0.0
1.0,0.94052,4.457630905711187,0.9417,0.01001,0.94994,-0.01472,5.5788312585895525,-0.0106,0.94641,-0.0371,0.97173,-0.01767,0.97055,-0.03887,0.95465,-0.04064,0.9523,-0.04711,0.94229,-0.02179,0.92815,-0.04417,6.185749120402306,-0.04476,0.92695,-0.05827,3.82021243017251,-0.07479,0.91991,-0.07244,5.6320529416906036,-0.0742,0.0
1.0,3.6931873241949122,-0.14384,0.91324,-0.00228,0.96575,-0.17123,0.9863,0.18265,6.10826013532234,0.00228,0.93607,-0.08447,-1.0505257486768924,-0.00228,0.86758,-0.14616884344155467,0.97032,-0.21233,1.0,0.10274,0.92009,-0.05251,0.92466,0.06849,0.94043,-0.09252,0.97032,-0.20091,-0.8722548494881999,-0.08676,0.96575,-0.21918,0.0
1.0,0.52542,-0.0339,0.46273177967228163,0.08475,5.4422999998059725,-0.16949,0.30508,-0.01695,0.50847,-0.13559,0.64407,0.28814,0.83051,4.684246510942439,0.54237,4.989049809096155,0.55932,0.0339,0.59322,0.30508,0.86441,0.05085,0.40678,-0.5968995153063307,0.67287,-0.00266,0.66102,-0.0339,0.83051,0.2949908040463616,0.76271,-0.10169,0.0
3.9911771479309364,5.607210863876557,-0.19795175794407283,-0.142101097246838,0.22222,0.38889,0.16667,0.41667,0.13889,0.5,-0.11111,0.54911,-0.08443,0.58333,0.33333,0.55556,0.02778,0.25,5.131336295111538,0.47222,3.5626301375313605,0.52778,-0.02778,0.38889,-1.0328634314921081,0.41543,-0.14256,0.19444,-0.13889,0.36924,-0.14809,0.08333,-0.5,0.0
1.0,0.51207,1.0,1.0,0.5381,0.71178,0.80833,5.5788312585895525,0.46427,0.33081,1.0,1.4588118552043423,5.01314243130377,-0.17416,1.0,-0.33081,4.989049809096155,-0.61382,1.0,-0.52674,0.71699,-0.885,0.47894,6.185749120402306,0.35175,-1.0,1.4586829300924022,6.136648717168307,-0.16713,-1.0,-0.42226,-0.91903,-0.65557,0.0
1.0,0.75564,0.49638,0.8355,0.54301,5.4422999998059725,0.72063,0.35225,0.70792,0.13469,0.94749,-0.09818,-0.4547733856484245,-0.37604,0.82223,-0.52742,-0.8822038597145782,-0.68358,0.67989,-0.70163,0.24956,-1.56107103211184,0.02995,-0.98988,-0.29099,-0.70352,-0.32792,-0.63312,-0.19185,-0.34131,-0.60454,-0.19609,-0.62956,0.0
1.0,0.83789,-1.3408983482549361,0.72113,-1.4772052649123477,0.45625,0.78115,0.1647,0.82732,-0.13012,0.86947,-0.46177,0.78497,-0.59435,0.5207,-0.7847,0.26529,-0.84014,-0.2512368392567748,-0.62041,-0.31351,-0.47412,-0.48905,2.0908884837525066,-0.67796,-0.05054,-0.62691,0.1469,-0.45911,0.37093,-0.39167,1.6761933260828132,-0.24313,0.0
1.0,0.93658,0.35107,0.75254,-1.0322453183676967,0.45571,0.88576,0.15323,0.95776,-0.21775,0.96301,-0.56535,0.83397,6.880298017207723,0.58045,-0.93104,0.2602,-0.93641,-0.06418,-0.87028,-0.40949,-0.65079,-0.67464,-0.36799,-0.84951,-0.04578,-0.91221,0.2733,-0.85762,0.54827,-0.69613,0.74828,-0.44173,0.5482349734410062
1.0,0.92436,0.36924,0.71976,0.6842,5.4422999998059725,0.94078,-0.11108,0.76527,-0.31605,0.92453,-0.66616,0.78766,-0.92145,0.42314,-0.94315,0.09585,-1.0,0.03191,-0.66431,-0.66278,-0.4601,-0.78174,-0.13486,-0.88082,0.19765,-0.85137,0.48904,-0.70247,0.69886,-0.46048,0.76066,-0.13194,0.0
1.0,1.913041225843997,0.16195,1.0,-0.05558,1.0,0.01373,1.0,-0.12352,1.0,-0.5506287671777024,1.0,-0.01731,1.0,-0.06374,6.610412013967866,-0.07157,2.4964558653253075,0.059,1.0,-0.10108,1.0,-0.02685,1.0,-1.2823556315165514,1.0,-0.06823,1.0,0.08299,1.0,-0.14194,-1.2668773836412908,4.678063204285428,0.0
1.0,0.95559,-0.00155,0.86421,-0.13244,0.94982,-0.00461,0.82809,-0.47284770578251545,0.92441,0.10368,1.0,-0.14247,0.99264,-0.02542,0.95853,4.989049809096155,0.84013,0.61739,1.0,-0.16321,0.87492,-0.08495,0.5230700263113988,-0.01664,0.84132,-0.01769,6.136648717168307,-0.01867,0.80634,-1.899330155504698,0.78761,-0.02039,0.0
3.9911771479309364,0.79378,0.29492,0.64064,0.52312,0.41319,0.1586555658068599,0.14177,0.83548,-0.16831,0.78772,-0.8274859431534267,0.72328,-0.57165,0.41471,-0.75436,0.16755,-0.69977,-0.09856,-0.57695,-0.23503,-0.40637,5.222919721904806,-0.17437,-0.5254,0.01523,-0.48707,0.1903,-0.38059,0.31008,-0.23199,1.0862387170681154,-0.08036,0.0
1.0,0.88085,0.35232,0.68389,0.65128,0.34816,0.79784,0.05832,0.90842,-0.29784,0.8649,-0.62635,0.6959,-0.77106,0.39309,6.610412013967866,0.08408,-5.016008772706563,-0.24017,-0.64579,-0.50022,-0.39766,-0.68337,-0.11147,-0.75533,0.17041,-0.71504,0.40675,-0.57649,0.56626,5.116314591873182,0.62765,-0.13305,5.178568289029093
1.0,0.89589,0.39286,0.66129,0.71804,0.29521,0.90824,-0.04787,0.94415,-0.45725,0.84605,-0.7766,0.58511,-0.92819,4.684246510942439,-0.92282,-0.15315,-0.76064,-0.48404,-0.704545343374587,-0.76197,-0.14895,-0.88591,0.21581,-0.85703,0.53229,-1.0030106843063016,6.136648717168307,-0.40656,0.83142,-0.07029,0.76862,0.27926,0.0
1.0,1.0,-0.24051,1.0,-0.20253,5.4422999998059725,-0.10127,0.88608,-1.1639642714874288,1.0,0.11392,0.92405,0.06329,0.8481,-0.03797,0.63291,-0.36709,0.87342,-0.01266,0.93671,0.06329,0.9545061067534755,0.25316,0.62025,-0.37975,0.84637,-0.0554,1.0,-0.06329,0.53165,0.02532,0.83544,-0.02532,0.0
1.0,0.7479,0.0084,0.83312,0.01659,0.82638,0.02469,0.86555,0.01681,0.60504,0.05882,0.79093,0.04731,0.77441,0.05407,0.64706,2.7676944277940763,0.84034,0.04202,0.71285,0.07122,0.68895,0.07577,0.66387,0.08403,0.63728,0.08296,0.61345,0.01681,0.58187,0.08757,5.6320529416906036,0.08891,0.0
1.0,0.85013,0.01809,0.92211,0.01456,0.92046,5.3407935767817225,0.92765,2.3574780349516824,0.87597,0.1137,0.91161,0.0432,0.90738,0.05018,0.87339,0.02842,0.95866,0.0,0.89097,0.07047,0.8843,0.07697,0.83721,0.10853,0.86923,0.0895,0.87597,0.08786,2.2034125741456094,1.4576928888655323,0.84258,0.10698,0.0
1.0,0.7118194221567449,-0.01179,1.0,-0.00343,5.4422999998059725,-0.01565,-0.403067732933978,-0.01565,1.0,-0.02809,1.0,-0.02187,-0.41283960750728255,4.684246510942439,-1.640881492635521,-0.03238,0.99314,-0.03452,1.0,-0.03881,1.0,-0.05039,1.0,5.029637501006215,0.99842,-0.05527,0.4932180991859868,-0.06304,0.99057,5.116314591873182,0.98971,-0.06668,0.0
1.0,0.89505,-0.03168,0.87525,0.05545,0.89505,5.3407935767817225,0.92871,0.02772,0.91287,-0.0099,0.94059,-0.01584,0.91881,0.03366,0.93663,0.0,0.94257,0.01386,0.90495,0.00792,0.88713,-0.01782,0.89307,0.02376,0.89002,0.01611,0.88119,0.00198,0.87327,0.04158,0.86733,0.02376,0.0
1.0,0.90071,0.01773,1.0,-0.01773,0.062218427617205085,0.00709,0.84752,0.05674,1.0,0.03546,0.97872,0.01064,0.97518,0.03546,1.0,-0.03191,0.89716,-0.03191,0.8617,0.07801,1.0,0.0922,0.90071,0.0461,0.94305,0.03247,0.94681,0.02482,1.0,-0.2264033841429058,0.93617,0.02128,0.0
1.0,5.607210863876557,-0.10894412763344025,0.62655,0.0127,0.45455,0.09091,0.63636,0.09091,0.21212,5.0941783785894685,0.57576,0.15152,0.39394,0.0,0.56156,0.04561,0.51515,0.0303,0.78788,0.18182,0.30303,-0.15152,0.48526,0.05929,0.46362,0.06142,0.33333,5.041804212623102,-1.011800576175115,0.0641,0.39394,0.24242,5.178568289029093
1.0,0.86689,0.3595,0.72014,0.66667,0.37201,0.83049,0.08646,0.85893,-0.24118,0.86121,-0.51763,0.67577,-3.640284752211725,0.41524,-0.77019,0.09898,-0.69397,-0.13652,-0.49488,-0.42207,6.369205540694981,-0.57679,-0.02844,-0.59954,0.13854975883800233,-0.53127,0.32309,-0.37088,0.46189,-0.19681,0.40956,0.0182,0.0
1.0,0.89563,0.37917,0.67311,0.69438,0.35916,0.88696,-0.04193,0.93345,-0.38875,0.84414,-0.67274,0.62078,-0.8268,0.30356,-0.8615,4.989049809096155,-0.73564,-0.8079621204997426,-0.51778,-0.62443,6.369205540694981,-0.73855,0.06911,-0.73856,0.33531,-0.62296,0.52414,-0.42086,0.61217,-0.17343,0.60073,0.0866,0.0
1.0,0.90547,0.41113,0.65354,0.74761,0.29921,0.95905,-0.13342,0.9782,-0.52236,-1.0739332256525769,-0.79657,-0.26135061008649163,-0.96631,-0.0855110912523,-0.93001,-0.41520441732038604,-0.71863,-0.59379,-0.41546,-0.85205,-1.2673443082708302,-0.93788,0.6964898967820505,-0.85368,0.67538,-0.61959,0.85977,-0.28123,0.88654,0.098,0.75495,0.46301,0.0
1.0,1.0,-0.4890805987155591,0.367,0.06158,-1.0874344051256188,0.92713,-0.27586,0.93596,-0.31527,0.37685,-0.87192,0.36946,-0.92857,-0.08867,0.5539876682340676,-0.34236,-0.46552,-0.82512,-1.5368645306382578,-0.93596,0.25616,-1.7592871889117827,0.73792,-0.49338440156019886,0.85471,-0.06831,1.0,1.0,0.3867,0.00246,0.17758,0.7979,0.0
1.0,1.0,0.51515,0.45455,0.33333,0.06061,0.36364,-0.32104,0.73062,-0.45455,0.48485,-0.57576,5.01314243130377,-0.57576,-0.9075969861296332,-2.9173082712367373,-0.48485,-0.09091,-0.84848,0.48485,-0.57576,6.369205540694981,-0.42424,1.0,-0.39394,0.72961,0.12331,0.03919516172042958,1.859015229369467,3.748700482372777,0.36364,0.09091,0.33333,0.0
3.9911771479309364,0.8811,0.0,0.94817,-0.02744,0.93598,-0.0122,0.90244,-2.926548903544155,0.90244,0.01829,0.93902,0.00915,3.495752473159822,0.00305,1.0,0.02744,0.94207,-0.0122,0.90854,0.02439,0.91463,0.05488,0.99695,0.04878,0.89666,0.02226,0.90854,0.00915,1.0,0.05488,0.97561,-0.0122,0.0
1.0,1.0423584335688747,0.08156,0.79078,-0.08156,0.90426,-0.01773,2.135929306230003,0.01064,0.80142,0.08865,0.94681,-0.00709,0.94326,0.0,0.93262,0.20213,0.95035,-0.00709,0.91489,0.00709,0.80496,0.07092,0.91135,0.15957,0.89527,0.08165,0.7766,0.06738,0.92553,0.18085,0.92553,0.0,0.0
0.5589330977107465,1.7889060847730316,0.10638,0.88706,0.00982,0.88542,0.01471,0.87234,-0.01418,0.7305,0.10638,0.87657,0.02912,0.87235,0.03382,0.95745,0.07801,0.95035,5.131336295111538,1.6952919606307275,0.04743,0.84931,0.05178,0.87234,1.0691524901807696,0.83429,0.06014,0.74468,-0.03546,0.8171,0.068,5.6320529416906036,0.07173,0.0
1.0,0.87578,0.03727,0.89951,0.00343,0.8921,0.0051,0.86335,0.0,0.95031,0.07453,0.87021,0.00994,0.86303,0.01151,0.83851,-0.06211,0.85714,0.02484,0.84182,0.01603,0.83486,0.01749,0.79503,-0.04348,0.82111,0.02033,0.81988,0.08696,0.80757,0.02308,0.80088,4.678063204285428,0.0
1.0,0.97513,0.25768291075883776,0.98579,0.01954,1.0,-1.2147243135782513,0.569210164150731,0.01599,0.95737,0.49718079019625244,0.97158,0.03552,1.0,1.0180799940400023,0.97869,4.989049809096155,0.98579,0.05684,0.97158,0.04796,0.94494,0.05506,0.98401,0.03552,0.9754,5.411246430105635,0.94849,0.08171,0.99112,0.06217,0.98934,0.09947,0.0
2.2148633172548964,1.0,0.01105,1.0,0.01105,1.0,0.0232,0.99448,-0.01436,0.99448,-0.00221,0.98343,0.0232,1.0,0.00884,0.97569,0.00773,6.6145476756881365,0.01657,0.98011,0.00663,0.98122,0.02099,0.97127,2.3297990491825478,0.98033,0.016,0.97901,0.01547,0.98564,0.02099,0.98674,0.02762,0.0
1.0,1.0,-0.01342,1.0,0.01566,1.0,-0.00224,1.0,0.31348267916280215,0.97763,0.04474,0.95973,0.02908,1.0,0.06488,0.98881,0.03356,1.0,0.03579,0.99776,0.09396,0.95749,0.07383,3.831420250128046,0.10067,0.99989,0.08763,0.99105,5.041804212623102,6.111874791121124,0.10067,1.0,0.10067,0.0
1.0,1.1107517039710555,0.36724,1.0091641278135315,0.67382,0.39613,0.86399,0.02424,0.93182,-0.35148,0.83713,6.628998634685632,0.58842,-0.78658,0.38778,-0.83285,-0.00642,-0.69318,-0.32963,-0.52504,-0.53924,-0.27377,-0.68126,0.00806,-0.69774,0.26028,-0.60678,-2.697556894613886,1.924270055929775,6.111874791121124,-0.21542,2.195069376776016,0.02823,0.0
1.0,0.90147,0.41786,0.64131,0.75725,0.3044,0.95148,-1.4849685548329439,0.96534,-0.55483,0.81191,-0.81857,0.50949,-0.96986,1.7938741794493687,6.610412013967866,-0.31412,-0.70163,-0.65461,-0.32354,-0.88999,0.05865,-0.94172,0.44483,-0.82154,0.74105,-0.55231,0.89415,-0.18725,0.87893,2.03103724981819,0.70555,0.54852,0.0
1.0,0.32789,0.11042,0.1597,4.731930016342582,0.1402,0.74485,-0.25131,0.91993,0.16165315175448375,0.26664,-0.63714,0.24865,-0.9765,-0.00337,-0.23227,-0.1476549127160674,-0.30522,-0.48886,-0.14426,-0.89991,0.09345,-0.28916,0.28307,5.029637501006215,0.39599,-0.11498,0.31005,0.05614,0.21443,0.2054,0.13376,0.26422,0.0
1.0,0.8723031537328304,0.43617,0.44681,0.74804,0.05319,0.85106,-0.32027,0.82139,-0.68253,0.52408,-0.84211,0.07111,-0.82811,-0.28723,-0.47032,-0.71725,-0.04759,-0.86002,1.3600441309699969,-0.76316,0.56663,-0.52128,0.743,-0.18645,0.74758,0.23713,0.45185,0.59071,0.20549,0.76764,-0.18533,0.74356,0.5910354538539863
1.0,0.19466,0.05725,0.04198,0.25191,-0.10557,0.48866,-0.18321,-0.18321,0.030239640176810467,0.06107,-0.4542,-0.31479488502349867,-0.16412,-0.30534,-0.10305,-0.39695,0.18702,-0.17557,0.34012,-0.11953,0.28626,-0.16031,0.21645,0.24692,5.7028149556721965,-2.4814307174126835,-0.03817,5.041804212623102,-0.16794,0.16794,-0.30153,-0.33588,0.0
1.0,0.98002,0.00075,1.0,0.0,0.98982,-0.00075,0.94721,0.02394,0.977,0.010007506292908197,0.97888,0.03073,0.9917,0.02338,0.93929,0.05713,0.93552,0.05279,0.97738,0.05524,1.0,0.06241,0.94155,0.08107,0.96709,0.07255,0.95701,0.08088,2.3054321029674374,0.08126,0.97247,0.08616,0.0
1.0,0.82254,-0.07572,0.80462,0.00231,0.87514,5.3407935767817225,0.86821,-0.07514,-0.5725427468719025,-0.11734,0.84624,5.01314243130377,0.83121,-0.07399,0.74798,2.5347673334837153,0.78324,0.06358,0.86763,-0.0237,0.78844,-0.06012,0.74451,-0.0237,0.76717,-0.02731,0.74046,-0.0763,0.70058,-0.0422,0.78439,0.01214,0.0
1.0,0.35346,-0.13768,0.69387,-0.02423,0.68195,2.121189927940956,0.55717,-0.06119,0.61836,-0.10467,0.62099,-1.2743849061291,0.59361,-0.07289,0.42271,-0.26409,0.58213,0.04992,0.49736,-0.08771,6.369205540694981,-0.08989,0.45008,-0.00564,0.39146,-0.09038,0.35588,-1.019006407465626,0.32232,-0.08637,0.28943,-0.083,-1.3785584294846882
1.0,0.76046,0.01092,0.86335,0.00258,0.85821,0.00384,0.79988,0.02304,0.81504,0.12068,0.83096,1.291450644960837,6.880298017207723,0.00854,0.82777,-0.06974,0.76531,0.03881,0.76979,0.01148,0.75071,0.01232,0.77138,-0.00303,0.70886,0.01375,0.66161,0.00849,0.66298,-1.0326891406758696,0.63887,0.01525,0.0
1.0,0.66667,-0.01366,0.97404,0.06831,-1.5446573718273278,0.50137,0.75683,-0.00273,0.65164,-0.14071,0.40164,-0.48907,0.39208,0.58743,0.76776,0.31831,0.78552,0.11339,0.47541,-0.44945,6.369205540694981,0.00683,0.60656,0.06967,0.68656,0.17088,0.87568,0.07787,6.111874791121124,5.116314591873182,0.13934,4.678063204285428,0.0
3.9911771479309364,0.83508,0.08298,5.777690578596675,-0.14706,0.84349,-0.05567,0.90441,-0.04622,0.89391,0.1313,0.81197,5.01314243130377,0.79307,0.32167468619705686,1.0,-0.02101,0.96639,0.06618,0.87605,0.01155,0.77521,0.06618,0.95378,-0.04202,0.83479,0.00123,1.0,0.12815,0.8666,-0.10714,0.90546,-0.04307,0.0
1.0,0.95113,0.00419,2.5805656555035044,-0.02723,0.93438,-0.0192,0.9459,0.01606,0.9651,0.03281,0.94171,2.2364795081770836,0.94625,-0.01326,0.97173,0.0014,0.94834,0.06038,0.9267,0.08412,0.18691225440311354,0.10087,0.9452,0.01361,0.5597869940680291,0.04925,-0.05120750158756959,0.08168,0.94066,-0.00035,0.91483,0.04712,0.0
1.0,0.94701,-0.00034,0.93207,-0.03227,0.95177,-0.03431,0.95584,0.02446,0.94124,0.01766,6.628998634685632,5.01314243130377,0.93954,-0.01461,0.94837,0.02004,-1.7494867400236331,0.01393,0.91406,0.07677,0.8947,0.06148,0.93988,0.03193,0.92489,0.02542,-0.9326383429321923,0.02242,0.92459,0.00442,2.2813447998012664,-0.00577,5.178568289029093
1.4489414696951703,0.90608,-0.01657,0.98122,1.4097310984536995,0.95691,-0.03646,0.85746,0.0011,0.89724,-0.03315,0.89061,-0.01436,0.90608,-0.0453,0.91381,-0.00884,0.80773,1.8894522497469008,0.88729,-1.8218595545988983,6.369205540694981,-0.0232,0.9105,-0.02099,0.89147,-0.0776,0.82983,-0.17238,0.8655833809123733,-0.03757,0.87403,-0.16243,0.0
1.0,0.8471,0.13533,1.1315325365034512,-0.06151,0.87873,0.0826,1.5613015784994178,-0.09139,3.469220434525944,0.06678,0.80668,-0.00351,0.79262,-0.01054,0.85764,-0.04569,0.8717,-0.03515,0.81722,1.5575317336142054,-0.09253347820738123,0.06398408661586391,0.86467,-0.15114,0.81147,-0.04822,0.78207,-0.00703,0.75747,-0.06678,0.85764,-0.06151,0.0
