0,1,2,3,4,5,label
0.23001961,5.0725783,-0.27606055,0.83244412,-0.37786573,0.4803223,0.0
0.8428199920302892,-0.16939038,0.67065219,-0.85955255,-0.37786573,-0.94572324,0.0
-0.78441482,-0.44365372,5.6747053,-0.85955255,-0.37786573,-0.94572324,0.0
0.54608818,0.13141457,-0.45638679,-0.85955255,-0.37786573,-0.94572324,-0.7630914649059461
-0.10298725,-0.3949941,-0.14081588,-0.7455416181033593,-0.37786573,1.0135658,0.0
-0.18039525,-0.38172329,0.26491816,0.77294998,1.4689815,0.85206922,0.0
-0.068602514,10.0000062172904,-0.18589744,0.89911132,1.7433811,1.0623195,0.0
-0.082491915,-0.44807732,0.89605999,-0.85955255,-3.0790682929764728,-0.94572324,0.0
-0.15160016,-0.36845248,0.62557063,1.1974259,-0.37786573,1.0105187,0.0
-0.78441482,-0.47019533,-0.59163147,-5.197834273736145,-0.37786573,-0.94572324,0.0
-0.081136852,-0.32421646,1.0313047,1.1716873,-0.37786573,1.3975012,0.0
-0.78441482,-0.47019533,9.989496329427736,-0.85955255,-0.37786573,-0.94572324,0.0
-2.912423899975309,-0.44365372,-0.50146835,-0.85955255,-0.37786573,-0.94572324,0.0
0.53761903,1.5867797,-0.27606055,5.242021937876925,-0.37786573,0.80940974,0.0
1.3040768,1.060371,-0.36622367,1.8653638,-0.37786573,-1.5726045085019855,0.0
0.3860213,10.0000062172904,-0.41130523,0.76957442,10.0049654879065,0.89777581,0.0
-0.78441482,-0.47019533,-0.59163147,-0.85955255,-0.37786573,-0.94572324,0.0
-0.10112404,-0.27998044,-0.27606055,-0.85955255,-0.37786573,-0.94572324,0.0
7.4696159,-0.44807732,-0.59163147,-0.85955255,-0.37786573,-0.94572324,0.0
-0.78441482,10.0000062172904,6.729535028076981,-0.85955255,-0.37786573,-0.94572324,0.0
0.81506829,2.7280691,-0.050652758,0.62991086,0.79101616,0.65400734,-0.1493728703502046
0.76408402,10.0000062172904,-0.50146835,1.3780181,-0.37786573,0.87339896,0.0
-0.44226128,-0.44365372,1.4370387,-0.19414637,0.1270441,1.278664,0.0
-0.78441482,-0.47019533,9.989496329427736,-1.2387888821266517,-0.37786573,-0.94572324,0.0
9.997237792011457,0.6477460065952029,-0.59163147,-0.85955255,-0.37786573,-0.94572324,0.0
-0.78441482,-0.47019533,-0.59163147,-0.85955255,-3.646094922895921,-0.94572324,0.0
-0.78441482,0.2266464434230323,-0.59163147,10.004555584272547,-0.37786573,-0.94572324,0.0
0.60164578,0.60031641,0.30999972,0.88560911,6.20456743312104,1.0562253,0.0
2.0328035955586,-0.17381398,-0.18589744,10.004555584272547,-0.37786573,10.006245889191648,0.0
-0.29540627,-0.41268851,2.1500493009612796,-0.85955255,2.640606907506471,-0.94572324,0.0
0.22239738,-0.2092028,-0.095734317,2.2490281109504453,-0.37786573,1.2634285,0.0
0.60486406,0.5781984,-4.531627454982905,10.004555584272547,-0.37786573,-0.94572324,0.0
-0.1402515,10.0000062172904,0.85097843,0.42526787,0.74050871,1.1689682,0.0
-0.18276662,0.05178973,0.35508128,1.1543876,0.62675172,-0.023726949213534132,0.0
9.997237792011457,-0.47019533,-0.59163147,-0.85955255,10.0049654879065,-0.94572324,0.0
0.0071116601,-0.27113323,0.58048907,1.0687329,-0.37786573,1.2420988,0.0
-0.32267692,-0.37287609,1.9329359,-0.85955255,-0.37786573,-0.94572324,-0.13037719628379374
-0.78441482,-0.47019533,-0.59163147,-0.85955255,-0.37786573,-0.94572324,1.5306232895807108
0.25271692,0.1844978,0.26491816,0.60206253,-0.37786573,1.2055335,0.0
-0.78441482,0.8530726907790197,-0.59163147,-0.85955255,-0.37786573,-0.94572324,0.0
-0.78441482,-0.47019533,-0.59163147,-0.85955255,-0.37786573,-0.94572324,0.0
-0.18446045,-0.37287609,0.35508128,1.2396204,-0.37786573,1.0866964,0.0
-0.78441482,-0.47019533,-0.59163147,-0.85955255,-0.37786573,-0.94572324,0.0
-1.4041786104893412,4.6788777,-0.45638679,1.4602973,1.2448588,-1.503876046727739,0.0
-0.78441482,-2.813171421688735,-0.59163147,-0.85955255,10.0049654879065,-0.94572324,0.0
1.5591675,5.0504603,-0.50146835,0.94805686,-0.37786573,5.772119168728741,0.0
0.28659351,0.05178973,0.44524439,0.57252643,10.0049654879065,1.1415443,0.0
-0.78441482,-0.47019533,-0.59163147,-0.85955255,-0.37786573,-0.94572324,0.0
-0.78441482,-0.47019533,-0.59163147,3.8068010772948906,10.0049654879065,10.006245889191648,0.0
-0.065553621,-0.32864006,-0.32114211,0.50121784,-0.37786573,1.6290812,0.0
0.095190789,-0.29767485,0.49032595,0.50543729,10.0049654879065,10.006245889191648,0.0
9.997237792011457,-0.31536926,-0.0055711987,0.74636748,0.61842161,1.1476385,0.0
-0.49375369,-0.38614689,1.1665493,-0.024102819,1.1365345,1.0227071,0.0
0.13719776,-0.36845248,9.989496329427736,-0.85955255,-3.261710791440709,-0.94572324,0.0
0.84250832,0.52511517,9.989496329427736,-2.0373714535920437,-0.37786573,0.96176503,0.0
1.190929,4.953141,-0.32114211,1.5105086,0.57956973,0.67838418,0.0
-0.1551572,-0.35518168,0.26491816,1.636522150569427,-5.196459877268525,-0.94572324,0.0
0.14465061,-0.36402888,1.0747146464194186,0.79868858,0.64769223,1.4767259,0.6592484418171585
-0.78441482,-0.47019533,-0.59163147,2.895973595926278,-0.37786573,-0.94572324,-0.1844145630824463
0.21274255,0.46760834,2.8796486,0.7788572,-0.012954376,0.270072,0.0
0.24560284,0.48530275,0.12967348,-0.85955255,-0.37786573,-0.94572324,0.0
-0.78441482,-0.47019533,-0.59163147,-0.85955255,0.18699032753024158,-0.94572324,0.0
-0.78441482,-0.47019533,-0.59163147,-0.85955255,-0.37786573,-0.94572324,0.0
0.6223105,0.14468538,0.30999972,0.25311459,-0.37786573,10.006245889191648,0.0
0.17039681,-0.24016802,-0.27606055,0.88982855,-0.37786573,1.4188309,0.0
0.30827453,10.0000062172904,-0.45638679,-5.69794664969159,-0.37786573,-0.94572324,0.0
-0.0020350187,-0.29325125,0.26491816,1.1978479,0.49030918,1.3030409,0.0
-0.029475055,4.68001798506003,0.12967348,-0.12410362,0.72016086,0.83073948,0.0
-0.78441482,-0.47019533,-0.59163147,-0.85955255,-0.37786573,-0.94572324,0.0
-0.78441482,-0.47019533,-0.59163147,-0.85955255,-0.37786573,-0.94572324,-0.48171857821705083
-0.0044063799,-0.15611958,1.3468756,-0.85955255,10.0049654879065,-0.94572324,0.0
3.302607345028012,10.0000062172904,0.49032595,-3.7296805572422085,-0.37786573,0.40250052159823135,0.0
-0.075039066,0.22873382,0.17475504,0.34087901,0.40480212,1.2268632,0.0
-0.28354947,-0.42595931,0.44524439,0.12948491,-0.37786573,1.4127367,0.0
-0.78441482,-0.47019533,-0.59163147,-0.85955255,-0.37786573,-4.002487862629081,0.0
0.044037141,-0.25786243,9.989496329427736,10.004555584272547,-0.37786573,0.86121054,0.0
0.11619427,-0.45250093,0.12967348,-0.85955255,-0.37786573,-0.94572324,0.0
-0.78441482,-0.47019533,-0.59163147,-0.85955255,-0.37786573,-0.94572324,0.0
-0.34232535,-0.42595931,0.17475504,0.71472166,10.0049654879065,1.3121822,0.0
-0.78441482,-0.47019533,-0.59163147,0.3622262096552612,7.456991508950493,-0.94572324,0.0
-0.28710651,-0.42595931,0.80589687,0.28265069,-0.37786573,0.87949317,0.0
0.014903275,-0.44365372,0.039510361,10.004555584272547,-0.37786573,1.0866964,0.0
-0.096889465,-0.09602045056308353,-3.815917543050035,-1.2291571728405506,10.0049654879065,0.56868837,0.0
1.3062788,1.5292729,-0.27606055,1.1615607,0.44490516,0.24264805,0.0
-0.41990273,-5.123838471127484,0.62557063,6.033993884322567,-0.37786573,1.1110732,0.0
-0.2613603,10.0000062172904,1.7976912,0.88476522,0.62912234,0.99223609,0.0
-0.78441482,-5.086857566738415,-0.59163147,-0.85955255,-0.37786573,-0.94572324,0.0
9.997237792011457,-0.47019533,-0.59163147,-0.85955255,-0.37786573,-0.94572324,0.0
-0.069110663,-0.43038291,0.30999972,0.54805366,-1.2641596799395023,0.74542051,0.0
9.997237792011457,0.11814376,-0.41130523,0.57294838,-0.37786573,0.98614188,0.0
-0.33334805,-0.44807732,0.49032595,-2.571334948842003,0.61842161,10.006245889191648,0.0
0.529673958298871,-0.32864006,-0.050652758,0.95143242,10.0049654879065,3.1810477474224514,0.0
-0.11535221,-0.37287609,1.7722010646274418,-0.85955255,-0.37786573,-0.94572324,0.0
0.08028509,-0.45250093,0.12967348,-0.85955255,-0.37786573,-0.94572324,-0.3366710342543506
-0.78441482,-0.47019533,-0.59163147,10.004555584272547,-0.37786573,-0.94572324,0.0
0.40228206,0.034095321,-0.18589744,1.4121956,0.78127026,1.2793152343862628,0.11121146799406989
0.70700197,2.1220356,-2.137808279411408,-0.85955255,-0.37786573,-0.94572324,0.0
0.2042734,0.88342695,-3.0754200909392213,-0.85955255,-0.37786573,-0.94572324,-0.05012840184809094
-0.56946787,-0.43923012,-2.990843405076876,10.004555584272547,-0.37786573,1.1141203,0.0
-0.78441482,-0.47019533,-0.59163147,-0.85955255,-0.37786573,-0.94572324,0.0
-0.78441482,-0.47019533,-0.59163147,-0.85955255,-0.37786573,-0.94572324,0.0
-0.78441482,-1.6857698970514803,-0.59163147,-0.85955255,-0.37786573,-0.94572324,0.0
-3.6632021048498014,-0.47019533,-0.59163147,-0.85955255,-0.37786573,-0.94572324,0.0
0.14634444,-0.33748727,-0.36622367,0.8417269,1.6810535,1.0714608,0.0
0.1317775,-0.34633447,0.039510361,-0.85955255,-0.37786573,-0.94572324,0.0
-0.78441482,-0.47019533,-0.59163147,-0.85955255,4.363253162100071,-0.94572324,0.12096265235278336
-0.78441482,-0.47019533,1.445239476296164,-0.85955255,-0.37786573,-0.94572324,0.0
0.56827734,1.6487101,0.08459192,0.63497419,0.94497497,0.80026842,0.0
-0.78441482,-0.47019533,-0.59163147,-0.85955255,-0.11029191836671293,-0.94572324,0.0
-0.78441482,-0.47019533,-0.59163147,-0.85955255,-0.37786573,-0.94572324,0.0
1.1868638,2.3166741,-0.36622367,-0.85955255,-0.37786573,-0.94572324,0.0
-6.054048289476512,-0.47019533,-0.59163147,-0.85955255,-0.37786573,-0.94572324,0.0
9.997237792011457,-3.5602776946763264,0.860028632176087,2.4663862871430937,-0.37786573,-0.94572324,1.5306232895807108
-0.4418298920582151,-2.8596323650311555,-0.59163147,-0.85955255,-3.08452392627773,-0.94572324,0.0
-0.78441482,-0.47019533,3.8185742765632797,-0.85955255,-0.37786573,-0.94572324,0.0
0.3114928,0.17274682668493396,0.08459192,-0.85955255,-0.37786573,-0.94572324,-0.5109114569947608
-0.46360353,-0.44807732,0.039510361,0.094041587,2.1414153,0.80026842,0.0
0.18987585,0.10044935,-0.32114211,-0.85955255,10.0049654879065,-0.94572324,-0.6340417729470924
-0.78441482,-0.47019533,-0.59163147,0.22159036860682446,-0.37786573,-0.94572324,1.5306232895807108
0.93075683,0.75956609,-0.41130523,1.1628265,-0.37786573,0.87949317,1.5306232895807108
-0.26762747,-0.43923012,7.674409534708127,0.5750581,0.9129155860169175,0.88863449,0.0
-0.36790217,-0.45250093,1.1214678,0.46661841,0.17965876,0.92215265,0.0
-0.78441482,-0.47019533,-0.59163147,-0.85955255,-0.37786573,-0.94572324,-0.38841130025367493
0.053691969,0.060636934,0.98622311,0.12399963,-0.37786573,1.2969467,1.5306232895807108
-0.12483765,-0.4038413,-0.32114211,-1.227800973806641,-0.37786573,-0.94572324,0.0
1.4312834,10.0000062172904,9.989496329427736,10.004555584272547,-0.37786573,0.24874226,0.0
-0.55659477,-0.43923012,3.2853826,0.5673764529159021,0.1855524,0.46813388,0.0
1.0430577,2.7988467,-0.45638679,2.1771806,-0.37786573,0.73323209,0.0
-2.1864333391338997,10.0000062172904,0.08223111633046602,5.5008359,-0.37786573,0.63877181,0.0
-0.78441482,3.2960185879906456,-0.59163147,-0.85955255,-0.37786573,-0.94572324,0.0
-0.78441482,-0.47019533,-0.59163147,-2.8667156113538304,-5.866614201402696,-0.94572324,0.0
0.58030353,-0.45250093,0.12967348,-0.85955255,-0.37786573,-0.94572324,0.0
-0.78441482,-0.47019533,-0.59163147,-0.85955255,-0.37786573,-0.94572324,0.0
-0.42193533,-0.45250093,0.58048907,-0.85955255,-0.37786573,-0.94572324,0.0
0.79457295,2.4538057,-0.36622367,0.89067244,2.857146,1.0775551,0.0
-0.78441482,-0.47019533,-0.59163147,-0.85955255,-0.37786573,-0.94572324,-0.6877346612253503
0.026251932,-0.12515436,-0.14081588,0.84889995,-0.37786573,0.99223609,-0.06700737740180532
-0.065553621,-0.41711211,-0.36622367,-0.8403393913117927,-0.37786573,0.75151473,0.0
-0.25356869,-0.31979286,2.3386699,1.1577632,0.27214599,0.8916816,0.0
-0.17107919,-0.42153571,-1.2599086872768146,0.36028844,-0.37786573,1.162874,0.0
0.011515617,3.6525874810493555,-0.050652758,0.046783825,-0.37786573,1.5132912,0.0
0.72292397,0.582622,0.17475504,0.77421581,-1.1539566862550832,0.86730475,0.24266924438549242
-0.78441482,-0.47019533,-0.59163147,-0.85955255,-0.37786573,-0.94572324,0.16368719369852158
-0.33470311,1.314789859408921,-0.230979,-0.39836742,4.037450549970039,0.35234386,0.0
-0.78441482,-0.47019533,-0.03961191973949063,-0.85955255,-0.37786573,-0.94572324,0.0
-0.78441482,-0.47019533,-0.59163147,2.8711437778240456,-0.37786573,-0.94572324,0.0
-0.077241044,2.253194590816947,-0.45638679,-0.85955255,-0.37786573,-0.94572324,0.0
-0.38297725,-0.4082649,1.4821203,1.3016462,0.1218419,0.86121054,0.0
-0.78441482,-0.47019533,9.989496329427736,-0.85955255,-0.37786573,-0.94572324,0.0
0.3294474,0.1844978,0.2198366,2.2035012381104107,0.31432333,1.3152293,0.0
-0.78441482,-0.47019533,-0.59163147,-0.85955255,-0.37786573,-0.94572324,0.0
0.12771231,2.7031575387778024,0.039510361,-0.85955255,-0.37786573,-0.94572324,0.0
1.2178609,0.83919093,-0.230979,-2.1981563145041756,-0.37786573,1.2451459,0.0
9.997237792011457,-0.36845248,0.039510361,0.77252803,10.0049654879065,1.0497263141369833,0.0
0.086382876,-0.010140702,-0.14081588,0.51303228,10.0049654879065,0.92519976,0.5959059798241032
-0.78441482,-0.47019533,-1.2215696316132447,-0.85955255,-0.37786573,-0.94572324,1.5306232895807108
-0.009657251,-0.27113323,0.76081531,0.57590199,-0.37786573,1.1720153,0.0
0.11483921,-0.22247361,2.5640777,0.58645059,0.31168931,0.91605844,0.0
-0.78441482,-0.47019533,9.989496329427736,-0.85955255,-0.37786573,-0.94572324,0.0
0.72173829,0.84803813,0.08459192,1.7269661,-0.7193872228016489,10.006245889191648,0.0
0.2261238,0.087178548,9.989496329427736,0.82147357,0.5094388,1.01966,0.0
-0.78441482,-0.47019533,-0.59163147,-0.85955255,-0.37786573,-0.94572324,0.0
0.14837703,-0.44807732,-0.27606055,1.1400415,-0.37786573,1.8576142,0.0
-0.37840391,-0.43480652,0.80589687,-0.092035852,0.25591381,3.2050240045373277,0.0
-0.78441482,-0.47019533,-0.59163147,-0.85955255,-0.37786573,-0.94572324,0.21204100222246622
6.859789603412693,-0.47019533,-0.59163147,-0.85955255,1.4557675735766473,-4.1897596678766265,0.0
-0.34130905,-0.35960528,0.80589687,0.1856035,-0.37786573,0.83378658,0.0
-0.0084715705,-4.433490324879135,-0.0055711987,1.4835042,0.542858,0.86121054,0.0
-0.017618249,-0.43923012,2.654212314906844,-0.85955255,-0.37786573,10.006245889191648,0.0
-0.16430388,-0.14284877,1.0313047,1.2792831,1.8747532,0.97395345,0.0
-1.305341588591734,-0.41711211,1.1665493,0.77716942,0.86776508,0.85511633,0.0
0.74731511,1.294822,-0.45638679,1.7117761,-0.37786573,0.94043529,0.0
0.2340848,-0.44807732,0.58048907,-0.85955255,-0.37786573,3.767749278045742,0.0
-1.4912020091652476,2.039562237761665,9.989496329427736,-0.85955255,-0.37786573,-0.94572324,0.0
9.997237792011457,-0.31979286,9.989496329427736,0.23539293,-0.37786573,0.7566936694227459,1.5306232895807108
-0.26542549,-0.3994177,0.40016284,1.2700004,-0.37786573,0.91910555,0.0
-0.13652507,-2.063795904124599,9.989496329427736,1.1240076,4.9025988,1.421878,0.0
0.27693868,-1.6980543189908175,0.12967348,-0.85955255,1.790521117600997,-0.94572324,0.0
0.0084667236,-0.15169597,0.71573375,0.356069,10.0049654879065,1.2085806,0.0
0.13923035,0.83476733,-0.18589744,0.49573257,-0.37786573,10.006245889191648,0.0
-2.0868850166241613,-0.43038291,-0.32114211,0.075054093,-0.37786573,1.0714608,-0.15121139369780912
0.29743402,-0.195932,0.2198366,-0.85955255,-0.37786573,-0.94572324,0.0
0.17818843,-0.41711211,-0.27606055,0.53961477,1.4927865,1.2817111,0.0
-2.7667253222637904,-0.44365372,1.2480027896751926,2.0147321,-0.37786573,-1.1539785033710412,0.0
-0.78441482,-0.47019533,-0.59163147,-0.85955255,-0.37786573,-0.94572324,0.0
0.23730308,-0.24459162,-0.7883153250135033,-6.724867744647841,-0.37786573,-0.94572324,1.5306232895807108
9.997237792011457,-0.32864006,-0.0055711987,0.44594314,1.3727408,0.75456183,-0.20612156310455276
-0.78441482,10.0000062172904,-0.59163147,-0.85955255,-0.37786573,-0.94572324,0.0
-0.028966906,-0.34633447,-0.050652758,-0.85955255,-0.37786573,-0.94572324,0.0
-0.31217518,-0.45250093,-0.18589744,-0.9490566765455763,10.0049654879065,1.1232616,-0.5513495808052978
0.43023024,-0.23574442,-0.14081588,4.528796198193044,-0.37786573,10.006245889191648,0.0
-0.32115248,-0.42595931,-0.0055711987,3.510741825528257,-0.8449577055558528,0.74542051,0.0
-0.016432569,-0.6555843971862461,0.08459192,0.20416905,0.42613773,4.728722861652413,0.0
0.28134264,-0.032258713,0.08459192,-0.85955255,-0.37786573,-0.94572324,0.0
-0.78441482,-0.47019533,1.0555243889679384,-0.85955255,-0.37786573,-0.94572324,0.0
-0.78441482,-0.47019533,-0.59163147,-0.85955255,-0.37786573,-0.94572324,0.0
-0.3994074,-0.4082649,9.989496329427736,0.91556715,0.44977811,0.68143129,0.0
0.4138001,0.029671718,9.989496329427736,6.960012094994282,-5.877983294548069,1.0958377,0.0
0.58352181,-2.1149001586861633,9.989496329427736,1.4252759,10.0049654879065,1.6047044,0.0
0.02150921,-3.950633817560207,-0.18589744,0.76493303,-0.37786573,1.3700772,0.0
0.29811155,0.0075537073,-0.14081588,1.3062876,2.5347742,0.9983303,0.0
0.17784966,-0.010140702,0.08459192,-0.85955255,-0.37786573,-0.94572324,0.0
-0.78441482,-0.47019533,-0.59163147,-0.85955255,-0.37786573,-0.94572324,0.0
-0.08045932,-0.29325125,-0.27606055,-0.85955255,-0.37786573,-0.94572324,0.0
-0.78441482,1.1902868233033534,-0.59163147,-0.85955255,-0.37786573,-0.94572324,0.4310656259754916
-0.29455936,-0.44365372,0.44524439,-0.85955255,-0.37786573,-0.94572324,0.0
1.7427786,1.9539387,-0.18589744,0.57168254,0.63932919,0.49251073,0.0
0.34774075,0.24200463,0.12967348,-0.85955255,-0.37786573,-0.94572324,0.0
1.949934,1.9716331,-0.32114211,1.2556543,-0.37786573,0.41023887,0.0
0.85707525,2.0866468,-0.45638679,-0.85955255,-0.37786573,-0.94572324,0.0
0.42785888,0.32605307,0.30999972,2.5224275473216546,-0.37786573,-0.94572324,0.0
-0.38399355,-0.44365372,0.17475504,1.0932057,1.2048545,0.78503289,0.0
0.44716854,0.5914692,0.62557063,-0.3477341,-0.37786573,1.1567798,0.0
0.023372422,-0.36402888,-0.32141331089936775,0.59277976,-0.37786573,1.2603814,0.0
-0.23205705,-0.45250093,5.141470962705828,-0.85955255,-0.37786573,-0.94572324,0.0
0.72800545,10.0000062172904,0.08459192,10.004555584272547,0.29344868,1.0714608,0.0
-0.78441482,-4.657626137728218,-0.59163147,1.966798775455176,-0.37786573,-0.48253528316498145,0.0
-0.78441482,-0.47019533,-0.59163147,-0.85955255,-0.3829774711225565,-0.94572324,0.0
-0.78441482,-0.47019533,-0.59163147,-0.85955255,-0.37786573,-0.94572324,0.14031090141248043
-0.23781607,-0.8089498586388045,0.62557063,0.56239977,0.46923698,0.87949317,0.0
0.10145796,-0.2136264,-0.18589744,2.0826651,-0.37786573,3.783548222373895,0.0
0.26033916,-0.32421646,-0.36622367,1.378862,10.0049654879065,1.4432078,0.0
-0.78441482,-0.47019533,-0.59163147,-0.85955255,-0.37786573,10.006245889191648,0.0
1.5540861,8.164503265828847,-0.230979,1.6299189,4.0127115162940985,0.78808,0.0
-0.1461799,-0.22247361,9.989496329427736,0.48265229,-0.37786573,1.190298,0.0
-0.0086409534,-0.30209845,2.9698117,0.68982695,0.13889721,0.69666682,0.0
-0.43260645,-0.44807732,-0.0055711987,0.6885838852153273,-0.37786573,-0.94572324,0.0
0.24780482,1.2328915,9.989496329427736,0.73159943,-0.37786573,1.0501311,0.0
-0.14584114,-0.27555684,0.89605999,0.49066924,0.74831201,0.78808,0.0
-0.78441482,-0.47019533,-0.59163147,-0.85955255,-0.37786573,10.006245889191648,0.0
0.68176391,1.0338294,-0.32114211,10.004555584272547,1.1967549,0.65096023,1.5306232895807108
0.31267848,0.025248116,0.039510361,0.5894042,-0.37786573,1.0013774,0.0
-0.20156812,-0.32864006,0.89605999,0.54341227,-0.37786573,0.9983303,1.5306232895807108
0.38940896,-0.067647531,0.12967348,1.5581883,-2.712334554703221,1.867663145247791,0.0
9.997237792011457,-0.32421646,-3.2122542174734057,0.9978616505255413,-0.37786573,1.1476385,-0.4227341732060577
-0.78441482,-0.47019533,-0.59163147,-0.85955255,-0.37786573,-0.94572324,0.0
-0.78441482,-0.47019533,-0.59163147,2.7885770537224728,10.0049654879065,-0.94572324,0.0
0.90670446,-0.45250093,-0.45638679,-0.85955255,-0.37786573,-0.94572324,0.0
-0.78441482,-0.47019533,-0.59163147,-0.85955255,-0.37786573,-0.94572324,0.0
0.11365353,0.029671718,0.039510361,10.004555584272547,10.0049654879065,-0.94572324,0.0
-0.084693894,-0.30652205,1.8427727,0.86029245,0.063399448,1.368848711912735,0.0
-0.78441482,-0.47019533,-0.59163147,-0.85955255,-0.37786573,-0.94572324,0.0
-0.22866939,-0.37287609,0.039510361,-6.711405935784215,1.2283961,1.1080261,0.0
0.017444019,-0.24459162,-0.41130523,0.12357769,1.7636631,1.0623195,0.0
-0.78441482,-0.47019533,-0.59163147,-0.85955255,-0.37786573,-0.94572324,0.0
-0.78441482,-0.47019533,-0.59163147,-0.85955255,-0.37786573,-0.94572324,0.0
0.72766669,-0.08534194,-0.230979,0.68982695,1.0595656581326416,0.83378658,0.0
0.52017259,10.0000062172904,0.17475504,10.004555584272547,0.38060201,0.90996423,0.0
-0.78441482,-0.47019533,-0.59163147,-0.85955255,1.7043867580799414,-0.94572324,0.0
-0.11450529,-0.43038291,-0.14081588,0.92611576,1.308273,1.2695227,0.0
2.426747,2.462653,-0.45638679,1.2944731,0.81594063,0.52298179,1.5306232895807108
9.997237792011457,-0.47019533,-0.59163147,-0.85955255,-2.4810650902606226,-0.94572324,0.0
0.46478436,-0.023411508,-0.36622367,1.0526991,2.7099883142574095,1.4980557,0.0
-0.56879034,-0.45250093,0.67065219,-0.85955255,-0.37786573,-0.94572324,0.009516979953823773
-0.17768513,-0.43923012,-0.050652758,0.9826563,1.6347366208483223,1.162874,0.0
-0.78441482,-0.47019533,-0.59163147,-0.85955255,-0.37786573,-0.94572324,0.0
-0.78441482,-0.47019533,9.989496329427736,-0.85955255,-0.37786573,-0.94572324,0.0
-0.43006571,-0.38614689,0.17475504,-0.85955255,-0.37786573,-0.94572324,0.0
6.9031993,-0.43038291,-0.54654991,-0.85955255,-0.37786573,-0.94572324,0.0
1.3025524,1.6619809,9.989496329427736,2.7176913,-0.4110478631207553,1.0105187,0.2191327428825874
0.59791936,1.2063499,-0.32114211,0.078429648,-0.37786573,0.55954706,0.0
-6.169730366758852,0.68436485,-0.41130523,0.73244332,-0.37786573,0.75151473,0.0
-0.2405262,-0.36402888,-0.14081588,-0.85955255,-0.37786573,-0.94572324,0.0
1.2012614,10.0000062172904,-0.45638679,-0.85955255,-0.37786573,-0.94572324,0.0
0.8659636502731676,-0.33748727,-0.59163147,-0.14477889,-0.37786573,0.97395345,0.0
-0.78441482,-0.47019533,-0.59163147,-0.85955255,-0.37786573,-0.94572324,1.5306232895807108
-0.19530095,10.0000062172904,-0.095734317,0.50712506,1.1365016,1.507197,0.0
0.39957193,0.46318474,9.989496329427736,0.76577692,0.73310051,0.82464527,-0.41101188707886893
-0.37637132,-0.43480652,1.301794,0.63455224,-0.37786573,1.1110732,0.0
0.88028072,5.715898883968253,0.039510361,1.0058632,0.79414406,0.81855105,0.0
-0.78441482,-0.47019533,0.09495618691347851,-0.85955255,-0.37786573,-0.94572324,0.0
0.23476233,0.14910898,0.08459192,-0.85955255,-0.37786573,-0.94572324,-0.15460198609644774
-0.78441482,-0.47019533,1.4434518711773714,-0.85955255,-0.37786573,-0.94572324,0.0
9.997237792011457,1.8521958,-0.230979,-0.85955255,-0.37786573,-0.94572324,0.0
-0.26288475,-0.44365372,0.44524439,0.17336712,0.59804084,1.0897435,0.327960111472821
-0.17531377,10.0000062172904,-0.14081588,1.6231678,1.4062258,0.77284447,0.0
0.4158327,1.7624418278611895,-0.50146835,1.3851912,-0.37786573,1.0105187,0.0
-0.78441482,-0.47019533,-0.59163147,-0.85955255,-0.37786573,-0.94572324,0.0
0.48646538,-0.31094565,0.12967348,1.212194,-0.37786573,1.132403,0.0
-0.40669086,-0.43480652,1.1214678,-0.85955255,-0.37786573,-0.94572324,0.0
-0.78441482,-0.47019533,-0.59163147,10.004555584272547,-0.37786573,-4.00758551680395,0.0
0.11551674,-0.29325125,0.17475504,0.86999717,0.61048661,1.2603814,0.0
-0.78441482,-0.47019533,-0.59163147,-0.85955255,-0.37786573,-0.94572324,0.0
-0.78441482,-0.47019533,-0.59163147,-0.85955255,-0.37786573,-0.94572324,0.0
-0.083508213,-0.38614689,-0.18589744,0.6293571748208339,-0.37786573,0.9434824,0.0
9.997237792011457,-0.45250093,0.40016284,-0.85955255,-0.37786573,-0.94572324,-0.9972798207888047
-0.14550237,-0.32421646,0.76081531,-0.85955255,-0.37786573,10.006245889191648,0.0
-4.301301268223212,-0.44807732,0.85097843,-0.85955255,-0.37786573,-0.94572324,0.0
0.18479436,-0.027835111,0.35508128,-0.85955255,-0.37786573,-0.94572324,-0.06609554079529806
-0.07639413,-0.45250093,-0.095734317,-0.85955255,-3.0920749269345262,-0.94572324,0.0
-0.78441482,-0.47019533,-0.59163147,-0.85955255,-0.37786573,-0.94572324,0.0
0.12635725,-0.18266119,-0.14081588,3.818299803096245,-0.37786573,-0.94572324,0.0
1.0473689546213893,-0.42595931,-0.0055711987,1.015146,-0.37786573,10.006245889191648,1.1511482288254942
-1.6775759067130536,-0.47019533,-4.826407690830839,-0.85955255,-0.37786573,-0.94572324,0.0
9.997237792011457,0.62685802,9.989496329427736,0.71134611,2.501325038376289,0.55954706,0.0
0.039463802,-0.45250093,-1.841432176496839,-0.85955255,-0.37786573,-0.94572324,0.0
1.0749017,3.1792765,-0.45638679,1.6484844,2.2694619,0.7393263,0.0
8.235489689290532,0.67994125,-0.36622367,-0.85955255,-0.37786573,-0.94572324,0.29207810504525
0.87909504,-0.43923012,-3.313825845176094,-0.85955255,-0.37786573,-0.94572324,0.0
9.997237792011457,-0.0057170995,-0.33784968641031454,0.35016178,2.7769399,0.76065604,0.0
-0.43260645,-0.45250093,1.0313047,-4.03024464009736,10.0049654879065,10.006245889191648,0.0
0.25305569,-0.0012934972,0.08459192,0.71851916,-0.37786573,1.565092,0.0
-0.078257342,-1.571863767351854,0.08459192,1.3670476,-0.37786573,1.0135658,0.0
-0.062335345,-0.063223929,-0.45638679,1.4162418707079945,-0.37786573,1.4767259,0.0
9.997237792011457,-0.12515436,1.5272018,-0.85955255,-0.37786573,-0.94572324,0.0
-0.78441482,-0.47019533,-1.0217875666911433,-0.85955255,-0.37786573,-0.94572324,0.0
0.68921676,4.6700305,-0.18589744,0.76029165,-0.37786573,0.61439496,0.0
-0.78441482,-0.47019533,-0.59163147,10.004555584272547,-0.37786573,-0.94572324,0.0
0.42057542,-0.44807732,-5.889378985810754,-0.85955255,-0.37786573,-0.94572324,0.0
-0.78441482,-0.47019533,-0.59163147,-0.85955255,-0.37786573,-0.94572324,0.0
-0.14109841,-0.41711211,-0.050652758,-0.85955255,-0.37786573,-0.94572324,0.3725384768804561
-0.78441482,-0.47019533,-0.59163147,-0.85955255,-0.37786573,-0.94572324,0.0
-0.78441482,10.0000062172904,-0.59163147,-0.85955255,-0.37786573,-0.94572324,1.5306232895807108
3.223172935745215,0.75514249,-0.32114211,0.75775998,1.1283361,0.6357247,0.0
-0.016601952,-0.25786243,0.49032595,1.0088168,0.34711695,1.4096896,1.5306232895807108
-0.48850282,-0.45250093,-0.09141527712551478,3.913954793759255,10.0049654879065,0.6844784,0.5579490060064253
-0.59131827,-0.43038291,-0.59163147,-0.85955255,-0.37786573,-0.94572324,1.5306232895807108
-0.35858611,-0.14284877,-2.649856165769672,0.57294838,-0.37786573,1.0348956,0.0
0.16599286,-0.0057170995,-0.14081588,-0.85955255,-0.37786573,-0.94572324,0.0
-0.78441482,-0.47019533,-0.59163147,-0.85955255,-0.37786573,-0.94572324,0.0
0.5668349413068196,-0.47019533,-0.59163147,-0.85955255,10.0049654879065,-0.94572324,0.0
-0.27948427,-0.41268851,0.62557063,0.60670392,10.0049654879065,0.67228997,0.0
1.6563933,5.0504603,0.17475504,0.8045958,-0.37786573,0.4772752,0.0
-0.78441482,-0.47019533,-0.59163147,-0.85955255,-0.37786573,-0.94572324,0.0
9.997237792011457,-5.518593380398867,-0.59163147,-0.85955255,0.6503103120916242,-0.94572324,0.0
-0.78441482,-0.47019533,-0.59163147,-0.85955255,-0.37786573,-0.94572324,0.0
-0.37637132,-0.4038413,4.1419323,-0.85955255,-0.37786573,10.006245889191648,0.0
-0.78441482,-0.47019533,-0.59163147,10.004555584272547,-0.37786573,-0.94572324,0.0
-3.6388641235324477,-0.44365372,0.17475504,-0.85955255,2.7885824564073696,-0.94572324,0.0
-0.78441482,0.306665263677792,-0.59163147,-0.85955255,-0.37786573,-0.94572324,0.0
-0.13872705,-0.3949941,0.30999972,0.95269825,-0.37786573,1.4828201,0.0
0.2361174,-0.4082649,1.2483330874107708,0.71598749,0.26223547,1.2451459,0.0
-3.4622201373932917,-0.47019533,-0.59163147,-0.85955255,-0.37786573,-0.94572324,-0.0421522660259607
-0.78441482,-0.47019533,-0.59163147,-0.85955255,-0.37786573,-0.94572324,0.0
-0.78441482,10.0000062172904,9.989496329427736,-0.85955255,-0.37786573,10.006245889191648,0.0
-0.25102794,-0.29767485,0.35508128,0.80164219,0.85031466,0.55649995,0.0
-0.78441482,-0.47019533,-0.59163147,-0.85955255,5.476144459538817,-0.94572324,0.0
-0.78441482,-0.47019533,-0.59163147,-0.85955255,-3.407294189822293,-0.94572324,0.0
9.997237792011457,-0.0012934972,-0.230979,0.61809642,3.613408439546586,1.01966,0.0
-0.13195173,-0.30209845,1.1665493,10.004555584272547,-0.37786573,1.4767259,0.5965834676081888
-0.13737199,-0.3994177,0.2198366,0.75775998,0.52326743,1.4553962,1.5306232895807108
-0.42430669,-0.4038413,1.2116309,0.87421661,0.48145227,0.23350673,0.0
-0.16481202,-0.27998044,0.08459192,-0.18190999,-0.37786573,1.3761714,0.0
-0.4122805,-0.42153571,0.17475504,-0.85955255,-0.37786573,-0.94572324,0.0
-0.21935333,-0.44807732,-0.32114211,-0.85955255,-0.37786573,-0.94572324,0.0
0.28896487,-0.45250093,-0.050652758,1.6535477,-3.1425554318887112,10.006245889191648,0.0
9.997237792011457,-0.45250093,-0.36622367,-3.6300813649255392,-0.37786573,-0.94572324,0.0
9.997237792011457,0.5192979714895413,-0.54654991,-0.85955255,-0.37786573,-0.94572324,0.35636879169385305
0.40888799,0.3968307,-0.14081588,1.1936284,0.89700277,1.0866964,-0.3642916007979814
-0.78441482,-0.47019533,-0.59163147,-0.85955255,-0.37786573,-0.94572324,0.0
0.080115707,-2.3232944327394147,0.35508128,-7.524307453573857,-0.37786573,3.486428024746568,0.0
-0.050817306,-0.26670963,0.44524439,1.3008023,10.0049654879065,10.006245889191648,0.0
-0.36214315,-0.43038291,0.40016284,1.7480633,-0.37786573,0.25788358,0.0
-0.78441482,-0.47019533,-0.59163147,-0.85955255,-0.37786573,-0.94572324,0.0
-0.78441482,-2.6147870702902694,-0.59163147,-0.85955255,-0.37786573,-0.94572324,0.0
-0.78441482,-0.47019533,-0.59163147,3.1576444615321977,-0.37786573,-0.94572324,0.25784846698809993
5.87777290776436,-0.37729969,9.989496329427736,-0.85955255,-0.37786573,-0.94572324,0.0
-0.2117311,-0.43038291,-0.27606055,-7.116556546772672,-0.37786573,-0.9262231777860145,0.0
-0.78441482,-0.47019533,-0.59163147,-0.85955255,-0.37786573,-0.94572324,1.5306232895807108
-0.33504188,-0.31094565,20.686865,10.004555584272547,10.0049654879065,0.65096023,0.0
0.14990148,-0.076494735,-0.18589744,-0.85955255,-0.37786573,-0.94572324,0.0
0.22934208,0.047366127,-0.050652758,-0.85955255,-0.37786573,-0.94572324,0.0
-0.55879674,-0.44365372,5.000885863684378,0.018935501,0.46910528,0.85206922,0.0
-0.78441482,-0.47019533,-0.59163147,-0.85955255,1.6359259531705184,-0.94572324,0.0
0.70090418,2.0512579,0.039510361,1.8517247791660858,-0.37786573,10.006245889191648,0.0
-4.828102952864094,-0.47019533,2.0823662655860735,-0.85955255,-0.37786573,-0.94572324,0.0
0.7434193,3.3650678,-0.45638679,10.004555584272547,1.9533459,0.53821731,1.5306232895807108
-0.15532658,-0.42153571,-0.050652758,1.8813977,-0.37786573,0.97090635,0.0
-0.14397792,-0.32421646,-0.095734317,0.8379294,-0.37786573,10.006245889191648,0.0
-0.78441482,0.30932250558374685,-0.59163147,-0.85955255,-0.37786573,10.006245889191648,0.0
-0.78441482,-1.5036696013950963,-0.59163147,-0.85955255,10.0049654879065,-0.94572324,0.0
0.40058823,1.1621139,0.039510361,0.76577692,0.75015583,4.362307538760524,-0.9218633966346476
-0.78441482,-0.47019533,-0.59163147,-0.85955255,-0.37786573,-0.94572324,0.0
0.31911504,-0.16939038,-0.14081588,-0.85955255,-0.37786573,4.678396264279392,0.0
-0.065214855,-0.32421646,0.89605999,1.348904,-0.37786573,0.66619576,0.0
-0.78441482,-0.47019533,-0.59163147,-0.85955255,-0.37786573,-0.94572324,0.0
5.4461673,-0.4082649,-0.50146835,-0.85955255,-0.37786573,-0.94572324,0.0
0.99139593,3.1234954799787635,-0.50146835,0.80712747,10.0049654879065,0.85511633,0.0
0.19004524,0.12256737,0.94114155,-0.85955255,-0.37786573,-0.94572324,0.0
0.004401533,-0.42153571,9.989496329427736,-0.85955255,-0.37786573,-0.94572324,0.0
1.0632143,1.0072878,0.17475504,2.2556623,-0.37786573,1.3761714,0.0
-0.78441482,-0.47019533,-0.59163147,-4.909953754901495,-0.37786573,-0.94572324,0.6790661617758903
-0.29523689,-0.43480652,0.49032595,1.2265401,0.37069149,1.1141203,1.5306232895807108
-2.1182847242381775,-0.44365372,0.49032595,0.42231426,-0.37786573,1.5833746,0.0
0.96802108,2.0424107,-0.230979,-0.85955255,-0.37786573,-0.94572324,0.0
-0.78441482,-0.47019533,-0.59163147,-0.85955255,-0.37786573,-0.94572324,0.0
9.997237792011457,-0.47019533,0.641443475397165,-0.85955255,-0.37786573,-0.94572324,0.0
0.57589957,0.016400912,-0.050652758,-0.85955255,-0.37786573,-0.94572324,0.30850602622748247
-0.78441482,-0.47019533,-0.59163147,-0.85955255,-0.37786573,-0.94572324,0.0
-0.78441482,-0.47019533,-0.59163147,-0.85955255,-0.37786573,-0.94572324,0.0
-0.13262927,-0.33306367,0.53540751,0.78729608,0.82459999,1.2969467,0.0
1.6465691,5.0504603,-0.9747063185103556,0.97632713,-0.37786573,0.52602889,0.0
0.19682055,0.01197731,-0.14081588,1.750173,-0.37786573,1.0166129,0.0
2.019832743660917,-0.47019533,-0.59163147,-0.85955255,-0.37786573,-1.0484392384178767,0.0
-0.028966906,-0.41268851,-0.36622367,-0.85955255,-0.37786573,-0.94572324,0.0
9.997237792011457,0.44549033,4.775337293596694,0.65016418,-0.37786573,0.87644607,0.0
-4.709492452514333,4.9398702,-2.743708101140458,1.3083973,-0.37786573,3.946283722028183,0.0
-0.20749653,-0.17823759,1.1665493,0.77590359,0.63860484,1.220769,0.0
-0.78441482,-0.47019533,-0.59163147,-0.85955255,-0.37786573,-0.94572324,0.0
-0.78441482,-0.47019533,-0.59163147,-0.85955255,-0.37786573,-0.94572324,0.0
-0.084693894,-0.42595931,-0.230979,0.72737999,-0.37786573,1.4462549,0.0
-0.17768513,-0.080918338,0.71573375,-2.2956780516746007,-0.37786573,-0.94572324,1.5306232895807108
-0.11704604,-0.27998044,-0.0055711987,0.56999476,-0.37786573,1.3274177,0.0
3.3122226360802327,0.21988661,0.53540751,10.004555584272547,-0.37786573,0.56564127,0.0
9.997237792011457,0.073907741,0.44524439,-2.8474673654140794,-0.37786573,1.4828201,0.0
-3.4574367127844936,10.0000062172904,0.039510361,1.106286,-0.2638733661432682,0.9983303,0.0
0.37551956,0.47645554,0.40016284,0.87041911,-0.089900855,1.0348956,0.0
0.065548774,-0.10745995,0.53540751,0.4265337,0.14633834,1.1354501,0.0
-0.78441482,-0.47019533,-0.59163147,10.004555584272547,-0.37786573,6.554293416323199,0.0
-0.78441482,-0.47019533,-0.59163147,-0.85955255,-0.37786573,-0.94572324,0.0
0.15515235,0.35701828,0.98622311,-0.85955255,-1.936977445639847,-0.94572324,0.0
-0.07096943513538193,-0.21805001,-0.095734317,3.30534095655505,1.365563,1.1506856,0.0
-0.019142696,-0.38172329,-0.14081588,10.004555584272547,1.4697058,1.2329575,0.0
-0.78441482,-0.47019533,-0.59163147,-0.85955255,0.599263640352072,0.3283557215714499,0.5137973874951509
9.997237792011457,0.12256737,0.17475504,0.21471766,10.0049654879065,0.82464527,0.0
0.82353743,0.77283689,-0.230979,0.89446994,1.0824053,0.81245684,0.0
-0.063351643,-0.45250093,0.26491816,-0.85955255,-0.37786573,-0.94572324,0.0
0.081809537,-0.31979286,9.989496329427736,-0.85955255,-0.37786573,-0.94572324,0.0
0.23031825385527374,0.016400912,2.7894855,0.19488628,0.59570314,0.41938019,0.0
0.075542368,-0.22689721,-0.0055711987,1.1429951,-0.37786573,8.8634288622686,0.0
0.11466983,-0.041105917,1.0763862,0.12227025372703082,10.0049654879065,1.1141203,0.0
0.7256618836365945,-0.13400156,-0.18589744,-0.85955255,-0.37786573,-0.94572324,0.0
0.37450326,0.065060536,0.08459192,0.81303469,-0.37786573,1.0775551,0.0
0.95870502,0.60031641,0.26491816,1.3974275,-0.37786573,-6.331477036970275,0.0
-0.78441482,-0.45250093,6.1706024,-0.85955255,-0.37786573,10.006245889191648,0.0
0.5150911,0.21103941,0.039510361,0.76113554,-0.37786573,-3.8056941892467564,0.0
0.65398511,0.72417727,-0.36622367,0.88729688,10.0049654879065,0.67228997,0.0
-0.78441482,2.353488974912829,-0.14603503138010404,-0.85955255,-0.37786573,-0.94572324,0.0
9.997237792011457,10.0000062172904,0.44524439,4.527771838060253,0.22907967,1.2938996,0.0
0.5105281490951704,-0.43480652,0.30999972,1.3307603,1.1110174,0.71799656,0.0
0.16497656,-0.10303635,-0.230979,-1.2819340409806017,-0.37786573,1.2238161,0.0
9.997237792011457,-0.47019533,-0.59163147,-0.85955255,-0.37786573,-0.94572324,0.0
-0.47986429,-0.44365372,0.76081531,-0.85955255,-0.37786573,-0.94572324,0.0
-0.78441482,-0.879283345011114,-0.59163147,-0.85955255,10.0049654879065,-0.94572324,0.0
9.997237792011457,5.0416131,-0.41130523,10.004555584272547,10.0049654879065,1.2878054,0.0
-1.6276694297635095,-0.29767485,9.989496329427736,0.87463855,-0.37786573,1.5254796,0.0
-0.78441482,-0.47019533,-0.59163147,-0.85955255,-0.37786573,-0.94572324,0.0
0.070291497,5.729779465719641,2.5572361531423344,-0.85955255,-0.37786573,-0.94572324,0.0
-0.78441482,-0.47019533,-0.59163147,-0.85955255,10.0049654879065,-0.94572324,0.0
-0.097058848,1.0831207851894136,0.53540751,1.7518608,3.5335353541790773,1.1472123378979964,0.0
-0.78441482,-0.47019533,-0.59163147,-0.85955255,-0.37786573,-0.94572324,0.0
0.4197285,-0.4038413,0.2198366,-0.85955255,-0.37786573,-0.94572324,0.0
-0.78441482,-0.47019533,-0.59163147,-0.85955255,0.3961292569228938,-0.94572324,0.0
0.23933567,-0.0057170995,-0.14081588,-0.85955255,-3.4624934048802913,-0.94572324,0.0
-0.78441482,-3.6046375729017415,-0.59163147,-0.85955255,-0.37786573,-0.94572324,0.0
-0.78441482,-0.47019533,1.5806566553625545,-0.85955255,-0.37786573,-0.94572324,-0.5700076388003873
-0.78441482,-0.47019533,-0.59163147,10.004555584272547,-0.37786573,-0.94572324,0.0
-0.78441482,10.0000062172904,-0.59163147,-0.27541574763371823,-0.37786573,-0.94572324,0.0
-0.78441482,-0.47019533,-0.59163147,-0.85955255,-0.37786573,-0.94572324,0.0
-0.49409246,-0.4082649,-0.59163147,0.066193263,-0.37786573,10.006245889191648,0.0
0.57420574,1.6796754,-0.230979,1.2754856,-0.37786573,1.3792185,0.0
1.3010093616830805,-2.261243069761165,-0.59163147,0.4409633966608565,-0.37786573,0.614283790452109,0.0
0.51170344,-0.29325125,9.989496329427736,1.1662021,-0.09444455,1.5407151,0.0
-0.029644438,-0.24016802,2.023099,-0.43634241,-1.2207949602454904,4.310010097049731,0.0
-0.2648115736280442,10.0000062172904,-0.59163147,-0.85955255,-0.37786573,-0.94572324,0.0
-0.13889643,-0.41268851,0.039510361,-0.85955255,-0.37786573,-0.94572324,0.0
-0.054374347,-0.45250093,-0.32114211,-0.85955255,-0.37786573,-0.94572324,0.0
0.38873142,-0.28440404,-0.230979,1.7974308,-0.9573735498306878,3.123066102928461,0.0
-0.11399714,0.025248116,3.150138,0.20248127,-0.37786573,0.95262371,0.28191079593081025
-0.024054801,0.72417727,4.9984819,1.1501682,0.060633721,0.61439496,0.0
1.1617952,0.83919093,-0.41130523,1.2615615,-0.37786573,1.2055335,0.0
9.997237792011457,1.9362443,0.12967348,0.75522832,-0.37786573,10.006245889191648,0.0
1.2421940897782402,0.75956609,-0.095734317,-1.7292495472337777,1.4689815,1.0714608,0.0
-0.2345978,1.6457520455417787,0.58048907,0.69573417,0.60831354,10.006245889191648,0.0
0.090109301,0.29508785,1.8878543,1.0307579,-0.37786573,10.006245889191648,0.6124585730037975
9.997237792011457,-0.47019533,-0.59163147,-0.85955255,-0.37786573,-0.94572324,0.12104584713348301
-0.004067614,-0.37729969,0.49032595,-0.85955255,-0.37786573,-0.94572324,0.0
0.16768669,0.13583817,-0.230979,0.46915008,-0.37786573,1.306088,1.5306232895807108
-0.23188767,-0.43038291,-0.0055711987,0.72780194,-0.37786573,0.9952832,1.5306232895807108
-0.78441482,-0.47019533,-0.59163147,-0.85955255,-0.37786573,-0.94572324,0.9045207631736517
-0.78441482,10.0000062172904,-0.59163147,-0.85955255,-0.37786573,-0.94572324,0.0
-0.5791227,-0.42595931,1.2626540773452475,-0.85955255,-0.37786573,-0.94572324,0.0
-0.78441482,-0.47019533,-2.1218889371647043,-0.85955255,-0.37786573,-0.94572324,0.0
0.026929464,-0.28882764,-0.050652758,10.004555584272547,1.9579554,1.0288014,0.0
9.997237792011457,-0.47019533,-0.59163147,-0.85955255,-1.1008260105562213,10.006245889191648,0.0
-0.20986789,-0.3994177,-0.27606055,-0.027056429,-0.37786573,1.3121822,0.0
-0.78441482,-0.47019533,-0.59163147,-0.85955255,-0.37786573,-0.94572324,0.0
-0.39568097,10.0000062172904,0.40016284,1.6995397,0.58961196,0.38586202,0.0
-0.78441482,-0.47019533,-0.59163147,-0.85955255,-0.37786573,-0.94572324,0.0
1.1711112,10.0000062172904,0.12967348,2.0434243,0.0705021513778813,1.2238161,0.0
-0.78441482,-0.47019533,-0.59163147,3.1418128861229926,-0.37786573,-0.94572324,0.5597858800121147
-0.066739302,-0.34633447,-0.32114211,0.73286527,10.0049654879065,1.3335119,0.0
1.0264582,1.0869127,-0.32114211,1.5050233,-0.37786573,1.2238161,0.0
-0.78441482,-0.43923012,9.0558222,-0.85955255,-0.37786573,-0.94572324,0.0
0.78169985,-0.45250093,-0.50146835,-0.85955255,-0.37786573,-0.94572324,0.0
4.931163101053442,-0.076494735,-0.36622367,-0.85955255,-0.37786573,-0.94572324,0.0
-2.7561356785669346,0.21546301,9.989496329427736,0.84594634,-0.37786573,1.0623195,0.0
0.10857204,0.28181705,-0.32114211,-0.15490555,3.0694156,0.31577859,0.0
-0.11264208,-0.3994177,9.989496329427736,-0.089504186,10.0049654879065,1.0775551,0.0
0.29150562,-0.15169597,-0.18589744,0.67843445,-0.37786573,1.2634285,0.0
-0.78441482,-0.47019533,-0.59163147,-0.85955255,-0.37786573,10.006245889191648,0.0
1.2109162,-0.45250093,-0.41130523,-0.85955255,-0.37786573,-0.94572324,0.0
-0.78441482,-0.47019533,-2.0224376500534884,-0.85955255,-0.37786573,-0.94572324,0.0010101543736820034
-0.78441482,-0.47019533,-0.59163147,-0.85955255,-1.7333372826516555,-0.94572324,0.0
0.38856204,-0.44365372,0.12967348,1.2809709,-0.37786573,0.91910555,1.5306232895807108
1.2688452,7.254054903961098,-0.50146835,0.89109438,-0.37786573,0.20608278,0.0
1.2137957,4.6081,-0.50146835,-0.85955255,-0.37786573,-0.94572324,0.0
0.36163015,0.078331343,9.989496329427736,0.75902581,-0.37786573,0.78503289,0.0
-0.42193533,-0.29325125,0.89605999,0.88982855,0.39084178,0.86121054,0.0
-0.78441482,2.275144553887902,-0.59163147,-0.85955255,-0.37786573,-0.94572324,0.0
-0.54219722,-0.42153571,2.5884092155871476,0.058598265,-0.37786573,0.76065604,0.0
1.5711831148914415,0.37028909,0.76081531,2.0189515,-0.37786573,0.93129397,0.0
0.98563691,2.2857089,-0.45638679,1.810933,-0.37786573,0.94957661,0.0
-0.53762388,-0.44807732,0.40016284,0.42231426,0.43792499,1.3274177,0.0
-0.78441482,-0.47019533,-0.59163147,-0.85955255,-0.37786573,-0.94572324,0.0
-0.31962803,-0.45250093,-0.59163147,10.004555584272547,-0.37786573,0.56564127,0.0
3.2685592057122963,-0.47019533,-0.59163147,-0.85955255,-0.37786573,-0.94572324,0.20802003766719288
0.78153046,0.9895934,9.989496329427736,1.182236,-0.37786573,0.8916816,1.5306232895807108
-0.78441482,-0.47019533,-0.59163147,2.7172759241044107,-0.37786573,-0.94572324,-1.6278223864631698
-0.059625218,-3.1002883949436195,-0.0055711987,0.57801171,-0.37786573,1.6656465,0.35707865121068005
-0.40025431,-0.45250093,0.71573375,10.004555584272547,10.0049654879065,0.88558738,0.0
-0.78441482,3.342325987049533,-0.59163147,10.004555584272547,-0.37786573,-0.94572324,0.0
0.46190485,10.0000062172904,9.989496329427736,-0.85955255,-0.29427611041724977,-0.94572324,0.0
-0.78441482,-0.47019533,-0.59163147,-0.85955255,-0.37786573,-2.1448605883027567,0.0
-0.78441482,6.203092089911274,-0.59163147,-0.85955255,-0.37786573,-0.94572324,0.0
0.38077043,-0.054376724,-0.32114211,0.55860227,2.3139111,1.3487475,0.0
1.0229012,0.37471269,-0.32114211,-0.85955255,-0.37786573,-0.94572324,0.0
-0.78441482,-0.47019533,-0.59163147,-0.85955255,-0.37786573,3.194879922784621,0.0
-0.032185182,-0.058800326,1.301794,0.49362285,-0.37786573,1.3792185,0.0
-0.28896972,-0.41268851,0.44524439,0.91641104,0.7316518,1.0836493,0.0
0.20647538,-0.2136264,-0.14081588,-0.85955255,-0.37786573,-0.94572324,0.0
1.224152594079614,0.51184436,0.71573375,-0.85955255,-0.37786573,-0.94572324,0.0
1.6506343,3.8605113,-0.8526435252478564,1.6345603,-0.37786573,0.36453228,0.0
0.12974491,-0.45250093,-0.05625296698422749,0.45775758,-0.37786573,0.87949317,0.0
9.997237792011457,-0.47019533,-0.59163147,-0.85955255,-0.37786573,-0.94572324,0.0
-0.49053542,-0.41268851,3.555872,1.0214752,10.0049654879065,0.76065604,0.0
2.85139,-0.41711211,-0.54654991,-0.85955255,-0.37786573,-0.94572324,0.0
0.275753,-0.39057049,-0.41130523,0.4712598,2.4231903,0.94957661,0.0
-0.78441482,-0.47019533,-0.59163147,-0.85955255,-0.37786573,-0.94572324,0.0
-6.798636368411124,-0.47019533,3.9249669656644643,-0.85955255,-0.37786573,-0.94572324,0.0
0.38822328,-0.45250093,9.989496329427736,1.2961609,-0.37786573,0.83073948,0.0
-0.33114607,-0.3994177,0.62557063,1.0742182,10.0049654879065,-2.334323921558858,0.0
-0.18547674,-0.41268851,9.989496329427736,0.0016357841,10.0049654879065,0.90082291,0.0
-0.12399074,-2.5058231271359857,0.30999972,0.13581407,-0.37786573,1.4553962,0.0
4.291145,-0.45250093,-0.41130523,-0.85955255,-0.37786573,-0.94572324,0.0
0.3472326,-0.049953122,-0.230979,0.6189403,-1.0920427161760418,0.95262371,0.0
-0.78441482,-0.47019533,-0.59163147,-0.85955255,-0.37786573,-0.94572324,0.0
-0.48426825,-0.39057049,0.35508128,1.2455276,0.79088446,0.39500334,0.0
9.997237792011457,-0.47019533,-0.59163147,-0.85955255,-0.37786573,-0.94572324,0.0
12.655407999994244,-0.47019533,-0.59163147,-0.85955255,10.0049654879065,-0.94572324,0.0
1.0479698,5.0371895,-0.18589744,-0.85955255,10.0049654879065,-0.94572324,0.0
-0.35655351,4.076904210375208,0.80589687,0.90375271,0.39084178,1.1476385,0.0
0.81557643,4.0286081,-0.41130523,-0.85955255,-0.37786573,-0.94572324,0.0
-0.033709629,-0.43480652,-0.18589744,-0.85955255,-0.37786573,-0.94572324,0.0
0.74799264,0.68436485,0.76081531,0.92906937,10.0049654879065,10.006245889191648,0.0
-0.78441482,-0.47019533,-0.59163147,-0.85955255,-0.37786573,-0.94572324,0.5373471740125826
-0.78441482,-0.47019533,-0.59163147,-0.85955255,-0.37786573,-0.94572324,0.0
-0.16277943,0.35180848133090803,0.53540751,1.5809733,0.56096693,0.98309477,0.0
-0.001357487,10.0000062172904,0.12967348,1.1117713,-0.37786573,1.1293559,0.0
0.45512954,0.69763566,-2.496883566562616,1.4801286,-0.086377846,1.2756169,0.0
-0.78441482,-0.27270676664149923,-0.6280472447206057,-0.85955255,10.0049654879065,-0.94572324,0.0
3.521886130316133,4.49751,-0.45638679,1.6185264,-0.37786573,0.29140174,0.0
-0.540334,-0.43480652,2.2034252,0.33497179,10.0049654879065,0.76370315,0.0
0.44547471,1.3744468,-0.41130523,-0.85955255,-0.37786573,-0.94572324,0.0
-0.6857729691760194,-0.36402888,-0.230979,0.35480317,-0.37786573,0.87949317,1.5306232895807108
-1.0869679017724045,-0.44365372,0.26491816,0.37969788,-0.37786573,0.54126442,0.0
-0.78441482,-0.47019533,-0.59163147,-0.85955255,-0.37786573,-0.94572324,0.0
7.2233331,-0.45250093,-0.50146835,2.649212484382739,-0.37786573,-0.94572324,0.0
-0.25170547,-0.44807732,-0.9209265028809279,-0.85955255,-0.37786573,-0.94572324,0.0
0.33740839,-0.063223929,-0.230979,-0.85955255,-0.37786573,-0.9116962741908324,0.0
-0.78441482,0.7842246553839428,-0.59163147,-0.85955255,-2.182246534370058,-5.978106011040801,0.0
-0.78441482,-0.47019533,0.9725650634392053,-0.85955255,-0.6902513246116608,-0.94572324,0.0
0.024049954,-0.43038291,0.005594053185132231,-0.22049040304775996,0.27896154,1.3609359,0.0
-0.78441482,-0.47019533,-0.5317098702866727,-0.85955255,-0.37786573,-0.94572324,0.0
0.56912426,0.29508785,-0.36622367,0.30416985,-0.37786573,0.51384047,0.06726750102470397
-0.055390645,-0.45250093,-0.32114211,-0.17473694,-0.37786573,0.28835463,0.0
0.42057542,-0.080918338,-0.41130523,1.4514364,-0.37786573,0.90691713,0.0
9.997237792011457,-0.38614689,9.989496329427736,1.0197874,3.967062024986859,0.80940974,0.0
0.20173266,-0.2003556,9.989496329427736,1.1240076,1.4947949,0.90082291,0.0
-0.78441482,-0.47019533,9.989496329427736,-0.85955255,-0.37786573,-0.94572324,0.0
-0.78441482,-0.47019533,-0.59163147,-0.85955255,-0.37786573,-0.94572324,0.0
0.20464641418847096,-0.47019533,-0.59163147,-0.85955255,-0.37786573,-0.94572324,0.0
0.19394104,0.42779592,0.17475504,-0.85955255,-0.37786573,-0.94572324,1.5306232895807108
-1.9872126752961088,-0.47019533,-0.59163147,-0.85955255,-0.37786573,-0.94572324,0.0
-0.78441482,-0.47019533,-0.59163147,-0.85955255,-0.37786573,-0.94572324,0.0
-0.78441482,-0.47019533,-0.59163147,-0.85955255,-0.37786573,-3.264779709499303,0.0
0.64924239,0.43664312,-0.27606055,1.4138834,1.5995633,1.3152293,0.0
-0.78441482,-0.47019533,-0.59163147,-0.85955255,-0.37786573,-0.94572324,0.0
2.9415017,-0.44807732,-0.230979,-0.85955255,-2.8072620338025533,-0.94572324,0.0
0.16006446,0.51626796,0.12967348,-0.85955255,-0.37786573,-0.94572324,0.0
-0.11687665,-0.33748727,0.89605999,0.76704276,0.7032897685252005,1.1080261,0.0
-0.51492656,-0.44365372,9.989496329427736,0.10923158,-0.37786573,1.0806022,0.0
0.742403,10.0000062172904,-0.41130523,-0.85955255,-0.37786573,-0.94572324,0.0
-0.1551572,-0.44365372,1.0313047,-0.85955255,-0.37786573,-0.94572324,0.0
0.10450685,0.087178548,1.0313047,1.1805482,3.6767085560969406,1.5529036,0.0
4.434952045352195,1.6265921,-0.9028597494494597,-0.85955255,-0.37786573,-0.94572324,-0.10426229939768146
0.41718776,-0.11630716,-0.230979,-0.85955255,-0.37786573,-0.94572324,0.0
-0.40042369,-0.4038413,0.98622311,-0.85955255,-0.37786573,-0.94572324,0.0
-0.31844235,-0.34633447,5.0435634,0.67421501,0.40977384,0.85816343,0.0
-0.16582832,-0.42153571,-0.27606055,0.81641024,1.970928,1.0501311,0.0
-0.78441482,-0.47019533,-0.59163147,-0.85955255,-0.37786573,-0.94572324,0.0
0.23730308,0.47645554,0.08459192,0.43708231,0.4332496,1.0653666,0.0
-0.78441482,-3.337045004152708,-0.59163147,-0.85955255,-0.37786573,-0.94572324,-0.6383916131857474
1.0181584,-0.44365372,-0.0055711987,-0.85955255,-0.37786573,-0.94572324,0.0
2.908472,3.3164082,9.989496329427736,1.3092412,2.5548586,0.32796701,-0.028518059057789556
-0.78441482,-0.47019533,-0.59163147,-0.85955255,-0.37786573,-0.94572324,0.0
-0.001357487,-0.35960528,-0.230979,10.004555584272547,-0.37786573,-0.94572324,0.0
0.061652967,-0.054376724,0.08459192,0.89109438,-0.37786573,10.006245889191648,0.0
0.13008367,-0.17381398,-3.7181034012586376,-1.7383002436850559,0.14235437,1.0623195,0.0
-0.78441482,-0.47019533,-0.59163147,-0.85955255,-0.37786573,-0.94572324,0.0
0.20901612,-0.31536926,-0.230979,4.532130828258748,-0.37786573,1.0105187,0.0
0.31437231,-0.43923012,-0.18589744,-0.85955255,-0.37786573,-0.94572324,0.0
-0.15278584,-0.37287609,-0.230979,0.3365202132891581,-0.37786573,0.96176503,0.0
-1.4518924099614365,-0.43038291,-1.002641878277876,0.27674347,-0.37786573,0.96481214,0.0
0.38212549,0.034095321,9.989496329427736,-0.85955255,-0.37786573,-0.94572324,1.5306232895807108
-0.78441482,10.0000062172904,-0.59163147,-0.85955255,-0.37786573,-0.94572324,0.0
-0.24662398,-0.45250093,1.8585557585735026,-0.85955255,-0.37786573,10.006245889191648,0.0
-0.78441482,-2.124293253376904,-0.59163147,-4.70351080437198,-0.37786573,-0.94572324,0.0
0.016935871,-0.27113323,-0.230979,0.9529805257856238,-0.37786573,1.0227071,0.0
9.997237792011457,1.3629480891224932,-0.27606055,10.004555584272547,1.7554647,1.1384972,0.0
0.25107306364147675,-0.14727237,-0.0055711987,0.74003832,0.38922844,1.047084,0.7149957456994687
0.29980538,0.12699097,1.301794,-0.092035852,0.25591381,1.0105187,0.2890846364006249
-0.059963984,-0.31094565,0.039510361,0.16492823,-1.3634234676361896,0.67533708,0.0
-0.78441482,-0.47019533,-0.59163147,-0.85955255,-0.37786573,-0.94572324,0.0
0.46393745,0.025248116,-0.32114211,-0.85955255,-0.37786573,-0.94572324,0.0
1.2158283,0.90554496,-0.095734317,0.66788584,-0.37786573,0.90387002,-0.08973986457195728
-2.310992981116945,-0.44365372,0.039510361,-0.85955255,-0.8126751131238079,-0.94572324,0.0
-0.24188126,-0.36402888,-0.095734317,0.80122024,0.57127255,0.92215265,1.5306232895807108
-0.78441482,-0.47019533,-0.59163147,-0.85955255,-0.37786573,10.006245889191648,0.0
0.41718776,1.361176,0.08459192,0.78434247,-2.931285728762449,0.61134786,0.0
-0.78441482,-0.47019533,-4.487423381459426,-0.85955255,-0.37786573,-0.94572324,0.0
1.000712,0.3968307,-0.32114211,0.54594394,1.3401776,0.90691713,0.14843650522757482
-0.12077246,-0.41268851,0.17808862176567525,0.89742355,2.2466776,-2.139229908758031,0.0
0.31928442,-0.098612747,-0.230979,0.83117829,-0.37786573,1.3274177,0.0
-0.11789295,-0.33748727,-0.32114211,0.44341147,1.4231494,1.1720153,0.0
9.997237792011457,-0.42153571,-0.54654991,-0.85955255,-0.37786573,-0.94572324,0.0
-0.532373,-0.45250093,0.039510361,10.004555584272547,1.3924874292786455,2.715704392791974,0.0
-0.3467293,-0.39057049,2.7444039,0.7788572,-0.078640395,0.93129397,0.0
-0.78441482,-0.47019533,-0.59163147,-0.85955255,-3.32020936783826,10.006245889191648,0.0
9.997237792011457,-0.44365372,5.4439418570475535,0.84889995,1.4481727,0.57173548,-0.1253570042166319
0.86808515,1.1886555,-0.27606055,-0.85955255,0.8695151444069308,0.47981262195883523,0.0
-0.78441482,-0.47019533,-0.59163147,-0.85955255,-0.37786573,-0.94572324,0.0
-0.16819968,-0.35960528,0.44524439,0.2007935,0.4691382,1.1872509,0.0
0.26999398,10.0000062172904,-0.50146835,-0.85955255,-0.37786573,-0.94572324,0.0
-0.0018656358,-0.4038413,0.44524439,-0.85955255,-0.37786573,-0.94572324,0.0
-0.78441482,-0.47019533,1.2982161468219564,-3.711408175869189,-0.37786573,-0.94572324,1.5306232895807108
-0.78441482,-0.47019533,-0.59163147,-0.85955255,-0.37786573,-0.94572324,0.0
-0.78441482,-0.47019533,-0.59163147,-0.85955255,-0.37786573,-0.94572324,0.09745525243772506
-0.27050698,-0.45250093,-0.095734317,0.88603105,-0.37786573,1.1263087,0.0031677112409836923
0.80829297,0.96747539,0.2198366,1.4662045,-0.37786573,0.88863449,0.0
-0.78441482,-1.7969689912791944,1.464916823460831,10.004555584272547,-0.37786573,-0.94572324,0.0
-0.41109482,-0.45250093,-0.59163147,10.004555584272547,-0.37786573,0.29444885,0.0
-1.0745954856640898,0.193345,1.0313047,0.75354054,-0.37786573,1.2756169,0.0
1.2288708,4.1347746,-0.50146835,-0.85955255,0.4457648330109154,2.0633582349765853,0.0
0.83793498,-0.45250093,-0.36622367,-0.85955255,-0.37786573,-0.94572324,0.4287312392383333
-0.78441482,-0.47019533,-0.59163147,10.004555584272547,-0.37786573,-0.94572324,0.0
-0.78441482,-0.47019533,-0.59163147,-0.85955255,-0.37786573,-0.94572324,0.0
-0.019142696,-0.31536926,-0.050652758,-0.85955255,-0.37786573,-0.94572324,0.0
5.142178180328357,-0.08534194,0.10037670028292234,-0.85955255,-0.37786573,-0.94572324,0.0
-0.78441482,-0.47019533,-0.59163147,-0.85955255,3.55563964414945,-0.94572324,1.5306232895807108
0.16683977,-0.023411508,-0.14081588,0.74383582,10.0049654879065,0.75456183,0.0
-0.78441482,-0.47019533,-0.59163147,-0.85955255,-0.37786573,-0.94572324,0.0
-0.33029916,-0.44807732,0.039510361,0.371259,-0.37786573,0.49555783,0.0
1.3333801,-0.45250093,-0.8071729244154965,-0.85955255,-0.37786573,-0.94572324,0.0
0.43734433,0.14468538,-0.18589744,1.3632501,1.2530572,1.3944541,0.0
4.789829018539461,10.0000062172904,0.26491816,2.3290806,-3.3179791663458995,1.2238161,0.0
0.54219237,0.034095321,0.08459192,0.70543889,-2.117802660852587,0.91910555,0.0
0.28151202,0.41894872,-0.230979,1.3061254710370391,1.2922713,1.2085806,0.0
0.053014437,3.7975351419850494,4.24002496975936,0.89826744,-0.37786573,1.1689682,0.0
-0.083169447,2.8539352348004767,0.2198366,0.74889915,0.38972232,1.363983,0.0
0.34638569,-3.3989354008101076,0.039510361,0.81345663,0.74541458,0.75151473,-0.3567471570131337
-0.20461702,-0.27555684,0.26491816,-0.5403364501769095,-2.7180861529682456,0.86730475,0.0
-0.013553059,-0.3949941,-0.36622367,1.7328733,-0.37786573,1.0379427,0.0
-0.19445404,-0.36402888,0.17475504,0.50163979,0.24593744,1.3091351,0.0
0.112976,-0.28440404,-0.230979,-0.85955255,-0.37786573,-0.94572324,0.0
-0.78441482,-0.47019533,-0.59163147,-0.85955255,-0.37786573,-0.94572324,0.0
0.11466983,-0.34191087,0.2198366,10.004555584272547,-0.37786573,-0.94572324,0.0
-0.78441482,-0.47019533,9.989496329427736,-0.85955255,-0.37786573,-0.94572324,0.0
-0.13144359,-0.25343882,0.17475504,0.83708551,0.8875532,1.0958377,1.5306232895807108
0.58013415,1.1090307,0.2198366,0.70375111,-0.37786573,0.74542051,0.0
-0.78441482,-0.47019533,-0.59163147,0.9748962319570017,-0.37786573,-0.94572324,0.0
-0.78441482,-0.47019533,-0.59163147,-0.85955255,-0.37786573,-0.94572324,0.0
-0.098752678,-0.27998044,5.345603917957565,1.8219035,0.22733463,1.1750624,0.0
-0.78441482,-0.47019533,9.989496329427736,-0.85955255,-0.37786573,-0.94572324,0.0
0.82218237,2.874048,-0.095734317,0.77379386,-0.37786573,0.66314866,0.0
0.16226643,0.55608039,0.49032595,0.89067244,-0.37786573,0.85511633,0.0
-0.78441482,-0.47019533,9.989496329427736,-0.85955255,-0.37786573,-0.94572324,0.0
0.17666398,2.6784106368387617,-0.14081588,0.36976300907069637,-0.37786573,0.2262270165488185,0.0
1.1426549,10.0000062172904,-0.45638679,2.3425828,-0.37786573,0.78808,0.0
-0.78441482,-0.47019533,-0.59163147,-0.85955255,-0.37786573,-0.94572324,0.39725855651711
-0.78441482,-0.45250093,-0.59163147,-0.85955255,-0.37786573,-1.6455590798561186,0.0
-0.52441201,-0.41268851,12.427660222965333,4.366869716155836,0.23141737,0.60220654,0.0
0.63552237,7.181798037161443,-0.41130523,-0.85955255,-0.37786573,-0.94572324,0.0
9.997237792011457,-0.44807732,3.905459759405572,-0.85955255,-0.37786573,-0.94572324,0.0
0.45445201,-0.29325125,-0.230979,0.64847641,-0.37786573,0.85816343,0.0
-0.78441482,-0.47019533,-0.59163147,-3.4412043466405327,-0.37786573,-0.94572324,0.0
-0.78441482,-0.47019533,-0.59163147,-2.8726157975000555,-0.37786573,-0.94572324,0.0
0.56844672,1.6885226,-0.50146835,0.57379226,-0.37786573,0.81245684,1.5306232895807108
-0.78441482,-0.47019533,-2.027856297897785,-0.85955255,-0.37786573,-2.3219477986312462,0.0
-2.882933797251302,-0.47019533,-0.59163147,-0.85955255,-0.37786573,-7.555473468498409,0.0
0.12364712,0.33047667,9.989496329427736,-0.85955255,-0.37786573,-0.94572324,0.0
-0.03438716,-0.16939038,1.9329359,0.86493384,-1.962264839448177,0.83378658,0.0
-0.32877471,-0.45250093,0.71573375,5.628267890197174,-0.37786573,0.46508677,0.0
9.997237792011457,-0.47019533,-0.59163147,-0.85955255,-0.37786573,-0.94572324,0.0
-0.27355587,-0.43923012,0.35508128,-2.42363548442222,0.41237494,1.0866964,0.0
-0.78441482,-0.47019533,-0.59163147,-0.85955255,-4.483871301679848,10.006245889191648,0.0
-0.78441482,-0.47019533,-0.59163147,-0.85955255,-0.37786573,-0.94572324,-0.5450040628798645
1.0494319955250027,-0.47019533,-0.59163147,2.8952127342065883,-0.37786573,-0.94572324,0.0
2.865431736361487,-0.47019533,-0.59163147,-0.85955255,-0.37786573,-0.94572324,0.0
-0.33995398,-0.37729969,9.989496329427736,6.614878428697819,-0.37786573,1.4523491,0.0
0.75375166,-0.014564304,9.989496329427736,-0.85955255,-0.37786573,-0.94572324,0.0
0.80524407,2.2812853,0.35508128,0.95227631,3.5391738669918427,0.77284447,0.0
-0.78441482,2.1325144853890423,-0.59163147,-0.85955255,-0.37786573,-0.94572324,0.0
9.997237792011457,4.1215038,0.2198366,0.53075394,-0.37786573,0.61134786,1.5306232895807108
-0.78441482,-0.47019533,-0.59163147,-0.85955255,-0.37786573,-0.94572324,0.0
0.17700275,-0.33306367,0.26491816,-0.85955255,-0.37786573,-0.94572324,0.0
2.7357014,-0.44807732,-0.41130523,10.004555584272547,-0.37786573,-0.94572324,0.0
-0.78441482,-0.47019533,-0.59163147,-0.85955255,-0.37786573,-0.94572324,0.0
-0.78441482,-0.47019533,-0.59163147,-0.85955255,-0.37786573,-0.94572324,-0.5042336082813876
1.6533445,-0.45250093,-0.6284994804365435,-0.85955255,-0.37786573,10.006245889191648,0.0
0.036584292,-2.1681946816587025,0.26491816,0.89193827,-0.37786573,0.94043529,0.07627909559747101
0.54032916,-1.648724048489451,0.08459192,-0.85955255,-0.37786573,-0.94572324,0.0
0.050473693,-0.067647531,0.17475504,-4.293212934345902,-0.37786573,-0.94572324,0.0
0.26203299,-0.44807732,-0.50146835,-0.85955255,-0.37786573,-0.94572324,1.5306232895807108
0.38246426,0.90554496,-0.32114211,-0.85955255,-0.5449710309958452,-0.94572324,0.0
-0.19665602,-0.37287609,-0.18589744,0.22695404,-0.37786573,0.88558738,0.0
-0.78441482,-0.47019533,0.20155471384281998,-0.85955255,5.90856519825112,-0.94572324,-0.03924626884215985
-0.78441482,-0.47019533,-0.59163147,-0.85955255,-0.37786573,-0.94572324,0.21864268227147515
0.09180313,0.10044935,1.0763862,0.90755021,-0.37786573,1.1384972,0.0
-0.23087137,-0.41711211,0.44524439,0.65269585,0.52326743,1.2348655159494923,0.0
-0.78441482,10.0000062172904,9.989496329427736,-0.85955255,-0.37786573,-2.3938289125624026,0.0
-0.17446685,-0.29325125,0.58048907,1.113881,0.55885971,1.1567798,0.0
-0.78441482,-0.47019533,-0.59163147,-0.85955255,-0.37786573,-0.94572324,0.0
-0.78441482,-0.47019533,-0.59163147,-0.85955255,-0.37786573,-0.94572324,0.0
-5.345097488184798,0.082754945,9.989496329427736,0.93919603,0.97473946,0.98004767,0.0
-0.78441482,-0.47019533,-0.59163147,-0.85955255,-0.37786573,-0.94572324,0.0
-0.78441482,-0.47019533,-0.59163147,10.004555584272547,6.704920370551102,-0.94572324,0.0
-0.31640976,-0.43038291,0.40016284,1.0556527,0.65621988,0.87644607,0.0
-0.78441482,-0.47019533,9.989496329427736,-0.85955255,-0.37786573,-0.94572324,0.0
-0.78441482,-0.47019533,-0.59163147,-0.85955255,-0.37786573,-0.94572324,0.0
0.64839547,0.1889214,9.989496329427736,1.0050193,10.0049654879065,1.190298,0.0
0.19123092,-0.30304487812633807,-0.36622367,-0.85955255,10.0049654879065,-0.94572324,0.0
0.038108738,-0.36845248,-0.050652758,0.29446513,-0.37786573,0.69361971,0.0
-0.78441482,1.7249200540102114,-0.59163147,-0.85955255,-0.37786573,-0.94572324,0.0
0.23035838,-0.12073076,-0.36622367,10.004555584272547,-0.37786573,-0.94572324,0.0
0.80829297,0.22873382,0.2198366,0.87421661,0.31537694,10.006245889191648,0.0
-0.78441482,-0.47019533,-0.59163147,-0.85955255,-0.37786573,-2.6445607564567646,0.0822019399089497
0.37264005,-0.076494735,-0.41130523,0.26788264,2.3322505,0.79722131,0.0
0.67075402,0.77283689,-0.960848558856116,-0.85955255,-0.37786573,10.006245889191648,0.0
-0.78441482,-0.47019533,-0.59163147,-0.85955255,-0.37786573,-0.94572324,0.0
2.3696649,-0.43038291,-0.50146835,-0.85955255,-0.37786573,-0.94572324,0.0
0.14532814,-0.0012934972,-0.230979,1.1961601,-0.37786573,1.4371135,0.0
-0.78441482,-0.47019533,-0.59163147,-0.85955255,-0.37786573,10.006245889191648,0.0
-0.19411527,-0.32421646,3.555824562521968,0.73539693,-0.37786573,0.67838418,0.0
0.56353462,0.91881577,-0.32114211,10.004555584272547,-0.37786573,1.1872509,0.0
0.47596364,1.4629188,0.44524439,-2.9930232573407913,3.125195202896414,-0.94572324,0.0
-0.8908649133399319,-0.47019533,-0.59163147,-0.85955255,-0.37786573,-0.94572324,1.5306232895807108
2.1489589,2.7811523,-0.230979,3.1476525,-0.37786573,2.578443244900549,0.0
-0.78441482,-0.47019533,-0.59163147,-0.85955255,-0.37786573,-0.94572324,0.0
-0.78441482,-0.47019533,-0.59163147,-0.85955255,-0.37786573,-0.94572324,0.0
-0.9545298467226226,-0.47019533,-0.59163147,-0.85955255,-0.37786573,-0.94572324,0.0
-0.78441482,-0.47019533,-0.59163147,-0.85955255,10.0049654879065,-0.94572324,0.0
-2.3642343022719445,-0.17381398,-0.050652758,-0.7466972974686004,-0.37786573,-1.4450623948812693,0.0
9.997237792011457,10.0000062172904,4.932055114536466,0.91978659,0.37437912,0.43461572,0.0
-0.30133467,-0.11630716,4.6378294,0.81303469,0.1656655,1.01966,0.0
-0.25051979,-0.35075807,1.2116309,2.2345651,0.16289977,1.0318485,0.0
0.31318663,-3.1710418932549134,-0.36622367,1.1050201,-3.5446910992669327,1.4767259,0.0
0.048949246,-0.35960528,-0.230979,0.74847721,0.86839067,1.5346209,0.0
9.997237792011457,-0.39057049,-0.230979,-0.85955255,-0.37786573,-0.94572324,0.0
-0.78441482,-0.47019533,9.989496329427736,-0.85955255,-0.37786573,-0.94572324,0.0
7.183658397904919,4.0728442,-0.27606055,1.5341375,-0.37786573,1.104979,0.0
0.40854923,-0.063223929,-0.45638679,1.2079746,-2.9770015123485587,1.047084,0.0
-1.2406368620694368,-0.3949941,1.1214678,0.69573417,-0.37786573,0.92824687,0.0
0.48917551,2.4803474,-0.41130523,-0.18836001252142331,1.4778055,0.82769237,0.28160671176850854
0.20816921,-0.2092028,0.98622311,0.46577452,10.0049654879065,1.2238161,0.0
-0.19699478,1.887396870631712,-0.59163147,1.0970032,-0.37786573,0.38586202,0.0
-0.30151961361459273,-0.36845248,-6.863403781092447,0.27758736,-0.37786573,0.48946362,0.0
9.997237792011457,-0.41268851,0.94114155,-0.097099184,-0.37786573,0.80331553,0.0
-0.44073683,-0.44807732,0.039510361,1.0851888,0.81613818,0.57173548,0.0
0.11212908,10.0000062172904,-0.41130523,-0.5087283607154827,-0.37786573,1.4249251,0.0
-5.565470367499711,-0.16939038,9.989496329427736,0.40037315,1.3401776,10.006245889191648,0.0
-0.78441482,10.0000062172904,-0.59163147,-0.85955255,-0.37786573,-0.94572324,0.0
0.045392205,-0.37287609,-2.7494641126077473,1.0822352,-0.37786573,1.449302,0.0
9.997237792011457,-0.38172329,0.12967348,-0.85955255,-0.37786573,-0.94572324,0.0
0.010668702,0.20219221,1.5272018,1.6856155,10.0049654879065,1.0653666,0.0
0.55794498,1.2151971,-0.14081588,0.82442718,0.84145775,-1.1371287645518724,0.0
-0.61096669,-0.42595931,0.12967348,0.82949051,1.5477389,10.006245889191648,0.0
0.4580755958367876,-0.41268851,0.53540751,0.73961638,0.66082943,1.0257543,0.0
-0.78441482,-0.47019533,-0.59163147,-2.412934380822176,-0.37786573,-0.94572324,0.0
-0.19936614,-0.17381398,2.2034252,10.004555584272547,0.28041025,1.1598269,0.0
-0.78441482,-3.9184485870060026,-0.59163147,10.004555584272547,-0.37786573,-0.94572324,0.0
-0.023546652,-0.35960528,-0.050652758,-0.85955255,10.0049654879065,-0.94572324,0.0
-0.23171829,5.393696119793872,1.301794,0.75269665,0.21534981,0.96481214,0.0
-0.78441482,-0.47019533,-0.59163147,-0.6316004558246979,-0.37786573,-0.94572324,-0.31778490030584966
0.8089705,0.26412264,-0.8467816250157512,-4.026877123635691,2.1639033,1.1537327,0.0
-0.78441482,-0.47019533,-0.59163147,-0.85955255,-0.37786573,-2.4219529374967292,0.0
-0.37671008,-0.3994177,0.53540751,-0.85955255,-0.37786573,-0.94572324,0.0
1.4431402,10.0000062172904,-0.0055711987,2.5349894,0.39693297,1.306088,0.0
0.87198095,0.45876114,-0.095734317,0.86155828,-0.37786573,0.61134786,0.0
-0.78441482,-0.47019533,-0.59163147,-0.85955255,-1.2600320739608244,-0.94572324,0.0
-0.31674852,-0.44807732,-0.18589744,-0.85955255,-0.37786573,-0.94572324,0.39320828677480163
1.086081,1.294822,-0.050652758,1.1628265,10.0049654879065,1.0348956,0.0
0.047086034,-0.2047792,-0.14081588,1.4172589,10.0049654879065,1.2664756,0.0
-0.78441482,-0.47019533,-5.6573903618807755,-0.85955255,-0.37786573,-0.94572324,0.0
-0.069618812,-0.43480652,-0.095734317,0.97970269,1.2141066,3.306813814205194,0.0
1.0034221,3.0819573,0.12967348,1.060294,1.0244896,0.53821731,0.0
-0.08333883,-0.30209845,-0.14081588,-0.85955255,-0.37786573,-0.94572324,0.0
-0.78441482,-0.47019533,-0.59163147,-0.85955255,10.0049654879065,-0.94572324,0.0
-0.78441482,-0.47019533,-0.59163147,-0.85955255,-0.37786573,-0.94572324,0.0
0.03302725,0.029671718,0.35508128,1.143839,-0.37786573,1.4279722,0.0
-0.78441482,-0.47019533,-0.59163147,-0.85955255,-0.37786573,-0.94572324,0.0
-0.78441482,-0.47019533,-0.59163147,-0.85955255,-0.37786573,-0.94572324,0.0
0.89213752,-3.377475296984971,0.039510361,1.954816,0.12618804,2.4626395010922346,0.0
-0.78441482,-0.47019533,3.6549277889228398,-0.85955255,-0.37786573,-0.94572324,-0.97066390389738
9.997237792011457,-0.34191087,-0.50146835,-0.85955255,-0.37786573,-0.94572324,0.0
0.087907323,0.029671718,1.5272018,-0.85955255,0.11182173278150531,-0.94572324,0.0
1.1067457,10.0000062172904,-0.0055711987,10.004555584272547,-2.738370772015035,-0.94572324,0.0
0.21070995,-0.26670963,-0.050652758,-0.85955255,-0.37786573,-0.94572324,1.5306232895807108
0.29353821,0.34817108,-0.32114211,10.004555584272547,-0.37786573,-0.94572324,0.0
-0.50577988,-0.4082649,2.1132621,0.27041431,10.0049654879065,-0.015416511743887584,0.0
0.16294397,-0.31979286,0.44524439,1.060294,-0.37786573,1.1764585854269693,0.0
0.5234247335718009,0.51626796,0.30999972,3.5063052,-0.37786573,0.28226042,0.0
0.54659632,0.8847029988926922,0.35508128,-5.038184878364832,2.0814269450950222,-0.94572324,0.0
0.0042321501,10.0000062172904,9.989496329427736,-0.85955255,-0.37786573,-0.94572324,0.0
0.39449044,-0.014564304,-0.36622367,0.69531222,-0.37786573,1.3152293,0.0
-0.26711932,-0.43480652,9.989496329427736,0.65269585,-0.19759457553723045,2.673683907150231,1.5306232895807108
9.997237792011457,1.0338294,0.44524439,0.87801411,-0.37786573,0.79417421,0.0
0.19173906,-0.44365372,-0.41130523,10.004555584272547,-0.37786573,-0.94572324,0.0
-0.36603896,-0.42595931,-0.14081588,0.50796895,10.0049654879065,1.4828201,0.0
-0.018126398,-0.43038291,-0.230979,0.64763252,1.6319948,1.2542872,0.0
0.33164937,0.016400912,0.35508128,0.82780274,-0.37786573,1.0684137,0.253718185035546
0.13025306,0.51626796,2.3082779944638183,4.41181076758299,-0.37786573,0.68143129,0.0
-0.78441482,-0.47019533,-0.59163147,-0.85955255,-0.37786573,-0.94572324,0.0
0.44649101,0.30835866,0.08459192,0.4189387,-0.37786573,1.047084,0.0
0.30742761,-0.054376724,0.44524439,0.3303304,-0.37786573,1.0714608,0.0
-0.78441482,-0.47019533,2.1750568674947033,10.004555584272547,-0.37786573,-0.94572324,0.0
-0.13415371,-0.36845248,2.1583436,0.68898306,10.0049654879065,0.4654124853768301,0.0
-0.78441482,-0.47019533,-0.59163147,-0.85955255,-0.37786573,-0.94572324,0.0
-0.17954834,10.0000062172904,4.887882738230117,10.004555584272547,-0.37786573,10.006245889191648,0.0
0.35265286,-0.04552952,1.316310036568836,10.004555584272547,-0.37786573,0.91910555,0.0
0.50255676,0.71090646,-0.095734317,-0.85955255,-0.37786573,-0.94572324,0.0
-0.78441482,-0.47019533,-0.59163147,-0.85955255,-0.37786573,-0.94572324,0.0
0.18055979,0.10487296,0.17475504,0.85480717,-0.37786573,1.3792185,0.0
0.50662195,-0.30652205,-0.0055711987,1.1316026,0.4363775,1.1537327,0.0
-0.78441482,-2.4061316831704933,-0.59163147,-0.85955255,-0.37786573,-0.94572324,0.0
0.46376807,-1.9504126361906327,0.67065219,-0.85955255,2.2244857057316985,-6.8015776358446445,0.0
-0.78441482,-0.47019533,-0.59163147,-0.85955255,-0.37786573,-0.94572324,0.0
0.097900916,-0.12515436,0.44524439,-0.6639905937154515,-0.37786573,1.3335119,0.0
1.1137165612989413,-0.36402888,0.2198366,1.2695784,1.8564138,1.5521877040824346,0.0
0.99969569,0.85688534,-0.0055711987,0.68982695,-0.37786573,1.0927906,1.5306232895807108
-0.14448607,-0.28440404,-0.14081588,4.0392209,1.2592801,1.1019319,0.0
-0.78441482,10.0000062172904,-0.59163147,10.004555584272547,-0.37786573,5.281357497396447,0.18426917874807816
0.513332716634423,-0.30209845,2.799263559762583,2.1235937,-0.37786573,1.0409898,0.0
-0.13110482,-0.072071133,-0.015408611305704416,0.88349938,-0.37786573,1.1263087,0.0
-0.25306054,-0.32864006,2.3386699,0.20501294,-0.023227077,0.87339896,0.0
-2.6246034713814215,-0.47019533,-0.59163147,-0.85955255,-0.37786573,-0.94572324,0.0
-2.8483316488534207,-0.47019533,-3.3530088258688906,-0.85955255,-0.37786573,-0.94572324,0.0
-0.0079634216,0.41894872,0.17475504,0.41936065,-0.37786573,0.82769237,0.7447987565553258
-0.78441482,-3.5594721956839797,-0.59163147,-0.85955255,-0.37786573,-5.78368561867164,0.0
0.83641054,1.9804803,-0.230979,1.2788612,-0.37786573,0.79417421,-0.4387206502289093
-0.78441482,-0.47019533,-0.59163147,-0.85955255,-0.37786573,-0.94572324,0.0
2.8679039330170197,-0.36402888,-0.095734317,0.69573417,-0.37786573,0.87339896,0.0
-0.37704885,10.0000062172904,1.2116309,0.061129931,0.45573759,0.87644607,0.0
-0.78441482,-0.47019533,-0.59163147,-0.85955255,10.0049654879065,-0.94572324,-0.08831541442188943
-0.78441482,-0.47019533,-0.59163147,-0.85955255,-0.37786573,-0.94572324,0.0
0.077236197,-0.32421646,0.35508128,1.2489032,0.61825699,1.1598269,0.0
-0.34113967,-0.44807732,9.989496329427736,-0.85955255,-0.37786573,10.006245889191648,0.0
0.10044166,-1.4045482080278138,-0.45638679,-0.85955255,-0.2487664006979388,-0.94572324,0.0
-0.1700629,-0.4038413,0.44524439,-2.8687590581264204,-0.37786573,-0.94572324,0.0
-0.17412809,-0.42595931,-0.27606055,-0.85955255,10.0049654879065,-0.94572324,0.0
0.11619427,-0.45250093,-0.050652758,-0.85955255,-0.37786573,-0.94572324,0.0
-0.78441482,-0.47019533,-0.59163147,-0.85955255,-0.37786573,-0.94572324,0.0
-0.78441482,-0.47019533,9.989496329427736,-0.85955255,-0.37786573,-0.94572324,0.0007431940890922924
-0.78441482,-0.47019533,1.1413164142925327,-0.85955255,-0.37786573,10.006245889191648,-0.7054493688063258
0.13008367,-0.28440404,9.989496329427736,1.5290742,-0.37786573,0.55040574,0.0
0.46800264,-0.08534194,9.989496329427736,1.189409,0.24468628,1.3883599,0.0
0.0069422771,-0.11630716,-0.18589744,0.20670072,1.5363138,-1.9372891971577089,0.0
0.7232285322546944,0.5267413084620336,-0.59163147,-0.85955255,-0.37786573,-2.4569749464654507,0.0
0.28896487,0.025248116,0.67065219,-0.1696736,-0.9053853541620891,0.66314866,0.0
0.83641054,0.96747539,-0.41130523,-1.4454289367282032,10.0049654879065,10.006245889191648,0.0
-0.78441482,-0.47019533,-0.59163147,-0.85955255,-0.37786573,-0.94572324,0.0
1.6409795,2.3357106690333684,-0.32114211,0.55100727,-0.37786573,0.63877181,0.0
0.69785529,-0.43038291,-2.7113253097498573,-0.85955255,-0.37786573,-0.94572324,0.0
9.997237792011457,-0.47019533,-0.59163147,-0.85955255,-0.37786573,-0.94572324,0.0
-0.27643538,-0.22689721,-0.050652758,1.2172573,-0.37786573,1.0124214124798339,0.0
-0.062504728,-0.29767485,0.039510361,0.77801331,0.62869431,1.132403,0.0
-0.78441482,-0.47019533,0.7565874265047308,-0.85955255,-0.37786573,-0.94572324,-0.010354957753961381
0.97157812,10.0000062172904,-0.54654991,-0.85955255,-0.37786573,-0.94572324,0.0
-0.78441482,-0.47019533,-0.59163147,-0.85955255,-0.37786573,-0.94572324,0.0
-2.4313788924955,-0.47019533,-0.59163147,2.4055799933527,-0.37786573,-0.94572324,0.0
-0.044888903,-0.44365372,-0.36622367,-0.85955255,-0.37786573,-8.202213286555356,0.15188217592553432
-0.78441482,-0.47019533,-0.59163147,10.004555584272547,-0.37786573,10.006245889191648,0.0
-0.78441482,-0.47019533,-0.12343087965742489,-0.85955255,-0.37786573,-0.94572324,0.0
-0.28338008,-0.44807732,0.2198366,0.59235781,10.0049654879065,10.006245889191648,0.0
-0.78441482,-0.47019533,-0.59163147,-0.85955255,-0.37786573,-0.94572324,0.0
-0.78441482,-0.47019533,-0.59163147,-0.85955255,-0.37786573,-0.94572324,0.0
0.43514235,0.3791363,-0.27606055,10.004555584272547,-0.37786573,0.99223609,0.0
-1.1186738836942405,-0.47019533,-0.59163147,-0.85955255,-0.37786573,-0.94572324,1.5306232895807108
9.997237792011457,-0.36402888,0.039510361,2.0257026,1.5514265,10.006245889191648,0.0
0.10213549,-0.36402888,-0.050652758,-0.85955255,-0.37786573,-0.94572324,0.0
-0.78441482,-0.47019533,-0.59163147,-0.85955255,-0.37786573,-0.94572324,0.0
-0.38128342,-0.41711211,-1.4209582532553302,-0.11988418,-0.12091651,1.3853127,0.0
0.51255035,-0.16054318,-0.14081588,0.90586243,1.2685321,1.0958377,0.0
0.32910863,-0.04552952,-2.071158391224709,-2.3027667073289795,2.1347644,1.69512801034351,1.5306232895807108
0.48680415,10.0000062172904,0.40016284,1.9050266,-0.37786573,1.1415443,0.0
-0.78441482,-0.47019533,-0.59163147,-0.85955255,-0.37786573,-0.94572324,-0.7661549777807927
-0.78441482,-0.47019533,-0.59163147,-0.85955255,-0.37786573,-0.94572324,0.0
0.74494375,2.0114455,0.44524439,1.1991137,-0.37786573,1.2420988,0.0
-0.24950349,2.259612189593766,6.153724700099193,0.076741871,-0.37786573,0.92824687,1.5306232895807108
0.47664117,0.3791363,-0.14081588,1.0843449,-0.37786573,1.1384972,0.0
0.5220358,1.7902654,-0.41130523,1.5560786,-0.37786573,1.0409898,0.0
-0.16362634,-0.18266119,0.49032595,-0.025790596,0.81979289,1.1384972,0.0
0.07897309412263187,-0.47019533,-0.59163147,-0.85955255,-0.37786573,10.006245889191648,0.0
0.10840266,-0.15611958,0.30999972,-2.316010131393138,10.0049654879065,1.2420988,0.0
0.1248328,-0.16939038,0.35508128,10.004555584272547,-0.37786573,-0.94572324,0.0
0.083333983,-0.14284877,0.53540751,0.66788584,1.5858664,10.006245889191648,0.0
-0.78441482,-0.47019533,-0.59163147,-0.85955255,-0.37786573,-0.94572324,0.0
-0.78441482,-0.47019533,-0.59163147,-0.85955255,-0.37786573,-0.94572324,0.0
-0.10214034,-0.33306367,-0.18589744,1.0446821,1.6883958,0.7911271,0.0
-0.78441482,-0.47019533,-0.59163147,-0.85955255,-0.37786573,-0.94572324,0.0
-0.78441482,-0.47019533,-0.59163147,-0.85955255,-0.37786573,-0.94572324,0.0
-0.78441482,2.1463386582259956,-0.59163147,1.848290794540711,-0.37786573,10.006245889191648,0.0
0.071985326,-0.094189144,0.17475504,0.9083941,-0.37786573,1.0745079,0.0
0.11450044,-0.26228603,0.67065219,-3.3868648749807937,0.024086612,5.0233352395536865,1.5306232895807108
-1.1188255554066837,0.21546301,-0.27606055,-0.85955255,-0.37786573,-0.94572324,0.0
8.7982556,2.191577609697843,-0.50146835,-0.85955255,-0.37786573,-0.94572324,0.0
-0.78441482,-0.47019533,9.989496329427736,-0.85955255,-0.37786573,-0.94572324,0.0
0.38060104,0.3924071,0.26859647013372434,0.49531062,-0.37786573,-1.3449608916902362,0.0
-0.087234638,0.3962208228743448,-0.27606055,0.85269745,-0.37786573,1.1354501,1.5306232895807108
-0.12060308,-0.39057049,-0.230979,0.29952846,-0.37786573,0.76065604,0.0
-0.2533993,-0.44807732,9.989496329427736,-0.85955255,-0.37786573,-0.94572324,0.0
0.84979179,-0.41711211,-0.50146835,-0.85955255,-0.37786573,-0.94572324,0.0
0.97242504,-0.45250093,-0.50146835,-0.85955255,-5.2440848714896,-0.94572324,0.0
1.1514628,0.85246174,-0.41130523,1.1016446,2.1639033,2.253622150101882,-0.42196506090905206
0.15295037,-0.27998044,0.08459192,-0.85955255,-0.37786573,-0.94572324,-0.49336332888697704
0.058773457,-0.31094565,-4.651626866193462,0.92780354,1.7070316,1.0044245,0.0
0.046239119,10.0000062172904,9.989496329427736,0.39109038,1.0243908,0.85511633,0.0
-0.78441482,2.490416951982832,-0.59163147,-0.85955255,-0.37786573,-0.94572324,0.0
0.9668354,5.0637311,-0.230979,10.004555584272547,-0.37786573,0.34624965,0.0
-0.3560297995923603,-0.45250093,0.039510361,-0.85955255,-0.37786573,-0.94572324,0.0
-0.6304644028349056,-0.6031148500946609,-0.59163147,-0.85955255,1.5937275433495812,1.1401811473635517,0.0
-0.78441482,-0.47019533,-0.59163147,-0.85955255,-0.37786573,-0.94572324,0.0
0.034382313,-0.27113323,0.62557063,-0.85955255,10.0049654879065,-0.9307861592851989,0.0
-1.149878782579575,-0.41268851,-0.50146835,3.075364225641328,-0.37786573,-0.94572324,0.0
0.41295319,-0.16496678,0.08459192,1.3024901,0.79414406,0.94957661,0.0
-0.78441482,-0.47019533,-0.59163147,-0.85955255,-0.37786573,-0.94572324,0.0
-0.78441482,-0.47019533,-0.59163147,-0.85955255,-0.37786573,-1.2805811896852766,0.0
-0.78441482,-0.47019533,-0.59163147,-0.85955255,-0.37786573,-0.94572324,1.5306232895807108
-0.20614146,-0.37729969,2.485073536922898,0.1636624,-0.1075159,1.3700772,0.0
1.0787975,-3.3291426121772885,0.039510361,-0.85955255,-2.223747369065719,-0.94572324,0.0
-0.78441482,-0.47019533,-0.59163147,-0.85955255,-0.37786573,-0.94572324,0.0
0.50340368,0.20661581,-0.14081588,0.74889915,0.61842161,0.65705444,0.0
-0.78441482,-0.47019533,-0.59163147,-0.85955255,-0.37786573,-0.94572324,0.0
-0.78441482,-0.47019533,-0.59163147,5.015651198097958,10.0049654879065,-0.94572324,0.0
0.91754496,5.0814255,-0.230979,0.84847801,-0.37786573,0.34015543,0.2455991209103745
0.69836344,1.4540716,-0.27606055,1.3775962,-0.37786573,-0.8104491280455192,0.0
-0.043872605,-0.37287609,0.53540751,-0.427356480742638,-0.37786573,10.006245889191648,0.0
0.75002524,0.003130105,-0.45638679,1.0919399,10.0049654879065,0.74846762,0.0
-0.78441482,-0.47019533,-0.59163147,10.004555584272547,-0.37786573,-0.94572324,0.0
-0.42549237,-0.42153571,0.67065219,1.0113485,0.66975219,0.85206922,0.0
0.25102309,1.2019263,-0.32114211,-0.85955255,-0.37786573,-0.94572324,0.0
0.53711088,0.069484139,-0.45638679,-0.85955255,-0.37786573,-0.94572324,0.0
-0.051325454,-0.41268851,0.67065219,0.69489028,-0.37786573,1.0714608,0.0
0.1039987,-0.35075807,0.039510361,10.004555584272547,0.57321515,1.0074716,0.0
3.0330800124928223,-0.4038413,0.039510361,1.64448047969339,10.0049654879065,-0.94572324,0.0
-0.78441482,-0.47019533,-0.59163147,-0.85955255,-0.37786573,-0.94572324,0.0
0.15616865,0.10487296,-0.32114211,-1.398670820294893,-0.37786573,-0.94572324,0.0
0.047255417,-0.36845248,1.1214678,-0.85955255,-0.37786573,-0.94572324,0.0
-0.78441482,-0.47019533,-0.59163147,-0.85955255,-0.37786573,-0.94572324,0.0
-0.29845516,-0.45250093,-0.27606055,3.0768052822100866,2.4553583,0.87035185,0.0
1.4727822,2.8253883,-0.050652758,0.70712666,-0.37786573,0.75760894,0.46149030960699644
-0.78441482,-0.47019533,-0.59163147,-0.85955255,-0.37786573,-0.94572324,0.0
-0.78441482,-0.47019533,-0.59163147,-0.85955255,-0.37786573,-0.94572324,0.0
0.092480662,-0.44807732,-0.45638679,-0.85955255,10.0049654879065,-1.475529427862237,0.0
0.25847594,0.020824514,-0.230979,-0.85955255,-0.37786573,-0.94572324,0.0
-0.78441482,-0.47019533,1.6563741697755219,-0.85955255,-0.37786573,10.006245889191648,0.0
0.7871201,0.6849632975338943,0.12967348,1.3041779,0.32729591,1.0684137,0.0
0.12296959,-0.19150839,0.35508128,0.87801411,0.34412075,1.2512401,0.0
-0.28185564,-0.14284877,1.7976912,0.19193267,-0.37786573,0.90082291,0.0
-0.16125498,-0.33306367,1.9329359,-0.85955255,-0.37786573,-0.94572324,0.0
-0.03736346260675094,4.4576976,0.44524439,0.21809321,-0.37786573,0.35843807,0.0
-0.78441482,-0.47019533,-1.294550445386201,-0.85955255,-0.37786573,-0.94572324,-0.544141936385195
-0.064198558,-0.43480652,0.039510361,-3.372060994330164,-0.37786573,-0.94572324,0.0
-0.78441482,-0.47019533,-0.59163147,-0.85955255,-0.37786573,-0.94572324,0.0
3.6972884,-0.45250093,-0.50146835,1.7425481683482493,-0.37786573,-0.94572324,0.0
9.997237792011457,-0.47019533,-0.59163147,-0.85955255,-0.37786573,-0.94572324,0.0
-0.10756059,-0.4082649,-0.32114211,-0.85955255,-0.37786573,4.078322906388248,1.5306232895807108
-0.78441482,-0.47019533,-0.59163147,-0.85955255,-0.37786573,-0.94572324,0.0
0.96835985,0.87900335,-0.36622367,1.4311831,-0.37786573,0.82159816,0.0
-1.593707455463289,-0.098612747,0.58048907,-0.85955255,-0.37786573,-0.94572324,0.0
0.064363094,0.3791363,1.9329359,0.69067084,6.404523179064072,0.75456183,0.0
-0.090622297,0.31278226,3.1050564,-0.85955255,-0.37786573,-1.0194082296210496,0.4197675981173512
-0.31878112,-0.42595931,0.17475504,0.25944376,-1.506518762131563,-1.3875942744811993,1.5306232895807108
1.5713631,3.0863809,-0.41130523,1.5911,-0.37786573,0.54431153,0.0
-0.34740683,-0.42595931,1.9329359,0.46661841,-5.242466022734653,0.63877181,0.0
-0.14634928,10.0000062172904,1.6173649,0.19615211,-0.37786573,1.766201,0.0
-0.78441482,10.0000062172904,-1.8904367339642925,-0.85955255,-0.37786573,-0.94572324,0.0
-0.78441482,-0.47019533,-0.59163147,-0.85955255,-0.37786573,-0.94572324,0.0
0.30725823,0.3879835,0.33801097428977817,-0.85955255,-0.37786573,10.006245889191648,0.0
-0.78441482,-0.47019533,9.989496329427736,-0.85955255,-0.37786573,-1.9175481725191552,1.5306232895807108
-0.21850642,-0.41268851,-0.095734317,0.5341295,1.4310186,1.2451459,0.0
-1.0803001886670942,-0.44807732,9.989496329427736,-0.85955255,-0.37786573,10.006245889191648,0.0
1.3813155,-0.42153571,-0.095734317,-0.85955255,-0.37786573,-0.94572324,-0.16249711090376348
-0.23747731,-0.12515436,1.7976912,0.75058693,2.467785659661347,0.95262371,0.0
-0.78441482,-0.47019533,-0.59163147,-0.85955255,-0.37786573,-0.94572324,0.0
9.997237792011457,0.50742076,0.2198366,3.0005862460935613,-0.37786573,1.3243706,0.0
-4.948413754587924,-0.566640391518439,-0.59163147,-0.85955255,-0.37786573,-0.94572324,0.0
-0.78441482,-0.47019533,-1.8403515026322363,-0.85955255,-0.37786573,-0.94572324,0.0
0.29709525,-0.45250093,0.039510361,1.3446845,-0.37786573,1.2329575,0.8313289442387379
-0.33639694,-0.43480652,0.039510361,2.2632573,-0.37786573,0.71190235,-0.29444180037246365
-0.78441482,-0.47019533,-0.59163147,-0.85955255,-0.37786573,-0.94572324,0.0
0.49645897,2.0777996,0.49032595,-0.17600277,-0.37786573,-0.17785256,0.0
-0.22324914,-0.9360683207258014,9.989496329427736,1.3691573,-0.031524258,1.0288014,0.0
-0.062843494,-0.44365372,-0.36622367,-2.0985584182292167,-0.37786573,-0.94572324,0.0
9.997237792011457,-0.30209845,0.2198366,0.3932001,-0.37786573,1.0970654199886072,1.5306232895807108
9.997237792011457,0.056213332,-0.230979,1.1813921,-0.37786573,0.90691713,1.5306232895807108
-0.25594005,-0.31536926,1.7075281,0.087712423,-0.37786573,1.3182764,0.0
-0.78441482,-1.887773430825991,-0.59163147,-0.85955255,-0.37786573,4.018409742174528,0.0
-0.78441482,-0.47019533,-0.59163147,-0.85955255,-0.37786573,-0.94572324,0.0
-0.78441482,-0.47019533,-0.59163147,-0.85955255,10.0049654879065,-0.94572324,0.0
1.2608842,-0.45250093,-0.18589744,-0.85955255,-0.37786573,-0.94572324,1.5306232895807108
-0.78441482,-3.8623037134959173,-0.59163147,-0.85955255,1.4442019178053056,-0.94572324,0.0
0.023372422,0.3979250923807137,0.58048907,0.74383582,-0.37786573,1.0806022,0.0
0.15108716,0.26412264,0.40016284,-1.1618621254759343,-0.37786573,-1.5844506952566046,0.15755021878919973
0.20223742594733973,-0.47019533,-0.59163147,-0.85955255,-0.37786573,2.5424305056155387,0.0
-0.78441482,-0.47019533,-0.59163147,-0.85955255,-0.37786573,-0.94572324,0.0
0.07164656,-0.28882764,-0.32114211,-0.85955255,-0.37786573,-0.94572324,-0.27556354570770647
9.997237792011457,-0.27113323,-0.36622367,0.6007967,2.462291230672836,1.1781095,1.5306232895807108
-0.78441482,10.0000062172904,-0.59163147,-0.85955255,-0.37786573,-0.94572324,0.0
-0.78441482,-0.47019533,-0.59163147,-0.85955255,-0.37786573,-0.94572324,0.0
-0.78441482,10.0000062172904,-0.59163147,-0.85955255,-0.37786573,-0.94572324,0.0
0.11958193,0.25085183,0.08459192,0.10121464,1.4336855,0.98614188,0.0
-0.78441482,-0.47019533,-0.59163147,-0.85955255,-0.37786573,-0.94572324,0.0
-0.78441482,-0.47019533,-0.59163147,-1.443897252140047,-0.37786573,-0.94572324,0.0
-0.20309257,10.0000062172904,0.44524439,0.90755021,10.0049654879065,1.0806022,0.0
-3.0391229221992004,-0.22247361,0.2198366,0.75775998,-0.25144006113665346,1.1354501,0.0
-0.1809034,-0.067647531,0.76081531,3.2405563377883215,1.365563,0.62963049,0.03829671027330007
-0.083846979,-0.32421646,0.67065219,0.8341319,0.53851186,1.3243706,0.0
-0.038791117,-0.17823759,0.67065219,-0.85955255,-0.37786573,-0.94572324,0.0
-0.78441482,-0.47019533,-0.59163147,-0.85955255,-0.37786573,5.7375712949215565,0.2687033863493241
-0.78441482,10.0000062172904,-0.59163147,-0.85955255,-0.37786573,-0.94572324,0.0
9.997237792011457,-0.47019533,-0.59163147,-4.2539375255328675,-0.37786573,-0.94572324,1.5306232895807108
-0.78441482,-0.47019533,-0.59163147,-0.85955255,10.0049654879065,-0.94572324,0.0
-0.78441482,-0.47019533,-0.59163147,-0.85955255,-0.37786573,-0.94572324,0.0
0.17293756,-0.058800326,0.26491816,0.37590038,-0.37786573,1.1994393,0.0
-0.090452914,-0.24901522,0.2198366,0.21809321,0.58724133,1.3517946,0.0
-0.40804593,-0.42153571,-0.59163147,0.21471766,-0.37786573,0.19084725,0.0
-0.24408324,-0.42153571,0.039510361,0.96999797,0.8364531,0.92215265,0.0
-0.3050611,-0.32864006,0.08459192,0.26872653,-0.37786573,3.2183990964667917,0.0
0.0055872136,-0.10303635,2.428833,-0.85955255,-0.37786573,-0.94572324,0.0
1.3509959,0.71090646,-0.32114211,0.68729528,0.79555985,10.006245889191648,0.0
0.88434591,4.471890443023919,0.40016284,-3.411587736860942,-0.37786573,2.048646648950767,0.0
-0.090961062,-0.4082649,0.08459192,-2.3812567482360665,0.59856764,0.92824687,0.0
-0.78441482,-0.47019533,-0.59163147,-0.85955255,-0.37786573,-0.94572324,0.0
-0.78441482,-0.47019533,-0.59163147,-0.85955255,-0.37786573,-0.94572324,0.0
-0.78441482,-0.47019533,-0.59163147,-2.287840563359342,-0.37786573,-0.94572324,0.0
-0.78441482,-1.1968062368812258,-0.59163147,-0.85955255,-0.37786573,-0.94572324,0.0
-2.410005410498596,5.781338976777987,-0.27606055,-0.85955255,-0.37786573,-0.94572324,0.0
0.087229791,-0.10303635,9.989496329427736,1.1463707,0.37115244,1.1202145,0.0
0.46851079,1.1355723,0.039510361,0.78856192,0.19872252,0.79417421,0.0
-0.78441482,2.1672309207478615,-0.59163147,-0.85955255,-0.37786573,-0.94572324,0.0
0.31471108,1.5027313,0.62557063,2.46746420816978,-0.37786573,0.65705444,0.0
0.3572262,0.14910898,-0.27606055,1.8361261849137267,6.281984482048999,0.73018498,1.5306232895807108
-0.78441482,-0.47019533,-0.59163147,-0.85955255,-0.37786573,-0.94572324,-0.4732636777076877
0.73274818,4.5904056,-0.41130523,-0.85955255,-0.37786573,-0.94572324,0.0
-0.78441482,-0.47019533,-0.59163147,-0.85955255,-0.37786573,-0.94572324,0.0
-0.78441482,-0.47019533,-0.59163147,5.931770568103065,-0.37786573,-0.94572324,0.0
-0.25035041,-0.43923012,0.62557063,-0.85955255,-0.37786573,-0.2827460075103674,0.0
3.003700085801681,-0.47019533,-0.59163147,-0.85955255,-0.37786573,-0.94572324,0.0
4.7310325,-0.45250093,-0.54654991,-0.85955255,-0.37786573,-0.94572324,0.0
9.997237792011457,0.74629528,0.35508128,0.85100967,0.39337703,1.2664756,0.0
0.12144514,-0.24901522,0.2198366,6.821798125683145,10.0049654879065,0.87949317,0.0
1.2002451,-3.3621541623749467,-0.50146835,1.2594518,3.0621061,0.51993468,0.374054055528834
-0.33300928,-0.43038291,-2.029393570402045,1.0809693,1.1035762,0.56868837,0.0
1.8121188839281088,-0.47019533,-0.59163147,10.004555584272547,-0.37786573,-0.94572324,0.0
-0.78441482,7.092500497126413,-0.59163147,-0.85955255,-0.37786573,-0.94572324,0.0
6.1226827,-0.44807732,-0.54654991,-2.988069461717633,-0.37786573,-0.94572324,0.0
10.249474147045715,0.32605307,-1.0486597574610326,0.43244092,-0.37786573,1.0348956,0.0
0.12076761,-0.35518168,0.08459192,-0.85955255,-0.37786573,-0.94572324,0.0
0.059306916928175024,-0.47019533,-0.59163147,-0.85955255,-0.37786573,-3.9021604881127994,0.0
-0.017618249,0.096025752,2.1132621,0.24551959,-0.37786573,0.62963049,0.0
-0.78441482,-0.47019533,-0.59163147,-0.85955255,-0.37786573,-0.94572324,0.0
0.063516179,-0.32864006,-0.095734317,0.96999797,1.1285007,1.2573343,0.0
0.26118607,-2.1555161848165754,0.30999972,0.16619406,-0.37786573,0.8947287,0.0
0.053691969,10.0000062172904,2.5530938929338958,1.3147265,4.4716721,1.8119076,0.0
-0.78441482,-0.47019533,-0.59163147,-0.85955255,-0.37786573,-0.94572324,0.0
-0.78441482,-0.47019533,-0.59163147,-0.85955255,-2.425030872819552,-0.94572324,0.0
-0.14634928,-0.27555684,1.301794,0.64130335,0.14235437,0.95871792,0.0
-0.78441482,-0.47019533,1.1665193992447058,-0.85955255,-0.37786573,-0.94572324,0.0
-0.0091491022,0.10929656,3.2403011,0.90248688,0.8595070057570384,1.4850103445673581,0.0
-0.099091444,-0.31979286,0.17475504,0.62822308,1.4032625,1.3853127,0.0
-0.47749293,-0.42595931,0.08459192,0.88560911,-0.37786573,0.58697101,0.0
-0.78441482,-0.47019533,-0.59163147,-0.85955255,-0.37786573,-0.94572324,0.0
9.997237792011457,-0.47019533,-0.59163147,-0.85955255,-0.37786573,-3.234770015124991,0.6242064325572712
2.112075519231712,4.7894677,-0.36622367,1.2974267,-0.37786573,0.83378658,0.0
0.37077683,-0.24016802,-0.18589744,1.5780197,0.90315981,1.6656465,0.0
-0.78441482,-0.47019533,-0.59163147,-0.85955255,-0.37786573,-0.94572324,0.0
-0.093840572,-0.34191087,-0.36622367,0.19404239,-0.37786573,0.91605844,0.0
-0.78441482,-0.47019533,-0.59163147,-0.85955255,-0.37786573,-0.94572324,0.0
0.0096524042,-0.33306367,-0.27606055,4.4374126749404255,-0.00291211440393474,1.4767259,0.0
1.4602479,2.2086050645635567,-0.45638679,1.1016446,1.7961933,0.45289835,-0.16975379406725108
0.29675649,-0.45250093,-0.41130523,-0.85955255,-0.37786573,-0.94572324,0.0
-1.1510700136724359,-0.47019533,-0.59163147,-0.85955255,10.0049654879065,-0.94572324,0.0
-0.33588879,2.317585184450448,9.989496329427736,6.712259643108434,-0.37786573,1.0348956,1.010056946490829
4.5929854,-5.2979704143693755,-0.45638679,2.2645231,1.9188402,0.70276103,0.44526290956678727
0.66025228,-0.37729969,-0.41130523,1.7084005,3.5208547,1.4005483,1.0
-0.32183001,-0.45250093,-0.27606055,1.3252751,13.750423,1.0135658,1.0
-0.52034682,-0.45250093,5.142764169267857,3.77546012114309,13.750423,0.70276103,1.5654599738447335
3.0390663,1.1311487,9.989496329427736,2.2421601,9.6565874,0.67838418,1.0
0.42294678,-0.10745995,-0.27606055,-1.381437065978937,2.4836412,1.0592724,1.0
3.7472564,-0.44365372,1.4351869587072603,-0.85955255,-0.37786573,-0.94572324,1.0
-0.042178776,-0.37287609,-0.14081588,1.3725328,1.6613312,1.6747878,1.0
7.258014669346907,-0.049953122,-0.45638679,1.1965821,2.6293357,0.90082291,1.0
9.997237792011457,-0.43480652,-0.36622367,1.0185216,1.212453713270556,1.5041499,1.5306232895807108
1.2678289,0.7905313,-0.18589744,2.0324537,-0.37786573,0.90387002,1.0
-0.34317226,-0.44807732,0.49032595,0.96409075,0.50924124,1.1872509,1.0
-0.13483124,-0.32864006,-0.32114211,1.6792863,7.7221917,1.2908525,1.0
-5.216188796219467,-3.875249166423392,-0.45638679,1.5489056,4.513487454501987,-0.5103425337389855,1.0
0.73088496,-0.37729969,9.989496329427736,0.7796845044031454,4.0076226,1.4279722,1.0
0.29099747,-2.4557504561462125,-0.50146835,1.2267413287027789,6.3472961,1.5407151,1.0
-3.3433008964878925,-0.37729969,-0.41130523,1.4265417,-0.37786573,1.1080261,1.0
-0.0016962528,-0.34191087,-0.41130523,1.575488,4.2351366,-1.8107855441298077,1.0
0.18614943,-0.35960528,-0.27606055,1.8750685,2.1617303,2.09982918474856,1.0
0.73359509,-0.35960528,-0.32114211,1.840891,1.928619,1.3426533,1.0
-0.017279483,-0.44365372,-0.32114211,1.7037591,3.1986145,1.3487475,1.0
0.99308976,-0.30652205,-0.50146835,0.85058773,10.0049654879065,1.190298,1.0
0.022694891,-0.43038291,-0.36622367,1.5029136,3.4600087,1.5163383,1.0
0.42701197,-0.15611958,-0.45638679,1.5535469,4.0606653,1.5041499,1.0
0.72681977,-0.33306367,1.1968571019089425,1.9143093,4.1216601955743855,0.3997992857936563,1.0
0.51051776,0.09160215,-0.14081588,-0.7473553016991737,-0.6730138074561904,-0.94572324,0.0
-0.78441482,-0.47019533,-0.59163147,-0.85955255,-0.37786573,-0.94572324,0.0
-0.10620553,-0.4038413,-0.36622367,-0.85955255,-0.37786573,-0.94572324,1.5306232895807108
-0.78441482,-0.47019533,-0.59163147,3.131989005242058,-0.37786573,10.006245889191648,0.0
0.30827453,0.20219221,0.30999972,0.95776158,0.93756677,1.047084,0.0
-0.78441482,-0.47019533,-0.59163147,-2.2538479579855397,-0.37786573,-6.3577366875829515,0.0
-0.46174032,-0.42595931,2.2034252,0.85354134,0.19579217,0.6844784,-0.5509716939032612
-0.78441482,-0.47019533,-0.59163147,-0.85955255,-0.37786573,-0.94572324,-0.3649966801249693
-0.78441482,-0.47019533,-0.59163147,-0.85955255,-0.37786573,-0.94572324,0.0
-0.32199939,-0.36402888,1.301794,0.33581567,-0.37786573,1.1232616,0.0
-0.78441482,-0.47019533,0.88604493135011,-0.85955255,-0.37786573,10.006245889191648,0.36330785805414584
-0.78441482,-0.47019533,-0.59163147,-0.85955255,-0.37786573,-0.94572324,0.0
9.997237792011457,-0.47019533,-0.59163147,-0.85955255,-0.37786573,-0.94572324,0.0
1.1623033,1.9495151,9.989496329427736,0.78645219,0.7111064,0.75151473,0.0
0.1427874,0.26412264,-0.230979,0.96831019,-0.37786573,10.006245889191648,0.0
1.6982566027780992,1.3576330951168645,0.71573375,2.264945,0.42709256,1.2603814,0.0
-0.19106638,-0.34633447,0.35508128,-0.85955255,-0.37786573,-0.94572324,0.0
-0.78441482,10.0000062172904,-0.59163147,-0.85955255,-0.37786573,-0.94572324,0.0
-0.78441482,-0.47019533,-0.59163147,-0.85955255,-0.37786573,-0.94572324,0.0
-0.78441482,10.0000062172904,-0.59163147,-0.85955255,-0.37786573,-0.94572324,0.0
-0.24967288,-0.42595931,-0.230979,0.75016498,-0.37786573,0.79417421,0.0
1.4710884,1.7416058,-0.45638679,-0.85955255,10.0049654879065,4.03116660909728,0.0
-0.43243707,-0.43923012,0.26491816,0.53370755,-0.37786573,0.59306522,0.0
0.4207448,0.3835599,0.2198366,0.33328401,1.0011785,0.92519976,0.0
-0.78441482,10.0000062172904,-0.59163147,6.9177284960965775,-0.37786573,-0.94572324,0.0
0.041496397,-0.35518168,0.40016284,-0.85955255,-0.37786573,-0.94572324,0.0
0.76205143,1.2992456,-0.50146835,0.88771883,2.6839588,0.66619576,0.532082081332197
-0.78441482,-0.47019533,-0.59163147,-0.85955255,-0.37786573,2.707895043511532,0.0
0.088754237,-0.3994177,-0.18589744,1.4518584,-0.37786573,0.31577617242344713,0.0
-0.78441482,-0.47019533,-0.59163147,-0.85955255,-0.37786573,10.006245889191648,0.0
1.7166937,5.0814255,-0.050652758,-0.85955255,-0.37786573,-3.5134762733085516,0.0
-0.076563512,-0.25786243,0.08459192,0.83117829,0.94932111,1.1872509,0.0
-0.4837601,-0.45250093,1.301794,0.67294918,-0.37786573,0.79417421,1.5306232895807108
0.14753012,0.1844978,0.49032595,-0.85955255,-0.37786573,-0.94572324,0.0
0.0662639221955858,0.44991393,0.2198366,10.004555584272547,0.38922844,0.69361971,-0.08995948348845109
0.88891925,1.7239114,-0.050652758,-0.85955255,-0.37786573,-0.94572324,0.0
-0.30861814,-0.37729969,1.5722834,1.7075566,0.030408274,0.6844784,0.0
9.997237792011457,-0.12957796,-0.18589744,0.28476586254287406,0.6240882765704735,0.58697101,0.0
-0.78441482,-0.47019533,-0.59163147,-0.85955255,-0.37786573,-0.94572324,0.0
-2.742239257313968,4.5152044,-0.36622367,1.1923626,-0.37786573,0.35234386,0.0
0.096884618,-0.5635636438898396,0.62557063,0.75185276,-0.37786573,10.006245889191648,0.0
0.019137849,-0.32864006,-0.050652758,1.1282271,0.71755976,1.1689682,0.0
-0.78441482,-0.47019533,-0.59163147,-0.85955255,-0.37786573,-0.94572324,-0.11675690945394579
0.57014055,-0.35438667110264194,0.40016284,-0.85955255,-0.37786573,-0.94572324,0.0
-0.78441482,10.0000062172904,-0.59163147,-0.85955255,-0.37786573,-0.94572324,0.0
-4.821627601044021,-0.47019533,-0.59163147,-0.85955255,-0.37786573,-0.94572324,0.0
-0.78441482,10.0000062172904,9.989496329427736,-0.85955255,-0.37786573,-0.94572324,0.0
-2.824246545687304,-0.32421646,-0.45638679,1.0586063,-0.37786573,1.5681391,0.0
1.5136840518255554,1.559320458849471,-0.59163147,-0.85955255,-0.37786573,-0.94572324,0.29845459122096896
-0.78441482,-0.47019533,-0.59163147,-0.85955255,-0.2753415049314648,-4.355309872203785,0.0
-0.78441482,-0.47019533,-0.59163147,-0.85955255,-0.37786573,-0.94572324,0.0
1.5943992,4.7938913,-0.32114211,1.999964,-0.37786573,0.93738818,0.0
-0.017279483,-0.31536926,1.7075281,-0.85955255,-0.37786573,10.006245889191648,0.0
-0.0677556,-0.41711211,-0.32114211,-0.85955255,-0.37786573,-0.94572324,0.0
0.94888081,1.0869127,-0.18589744,1.0168338,-0.37786573,0.96785924,0.0
0.92652226,2.8696244,0.08459192,-0.85955255,10.0049654879065,10.006245889191648,1.5306232895807108
0.58860329,0.80380211,0.039510361,-0.85955255,-0.37786573,-0.94572324,0.0
-0.78441482,10.0000062172904,-0.59163147,-10.889522195900618,-0.37786573,-0.94572324,0.0
-0.10501985,3.4058319658334413,9.989496329427736,0.50881284,1.2684663,1.3030409,0.0
0.82506188,4.426699342864219,-0.230979,2.4185328,-0.37786573,1.0044245,0.0
-0.40652148,-0.3949941,0.30999972,0.67674667,1.2397225,1.0074716,-0.22209672299089933
0.03014774,-0.34633447,-0.41130523,0.81894191,-3.5481554044509496,1.2938996,1.5306232895807108
-0.10825610187638433,-0.41268851,0.44524439,0.78687414,-2.0907220029029876,1.2451459,0.0
-0.07063511,-0.14284877,1.0313047,10.004555584272547,-0.37786573,-0.94572324,0.0
9.997237792011457,1.2771276,-0.50146835,0.18209792763552324,-0.37786573,0.79722131,0.0
-0.78441482,-0.47019533,-0.59163147,-0.06460094747180811,-0.37786573,10.006245889191648,0.0
-0.78441482,-0.47019533,-0.59163147,0.9078382994356783,-0.37786573,-0.94572324,0.0
-0.40567457,-2.5675560600802103,9.989496329427736,0.89193827,-0.37786573,0.75760894,0.0
-0.78441482,-0.47019533,9.989496329427736,-0.85955255,-0.37786573,-0.94572324,0.0
-0.46817687,-0.39057049,1.1214678,0.50923478,3.300683,-0.46489109189417877,0.0
0.84098388,0.60916361,-0.095734317,0.55818032,-0.37786573,0.86425764,-1.3397119872187169
0.45800905,1.0350221248243816,-0.45638679,-0.85955255,-0.37786573,-0.94572324,0.0
-0.026934311,-0.31979286,0.08459192,1.1771726,0.95215269,1.0105187,0.0
-0.12788654,-0.3994177,0.35508128,0.16619406,0.61888257,0.98918898,0.0
-0.2832107,7.0009194538838075,1.8427727,-0.013976155,1.8376890312051604,1.3700772,0.0
-0.17361994,-0.43923012,-0.32114211,0.96451269,-0.37786573,0.74846762,0.0
0.79169344,0.11814376,0.30999972,0.51598589,-0.37786573,0.9983303,0.0
9.997237792011457,-0.45250093,-0.230979,0.68982695,-0.37786573,10.006245889191648,0.0
-0.11569097,-0.44365372,-0.050652758,1.1678898,10.0049654879065,0.88254028,0.0
0.2251075,-0.3994177,-0.45638679,-0.85955255,-0.37786573,-0.94572324,0.0
-0.12077308434708589,0.44106673,-0.18589744,-0.85955255,-0.37786573,-0.94572324,0.0
0.15244222,-0.010140702,0.17475504,2.078373322698084,-0.37786573,1.162874,0.0
-0.50374729,-0.37287609,3.5107904,0.67421501,-0.37786573,3.992604112771434,0.0
9.997237792011457,-0.44365372,-0.54654991,-0.85955255,-0.37786573,-0.94572324,0.0
-0.78441482,-0.47019533,9.989496329427736,-0.85955255,-3.8360915394144084,-0.94572324,0.0
-0.50256161,-0.38614689,1.6624465,0.73328721,-0.37786573,0.88558738,0.17647766343729573
-0.065723004,-0.8963891478860941,0.05122568346993073,-0.85955255,-0.37786573,10.006245889191648,0.0
0.018290934,-0.24459162,-0.14081588,0.64130335,1.1084163,1.2969467,0.0
0.025574401,-0.30209845,3.2430504137052925,-0.85955255,-0.37786573,0.04025313079250736,0.0
-0.78441482,10.0000062172904,-0.59163147,-0.85955255,-0.37786573,-0.929034901512222,-0.8102645647753383
-0.38094466,-0.44807732,0.26491816,-0.065453361,-0.37786573,0.88558738,0.0
-0.78441482,-0.47019533,-0.59163147,-0.85955255,-0.37786573,-0.94572324,0.0
9.997237792011457,0.042942525,-0.230979,1.0421504,-0.37786573,1.2908525,0.0
0.29709525,5.360804789344565,1.0763862,0.5894042,0.21284749,1.2116277,-0.647682544741746
-0.0044063799,-0.35075807,-0.18589744,-0.85955255,-0.37786573,-0.94572324,0.0
0.25644335,-0.14727237,-0.27606055,-0.85955255,10.0049654879065,-0.94572324,0.0
1.2600373,-0.15611958,-0.050652758,1.0451041,0.50693647,0.89777581,0.0
-0.52898535,-0.43038291,3.2853826,-0.85955255,-0.37786573,-0.94572324,1.0287444056467465
-0.78441482,-0.47019533,-0.59163147,-5.361873964511039,-0.37786573,-0.94572324,0.0
-0.78441482,-0.47019533,-0.59163147,-0.85955255,-0.37786573,-0.94572324,0.0
2.4510755625842098,2.0379871,0.039510361,1.0248507,10.0049654879065,0.68143129,0.0
-0.46275662,-4.565823804335499,0.49032595,0.3253618988432776,1.6428601,0.74237341,0.0
-0.78441482,-0.47019533,-0.59163147,-0.85955255,-0.37786573,-0.94572324,-0.5728759354636684
-0.0088103363,0.10929656,-0.32114211,-0.85955255,-0.37786573,-0.94572324,0.0
-0.078596108,-0.37729969,0.2198366,0.43919203,0.5962958,1.3030409,0.0
0.27388979,0.96747539,0.2198366,0.21640544,-0.37786573,0.12685802,0.0
0.15650741,-0.36402888,-0.230979,0.83708551,0.8875532,1.1293559,0.0
-0.097566997,-0.35960528,-0.36622367,0.58898226,-0.37786573,1.3335119,0.0
-0.35638413,-0.42595931,0.12967348,-0.85955255,-0.37786573,-0.94572324,0.0
0.33368197,0.52511517,-11.649099078404914,-0.85955255,-0.37786573,-0.94572324,0.0
-0.78441482,-0.47019533,-0.59163147,-0.85955255,-0.37786573,-0.94572324,0.0
0.7744311033386158,-0.31979286,14.645936,-0.85955255,-0.37786573,-0.94572324,0.0
-0.78441482,-0.47019533,-0.59163147,-0.85955255,-0.37786573,10.006245889191648,0.0
-0.78441482,-0.47019533,-0.59163147,-0.85955255,-0.37786573,-0.94572324,0.0
-0.78441482,-0.47019533,-0.59163147,-0.85955255,-0.37786573,-0.94572324,0.0
0.59503985,0.93651018,-0.095734317,0.66704196,1.2817352,-7.670051386648462,0.0
0.98123295,5.0239186,0.35508128,0.80543969,-0.37786573,0.37976781,0.0
0.2857466,0.3968307,-0.27606055,0.29446513,10.0049654879065,1.445241651346618,0.0
0.013040063,-0.054376724,0.26491816,1.4399590367649706,-0.37786573,-0.94572324,0.0
-0.78441482,-0.47019533,-0.59163147,-4.860874904031502,-0.37786573,-0.94572324,0.0
-0.78441482,-0.47019533,-0.59163147,-0.85955255,-0.8067068010272807,-0.94572324,1.5306232895807108
-0.10925442,3.13845077204998,-0.095734317,0.21471766,-0.37786573,0.8398808,0.0
-0.78441482,-0.47019533,-0.59163147,-0.85955255,-3.1913592952583194,-0.94572324,0.0
0.33673086,-0.17823759,0.67065219,0.1712574,0.49016084954715033,0.92215265,0.0
0.37856845,-0.3949941,-0.27606055,0.72780194,10.0049654879065,0.92215265,0.0
-0.78441482,-0.47019533,-0.59163147,-0.85955255,-0.37786573,-0.94572324,0.0
0.16141952,-0.19150839,9.989496329427736,0.73497499,0.28538197,10.006245889191648,0.0
1.8076523,1.794689,-0.4227031856517961,1.8396252,0.40108156,1.0257543,0.0
-0.78441482,-0.47019533,-0.59163147,-0.85955255,-0.37786573,-0.94572324,-0.29773144600448187
-0.78441482,1.8197056000382008,-0.59163147,-0.85955255,-0.37786573,-0.94572324,0.0
-0.0088103363,-0.4038413,0.05141451533651564,10.004555584272547,-0.37786573,-0.94572324,0.0
0.32724542,-0.42153571,-0.36622367,-0.85955255,-0.37786573,0.906433224825244,0.0
9.997237792011457,-0.47019533,-0.59163147,-0.85955255,-0.37786573,1.2113812194487448,1.5306232895807108
-0.3546903,-0.33748727,0.12967348,1.204599,-0.37786573,-1.1086819400498913,-0.20587259243657058
-0.78441482,-3.262492153180777,-0.59163147,-0.85955255,-0.37786573,-0.94572324,0.0
0.33656148,0.4769770695848127,-0.41130523,1.0100827,-0.37786573,0.81550395,0.0
-0.18954193,-0.42153571,9.989496329427736,-0.85955255,-0.37786573,-0.94572324,0.0
-0.78441482,1.2088805960461326,9.989496329427736,-0.85955255,7.308540719166183,-0.94572324,1.5306232895807108
-0.12703963,-0.29325125,2.005332914026634,-0.85955255,-0.37786573,-0.94572324,0.0
-0.78441482,-0.47019533,-0.59163147,-0.85955255,-0.37786573,-0.94572324,0.0
0.25559643,10.0000062172904,-1.1846173377605498,2.3425828,10.0049654879065,0.62048917,0.0
-0.084016362,-0.32864006,-0.0055711987,0.62948891,1.0735484,10.006245889191648,0.0
0.14685259,-0.45250093,-0.095734317,1.9210604,-0.37786573,0.91910555,0.0
9.997237792011457,10.0000062172904,-0.59163147,-0.85955255,-0.37786573,-0.94572324,0.0
0.73393386,6.740647362337585,1.3782344518485004,-4.636970108584526,3.4006443,0.20912988,1.5306232895807108
0.58690946,1.2727039,0.12967348,1.1628265,0.29180241,1.1994393,0.0
-0.50730433,-0.43923012,-0.59163147,-0.85955255,0.4394328396049534,10.006245889191648,0.033062423100148064
-0.46563613,-0.44365372,9.989496329427736,-0.85955255,-0.37786573,-0.94572324,0.37946638072564476
0.081640154,-0.43923012,-0.18589744,-0.85955255,-0.37786573,-0.94572324,0.0
-0.17802389,-0.44365372,0.08459192,7.7249028178441135,10.0049654879065,1.0958377,0.0
0.76154328,0.47645554,-0.36622367,-0.85955255,-0.37786573,-0.94572324,0.0
0.67549674,1.8566194,-0.095734317,1.1316026,10.0049654879065,10.006245889191648,1.5306232895807108
-0.24493016,-0.3949941,-0.27606055,2.1665784992891646,1.3740248,-0.3485415189269271,0.0
-4.42449659926849,-0.072071133,0.71573375,1.0282263,0.45606685,0.98918898,0.0
-0.16786092,-0.43923012,0.039510361,1.0370871,-0.37786573,1.01966,0.0
-0.78441482,-0.47019533,-0.59163147,-0.85955255,-0.37786573,-0.94572324,0.0
-0.78441482,-0.47019533,-0.59163147,10.004555584272547,-0.37786573,-0.94572324,0.0
-0.18310538,-0.38614689,0.67065219,0.11598269,1.0657635554420049,0.98004767,0.0
0.60621912,-0.43480652,-0.095734317,-0.85955255,-0.37786573,-0.94572324,0.0
-0.16769153,2.578158781853076,-0.0055711987,4.1624286,1.583364,1.2695227,0.0
-0.16667524,-0.38614689,-0.14081588,2.1189523,10.0049654879065,0.88254028,0.0
-0.31539346,-0.28440404,1.9329359,2.1497542,0.12618804,0.91605844,0.0
-0.78441482,-0.47019533,-0.59163147,-0.85955255,-0.37786573,-0.94572324,0.0
9.997237792011457,-0.3949941,-0.45638679,1.1240076,0.14977985982906272,1.3091351,0.0
7.8646169,-0.45250093,-0.50146835,-0.85955255,-3.5348611552546356,-0.94572324,0.0
4.3416211,-0.44365372,9.989496329427736,-0.85955255,-0.37786573,-0.94572324,0.0
-0.2405262,-0.45250093,-0.095734317,1.7919455,-0.37786573,0.81550395,1.5306232895807108
-0.25780326,-0.44807732,-3.683863396030457,0.60332837,-0.37786573,1.4767259,0.0
0.0042321501,-0.18708479,-0.4306027896401949,0.69573417,-0.37786573,1.3792185,0.0
-0.78441482,-0.47019533,-0.59163147,-0.85955255,-0.37786573,-0.94572324,0.0
-0.78441482,-0.47019533,-0.59163147,-0.85955255,-0.37786573,-0.94572324,0.0
2.1115253,1.3788704,-0.45638679,1.3354017,1.8158168,0.41023887,0.0
-0.78441482,-0.47019533,-0.59163147,-0.85955255,-0.37786573,-0.94572324,0.0
-0.4480203,-0.45250093,0.76081531,-0.85955255,-0.37786573,-0.94572324,0.0
2.979930706014248,-0.45250093,3.150138,0.71851916,0.80744589,0.60830075,0.0
-0.23815484,-0.41711211,0.76081531,0.23075154,0.93987154,0.83683369,0.0
-0.78441482,-0.47019533,9.989496329427736,-0.85955255,-0.37786573,-0.94572324,0.0
1.2600373,1.2417387,-0.14081588,2.5797155,-0.37786573,0.75456183,0.0
0.75070277,1.3567524,0.35508128,-0.85955255,-1.7094036562315709,-0.94572324,0.0
0.43768309,-0.45250093,-0.41130523,-0.85955255,-0.37786573,-0.94572324,0.0
-0.78441482,10.0000062172904,-0.59163147,-0.85955255,-0.37786573,-0.94572324,0.0
-0.21799827,-0.45250093,-0.050652758,0.24045626,1.5561019,0.96785924,0.9967006105851828
0.13416992288670582,4.7054193,-0.32114211,0.255107047831964,2.6704594,0.14514066,0.0
0.083333983,-0.4038413,9.989496329427736,0.62315975,-0.37786573,1.278664,0.0
0.67634366,0.60474001,0.49032595,-0.024524763,-0.37786573,2.056995466451258,-0.466942842790882
0.071815943,-0.35518168,-0.14081588,0.60501614,-0.37786573,1.1019319,0.0
0.14922395,-0.13842517,0.12967348,0.86619967,1.6676161387837944,1.2908525,1.5306232895807108
0.004401533,-2.0444641825528063,-0.050652758,-0.85955255,-0.37786573,-0.94572324,0.0
1.51211299895518,0.078331343,-0.32114211,-0.85955255,-0.37786573,-0.94572324,0.0
-0.013214293,-0.6867624162035766,0.53540751,0.54341227,-1.8755514289711233,0.81245684,0.0
0.38957834,2.700183238572083,-0.14081588,10.004555584272547,-0.37786573,0.69666682,0.0
0.46173547,0.67994125,0.26491816,1.1948943,-0.37786573,1.5803275,0.0
0.092650045,-0.31979286,0.76081531,0.23264540132006079,0.23586229,1.1963922,0.0
-0.78441482,-0.47019533,-0.59163147,-0.85955255,-0.37786573,-0.94572324,0.0
4.0582434,-0.45250093,-0.41130523,-0.85955255,-0.37786573,10.006245889191648,0.0
-0.78441482,-0.47019533,-0.59163147,-0.85955255,-0.37786573,-0.94572324,0.0
0.17734152,-0.11188355,-0.27606055,1.3324481,1.0614648,1.4706317,0.0
0.020154146,-0.42153571,-0.41130523,0.59953087,10.0049654879065,1.4706317,0.0
-0.78441482,-0.47019533,9.989496329427736,-0.85955255,-0.37786573,-0.94572324,0.0
-0.099091444,-0.29325125,-3.7838494779568754,1.5944755,1.0455948,1.1872509,1.5306232895807108
0.20867736,-0.33306367,-0.14081588,0.72105083,0.64900924,1.1720153,0.0
-0.18378291,-0.13842517,0.40016284,-2.407660705643507,-0.37786573,0.97700056,0.0
0.25237816,-0.35075807,-0.14081588,0.92274021,-0.37786573,1.1080261,1.5306232895807108
-0.3397846,-0.38614689,1.2567125,0.69067084,0.22796021,10.006245889191648,0.6635867549299536
0.2863537005188313,1.2682159054688915,8.4246804,-0.85955255,-0.6091671437281938,-0.94572324,0.0
-0.78441482,-0.47019533,-0.59163147,3.3319874296946805,-0.37786573,-0.94572324,0.0
0.16108075,-0.26670963,0.12967348,0.71134611,10.0049654879065,1.3152293,0.0
-0.78441482,-0.47019533,-0.59163147,0.8860736663024739,-0.37786573,-0.94572324,0.0
-0.78441482,-0.47019533,-0.59163147,-0.85955255,-0.37786573,-0.94572324,0.0
3.1368002,-0.43923012,9.989496329427736,-0.85955255,-0.37786573,-0.94572324,0.0
-0.78441482,-0.47019533,-0.59163147,10.004555584272547,-0.37786573,-0.94572324,0.0
-0.43972054,-0.45250093,1.1214678,2.507756142562175,0.35524951,0.37062649,0.0
-0.78441482,-0.47019533,-0.59163147,-3.2752878127809515,-0.9992490540137012,-0.94572324,0.0
-0.78441482,10.0000062172904,-0.59163147,-0.85955255,10.0049654879065,-0.94572324,0.0
-0.78441482,-0.47019533,-0.59163147,-0.85955255,1.5702185700479334,-0.94572324,0.0
0.7444356,-0.041105917,-0.36622367,0.28687014,2.0405651,1.1506856,0.0
-0.29557565,-0.41711211,0.98622311,0.84974384,-2.9598018435276887,1.1750624,0.0
-0.78441482,4.532409406271387,3.3318061668341414,-0.85955255,-0.37786573,-0.94572324,0.0
9.997237792011457,0.65339963,-0.095734317,0.60670392,1.1818727,0.83683369,0.0
-0.78441482,10.0000062172904,-1.0812143111734134,-0.85955255,-0.37786573,-0.94572324,0.0
9.997237792011457,-0.47019533,-0.59163147,-0.85955255,-0.37786573,-0.94572324,0.0
1.1467201,-0.3949941,-0.54654991,-0.85955255,-0.37786573,-0.94572324,0.0
-0.21613506,-0.45250093,-0.32114211,0.1674599,-0.37786573,0.78503289,0.0
0.16734792,1.6265921,0.85097843,0.73581888,0.16833245,0.81855105,0.0
0.33351259,-0.16054318,3.4592708312102194,10.004555584272547,-0.37786573,-0.94572324,0.0
1.4670232,-0.37379605398090243,-0.230979,2.0147321,-0.37786573,0.5839239,0.0
0.079438176,0.33047667,1.7075281,0.11345103,-0.12144331,0.46203967,0.0
-0.78441482,-0.47019533,-0.59163147,-0.85955255,-0.37786573,-0.94572324,0.0
1.599132374853229,-0.47019533,-0.59163147,-0.85955255,-0.37786573,-0.94572324,0.0
-0.21020665,-0.3994177,0.58048907,-0.85955255,0.8887958312410785,10.006245889191648,0.0
-0.5392373338195441,-0.47019533,-0.59163147,-0.85955255,-0.37786573,-0.94572324,0.0
-0.40686025,-0.43038291,-0.7896449752750893,0.58476282,1.6461155704341612,0.41328597,0.0
2.4082842,-0.44807732,-0.50146835,-0.85955255,-0.37786573,-3.2767525389792813,0.0
-0.78441482,1.9990391445069315,-0.59163147,-0.85955255,-0.37786573,-0.94572324,0.0
0.579626,4.588010271548216,0.08459192,1.0961593,10.0049654879065,10.006245889191648,0.0
9.997237792011457,-0.31094565,-0.27606055,1.4138834,2.510179,0.90387002,0.0
-0.78441482,-0.47019533,0.9630734746964333,-0.85955255,-0.37786573,-0.94572324,1.5306232895807108
-0.78441482,-0.47019533,-0.59163147,-0.85955255,-0.37786573,-0.94572324,0.3788657402421237
-0.78441482,-0.47019533,-0.59163147,-0.85955255,-0.37786573,10.006245889191648,0.0
-0.78441482,-0.47019533,-0.59163147,-1.3634187899326375,-0.37786573,-0.94572324,0.0
0.86571378,-0.35960528,-0.230979,0.863668,0.66678891,0.96176503,0.0
-0.78441482,-0.47019533,-0.59163147,0.057521959656302024,-0.37786573,-0.94572324,0.0
0.23391542,-0.12957796,-0.14081588,0.4227362,10.0049654879065,1.0288014,0.0
-0.78441482,-0.47019533,-0.59163147,-0.85955255,-0.37786573,-0.94572324,0.0
-0.78441482,-0.47019533,-0.59163147,-0.85955255,-0.37786573,-0.94572324,0.0
0.24272333,0.060636934,9.989496329427736,0.3674615,0.2881477,0.66010155,0.0
-0.074192151,-0.43480652,0.76081531,1.0037535,0.1269124,0.91301134,0.0
-0.78441482,-0.47019533,-0.59163147,-0.85955255,-0.37786573,-0.94572324,0.0
-0.0074552728,2.761608961621929,-0.230979,10.004555584272547,-0.37786573,1.1689682,0.0
-0.10671368,-0.18266119,1.3468756,1.1067079,0.096555248,1.01966,0.0
1.0208686,0.99844061,-0.18589744,0.97590519,11.396560596365028,1.2055335,0.0
1.0738854,-0.45250093,0.039510361,-0.85955255,-0.37786573,-0.94572324,0.0
0.77407761,10.0000062172904,2.0316590602931877,-0.85955255,-0.37786573,-0.94572324,0.0
-0.78441482,-0.47019533,9.989496329427736,-0.85955255,-0.37786573,-0.94572324,0.0
0.13702838,-0.36845248,-0.230979,-0.85955255,2.429238801347635,-0.94572324,0.0
-0.78441482,-0.47019533,-0.59163147,-0.85955255,-0.37786573,-0.94572324,0.5804078256183491
-0.78441482,-0.47019533,-0.59163147,-0.85955255,-0.37786573,4.524848368860958,0.0
-0.26966006,-0.45250093,0.30999972,-0.85955255,-0.37786573,-0.94572324,0.0
0.19173906,-0.24459162,0.12967348,10.004555584272547,0.59573607,1.0836493,0.0
-0.50323914,-0.44807732,-0.27606055,0.93919603,3.5004739,0.6875255,0.0
-0.14245348,-0.25786243,7.2525599,0.28349458,-0.013448256,10.006245889191648,0.0
-0.47749293,-2.0212277866172634,1.3919571,-0.85955255,-0.37786573,-0.94572324,0.0
-0.39026072,1.9350256786101927,1.0313047,-0.85955255,-0.37786573,-0.94572324,0.0
9.997237792011457,10.0000062172904,-0.59163147,-10.788013107029105,-0.37786573,0.5688379718891654,1.5306232895807108
-0.78441482,-0.47019533,-1.3243689420838773,-0.85955255,-0.37786573,-0.94572324,0.0
0.62806952,-0.45250093,-1.597027572136782,10.004555584272547,2.315090625589997,-0.94572324,0.0
-0.78441482,-1.0171448923977247,-0.59163147,-3.609905403015218,-0.37786573,-0.94572324,0.0
0.554970444759943,-0.47019533,-0.59163147,-0.85955255,-0.37786573,-0.94572324,0.0
9.997237792011457,-0.23132081,1.7976912,1.0210532,0.7288680497266596,10.006245889191648,0.0
-0.78441482,-0.47019533,-0.59163147,-0.85955255,-0.37786573,-0.94572324,0.0
-0.78441482,-0.41711211,0.40016284,-0.85955255,-0.37786573,-0.94572324,0.0
9.997237792011457,-0.47019533,-0.59163147,-0.85955255,-0.37786573,-0.94572324,0.0
-0.22392667,-0.24901522,1.3919571,1.0687329,-0.37786573,1.4767259,0.0
-2.198156036636737,-0.47019533,-0.59163147,-0.85955255,-1.1111022320180153,-0.94572324,0.0
-0.78441482,-0.47019533,-0.59163147,-0.85955255,-0.37786573,-0.94572324,0.0
2.3798279,-0.3949941,-0.54654991,-0.85955255,-0.37786573,-0.94572324,0.0
-0.78441482,-0.47019533,-0.59163147,-0.85955255,-0.37786573,-0.94572324,0.0
-0.78441482,-0.47019533,-0.59163147,-0.85955255,-0.37786573,-0.94572324,0.0
-0.78441482,-0.47019533,-0.59163147,-0.85955255,-0.37786573,-0.94572324,0.45970252482712093
-0.78441482,-0.47019533,-0.59163147,-0.85955255,-0.37786573,-0.94572324,0.0
-0.004067614,-0.45250093,-0.14081588,-0.85955255,-0.37786573,-0.94572324,1.5306232895807108
1.1158288663520355,2.6484442,2.1828511361818626,0.88771883,1.8533188,0.56564127,0.0
-0.78441482,-2.873612494042071,-0.59163147,-0.85955255,-0.37786573,-0.94572324,0.0
0.17818843,-0.44807732,1.0075698111432771,1.1632485,-0.37786573,10.006245889191648,0.0
-0.78441482,-0.47019533,-4.367463727948942,-0.85955255,-0.37786573,-0.94572324,1.5306232895807108
0.030486506,-0.11630716,1.3919571,-0.1295889,-0.37786573,1.2847583,0.0
1.3365984,2.0291399,-0.230979,1.181814,-0.37786573,0.90387002,1.5306232895807108
-0.3477456,0.10487296,0.53540751,0.52189311,-0.37786573,-1.2043218187184621,0.0
0.83945943,4.5992528,-0.18589744,-0.85955255,-0.37786573,-0.94572324,-1.216599843329411
-0.78441482,10.0000062172904,-0.59163147,-0.85955255,10.0049654879065,-0.94572324,0.0
0.92296522,5.0814255,0.30999972,0.11007547,-0.37786573,0.51688757,0.0
0.85199377,-2.7281881439114084,0.35508128,1.1451049,-0.37786573,1.0806022,0.0
-0.78441482,-0.47019533,-0.59163147,-0.85955255,-0.37786573,-0.94572324,0.0
-0.78441482,-0.47019533,-1.6287555206567823,-0.85955255,-0.37786573,-0.94572324,0.0
9.997237792011457,4.9796826,-0.27606055,1.2813929,-0.37786573,0.30054306,0.0
-0.78441482,-0.47019533,-0.59163147,-0.85955255,-0.37786573,-0.94572324,0.0
-0.78441482,1.781280004886157,-0.59163147,-0.85955255,-0.37786573,-0.94572324,0.0
1.0989541,1.9866901424313612,-0.27606055,1.0923618,-0.37786573,0.80331553,0.0
0.64839547,0.0075537073,-0.32114211,0.50543729,-0.37786573,1.1232616,0.0
-0.78441482,-0.47019533,-0.59163147,-0.85955255,-0.37786573,-0.94572324,0.0
1.2353877652598242,-0.47019533,-0.59163147,-0.85955255,-0.37786573,-0.94572324,0.0
2.5827535907442396,2.8917424,-0.14081588,-0.85955255,-0.37786573,-0.94572324,-0.4581670409274375
-0.78441482,-0.47019533,-0.59163147,-0.85955255,-0.37786573,-0.94572324,0.0
0.17581707,-0.15169597,9.989496329427736,-0.85955255,-0.37786573,10.006245889191648,0.0
-0.11365838,-0.44807732,-0.14081588,0.37590038,-0.2170753558800531,-0.8328878989498512,0.0
1.2769756,1.0072878,-0.095734317,1.0640915,0.20211383,0.76065604,-0.6621342229919546
9.997237792011457,-0.33306367,-0.18589744,1.7375147,1.5465206,1.4553962,0.0
-0.24442201,-0.44807732,-0.27606055,-0.85955255,-0.37786573,-0.94572324,0.0
0.1417711,-0.076494735,0.89605999,0.69489028,0.22104589,0.3225650192274423,0.0
-0.78441482,-0.47019533,-0.59163147,0.5994507188793391,-0.37786573,-0.94572324,0.0
0.3482489,1.038253,-0.050652758,-0.85955255,-0.37786573,-0.94572324,0.0
-0.78441482,-0.47019533,-0.59163147,-0.85955255,-0.37786573,-0.94572324,0.6195058273657544
0.19478796,-0.32421646,0.08459192,0.79446914,-0.37786573,1.7566235082006378,0.0
-0.78441482,-0.47019533,-0.59163147,-0.85955255,-3.301534270308899,-0.94572324,0.0
-0.33893769,-0.45250093,0.35508128,0.75396248,0.47743538,0.80940974,0.0
1.672146,3.7880464411974955,9.989496329427736,1.780131,-0.37786573,0.45289835,0.0
-0.78441482,-6.029632451097347,-0.59163147,-0.85955255,-0.37786573,-0.94572324,0.0
0.470374,0.916511899344808,-0.32114211,-0.85955255,-0.37786573,-1.0125430139179112,0.0
0.8814664,2.4753380794639526,-0.14081588,0.045517992,2.0104713,10.006245889191648,0.0
-1.3678400185851909,-0.35960528,3.7114458787265105,-0.85955255,-0.37786573,-0.94572324,0.0
-0.09485687,-0.38172329,-0.32114211,-0.85955255,-0.37786573,-0.94572324,0.0
-0.15193892,-0.43480652,-0.18589744,-0.85955255,-0.37786573,-0.94572324,0.0
-0.78441482,-0.47019533,-0.59163147,-0.85955255,-0.37786573,-0.94572324,0.0
9.997237792011457,-0.44807732,1.1214678,10.004555584272547,4.284611471726256,1.421878,0.0
0.52372963,0.87015614,-0.050652758,0.9083941,-0.37786573,1.1293559,0.0
-0.020328376,-0.35075807,-0.32114211,-3.544509103739849,-0.37786573,-0.94572324,0.0
-0.78441482,-0.47019533,-0.59163147,-0.85955255,-0.37786573,0.2753910318604136,0.0
-0.78441482,10.0000062172904,-0.59163147,-0.85955255,-0.37786573,-0.94572324,0.0
0.57471389,-0.19150839,-0.41130523,2.0088248,-0.37786573,0.7911271,0.0
1.2017695,-0.44807732,-2.789251145064563,-0.85955255,-0.37786573,-0.94572324,0.0
0.037769972,-0.41711211,-0.14081588,1.356077,1.5680867,0.76370315,0.0
0.090786833,-0.4082649,-0.095734317,10.004555584272547,-5.080282270731454,-0.94572324,0.0
-0.78441482,-0.47019533,-0.59163147,-0.85955255,-0.37786573,-0.94572324,0.0
9.997237792011457,-0.43923012,0.30999972,0.61345503,10.0049654879065,0.62963049,0.0
0.13516516,-0.38172329,-0.41130523,1.5299181,3.176785,1.5772804,0.0
-0.78441482,-0.47019533,-0.59163147,-0.85955255,-0.37786573,-0.94572324,0.0
1.035278375193812,-0.47019533,-0.59163147,-0.85955255,-0.37786573,-0.94572324,0.0
3.3677098027250576,1.4806133,-0.36622367,-0.85955255,0.879061513067139,-0.94572324,0.0
0.41329195,0.30835866,-0.36622367,10.004555584272547,1.2594118,1.1537327,0.0
-0.092316126,-0.43923012,9.989496329427736,-0.85955255,2.8230219294481316,-0.94572324,0.0
2.4135351,4.9487174,-0.36622367,1.8079794,-0.37786573,0.56868837,0.0
-0.3209831,-0.37729969,-0.050652758,-0.85955255,-0.37786573,-0.94572324,0.0
-0.31149765,-0.27555684,-0.14081588,10.004555584272547,-0.37786573,0.90387002,0.0
-0.092485509,-0.089765542,2.6639603281437254,-0.26503302,-0.37786573,0.45289835,0.0
-0.78441482,-0.47019533,-0.59163147,1.0013283974495262,-0.37786573,-0.94572324,0.0
-0.087404021,-0.45250093,-0.36622367,-0.85955255,-0.37786573,-0.94572324,0.0
-0.78441482,-0.47019533,-0.59163147,-0.85955255,-0.37786573,-0.94572324,0.40612792988870694
-0.093501806,-0.37729969,0.17475504,2.808332676438196,10.0049654879065,-0.94572324,0.0
-0.24272818,-0.45250093,-0.0055711987,0.34594234,-0.37786573,1.650411,0.0
-0.13567816,-0.41268851,-0.14081588,-0.024524763,10.163761859488734,-0.6102443175364112,0.0
-0.78441482,5.488008250677149,-0.59163147,-0.85955255,-0.37786573,-0.94572324,0.0
-0.78441482,-0.47019533,-0.59163147,-0.85955255,-0.37786573,-0.94572324,1.5306232895807108
-0.78441482,-0.47019533,-0.59163147,-0.85955255,-0.37786573,-0.94572324,-0.1749086769804935
0.43107716,0.45876114,0.40016284,1.075906,-0.05164163,1.2055335,0.0
0.76340649,2.7147983,-0.45638679,1.0328677,-0.37786573,0.64486602,0.0
1.076169292124309,10.0000062172904,-0.59163147,-1.3621848443101932,-0.682253103421119,-0.94572324,0.0
-0.39568097,-0.45250093,0.30999972,-0.85955255,-0.37786573,-0.94572324,0.0
-0.78441482,-0.47019533,-0.59163147,-0.85955255,10.0049654879065,-4.728201237637373,0.0
0.51051776,-0.19150839,0.26491816,1.1915187,-0.37786573,1.1415443,0.0
-0.78441482,-0.47019533,-0.59163147,-3.0989069988611204,-0.37786573,10.006245889191648,0.0
-0.17124858,-0.36845248,0.58048907,1.2974267,-0.37786573,0.95262371,0.0
-0.78441482,-0.47019533,-0.59163147,-0.85955255,-0.37786573,-0.94572324,0.0
-0.44615709,-0.45250093,-0.59163147,0.40628037,-0.37786573,0.72104367,0.40689389947249716
-0.30806225113923197,-0.45250093,5.0435634,-0.85955255,0.3345409303742828,-0.94572324,0.0
-0.20105997,-0.44365372,0.039510361,0.76155748,0.60347352,0.83073948,0.0
-0.78441482,-0.47019533,-0.59163147,-0.85955255,-0.37786573,-0.94572324,-0.924477525263802
-0.78441482,-0.47019533,-0.59163147,-0.85955255,-0.37786573,-0.94572324,0.0
-0.78441482,-0.47019533,-4.88795755307773,-0.85955255,-0.37786573,-0.94572324,1.5306232895807108
0.2052897,-0.43923012,-0.0055711987,-0.85955255,-0.37786573,-0.94572324,0.14073990540328768
-0.78441482,-0.47019533,-0.59163147,-0.85955255,-0.37786573,-0.94572324,-0.2615764814953415
-1.7797295909499995,-0.44365372,0.58048907,-0.85955255,-0.37786573,-0.94572324,0.0
-1.1317384381712094,-0.45250093,-0.41130523,1.1240076,4.9025988,1.2116277,0.0
-0.78441482,-0.47019533,-0.59163147,1.743792138474371,-0.37786573,-0.94572324,-0.19292462743698513
-0.060472133,-0.3949941,0.12967348,-0.85955255,10.0049654879065,-0.94572324,1.5306232895807108
-0.3050611,-0.14727237,3.0148933,0.65311779,0.45563882,0.84597501,0.0
-0.20004368,-0.38614689,3.319545975305935,0.25100487,10.0049654879065,0.28835463,0.0
-0.021175291,-0.36845248,-0.41130523,1.0100827,-0.37786573,1.248193,0.1890817671818302
-0.78441482,10.0000062172904,-0.59163147,-0.85955255,-0.37786573,-0.94572324,0.0
-0.076055364,-0.15611958,2.7444039,0.704595,-1.9965944541518565,0.8916816,0.0
-0.22850001,-0.41711211,-0.050652758,-0.85955255,-0.37786573,-2.7440702454587593,0.0
-0.13906582,-0.42595931,-0.18589744,-0.3886627,1.1413770626784827,1.1506856,0.4151495646872574
-0.3408009,1.828130026991968,-0.18589744,0.86113634,1.5130026,0.6844784,0.0
0.56624475,-0.3263521446820421,-0.27606055,2.0586143,-0.37786573,0.82159816,0.0
0.12178391,-0.018987906,0.49032595,4.458459383020997,0.34076237,0.93434108,0.0
-0.5693168003156008,-0.34191087,-0.18589744,0.38644899,-0.8553279100231226,1.2695227,0.0
-0.78441482,-0.47019533,-0.59163147,-0.85955255,-0.37786573,1.285157111668397,0.0
-0.78441482,10.0000062172904,-0.59163147,-0.85955255,-0.37786573,-0.94572324,0.0
0.90043729,1.4452244,-0.6830467727063617,1.6311847,-0.37786573,0.76979736,0.0
-0.44683462,-1.1433892957525975,-0.27606055,1.1240076,4.3039176,1.1963922,0.0
-0.28693712,10.0000062172904,0.12967348,0.69995361,0.82459999,1.4157838,0.0
-0.21918395,-0.18266119,-2.6459826951502143,0.38307344,0.70099832,1.3152293,0.0
1.6450447,2.4316877,-0.41130523,0.54720977,10.0049654879065,0.41938019,0.0
-4.776872183581518,-0.35960528,0.2198366,10.004555584272547,-0.37786573,10.006245889191648,0.0
-0.25865017,-0.38614689,0.039510361,0.30037235,-0.37786573,1.3396062,0.0
9.997237792011457,-0.32864006,0.2198366,0.89446994,-0.37786573,1.1750624,0.0
-0.78441482,-0.47019533,-0.59163147,-0.85955255,-0.37786573,-0.94572324,0.0
1.2852753,3.8605113,9.989496329427736,-0.85955255,-0.37786573,-0.94572324,0.0
-0.78441482,-0.47019533,-0.59163147,-0.85955255,-0.37786573,-0.94572324,0.0
0.32216393,-0.27113323,0.08459192,2.3480681,-0.37786573,1.1293559,0.0
1.7764859,3.6304839,-0.41130523,1.6332944,-0.37786573,0.10248118,0.0
-0.33114607,-0.3994177,0.26491816,-0.85955255,-0.37786573,-0.94572324,0.0
-0.00084933814,0.24642823,-0.36622367,-0.85955255,-0.37786573,-0.94572324,0.0
0.94752574,10.0000062172904,-0.50146835,1.6425772,10.0049654879065,0.23350673,0.0
0.71716495,1.0072878,9.989496329427736,1.5071331,10.0049654879065,0.82159816,0.0
-0.78441482,-0.47019533,-0.59163147,-0.85955255,-0.37786573,-0.94572324,0.0
-0.38788936,-0.45250093,0.08459192,10.004555584272547,-0.37786573,-0.94572324,0.0
1.0079955,1.2107735,-0.0055711987,1.3307603,-0.37786573,0.96481214,0.0
-1.7197379850009313,-0.47019533,-0.59163147,-0.85955255,-0.37786573,-0.94572324,0.0
-0.78441482,-0.47019533,-0.59163147,-0.85955255,-0.049555519428574835,-5.208945346404024,0.26288360735512534
0.020154146,-3.7336192207813257,0.17475504,0.34003512,-0.37786573,1.0105187,0.0
-0.49019665,10.0000062172904,0.17475504,1.0168338,2.4758049,0.91605844,0.0
9.997237792011457,0.37471269,-0.050652758,-0.85955255,-0.37786573,10.006245889191648,0.0
-0.78441482,-0.47019533,-0.59163147,-0.85955255,-0.37786573,-0.94572324,0.0
0.61993914,2.7015275,9.989496329427736,1.6387797,-0.37786573,0.4285215,0.0
0.96649663,0.46318474,-0.27606055,3.725576523321134,1.0194191,0.91910555,0.0
9.997237792011457,-0.47019533,-0.59163147,-0.85955255,-3.044669843686496,-0.94572324,0.0
0.55235534,0.67994125,-0.14081588,1.0375091,0.75015583,1.2603814,0.0
0.19766747,0.85246174,1.2567125,0.65353974,-0.37786573,0.9465295,0.0
-0.78441482,-0.47019533,-0.59163147,-0.85955255,-0.37786573,10.006245889191648,0.0
1.1565443,0.70205926,0.12967348,0.79235941,-0.37786573,0.93434108,0.0
2.7953242,10.0000062172904,-0.41130523,1.9754912,1.2398871,0.59306522,0.0
-0.50577988,-0.45250093,9.989496329427736,0.64763252,1.4923585,0.91301134,0.0
-0.78441482,-1.8746749287485525,-0.59163147,-0.85955255,-0.37786573,-0.94572324,-0.6469955594319327
-0.24476077,-0.42153571,0.94114155,0.64889835,-0.37786573,0.93434108,0.0
0.20664476,10.0000062172904,-0.14081588,0.1780085,-0.37786573,1.0288014,0.0
1.167046,4.1568926,-0.8733477334429322,-0.85955255,-0.37786573,-0.94572324,0.0
-0.78441482,-0.47019533,-0.59163147,-0.85955255,-0.37786573,2.8184038748024167,0.0
-0.22697556,-0.34191087,0.26491816,0.82906857,10.0049654879065,1.2695227,0.0
-0.78441482,10.0000062172904,-0.59163147,-0.85955255,2.662573396235016,-0.94572324,0.0
-0.78441482,-0.47019533,-0.59163147,-0.85955255,-0.37786573,-0.94572324,0.0
-0.78441482,-0.47019533,9.989496329427736,-0.85955255,-0.37786573,-2.6761905236124304,0.0
1.0117219,5.0460367,-0.27606055,-0.85955255,-0.37786573,-0.94572324,0.0
-0.21715135,-0.43480652,0.44524439,-0.85955255,-0.37786573,-0.94572324,-0.016702065867084528
9.997237792011457,0.697527545571654,-0.59163147,-0.85955255,-0.37786573,-0.94572324,0.0
-0.036927904,-0.22247361,1.7976912,0.56915088,-0.035508222,1.3152293,0.0
-0.16515079,-0.42595931,-0.0055711987,0.94257159,0.96390703,1.0257543,0.0
-0.78441482,-0.47019533,-0.59163147,-0.85955255,2.216392034810094,-2.6324471435424925,1.5306232895807108
-0.78441482,-0.47019533,-0.59163147,-0.85955255,-0.37786573,10.006245889191648,-0.07543441961328963
0.20190204,0.46760834,0.26491816,0.48898146,-0.37786573,0.048578114433188824,0.0
-0.18479921,-0.43038291,-0.230979,1.0383529,-0.37786573,0.9434824,0.0
1.0755792,3.4977759,-0.27606055,1.0193655,-0.37786573,1.6947364611553624,0.0
8.7938517,-0.44807732,-0.54654991,10.004555584272547,0.24318346701860682,-0.94572324,0.0
2.2389013,-0.43480652,-0.095734317,-0.85955255,-0.37786573,-0.94572324,0.0
-0.78441482,-0.47019533,-0.59163147,-0.85955255,-0.04542456565717873,-0.94572324,0.0
0.065210009,-0.37287609,-0.6575918891806433,-0.85955255,-0.37786573,-0.94572324,0.0
0.94921957,1.3877176,0.039510361,0.33623762,0.61898134,0.76979736,0.0
-4.779468149541504,-0.47019533,-0.59163147,10.004555584272547,-0.37786573,1.3028287579030975,0.0
-0.21952271,-0.6339622996470748,4.7279925,0.4265337,0.14633834,4.403991278906265,0.0
0.54574941,-0.45250093,-0.45638679,-0.85955255,-0.37786573,-0.94572324,0.0
0.4217611,-0.32421646,-0.41130523,1.0809693,2.1639033,10.006245889191648,0.0
-0.78441482,-0.47019533,-0.59163147,-3.6600835441778523,-0.37786573,-0.94572324,0.0
-0.52034682,-0.43923012,1.5722834,0.56450949,-2.2862659999257153,4.05649943852892,0.0
-0.78441482,-0.47019533,-0.59163147,10.004555584272547,-0.37786573,-0.94572324,0.0
-0.039468649,3.8437060410528967,0.26491816,0.65649335,-0.37786573,1.1842038,0.0
-0.78441482,-0.47019533,-0.59163147,-0.85955255,10.0049654879065,10.006245889191648,0.0
-0.78441482,10.0000062172904,-0.7104648959813795,-0.85955255,1.3658671326897616,-0.94572324,0.0
1.0117219,-0.45250093,-0.50146835,-0.85955255,-1.9755739356533955,-0.94572324,0.0
0.36281583,0.63128162,-0.6813733542218724,0.062817709,-0.37786573,10.006245889191648,0.0
-0.78441482,10.0000062172904,-0.59163147,-0.85955255,-0.37786573,-0.94572324,0.0
2.835408286132996,-0.3949941,0.35508128,0.38476121,-0.37786573,1.1141203,0.0
0.6778681,0.14026177,-0.36622367,1.1164126,4.245310191909145,1.2938996,0.0
-0.78441482,-0.47019533,-0.59163147,-0.85955255,1.3123577190867532,-5.838433507415655,0.0
-0.082661298,-0.37729969,-0.0055711987,-0.85955255,-0.37786573,-0.94572324,0.0
-0.78441482,-0.47019533,1.703795430612639,-1.529950880542835,-0.37786573,-0.94572324,0.0
0.51271974,0.32605307,-0.18589744,0.99869018,0.73922462,1.1659211,0.0
-0.15227769,-0.45250093,-0.41130523,2.8632315082122037,-1.6160538910276045,1.1598269,0.0
9.997237792011457,-0.29325125,2.7894855,0.92906937,-0.041336004,0.95567082,0.0
0.42718135,1.2151971,-0.41130523,10.004555584272547,-0.37786573,1.1963922,0.0
-0.78441482,-0.47019533,-0.59163147,-0.85955255,-0.37786573,10.006245889191648,0.0
-0.32911348,-0.44807732,-0.18589744,-0.1477325,-0.37786573,0.15732908,0.0
-0.13059667,-0.45250093,0.76081531,1.0742182,0.2702034,0.80331553,0.0
-0.78441482,10.0000062172904,-0.59163147,-0.85955255,-0.37786573,-0.94572324,0.0
0.17412324,0.056213332,-0.27606055,0.88138966,-0.37786573,2.0169903968116287,0.0
0.38178672,-0.33306367,-0.18589744,0.49066924,0.74831201,1.0684137,0.0
-0.32657273,-0.4038413,0.89605999,-0.85955255,-3.0169481765221446,-0.94572324,0.0
9.997237792011457,0.25969903,-0.050652758,2.5349894,0.39693297,1.3213235,0.0
0.24289271,-0.14727237,-0.14081588,0.7455236,10.0049654879065,1.4310193,0.0
0.62298803,-0.11188355,-0.0055711987,1.4404659,0.56096693,1.2847583,-0.026738354075629193
-0.78441482,-1.6314988603467078,-0.59163147,-0.85955255,-0.37786573,-0.94572324,0.0
6.440462406338712,-0.47019533,-0.59163147,-0.85955255,10.0049654879065,-0.94572324,0.0
1.2143039,0.72417727,-0.0055711987,-0.85955255,-0.37786573,-0.94572324,0.0
-0.023885418,-0.28440404,-0.32114211,-0.85955255,-2.2205994822839776,-0.94572324,0.0
0.19902253,10.0000062172904,-0.230979,-0.85955255,-0.37786573,-0.94572324,0.0
-0.78441482,-0.47019533,-0.59163147,-0.85955255,-0.37786573,10.006245889191648,0.0
-0.78441482,-0.47019533,-0.59163147,1.4108527162866866,-0.37786573,-0.94572324,0.0
-0.081645001,-3.1774140019457855,-2.365143886280796,-0.85955255,-0.37786573,-0.94572324,0.0
0.9814055012164727,-0.29767485,1.8427727,2.7590418,-5.699069575934759,1.5346209,0.0
4.286259729385398,-0.35518168,-0.32114211,0.71725333,2.8913554,1.1019319,0.0
-0.78441482,-0.47019533,-0.59163147,-0.85955255,10.0049654879065,-0.94572324,0.0
-0.78441482,-0.5106829433118114,-0.59163147,-0.85955255,-0.37786573,-0.94572324,0.0
-0.478848,-0.44365372,0.12967348,-0.24056025,1.1538203,1.0318485,-0.4132018816409076
4.5682555,-0.45250093,-0.41130523,-0.85955255,-0.37786573,-0.94572324,0.0
9.997237792011457,-0.23132081,-0.050652758,0.3969976,1.211275,1.1872509,0.0
9.997237792011457,0.078331343,-0.14081588,-0.85955255,-0.37786573,10.006245889191648,0.0
-0.78441482,-0.47019533,-0.59163147,-1.0118020567708574,-0.37786573,-0.94572324,0.0
0.52593161,10.0000062172904,0.17475504,0.76619887,0.15358191,0.9434824,0.0
-0.076224747,-0.15169597,1.8427727,-0.85955255,-0.37786573,-0.94572324,0.0
-0.78441482,-0.47019533,-0.59163147,-0.85955255,-0.37786573,-0.94572324,0.0
1.058641,2.8342355,1.821745661540672,-0.85955255,10.0049654879065,-0.94572324,0.0
-0.78441482,-0.47019533,-0.59163147,-0.85955255,-0.37786573,-0.94572324,0.0
-0.78441482,-4.686106672383976,-0.59163147,-0.85955255,-0.37786573,-0.94572324,0.0
-3.1794701518110675,-0.37287609,2.9698117,-0.85955255,-0.37786573,0.1601730160164634,1.5306232895807108
0.034043548,-0.29767485,3.0148933,0.47294757,-0.37786573,0.69361971,0.0
0.88332961,-0.032258713,-0.050652758,1.7071347,0.29213167,1.0592724,1.5306232895807108
-2.8295035054397726,-0.47019533,2.2320440458190864,-0.85955255,-0.37786573,-0.94572324,0.0
4.8314766,-0.45250093,-0.54654991,10.004555584272547,-0.37786573,-0.94572324,0.0
9.997237792011457,-0.014564304,1.4464673827166536,1.0193655,-0.37786573,1.762302126318076,0.0
0.48917551,0.25085183,-0.41130523,-0.85955255,-0.37786573,-0.94572324,0.0
4.59599448743169,10.0000062172904,-0.27606055,0.30501374,-3.226373718437144,0.97395345,0.0
-0.78441482,-0.41711211,10.678758,-0.85955255,-0.37786573,-0.94572324,0.0
1.0076567,0.75071888,-0.27606055,1.7484852,0.53525225,1.162874,0.0
-0.39026072,10.0000062172904,2.2485068,0.95227631,-0.37786573,0.62048917,0.0
0.1963124,-0.23574442,-1.4963214795641662,10.004555584272547,-0.8625047098754102,-0.94572324,0.0
0.00084449127,-0.37729969,-0.18589744,0.76451109,-0.37786573,1.2878054,0.0
0.37247066,-0.45250093,-0.14081588,-0.85955255,-0.37786573,-1.7314992527934883,1.5306232895807108
1.0745629,4.5152044,-0.41130523,1.091096,1.1846384,0.5321231,0.0
0.79779123,3.7764628,0.40016284,1.8624102,-0.37786573,0.80940974,0.0
1.1722969,10.0000062172904,4.723706836163419,1.5088208,0.58658283,10.006245889191648,0.0
9.997237792011457,-0.47019533,-0.59163147,10.004555584272547,-0.37786573,-0.94572324,0.0
-0.78441482,-0.47019533,0.3388090970830707,-0.85955255,-0.37786573,-0.94572324,0.3542123940208756
-0.26661117,-0.44807732,9.989496329427736,-0.85955255,-0.37786573,-0.94572324,0.0
9.997237792011457,-0.44807732,-0.18589744,10.004555584272547,10.0049654879065,-0.94572324,0.0
0.035229228,-0.31979286,-0.36622367,-0.3138124537498147,-0.37786573,0.98309477,0.0
-3.8603326960456643,-0.47019533,9.989496329427736,-0.85955255,-0.37786573,-0.94572324,-0.09493902498631006
0.76391464,-0.15611958,-0.095734317,0.69489028,0.22104589,1.1963922,0.0
-0.7346651375956236,-0.45250093,1.6624465,10.004555584272547,-0.37786573,-0.94572324,0.0
-0.30014899,-0.42153571,3.150138,-2.0151731843714096,-0.37786573,-0.94572324,0.0
0.46597005,0.25085183,0.12967348,1.4822384,-0.37786573,1.1080261,0.0
9.997237792011457,-0.44807732,-0.41130523,-0.85955255,-0.37786573,-0.94572324,0.0
0.63772435,0.96305179,-0.32114211,1.2400423,1.7515466,0.78198578,0.0
0.61299444,3.3208318,9.989496329427736,1.3615623,-0.37786573,0.53517021,-0.06107691336419339
-0.78441482,-0.47019533,-0.59163147,-0.85955255,-0.37786573,-0.94572324,0.0
-0.089944765,-0.44365372,0.71573375,-0.85955255,-6.065602555442314,-0.94572324,1.5306232895807108
-0.11806233,-0.4038413,0.039510361,0.91303549,1.1235627253813854,-2.2031148320689606,0.0
0.031841569,-0.16054318,-0.27606055,0.12357769,1.6326862,1.1750624,0.0
9.997237792011457,2.8917424,-0.45638679,-0.85955255,-0.37786573,-0.94572324,0.0
-0.39381776,-0.44807732,0.40016284,-0.85955255,-0.37786573,-0.94572324,0.0
1.7298629638639054,-0.45250093,-0.41130523,0.97084186,-0.37786573,-1.7482964123976306,0.0
-0.78441482,-0.47019533,-0.59163147,-0.85955255,-0.37786573,-0.94572324,0.0
-0.78441482,-0.47019533,-0.59163147,10.004555584272547,-2.467295318187997,-0.94572324,0.0
-0.78441482,-0.47019533,-0.59163147,-0.85955255,-0.37786573,-0.94572324,0.0
-0.78441482,-0.47019533,9.989496329427736,-0.85955255,-0.37786573,-0.94572324,0.0
1.436463316838101,-1.7403394597373811,-0.59163147,-0.85955255,-0.37786573,-0.94572324,0.5408991059859729
-0.1312742,-0.30652205,1.5272018,0.69024889,-0.37786573,1.1293559,0.0
1.2676595,5.0770019,-0.14081588,1.6873033,-0.37786573,0.62353628,0.0
0.23357665,-0.37287609,0.08459192,10.004555584272547,-0.37786573,-0.94572324,0.0
0.58860329,2.9890616,0.58048907,10.004555584272547,-0.37786573,0.59915943,0.0
-0.78441482,-0.47019533,-0.59163147,1.1231840361515784,-0.37786573,-0.94572324,0.4423953283543284
4.699172025513888,-0.29767485,-0.6649425240682136,-0.20261557545380005,-0.37786573,-0.94572324,0.0
-0.03320148,-0.36402888,-0.32114211,-0.85955255,-0.37786573,10.006245889191648,1.5306232895807108
-0.78441482,-0.47019533,-0.59163147,-0.85955255,-0.37786573,-0.94572324,0.0
0.40160453,-3.2607732014745214,0.53540751,1.1510121,0.57766006,1.3822656,0.0
0.1963124,-0.28440404,0.26491816,-0.85955255,-0.37786573,-0.94572324,0.0
0.36959115,-0.21805001,-0.095734317,0.26999236,2.7769399,1.248193,0.0
0.081470771,-0.38614689,-0.41130523,1.3071315,2.9247088,1.1963922,0.0
-0.78441482,-0.47019533,-0.59163147,-0.85955255,-0.37786573,-0.94572324,1.5306232895807108
-0.78441482,-0.47019533,-0.59163147,-0.85955255,-0.37786573,-0.94572324,-0.21543423048653845
-0.78441482,-0.47019533,-0.59163147,-0.85955255,-0.37786573,-0.94572324,0.0
-0.78441482,10.0000062172904,-0.59163147,-0.85955255,-0.37786573,-0.94572324,0.0
-0.78441482,-0.47019533,-0.59163147,-0.85955255,-0.37786573,-0.3952020851214987,0.0
-1.754883331346449,-0.47019533,-0.59163147,-0.85955255,-0.37786573,-0.94572324,0.0
-0.78441482,-0.47019533,-0.59163147,-0.85955255,7.007194292827612,-0.94572324,-0.28672690329662676
-0.11806233,-0.31536926,0.26491816,0.56239977,-1.0738890715901268,0.94957661,0.0
0.8457266,2.3210977,-2.16182297631534,-0.85955255,-0.37786573,-0.94572324,0.0
-0.78441482,-0.47019533,-0.59163147,-0.85955255,-0.37786573,-0.94572324,0.0
-0.092485509,-0.45250093,-0.18589744,-3.6791201566801637,-0.37786573,-0.94572324,0.0
-0.23663039,-0.43038291,-0.0055711987,1.2075526,-0.37786573,0.52602889,0.0
1.3266048,1.0072878,-0.50146835,1.9522843,2.99428,1.0501311,0.0
-0.78441482,-0.47019533,-0.59163147,-9.839758313722616,-1.4773390499233603,-0.94572324,1.5306232895807108
-0.588028236266419,0.46760834,-0.230979,-3.5923257869702634,-0.37786573,-0.94572324,0.0
-0.78441482,-0.47019533,-0.59163147,-0.85955255,-0.37786573,-0.94572324,0.0
1.7637821,5.0283423,-0.095734317,1.2130379,0.41346148,0.51384047,0.0
-0.016601952,-0.31094565,0.62557063,2.1261254,10.0049654879065,1.1384972,0.0
9.997237792011457,-0.44807732,1.2116309,-0.85955255,-0.37786573,-0.94572324,0.0
-4.242569631435692,-0.47019533,-0.59163147,-0.85955255,-0.37786573,-1.7544229211050282,0.0
-0.78441482,-0.47019533,-0.59163147,-0.85955255,-0.37786573,10.006245889191648,0.0
-0.78441482,-0.47019533,-0.59163147,-0.85955255,-0.37786573,-0.94572324,0.0
0.32656789,-0.34191087,0.17475504,-0.85955255,-0.37786573,-0.94572324,0.0
0.020831678,-0.45250093,0.62557063,-0.85955255,-0.37786573,-0.94572324,0.0
0.3572262,0.14026177,-0.095734317,0.64425696,10.0049654879065,0.73018498,0.0
-0.78441482,-5.6122748213908515,-0.59163147,-0.85955255,-0.37786573,-0.94572324,0.0
1.125886,4.5284752,-0.27606055,-0.85955255,-0.37786573,-0.94572324,0.0
9.997237792011457,1.7327586,-0.36622367,1.264656769432695,-0.37786573,0.41023887,0.0
-0.22443482,-0.22689721,2.428833,2.1548176,-0.37786573,0.88254028,0.0
-0.24442201,-0.22689721,-0.095734317,-4.092768643587954,-0.37786573,0.69361971,0.0
0.09925598,-0.080918338,1.301794,-0.85955255,-0.37786573,-0.94572324,0.0
-0.78441482,-0.47019533,-0.59163147,-0.85955255,-0.37786573,-0.94572324,0.0
-0.78441482,-0.43480652,3.6460351,-0.85955255,-0.37786573,10.006245889191648,0.0
0.012701297,10.0000062172904,-0.41130523,0.52484672,2.9410068,-0.7763974845025853,0.0
-0.78441482,2.9503187381138094,-0.59163147,-0.85955255,-0.37786573,-0.94572324,0.0
-0.041331861,4.3833510536234215,1.0313047,1.2619834,-0.6016182393422775,0.79417421,0.0
-0.78441482,-0.47019533,-0.59163147,-0.85955255,-0.37786573,5.362406346988468,0.0
-0.080289937,-0.45250093,-0.095734317,1.1953162,-0.37786573,0.84597501,0.0
-0.044550137,-0.34633447,-0.230979,-0.85955255,-1.8561475950704391,-0.94572324,0.0
0.72868299,2.3962989,-0.230979,0.77294998,-0.37786573,0.34015543,0.0
0.68159453,1.6619809,-0.32114211,0.033281607,-0.37786573,6.724820513105946,0.0
0.96344774,0.36144189,-0.41130523,0.26070959,-2.519546542370606,10.006245889191648,0.0
2.9135535,-0.45250093,-0.50146835,-0.85955255,-0.37786573,1.6833193282319803,0.8233397908911375
0.18699634,-0.43923012,0.17475504,-0.85955255,-0.37786573,10.006245889191648,0.0
-0.78441482,-0.47019533,-0.59163147,-0.85955255,-0.37786573,-0.94572324,1.5306232895807108
-0.57031478,-0.43038291,1.6173649,0.49573257,0.42268057,0.6875255,-0.14550450718072142
0.2693872049405006,-0.45250093,-1.7402895348911107,-0.85955255,-0.37786573,2.076130628064865,0.0
-0.34469671,-0.16939038,0.58048907,0.60670392,0.73626134,1.0866964,1.5306232895807108
-0.78441482,-0.47019533,-0.59163147,-0.85955255,-0.37786573,-0.94572324,0.0
-0.33555003,-0.45250093,-0.32114211,0.90375271,-0.37786573,1.0166129,0.0
-0.20563331,-0.45250093,0.12967348,0.5805789106724307,10.0049654879065,1.5589978,0.0
0.047763566,-0.43038291,0.85097843,0.90965993,-0.37786573,0.87949317,0.0
-1.040497143309686,-0.13400156,1.3468756,0.25691209,1.6428601,-0.6089002265577148,0.0
0.38619068,0.74629528,9.989496329427736,0.11049742,4.226721455568021,0.62048917,0.0
1.1560361,2.8386591,-0.36622367,0.84003912,10.0049654879065,0.35843807,0.0
-0.78441482,-0.47019533,-0.59163147,-0.04707293254103895,-0.37786573,-0.94572324,0.0
9.997237792011457,-0.47019533,-5.195386129450132,-0.85955255,-0.37786573,-0.94572324,1.1194425973288173
-0.78441482,-0.47019533,-0.59163147,-0.85955255,-0.37786573,-0.94572324,0.4265516306178927
-0.11873986,-0.2136264,0.85097843,0.23075154,0.90595846,1.0806022,0.0
0.95531736,0.90996856,-0.18589744,0.95607381,-2.0370709435666217,0.77893868,0.127747002856385
-0.78441482,-0.47019533,-0.59163147,-0.85955255,-0.37786573,0.7947846681878372,0.045838316271672216
-0.02862814,-0.16939038,0.58048907,0.15142601,-0.37786573,1.1445914,0.0
-2.496473699189562,-0.38614689,-0.27606055,0.8493219,2.210328,0.9434824,0.0
-0.78441482,-0.47019533,-0.59163147,-0.85955255,-0.37786573,-0.94572324,0.0
-0.079781788,-0.31094565,0.26491816,0.045096048,-0.37786573,1.0866964,-0.45573951638021265
0.81947224,1.0824891,0.62557063,1.3522795,-0.37786573,0.97700056,0.0
-0.24797905,-0.42595931,1.2567125,-0.85955255,-0.37786573,-0.94572324,0.0
0.11958193,-0.067647531,0.26491816,0.96873213,0.51934932,1.2999938,0.0
-0.78441482,-0.47019533,-0.59163147,-0.2950829947048138,10.0049654879065,-0.94572324,0.0
0.038447504,-0.35075807,0.26491816,1.5261206,0.07834574182311227,10.006245889191648,0.0
-0.27050698,-1.0035197082208898,0.44524439,0.46239897,-0.37786573,10.006245889191648,0.0
0.76882674,-0.44365372,0.17475504,0.5307545547235174,-0.37786573,-0.94572324,0.0
0.35604052,-2.041489487410533,-2.7758201520128076,0.017669668,0.3948916,0.83378658,0.0
-0.78441482,10.0000062172904,-0.59163147,-7.497082135708837,10.0049654879065,-0.94572324,-0.49076358711490214
0.364136578959789,-0.43038291,0.85097843,0.71598749,0.29025492,1.132403,0.0
0.10433747,-0.34191087,-0.27606055,-3.455723904857784,-0.37786573,0.98309477,0.0
-0.78441482,4.142128367527263,-0.59163147,-0.85955255,10.0049654879065,-0.94572324,0.0
-0.052680518,-0.44365372,-0.14081588,-0.85955255,10.0049654879065,-0.94572324,0.13610649520227527
-0.15380213,0.10487296,1.301794,-0.083175022,-0.37786573,0.74542051,0.0
-0.78441482,-0.47019533,-0.59163147,-0.85955255,-5.192580734773701,-0.94572324,0.0
-0.78441482,-0.47019533,-0.59163147,-0.85955255,-0.37786573,-0.94572324,0.0
0.63670805,1.7637238,2.6542408,1.2476373,2.365276677837291,1.2268632,1.5306232895807108
-0.78441482,-0.47019533,-0.59163147,-0.85955255,-0.37786573,-0.94572324,0.0
-0.10688306,-0.29055095577434426,35.212959107797,0.40628037,-0.092205628,0.62353628,0.0
-1.0883209806241054,-0.47019533,-0.59163147,-0.85955255,-0.37786573,-0.94572324,0.0
9.997237792011457,10.0000062172904,9.989496329427736,-0.85955255,-0.37786573,-0.94572324,-0.9355134858257947
6.1902665,-0.41268851,-5.859309730865226,-0.85955255,-0.37786573,-0.94572324,0.0
-0.78441482,-0.47019533,-0.59163147,-0.85955255,-0.37786573,-0.94572324,1.5306232895807108
-0.5424983570856333,-0.35960528,-0.27606055,-0.85955255,-1.0245508235429086,-0.94572324,0.0
9.997237792011457,-0.3994177,0.12967348,-0.85955255,-0.37786573,-0.94572324,0.0
0.26254113,0.24200463,0.49032595,1.2096623,0.56794709,0.82769237,0.0
-0.78441482,-0.47019533,-0.59163147,-0.85955255,-0.37786573,-0.94572324,0.0
1.2137957,4.0020665,0.08459192,1.8244352,0.41724789,0.8398808,0.0
-0.090114148,-0.11630716,3.6911167,0.47041591,-0.095794488,1.1537327,0.0
-0.060810899,-0.32864006,-0.230979,0.96620047,10.0049654879065,0.88863449,0.0
-0.24357509,-0.33748727,0.89605999,-0.088238353,-0.37786573,1.0105187,0.0
9.997237792011457,-0.47019533,-0.59163147,-0.85955255,-0.37786573,-0.94572324,0.3078087313149568
0.47291475,-0.058800326,-0.32114211,1.3168362,-0.37786573,1.1080261,0.0
-0.78441482,-0.47019533,-0.59163147,-0.85955255,-1.8414924930582153,-0.94572324,0.0
-0.78441482,-0.47019533,0.27854751983369563,-0.85955255,-1.295087089000551,-0.94572324,0.0
-0.03726667,-0.37287609,-0.36622367,0.5898331893405555,-0.37786573,1.1384972,0.0
-0.43396152,-0.45250093,-0.095734317,0.18391572,-0.37786573,0.61439496,0.0
-0.061488431,-0.28882764,-0.095734317,-1.8414775972961621,4.59023260235319,0.7911271,0.0
9.997237792011457,-1.6331230352185035,0.30999972,-0.85955255,0.9490363680951418,-0.94572324,0.0
-0.78441482,-0.47019533,-0.59163147,-0.85955255,-0.37786573,-0.94572324,0.0
-0.78441482,-0.47019533,-0.59163147,-0.85955255,-0.37786573,-0.94572324,0.0
-0.3983911,-0.45250093,0.2198366,0.36830539,-0.37786573,0.85511633,0.0
0.13228565,-0.023411508,0.40016284,0.69193667,-0.37786573,0.7393263,0.0
-0.32928286,-0.43038291,1.9329359,0.6560714,0.52850256,-0.38668679457301375,0.0
-0.78441482,10.0000062172904,-0.59163147,-0.85955255,-0.37786573,10.006245889191648,0.0
-0.033879011,-0.26228603,9.989496329427736,1.0649354,-0.37786573,1.7692481,0.0
1.844239,-0.45250093,1.2795123305269385,-0.85955255,-0.37786573,-0.94572324,0.0
-0.17107919,-0.17381398,-0.27606055,2.0890079465755953,1.9465633,0.62353628,0.0
-0.78441482,-0.47019533,-0.59163147,-0.85955255,-0.37786573,10.006245889191648,0.0
0.74833141,1.750453,0.12967348,1.7484852,-0.37786573,0.77284447,0.0
-0.094009955,-0.30652205,0.40016284,5.438511171523926,1.4043161,0.63877181,0.0
0.68142515,4.0463026,9.989496329427736,1.1282271,-0.37786573,3.334012649776268,0.16010216765121899
-0.78441482,-0.47019533,-0.59163147,10.004555584272547,-0.37786573,-0.94572324,0.0
-0.22782248,-0.45250093,0.44524439,1.2619834,-0.37786573,0.81855105,0.0
-0.78441482,-0.47019533,-0.59163147,2.8523957056749922,-2.4840952582845413,-0.94572324,0.0
0.16480718,-0.0012934972,-0.36622367,1.0083949,-0.794362313058985,1.6199399,0.0
1.1309675,4.0463026,-0.095734317,0.9059614948175695,0.51315936,0.24569515,0.0
0.29929723,-0.2047792,1.1214678,1.6172605,0.042096764,1.0227071,0.0
-0.78441482,-0.47019533,-0.59163147,-0.85955255,-0.37786573,-0.94572324,0.0
0.017105254,10.0000062172904,0.80589687,1.4459511,-0.37786573,1.1080261,0.0
-0.78441482,-0.47019533,-0.59163147,-0.85955255,-0.37786573,-0.94572324,0.0
-0.21816765,-0.36845248,0.08459192,0.57801171,0.61252798,1.796672,0.0
3.6381738,-0.45250093,9.989496329427736,-0.85955255,-0.37786573,-0.94572324,0.0
0.35451607,0.3968307,-0.14081588,0.50712506,2.168019,1.3182764,0.0
-0.19259083,-0.42153571,0.40016284,0.4303312,-0.37786573,1.4157838,0.0
0.4425952,0.029671718,0.80589687,0.3151404,10.0049654879065,1.3944541,0.0
3.2092722616899794,4.1259274,-0.14081588,1.5569225,0.43048387,0.44985124,0.0
-0.037774819,-0.33306367,-0.18589744,0.18307184,-0.37786573,1.0074716,0.0
0.275753,-0.23132081,-0.9258547677210016,0.57716782,2.1703896,0.89777581,1.5306232895807108
0.54642694,0.71533007,-0.095734317,0.15522351,-0.37786573,4.367654196890333,0.0
0.079268793,-0.23132081,0.44524439,0.66197862,0.18848275,1.1293559,0.0
-0.11365838,-0.3949941,-0.32114211,0.41471926,-0.37786573,1.3426533,0.0
0.091294981,-0.45250093,0.26491816,1.4109298,-0.37786573,0.83378658,0.0
-0.29760825,-0.35518168,-0.59163147,0.15311379,-0.37786573,0.57173548,0.0
-0.24814843,-0.27113323,-0.27606055,0.076319926,-0.37786573,0.90996423,0.0
-0.78441482,-0.47019533,-2.2623584600359514,-0.85955255,-0.37786573,-2.0634711775795265,0.0
1.7019574,-5.592369534819015,-0.50146835,-0.85955255,0.03112274152528499,10.006245889191648,0.0
0.63975694,1.31694,0.30999972,3.8555391181475303,0.13464985,0.4803223,0.0
0.84945302,0.61358721,-0.8681465454821693,-0.85955255,0.5513069701315412,-0.94572324,1.5306232895807108
7.195706990179672,-0.41711211,-0.18589744,-0.85955255,-0.37786573,-0.94572324,0.0
-0.78441482,-0.47019533,-0.59163147,-0.85955255,-0.37786573,-0.94572324,0.0
-0.78441482,-0.47019533,-0.59163147,-0.85955255,-0.37786573,-0.94572324,0.0
-0.78441482,-0.47019533,1.8070783615427441,-0.85955255,-0.37786573,-0.94572324,0.0
-0.78441482,-0.47019533,-0.59163147,-0.85955255,-0.37786573,-0.94572324,0.0
-0.43785732,-0.31979286,1.4370387,1.0484796,0.10488535,0.91605844,0.0
0.043528992,-0.45250093,0.7853736009776782,-0.85955255,-0.37786573,-0.94572324,0.0
-0.47020947,10.0000062172904,0.58048907,4.957489937987536,0.90658404,0.61439496,0.0
0.50831578,0.48087915,0.44524439,-0.85955255,-0.37786573,-0.94572324,0.0
-0.17243426,-0.041105917,3.1050564,1.3434187,0.16885926,0.61134786,0.0
0.28506907,0.20219221,1.7915534213577429,0.69995361,4.409717287637936,1.2360046,0.0
-0.78441482,-0.47019533,-0.59163147,-0.85955255,-0.37786573,-0.94572324,0.0
-0.78441482,3.9989934615771165,-0.59163147,-0.85955255,-0.37786573,-0.94572324,0.0
-0.78441482,-0.47019533,-0.59163147,-0.85955255,-0.37786573,-0.94572324,0.0
-0.13771075,-0.42153571,-0.36622367,-5.471304175359042,-5.643614374151094,-0.94572324,0.0
-0.5354219,-0.45250093,0.58048907,0.46673909835639,0.61647902,0.9434824,0.0
-0.78441482,-0.47019533,-0.59163147,-0.85955255,-0.37786573,-0.94572324,1.5306232895807108
-0.78441482,-0.47019533,-0.59163147,-0.85955255,-0.37786573,-0.94572324,0.0
9.997237792011457,-0.42595931,-0.54654991,-0.85955255,0.5618807171506368,-0.9399398985668911,0.0
0.84149202,1.6354393,-0.36622367,1.8873049,-0.37786573,1.3365591,0.0
-0.38043651,-0.34633447,0.26491816,0.16619406,1.0035491,1.1689682,0.0
9.997237792011457,-0.42153571,-0.50146835,-0.85955255,-0.37786573,-0.94572324,0.0
0.30641132,-0.094189144,0.08459192,0.81894191,1.0121426,1.4614904,0.0
1.0131557050145206,10.0000062172904,-0.18589744,-0.85955255,-0.37786573,-0.94572324,0.0
-0.78441482,-0.47019533,-0.59163147,-0.85955255,-2.548732995785193,-1.1794589765245442,0.0
-0.78441482,-0.47019533,-0.59163147,-0.85955255,-0.37786573,-0.94572324,0.0
1.0735467,5.0637311,-0.050652758,1.4636728,-0.37786573,0.44375703,0.0
0.72885237,0.45433753,-0.230979,-0.85955255,-0.37786573,-1.0351157779737312,0.0
-0.78441482,-0.47019533,-0.59163147,-0.85955255,-0.37786573,-0.94572324,0.0
9.997237792011457,-0.0057170995,-2.8490366992033413,0.92189632,10.0049654879065,0.98614188,0.0
-7.486089597239084,-0.47019533,-0.59163147,-0.85955255,-0.37786573,-0.94572324,0.0
-0.020836525,-0.32421646,-0.27606055,0.73666277,2.726202,1.2756169,0.0
-0.78441482,-0.47019533,-0.59163147,-0.85955255,-2.8464310861855426,-0.94572324,0.0
0.38449685,-0.072071133,-0.36622367,0.68307584,10.0049654879065,0.8398808,0.0
-0.78441482,10.0000062172904,-0.59163147,-0.85955255,-0.37786573,-0.94572324,0.0
9.997237792011457,-0.23574442,2.8687418681698382,-0.85955255,-0.37786573,-0.94572324,1.5306232895807108
0.182423,0.056213332,0.35508128,0.47421341,1.1983024,0.95871792,0.0
-0.78441482,10.0000062172904,-0.59163147,-0.85955255,-0.37786573,10.006245889191648,0.0
-0.78441482,-0.47019533,-0.59163147,-0.85955255,-0.37786573,-0.94572324,0.0
-0.089775382,-0.38614689,0.12967348,1.0096607,-0.37786573,1.2390517,0.0
-0.083000064,10.0000062172904,2.023099,0.60586003,-1.158462366122119,1.2329575,0.0
-4.541431627142617,-0.36402888,-0.32114211,1.0067071,2.9760394,0.87644607,-0.2948525713939656
0.058265308,0.025248116,0.62557063,2.3479843997634147,-0.37786573,0.46813388,0.0
-0.075547215,-0.34633447,1.3468756,1.0311799,1.3967762,1.104979,1.5306232895807108
-0.78441482,-0.47019533,-0.59163147,-0.85955255,-0.37786573,-0.94572324,0.0
-0.6384661406165033,0.01197731,0.2198366,1.4311831,0.47114665,1.306088,0.0
-0.27169266,-0.43923012,0.44524439,0.46282091,0.37381939,0.98309477,1.5306232895807108
-0.19242144,-0.076494735,1.2567125,-0.85955255,10.0049654879065,-0.94572324,0.0
0.23577863,0.25969903,-0.14081588,-0.85955255,-0.37786573,-0.94572324,0.0
0.12906738,-0.15611958,0.35508128,-0.85955255,-0.37786573,1.2042929767459993,0.0
-0.16582832,-0.4038413,0.08459192,-0.85955255,-0.37786573,-0.94572324,0.2827895141748767
-0.12585395,-1.8138190663015141,0.08459192,1.2695784,1.6873422,1.1720153,0.0
-0.78441482,-0.47019533,-0.59163147,-4.613855396174666,10.0049654879065,-0.94572324,0.0
-0.78441482,-0.47019533,-0.59163147,-0.85955255,-0.9888117859317809,-0.94572324,0.0
0.35993632,0.85246174,-0.050652758,-0.85955255,-0.37786573,10.006245889191648,0.0
0.5140748,1.6796754,-0.36622367,1.8970096,-0.37786573,1.0409898,0.0
-0.78441482,10.0000062172904,-0.59163147,-0.85955255,-0.37786573,-0.94572324,0.0
0.069105816,0.48530275,0.85097843,10.004555584272547,-0.37786573,-0.94572324,0.0
-0.78441482,-0.47019533,-0.59163147,-0.85955255,10.0049654879065,-0.94572324,0.0
0.32402714,-0.11630716,0.30999972,-0.85955255,-0.37786573,-0.94572324,0.0
-0.78441482,-0.47019533,-0.59163147,-0.85955255,-0.37786573,-0.94572324,0.0
0.18530251,-0.32421646,0.039510361,1.4721117,-0.37786573,0.57173548,0.0
-1.0936023384245452,4.7983149,-0.14081588,1.7193711,-0.37786573,0.59306522,0.0
2.0115894,-0.43038291,-0.45638679,-0.85955255,-0.37786573,-0.94572324,0.0
-0.26711932,-0.39057049,0.17475504,-0.85955255,-0.37786573,-0.94572324,0.0
-0.10197095,-0.35518168,3.3905306511915665,1.0725304,-0.37786573,10.006245889191648,0.0
-0.78441482,-0.47019533,-0.59163147,-0.85955255,-0.37786573,-0.94572324,0.0
0.55557362,-0.42595931,-0.41130523,-0.85955255,-0.37786573,-0.94572324,0.0
0.34401433,-0.041105917,0.2198366,1.2252743,3.8293636600386467,1.278664,0.0
-0.28270255,-7.337183582819636,-0.32114211,0.7636672,-0.37786573,0.48641652,0.0
-0.78441482,-0.47019533,-5.017430752249352,10.004555584272547,10.0049654879065,-0.94572324,0.0
-1.8831914155941272,0.034095321,-0.14081588,0.39952927,-0.37786573,10.006245889191648,0.0
-0.1014628,-0.42595931,-0.32114211,-0.85955255,-0.37786573,-0.94572324,0.0
2.7627659752319733,0.30835866,-0.0055711987,0.98434407,-0.37786573,1.1872509,0.0
-0.78441482,-0.47019533,-0.59163147,-0.85955255,-0.37786573,-0.94572324,0.0
-0.36553081,-0.43480652,0.44524439,0.56282171,-1.8048099821651153,-0.2951408458475855,1.5306232895807108
0.64280584,0.8113376768652536,-0.36622367,-0.85955255,-0.37786573,-0.94572324,0.0
-0.25678696,-0.37729969,6.2607655,-0.85955255,-0.37786573,-0.94572324,0.0
-0.78441482,-0.47019533,-0.59163147,-0.85955255,10.0049654879065,-0.94572324,0.0
0.2539026,0.5870456,-0.14081588,0.96029325,-0.37786573,1.1141203,1.5306232895807108
-0.78441482,-0.47019533,-0.59163147,-0.85955255,-0.37786573,-0.94572324,0.0
-0.78441482,-0.45250093,-0.59163147,10.004555584272547,2.2254730492315447,-0.94572324,0.0
-0.046074583,0.37471269,0.08459192,10.004555584272547,-0.37786573,1.2055335,0.0
-0.78441482,10.0000062172904,-0.59163147,-0.85955255,-0.37786573,-0.94572324,0.0
5.418330758745597,-0.14727237,-0.095734317,1.3695792,0.37414864,1.1963922,1.5306232895807108
-0.30539986,0.08994026948207079,-0.18589744,-0.85955255,10.0049654879065,-0.94572324,0.0
-5.0265261236377645,-0.47019533,-0.59163147,-0.85955255,-3.5738483124899947,-0.94572324,0.0
1.4227765020452492,0.065060536,-0.45638679,0.76662081,2.9291866,0.75151473,0.0
-4.178682200446022,-0.41268851,1.1214678,0.64214724,-0.37786573,0.98004767,1.5306232895807108
-0.1333068,-0.31094565,-0.095734317,0.80797135,0.79177344,1.0166129,0.0
0.5726813,-4.088159964950297,0.12967348,-0.85955255,-0.37786573,-0.94572324,0.0
1.45144,2.8076939,-1.7610380473097145,1.568315,-0.37786573,0.77893868,0.0
-0.48782529,-0.43923012,0.49032595,-0.85955255,-0.37786573,-0.94572324,0.0
-0.21816765,-0.43923012,0.40016284,-0.85955255,-0.37786573,-0.94572324,0.09760227163235134
0.22544627,-0.18266119,0.35508128,-2.6295953294311545,10.0049654879065,1.2878054,0.0
-0.78441482,-0.47019533,-0.59163147,-0.85955255,-0.37786573,10.006245889191648,0.0
-0.78441482,-0.47019533,-3.6969858775104125,-0.85955255,-0.37786573,-0.94572324,0.0
-0.18259723,-0.45250093,-0.36622367,-0.85955255,-0.37786573,-4.769775187908591,0.505649567219276
-0.35079449,-0.35960528,-0.050652758,10.004555584272547,-1.6244326053332123,-0.2230546016694881,0.0
0.49476515,5.0858491,-0.41130523,-0.85955255,-0.37786573,-0.94572324,0.0
0.17835781,-0.24459162,-6.512367948589766,1.4932089,-0.37786573,1.0775551,0.0
-0.045566434,-0.32864006,1.1593833907839817,0.84721217,0.52962202,1.2817111,0.0
-0.78441482,-0.47019533,-0.59163147,-5.932315204581043,10.0049654879065,-0.94572324,0.0
-0.28727589,-0.43923012,-0.36622367,0.46408674,-0.37786573,1.7936249,0.0
1.2027858,0.34817108,-0.27606055,3.4069734533331912,0.91102896,0.87339896,0.0
-0.78441482,-0.47019533,-0.59163147,10.004555584272547,-0.37786573,-0.94572324,0.0
-0.78441482,-0.47019533,-0.59163147,-0.7276308626491633,-0.37786573,-0.94572324,0.10544213768886339
0.15311975,0.069484139,0.30999972,0.56197782,10.0049654879065,1.1598269,0.0
0.81676211,-0.058800326,2.9186509600407815,1.394052,1.5122331760363383,10.006245889191648,0.0
-0.26186845,-0.43923012,-0.230979,0.50796895,1.4954864,1.5745350173574328,0.0
-5.753174916562366,0.2419095414558407,0.30999972,0.73539693,-0.37786573,1.1720153,0.0
-0.44835907,-0.45250093,1.8427727,-0.85955255,-0.37786573,-0.94572324,0.0
9.997237792011457,-0.41711211,3.6009535,0.17547684,0.17350173,0.9465295,0.0
-0.22477359,-0.45250093,0.26491816,-0.85955255,-0.37786573,10.006245889191648,0.0
-0.22968569,0.042942525,-0.095734317,-0.19709998,1.2748208,4.346176036659519,0.0
6.148461967692488,4.7673497,0.35508128,1.4910992,-0.37786573,0.86730475,0.0
-2.169228433737187,-0.10745995,-0.14081588,0.29741874,-0.37786573,1.3710493759275617,0.0
0.05711739846558095,-0.47019533,-0.59163147,-0.85955255,-0.37786573,-0.94572324,-0.2838350474254722
0.84064511,10.0000062172904,0.2198366,-0.85955255,-0.37786573,-3.742087649258751,-0.12968632993478318
0.2469579,0.05178973,0.08459192,0.9674663,-0.37786573,0.94957661,0.0
0.16311335,-0.45250093,-0.36622367,-0.85955255,-0.37786573,-0.94572324,0.0
1.4026577,3.2279361,-0.45638679,1.8041819,-0.37786573,0.61439496,0.0
0.31979257,-0.058800326,0.12967348,3.3747001228062974,-0.37786573,1.2695227,0.0
-0.78441482,-0.47019533,-0.59163147,0.6857236072412266,-0.37786573,-2.2987777842456154,0.0
-3.1153575289560815,-0.42595931,-0.0055711987,0.59573337,0.69599367,0.90387002,0.0
0.079776941,-0.31979286,0.08459192,-0.85955255,-0.37786573,-0.94572324,0.0
0.091633747,-0.036682315,1.0313047,1.2062868,0.029782693,1.4432078,0.0
0.60486406,0.54723318,1.2116309,0.77759136,-0.37786573,1.2024864,0.06270705903346752
-0.091638594,-0.33748727,1.9344636005220512,0.76113554,-0.37786573,1.0562253,0.0
-0.15871424,-0.023411508,1.8427727,1.7826627,0.098069813,1.0348956,0.0
0.090109301,-0.24901522,-2.724228887307008,0.69235861,-0.37786573,1.1598269,0.0
9.997237792011457,-0.036682315,3.3148167534674085,-0.85955255,0.26011284993242245,-0.94572324,-0.5185157406648851
0.31369478,-0.24016802,0.76081531,1.000378,0.0068995937,0.9952832,0.0
-0.23425903,-0.44807732,-0.050652758,-0.85955255,-0.37786573,-0.94572324,0.0
9.997237792011457,-0.36845248,1.5722834,0.7788572,10.0049654879065,1.0897435,0.0
-0.78441482,-0.47019533,-1.951766678513657,-0.85955255,-0.37786573,-0.94572324,0.0
-0.26508673,-0.44807732,0.30999972,0.30754541,-0.8887174078872402,1.0592724,-0.866104448831201
7.5946205,-0.42153571,-0.54654991,-0.85955255,-0.37786573,-0.94572324,0.0
-0.24967288,-0.45250093,0.26491816,-0.85955255,-0.37786573,-0.94572324,1.5306232895807108
0.45987226,0.56050399,0.67065219,-0.85955255,-0.37786573,-1.1626889098716384,0.06324426659738365
-0.78441482,-0.47019533,-0.59163147,2.7292066404949624,-0.37786573,-0.94572324,0.0
0.43260161,1.5912033,-0.27606055,0.80164219,0.85031466,0.57478259,0.0
9.997237792011457,1.0294058,-0.14081588,0.90206493,-0.37786573,0.77589157,0.5712214963717059
-0.78441482,-0.47019533,-0.59163147,-1.5773448194556554,-0.37786573,-0.94572324,0.0
-0.78441482,-0.47019533,-0.59163147,-0.85955255,-1.4398901476900487,-0.94572324,0.0
0.10569253,0.42779592,0.44524439,-0.85955255,-1.6359095343761387,-0.94572324,0.0
-0.071312641,0.9054109117727476,-0.0055711987,1.5628297,-0.37786573,0.98614188,0.0
-0.14533299,-0.37287609,0.039510361,0.83581968,0.61908012,-0.9962481672146581,0.0
4.4603585,-0.43923012,-0.45638679,-0.85955255,-0.37786573,-0.94572324,0.0
0.029978357,-0.17823759,-0.18589744,0.85438523,-0.37786573,0.92519976,0.0
-0.049292859,-0.41711211,0.12967348,0.92231826,10.0049654879065,1.1933451,0.0
0.011854382,-0.39057049,-0.18589744,0.80586163,-0.37786573,1.2756169,0.0
-0.15058386,3.8968593676298275,-0.230979,-0.85955255,-0.37786573,0.8203073473720073,0.0
-0.78441482,-0.47019533,-0.59163147,-0.85955255,-0.37786573,10.006245889191648,0.0
-0.78441482,-0.47019533,-3.643786891887758,-0.85955255,-0.37786573,2.146844603978926,0.0
-0.78441482,-0.47019533,-0.59163147,1.445949037324349,-0.37786573,-0.94572324,0.3827044563890929
0.63298162,-1.763450828136314,0.40016284,0.21302988,0.87326361,0.77589157,0.0
-0.30184282,-2.771086997471034,3.150138,0.31134291,0.23579644,1.1537327,0.0
0.8179478,0.23315742,0.26491816,0.96577852,-0.37786573,1.0257543,1.5306232895807108
0.56658351,2.4222546498289046,-0.18589744,1.8024941,-0.37786573,1.0257543,0.0
-3.2972281843095255,-0.45250093,-0.41130523,0.88349938,10.0049654879065,1.4249251,0.0
-0.78441482,-0.47019533,-0.59163147,-1.4009323694151863,-0.37786573,-0.94572324,0.0
-0.78441482,-0.47019533,-0.59163147,-0.85955255,-0.37786573,-0.94572324,0.0
-0.018126398,-0.29325125,-0.230979,3.6125761826891893,-0.37786573,1.4432078,0.0
-0.3994074,2.388860139514685,-0.36622367,0.63581808,-0.37786573,0.89777581,0.0
-0.20241504,-0.15169597,1.3919571,1.856503,0.40157544,1.0257543,0.0
9.585542928532673,-0.44365372,-0.54654991,-0.85955255,1.8332787579436323,-0.94572324,0.0
-0.78441482,-0.47019533,-0.59163147,-0.85955255,-0.37786573,-0.94572324,0.0
0.56980179,10.0000062172904,0.039510361,0.46661841,0.24778126,0.91910555,0.0
0.40516157,-0.4082649,-1.4405992861735681,-0.85955255,-0.37786573,-0.94572324,1.5306232895807108
-0.78441482,10.0000062172904,-0.59163147,-0.85955255,-0.37786573,-0.94572324,0.0
-0.25085856,-0.34191087,-0.095734317,0.29573097,-0.37786573,1.5163383,0.0
-0.00034118932,-2.3956625022533933,0.039510361,-0.85955255,-0.37786573,4.184335142617757,0.0
-0.23137952,-2.0365513471838526,0.71573375,-6.381396232768971,-0.23003340953758533,0.8947287,0.0
-0.15989992,-1.9971032352963642,0.2198366,-0.24056025,1.3557842,0.95262371,0.0
-3.242183550702046,-0.47019533,9.989496329427736,-0.85955255,10.0049654879065,-0.94572324,0.0
-0.44293881,-0.44365372,-0.0055711987,0.86324606,1.8978997,0.9952832,0.0
-0.78441482,-0.47019533,9.989496329427736,-0.85955255,-0.37786573,-0.94572324,0.0
-0.78441482,10.0000062172904,-0.59163147,-0.85955255,-0.37786573,-0.94572324,0.0
-0.78441482,-0.47019533,-0.59163147,-1.9027037921929133,-0.37786573,-0.94572324,0.0
-0.2752497,-0.44365372,9.989496329427736,1.0742182,10.0049654879065,0.73323209,0.3738148808451466
0.33571456,-0.15611958,1.7831353353446102,1.1872993,0.16885926,1.3517946,0.0
-0.026595545,-0.089765542,1.0763862,0.10248047,0.44526734,0.8429279,0.0
-0.33538065,-0.44365372,-0.18589744,0.68982695,-0.37786573,1.2938996,0.0
0.02726823,-0.14727237,-0.27606055,0.082649091,2.8381152,1.0592724,0.0
-1.929736695946485,0.047366127,-0.32114211,1.0784377,-0.37786573,1.3883599,0.0
-0.78441482,-3.6260273430046404,-0.59163147,-0.85955255,-0.37786573,-0.94572324,1.5306232895807108
0.48002883,-2.6642362955073495,-0.230979,10.004555584272547,-0.37786573,-1.623989568206045,0.0
0.36874424,0.83476733,-0.41130523,-0.85955255,-0.37786573,10.006245889191648,0.0
9.997237792011457,-0.42153571,2.1930896915643263,1.3143045,-0.37786573,1.738777,0.0
0.29015055,0.17122699,-0.14081588,0.33750345,-0.37786573,0.74542051,0.0
-0.32132186,-0.37287609,1.4370387,-0.85955255,-0.37786573,-0.94572324,0.0
0.37721338,0.46318474,0.40016284,1.3307603,0.53525225,0.97700056,0.0
1.6126380420430577,5.335181429957769,-0.32114211,0.63539613,-0.37786573,-1.8317228994390617,0.0
0.27253473,0.10487296,2.351115487675657,-0.85955255,-0.37786573,-0.94572324,0.0
-0.78441482,-0.47019533,-0.59163147,-0.85955255,-0.37786573,-0.94572324,0.0
1.2220550871932134,-0.38172329,-0.27606055,1.1071299,-0.37786573,1.3761714,0.0
0.22239738,0.025248116,0.08459192,0.57590199,-0.8687618801190312,1.0958377,-1.0576197978455881
-0.14143718,-0.35075807,0.08459192,-2.9713925970319934,-0.37786573,-0.94572324,0.0
0.1407548,-0.32421646,-0.230979,0.96662241,-0.37786573,-5.866490317750215,0.0
-0.3248789,-0.43038291,-0.050652758,2.83109407020496,1.9018507,5.984866365100207,1.5306232895807108
-0.12483765,-0.3994177,-0.230979,1.8742246,1.2875959,0.49251073,0.0
0.36874424,-0.30652205,0.12967348,0.78603025,0.34843397,1.2908525,0.0
-0.19394589,-0.38172329,1.5272018,1.4835042,-0.010649603,10.006245889191648,1.5306232895807108
2.1526854,-0.42153571,-0.50146835,-0.85955255,-0.37786573,-0.94572324,0.0
0.56726104,0.087178548,0.30999972,1.0189435,-0.37786573,0.5920794222277704,0.0
-0.17361994,-3.1072423749478877,1.2116309,0.88096772,0.1659289,1.2878054,0.0
9.997237792011457,-0.014564304,0.039510361,0.28096291,-0.37786573,0.95871792,0.0
-0.78441482,-0.47019533,-0.59163147,-0.85955255,10.0049654879065,-0.94572324,0.0
-4.013724237974276,-0.19150839,-0.095734317,0.95396408,-0.37786573,1.2024864,0.0
0.053522586,-0.45250093,0.7190544424338559,10.004555584272547,3.8514908,0.97395345,-0.3216555306294663
-0.78441482,-0.47019533,-0.59163147,-0.85955255,-0.37786573,-0.94572324,-0.3071175549039047
0.041835163,3.564202072714857,-0.27606055,-0.85955255,-0.37786573,-0.94572324,0.0
9.997237792011457,2.7413399,-0.050652758,1.4873017,0.5483236,0.92519976,0.0
0.0069422771,-0.29325125,-0.0055711987,0.97970269,1.2141066,1.2573343,0.0
-0.32013618,-0.4038413,0.76081531,-0.6718321783223713,0.41948681,1.1842038,0.0
9.997237792011457,-0.2136264,0.17475504,1.1797043,1.2267908318751992,1.2116277,0.0
-0.37112045,-0.45250093,0.53540751,-0.85955255,-0.37786573,-0.94572324,0.0
-0.78441482,1.4826476318043045,9.989496329427736,-0.85955255,-0.37786573,-0.94572324,0.10792023419204565
-0.78441482,-0.47019533,1.300612785203739,-0.85955255,-0.37786573,-0.94572324,1.5306232895807108
-0.13804952,-0.41268851,-0.36622367,-0.85955255,-0.37786573,-0.94572324,1.5306232895807108
0.65025868,0.16680339,9.989496329427736,1.8058696,-0.37786573,1.2360046,0.0
13.789632,10.0000062172904,-0.54654991,-0.85955255,10.0049654879065,-0.94572324,0.0
-0.78441482,-0.47019533,-0.59163147,-0.85955255,-1.2389487865099191,-0.94572324,0.0
-0.78441482,-0.47019533,9.989496329427736,-0.85955255,-0.37786573,-0.94572324,0.0
0.47782685,-0.24459162,0.89605999,2.6586191,-0.37786573,10.006245889191648,0.0
0.096207087,10.0000062172904,-2.5045229121371912,10.004555584272547,-0.37786573,-0.94572324,-0.27140646720877437
0.62112482,0.82592012,-0.27606055,1.3556551,-0.37786573,0.98918898,0.0
1.2779919,1.6708281,-0.14081588,-1.1435182848836725,-0.37786573,0.29444885,0.0
-0.28693712,-0.43923012,0.2198366,0.39488788,0.48151812,0.81245684,0.0
0.18852079,-0.45250093,0.2198366,0.91852076,-0.37786573,1.5011028,0.0
-0.21088418,-0.45250093,-0.27606055,-0.85955255,-0.37786573,-2.8940396489808338,0.0
0.44513594,-0.45250093,-0.36622367,-0.85955255,-0.37786573,-0.94572324,0.0
0.001522023,-0.45250093,-0.36622367,1.0822352,-0.37786573,1.2451459,0.0
-0.78441482,10.0000062172904,-0.59163147,2.7712444208079936,-0.37786573,-0.94572324,0.0
0.83996758,5.0371895,-0.41130523,-0.85955255,-0.37786573,-0.94572324,0.0
-0.78441482,-0.47019533,-0.59163147,-0.85955255,-0.37786573,-0.94572324,0.0
-1.7954085370210753,-0.47019533,-0.59163147,3.402421641705664,-0.5209551004755415,-0.94572324,0.0
-0.78441482,-0.47019533,-0.59163147,-0.85955255,-0.37786573,10.006245889191648,0.0
0.39584551,0.87015614,-0.230979,-0.85955255,-0.37786573,-0.94572324,0.0
-0.78441482,-0.47019533,-0.59163147,-0.85955255,-0.37786573,0.7718378516607078,0.0
1.2254831,0.65339963,-0.230979,0.79362525,-0.37786573,0.85511633,0.0
-3.082801280794267,-0.47019533,-0.59163147,-0.85955255,-0.37786573,-6.893772554000519,0.0
0.24729667,-0.22689721,0.53540751,0.75100887,0.32986409,1.3274177,0.0
0.1199207,10.0000062172904,0.30999972,1.0849487265249391,-0.37786573,1.1598269,0.0
0.20766106,-0.44807732,0.12967348,1.0493235,-3.5537895247557882,0.95567082,0.0
-0.25577066,-0.35518168,1.7075281,6.236253428526954,0.13655951,10.006245889191648,1.5306232895807108
-0.78441482,-0.2501904375649967,9.989496329427736,-5.47753025118567,-0.37786573,-0.94572324,0.8135194638675091
-0.78441482,-0.47019533,-0.59163147,-0.85955255,-0.37786573,-0.94572324,0.0
-0.19513157,-0.45250093,0.2198366,0.49531062,1.1818727,1.1263087,0.0
-0.78441482,-0.47019533,-4.874625431403636,-0.85955255,-0.37786573,-0.94572324,0.0
0.45021743,0.55608039,0.20919495021401613,0.36119318484024376,-0.37786573,-0.94572324,0.0
-0.78441482,-0.47019533,-0.59163147,-0.85955255,-0.37786573,-0.94572324,0.0
-0.50628803,-0.35960528,3.7361982,0.43919203,0.5962958,0.6875255,0.0
-0.78441482,-0.47019533,-0.59163147,-0.85955255,-0.37786573,1.507685946966626,1.5306232895807108
-0.78441482,-0.47019533,-0.59163147,-0.9022343906374133,-0.37786573,-0.94572324,0.0
9.997237792011457,-0.47019533,9.989496329427736,-0.85955255,-0.37786573,-0.94572324,0.0
-0.10959319,-0.041105917,-0.050652758,-2.8039870691805353,-1.7740995885688857,1.2969467,1.5306232895807108
-0.78441482,-0.47019533,-0.59163147,-0.85955255,10.0049654879065,-0.94572324,-0.15253438928860347
0.59402355,7.569495217435524,-2.194877473356606,0.96113714,-0.37786573,0.5839239,0.0
9.997237792011457,0.62685802,-0.14081588,1.2552323,1.2214818,0.53821731,0.0
-0.174975,-0.28882764,-0.0055711987,0.69404639,1.5178097,1.0592724,0.0
-0.78441482,-0.47019533,0.42506786592785684,-0.85955255,-0.37786573,2.377577367814695,0.0
0.44208705,1.5336965,-0.230979,0.67590279,-0.37786573,0.64791313,0.0
2.130175672671163,10.0000062172904,0.40016284,-0.85955255,-0.37786573,10.006245889191648,0.0
-0.78441482,-2.0730665961799177,9.989496329427736,3.289877742888435,-0.37786573,-0.94572324,0.0
0.12838985,0.60916361,0.80589687,0.53455144,-0.37786573,0.92824687,0.0
-0.78441482,-0.47019533,-0.59163147,-0.85955255,-0.37786573,10.006245889191648,0.0
-0.78441482,-0.47019533,-0.59163147,10.004555584272547,-0.37786573,3.6382412125991554,0.0
3.1884285879079544,-0.47019533,-0.59163147,2.5743950743699564,-0.37786573,-0.94572324,0.0
-0.78441482,10.0000062172904,-0.59163147,-0.85955255,10.0049654879065,-0.94572324,0.0
-0.10908504,6.577071496854057,0.2198366,1.3202117,0.6960266,1.3213235,0.0
-0.22121654,-0.37729969,0.71573375,0.84425856,0.30056055,1.0562253,-0.8423279063324398
-0.78441482,-0.47019533,-0.59163147,-0.85955255,-0.37786573,-0.94572324,-0.33228060087701083
-0.1461799,-0.31094565,0.71573375,-0.85955255,-0.37786573,-0.94572324,0.0
0.55913066,0.14026177,0.58048907,-0.85955255,-0.37786573,-0.94572324,0.0
-0.47952553,-0.43923012,1.1665493,-0.85955255,-0.37786573,-0.94572324,0.0
0.78305491,-0.45250093,3.162100949222152,-0.85955255,-0.37786573,-0.94572324,0.0
-0.78441482,-0.645476860114101,-0.59163147,-0.85955255,-0.37786573,-0.94572324,0.0
-0.78441482,-1.2742901683720675,-0.59163147,-0.85955255,-0.37786573,-0.94572324,0.0
-0.019650845,-0.35518168,-0.27606055,1.4105078,-2.1529091936456903,0.91605844,0.0
-0.15024509,-0.17381398,9.989496329427736,0.49193507,-0.030108469,-2.4750255539173605,0.0
-0.78441482,-0.47019533,-0.59163147,-0.85955255,-0.37786573,-0.94572324,0.0
0.043698375,-0.38172329,-0.0055711987,10.004555584272547,0.65523213,1.3578888,0.0
1.5940604,5.0327659,-0.27606055,-3.3137109814590002,-0.37786573,-0.94572324,0.0
-0.78441482,-0.47019533,-0.59163147,-0.85955255,-0.37786573,-0.94572324,0.0
-0.18530736,-0.33748727,0.40016284,0.13581407,0.17396268,1.3670301,0.0
-5.258185076825261,0.047366127,0.40016284,-0.85955255,-0.37786573,-0.94572324,0.0
1.439922,3.0731101,-0.18589744,2.1261254,0.24429117,0.3249199,0.0
-0.14550237,-0.2047792,-2.0995790791447457,0.44383342,0.32808612,1.391407,0.0
0.27033275,-0.45250093,-0.27606055,-0.85955255,-0.37786573,-0.94572324,0.0
-0.30777123,-0.45250093,0.30999972,-0.85955255,-0.37786573,-0.94572324,0.0
1.9325036747228193,-0.43480652,1.1665493,1.659033,0.26888639,0.14209355,0.0
0.11179032,-0.37287609,-0.0055711987,-0.85955255,-0.37786573,-0.94572324,0.0
9.997237792011457,-0.24459162,9.989496329427736,1.2083965,-0.37786573,1.1781095,-0.30990220801552437
0.58606255,2.298169398087814,-0.230979,1.6856155,-0.37786573,1.363983,0.0
-0.78441482,-0.47019533,-0.59163147,-0.85955255,10.0049654879065,-0.94572324,0.0
-0.00017180638,-0.16054318,-0.18589744,0.64721057,-0.37786573,1.2969467,0.0
0.392966,3.9178721216516053,9.989496329427736,2.8297940984226058,-0.37786573,-0.94572324,0.0
-0.78441482,-0.47019533,-0.59163147,-0.85955255,-0.37786573,-0.94572324,0.0
-0.78441482,-0.47019533,-0.59163147,-0.85955255,10.0049654879065,-0.94572324,0.0
0.15176469,-0.26670963,-0.095734317,0.6932025,-0.37786573,1.1263087,0.0
2.551073217704192,0.65339963,0.039510361,0.28687014,-0.37786573,1.1232616,0.0
-0.78441482,-0.47019533,-0.59163147,10.004555584272547,-0.37786573,-0.94572324,0.0
-0.072328939,-0.24901522,0.039510361,1.2341351,-0.37786573,1.0288014,-1.1862124465681738
0.41871221,-0.29767485,-0.230979,-0.85955255,0.44083030178572513,10.006245889191648,0.0
0.94684821,4.1613162,-0.41130523,0.83708551,1.5038494,0.41633308,0.0
0.022356125,0.40125431,0.71573375,0.69615611,0.93170606,0.91605844,0.0
0.95379291,0.63570523,-0.27606055,0.82147357,0.7776814,0.85206922,0.0
-0.13838829,1.3626818098621947,1.0313047,1.3938078683306703,-0.37786573,1.1750624,0.0
5.090131597357018,-0.47019533,-0.59163147,-0.85955255,-0.37786573,-0.94572324,1.5306232895807108
-0.37366119,-0.3949941,3.1050564,1.1050201,0.3980195,0.59915943,0.0
-0.072328939,-0.45250093,-0.32114211,-0.85955255,10.0049654879065,-0.94572324,1.5306232895807108
-0.20749653,10.0000062172904,-0.32114211,0.99404879,-2.3413271386803705,0.88863449,-0.35055193772694593
-0.78441482,-0.47019533,-0.59163147,10.004555584272547,-6.272577493919362,-0.94572324,0.0
3.419831027384667,-0.30209845,9.989496329427736,-0.85955255,2.3465949596965214,-0.94572324,0.0
0.18970647,-0.33306367,2.455332481913877,0.73877249,0.5862865,1.2238161,0.0
3.7999352693583783,-0.43480652,-0.36622367,1.0159899,2.0590033,0.88558738,0.0
-0.78441482,-0.47019533,-0.59163147,-0.85955255,-0.37786573,-0.94572324,0.0
0.71547112,2.6130554,0.58048907,0.18349378,-0.37786573,0.30663727,0.0
-0.30116529,-0.43480652,-6.370475912693205,0.66282251,0.21594247,0.76675026,0.0
-0.18801749,-0.3994177,-2.455904279445679,0.70670472,-0.37786573,10.006245889191648,0.0
0.8422524394490792,-0.47019533,-1.677958273283366,10.004555584272547,-0.37786573,-0.94572324,0.0
0.32470467,0.72860087,0.2198366,0.46661841,-0.37786573,0.94043529,1.5306232895807108
0.052336905,-0.29767485,-0.0055711987,0.88223355,1.1114454,1.3517946,0.0
9.997237792011457,-0.41268851,-0.32114211,0.21978099,-0.37786573,1.4706317,0.0
1.4656682,1.6487101,-0.230979,1.1493243,0.67679821,0.90387002,0.0
-0.78441482,-0.47019533,-0.59163147,-0.85955255,-0.37786573,-0.94572324,0.0
-0.78441482,-0.7306384261976219,-0.59163147,-0.85955255,-0.37786573,-0.94572324,0.0
5.713066022304229,-0.44365372,-0.27606055,-0.85955255,-0.37786573,-0.94572324,-0.1963264955030553
0.30437872,-0.45250093,-0.0055711987,1.2396204,-0.37786573,-3.7026764319290604,0.0
-0.78441482,-0.47019533,-0.59163147,-0.85955255,-0.37786573,-0.94572324,0.0
0.13753652,0.36144189,-0.32114211,1.6683156566961395,-0.37786573,0.45899256,0.0
9.997237792011457,-0.47019533,-0.59163147,-0.85955255,-0.37786573,-1.273822709790717,0.0
-0.78441482,-0.47019533,-0.59163147,-0.85955255,-0.37786573,-0.94572324,0.0
-0.78441482,1.4090193969093208,-3.064706033419019,-0.85955255,0.2839061717941824,-0.94572324,0.3555358049421172
0.061314201,-0.32864006,0.08459192,0.82949051,-0.37786573,1.0684137,0.0
-0.78441482,-0.47019533,-0.59163147,-0.85955255,10.0049654879065,-8.992769279423094,0.0
-0.8940004724975712,-0.094189144,0.85097843,-0.85955255,-0.37786573,-0.94572324,0.0
-0.32403199,-0.45250093,-1.2389165518261591,0.27632153,-0.37786573,0.84902211,0.0
-3.834391453522503,0.193345,-0.45638679,0.34003512,1.7706104,0.69057261,0.0
-0.78441482,-0.47019533,-0.59163147,-0.85955255,-0.37786573,-0.94572324,0.0
-0.11128702,-0.42153571,-0.36622367,-0.85955255,10.0049654879065,-1.9120554270096097,0.0
-0.78441482,0.04243807899346064,-0.59163147,-0.85955255,-0.37786573,-0.94572324,0.0
0.62620631,0.056213332,-0.050652758,-0.85955255,-0.37786573,10.006245889191648,0.061744434887300546
0.20037759,0.45876114,-0.14081588,-0.85955255,-0.37786573,-0.94572324,0.03398939691726215
-0.78441482,-0.47019533,-0.59163147,-0.85955255,-0.37786573,-0.94572324,0.0
-0.78441482,-0.47019533,-0.59163147,-3.0389944044803507,-0.37786573,-0.94572324,0.0
-0.78441482,-0.47019533,-0.59163147,-0.85955255,-0.37786573,-3.271322993859753,0.0
0.44835422,0.21546301,-0.36622367,-0.85955255,-0.37786573,-0.94572324,0.0
0.20241019,-0.072071133,-0.7187664378653811,1.0919399,0.78871138,1.1689682,0.0
-0.78441482,-0.47019533,-0.59163147,-0.85955255,-0.37786573,-0.94572324,0.0
1.329823,2.7015275,-0.32114211,1.7223247,-0.37786573,1.0044245,0.0
9.997237792011457,-0.44365372,-3.8998679093068684,-0.85955255,-0.37786573,-0.94572324,0.0
0.018290934,-0.4038413,-0.27606055,0.2894018,2.263239,1.3426533,0.0
1.1230065,2.0291399,1.674023402514671,-0.85955255,-0.37786573,-0.94572324,0.0
-0.31234457,-0.43038291,1.5722834,10.004555584272547,-0.37786573,1.1019319,0.0
0.46021103,10.0000062172904,-0.230979,-0.85955255,-0.37786573,-0.94572324,0.0
-0.19191329,-0.35518168,1.0160662365815458,0.10416825,-0.37786573,0.95567082,-0.41807000543971695
-0.78441482,-0.47019533,-0.59163147,-0.85955255,-0.37786573,-0.94572324,0.0
-0.49019665,10.0000062172904,2.428833,0.28687014,0.81541382,1.8390790828157888,0.0
-0.34401918,-0.43480652,-0.095734317,-0.85955255,-0.37786573,-0.94572324,0.0
0.22138108,0.22873382,0.08459192,0.13834574,2.5096192,0.79417421,0.0
0.1417711,-1.1810624486082173,0.58048907,-0.85955255,-0.37786573,-0.94572324,0.0
2.2832796,-0.45250093,-0.50146835,-0.85955255,-0.37786573,-0.94572324,0.0
1.2852753,3.050992,-5.123024616262906,0.6455228,-0.37786573,1.0866964,0.0
-0.78441482,-0.47019533,9.989496329427736,-0.85955255,-0.37786573,-0.94572324,0.0
-0.13788014,-0.45250093,-0.41130523,0.87337272,-0.37786573,1.0166129,-0.503266812515041
0.21900972,-0.35960528,-0.18589744,0.90501854,-0.37786573,1.3426533,0.0
-3.121288548599462,-0.24016802,0.35508128,-0.85955255,-0.37786573,1.2131970419254205,0.0
-0.19360712,-0.44365372,-0.41130523,0.52569061,2.6224214,1.7204944,1.5306232895807108
9.997237792011457,4.196705,-0.32114211,-0.85955255,10.0049654879065,-0.94572324,1.5306232895807108
-0.78441482,-1.3486844366479884,-0.59163147,-0.85955255,-0.37786573,-0.94572324,0.0
-0.78441482,-0.47019533,-0.59163147,-0.85955255,-0.37786573,-0.94572324,0.0
9.997237792011457,3.7093511272243607,0.58048907,-0.41946463,-0.37786573,1.2055335,0.0
3.3367392467484422,-0.47019533,-0.59163147,-0.85955255,-0.37786573,-0.94572324,0.0
0.6010028951140521,-0.47019533,-0.59163147,10.004555584272547,10.0049654879065,-0.94572324,0.0
-0.11586035,-0.29767485,9.989496329427736,-0.85955255,-0.37786573,-0.94572324,1.5306232895807108
0.14939333,0.27296984,0.85097843,1.4290734,0.08100049067461265,1.2299103,0.0
-0.12348259,-0.33306367,-0.27606055,0.84383662,-0.37786573,1.4889143,0.0
-0.08621834,-0.27555684,0.35508128,0.9636688,0.23194418,2.8519796914268736,1.5306232895807108
-0.092316126,-0.26670963,-0.36622367,-0.85955255,-0.37786573,-0.94572324,0.0
-0.78441482,-0.47019533,-0.59163147,-0.85955255,-0.37786573,-0.94572324,0.0
-0.78441482,-0.47019533,2.8972412895249127,-0.85955255,-0.37786573,-0.94572324,0.0
-0.15109201,-0.29767485,1.0313047,0.048893546,0.33062137,1.1811567,0.0
-0.78441482,-0.47019533,-0.59163147,10.004555584272547,-0.37786573,-0.94572324,0.0
-1.1476011878701202,-0.2047792,0.53540751,1.69743,-4.216188175427978,1.4310193,0.0
0.079438176,-0.45250093,0.17475504,0.51767367,-0.37786573,1.0531782,0.0
0.69040244,10.0000062172904,-0.2401744766621826,-4.185190249322663,0.64189737,0.80636263,0.0
0.25068433,-0.45250093,-0.0055711987,-0.85955255,-0.37786573,10.006245889191648,0.0
-0.78441482,-0.47019533,-0.59163147,2.0687421308040452,-0.37786573,-0.94572324,0.0
1.2771449,-0.43923012,-0.41130523,1.9242418152097085,-0.37786573,-0.94572324,0.6739997576126081
0.098070299,-0.08534194,-0.18589744,-0.85955255,-0.37786573,2.9126135296821367,0.0
-0.78441482,-0.47019533,-0.59163147,-0.85955255,-0.37786573,-0.94572324,0.0
-0.082491915,-0.36402888,-0.050652758,0.63624002,1.1123673,1.3822656,1.0
-0.061657814,-0.4038413,-0.36622367,1.5408886,3.068362,1.1963922,1.0
0.37467264,-0.27555684,-0.095734317,1.9332968,1.5485291,1.4005483,1.0
0.046577885,-0.35075807,-0.095734317,3.6327185409624008,1.9589432,1.2542872,1.0
2.075436966555977,-0.36402888,0.89605999,0.2674607,-0.08120857,1.0288014,1.0
0.56065511,-0.04552952,-0.50146835,1.5505933,5.2200647,3.728653374880591,1.0
-0.028458757,-0.41268851,1.7764352677507556,0.80417385,2.1916265,1.1933451,1.0
6.2441303,0.60031641,0.3843554373088576,9.591164,-0.37786573,-4.596321564611461,1.0
1.1285961,0.35701828,-0.54654991,1.60629,7.3966197643020735,1.1720153,1.0
3.5318013,1.0869127,-0.59163147,2.1303448,14.444917,0.29444885,1.0
2.9658929,0.46318474,-0.230979,4.9421817,1.4848844,10.006245889191648,1.0
-0.45377932,-0.44807732,1.9780174,1.1244296,0.035347073,1.1933451,1.0
-0.78441482,-0.47019533,-0.59163147,-0.85955255,-0.37786573,-0.94572324,1.2080387841807312
0.3502815,-0.38614689,-0.27606055,4.0645375,2.3020251,1.1689682,1.0
0.22442997,-0.2092028,3.9915745580286486,1.9417357,5.8419582,4.067147222566879,1.0
-0.48257442,-0.44365372,0.76081531,1.1691557,1.858521,1.1202145,1.0
0.26203299,-0.16496678,0.08459192,1.2050209,3.498515081186337,1.3335119,1.0
0.4644456,-0.18708479,9.989496329427736,2.2645231,2.3665258,10.006245889191648,1.0
0.47613302,0.9223215207019028,-0.36622367,1.3429967,-0.37786573,1.5405740493714295,1.0
0.3780603,-0.26670963,-0.41130523,0.82062968,5.1251739,1.1354501,1.0
0.32131701,-0.27998044,-0.41130523,1.424432,-0.37786573,0.8988719603931514,1.0
9.997237792011457,-0.28882764,-0.27606055,1.4564998,3.2450722,1.0105187,1.0
0.13160812,10.0000062172904,-0.50146835,1.5788636,10.0049654879065,1.6199399,1.0
-0.096889465,-0.43480652,-0.095734317,0.95185436,1.9589432,1.421878,1.0
0.46004164,-0.35518168,-0.45638679,1.3889887,3.6135065,1.4462549,1.0
0.60215393,-0.16496678,-0.18589744,1.9332968,4.932435752356887,1.2603814,1.0
-0.260344,-0.4038413,2.4994334725271727,0.697,0.59017169,-2.9673096047396377,0.0
-0.28947787,-0.25343882,1.5722834,0.52780033,-1.3069730567585576,1.2390517,0.0
-0.20817406,-0.43038291,0.30999972,-0.85955255,-0.37786573,-0.94572324,-0.5950776331497465
0.18055979,-0.18266119,-0.095734317,0.71008027,-0.37786573,1.4706317,0.0
-0.78441482,-0.47019533,-0.59163147,-0.85955255,-0.37786573,-0.94572324,1.5306232895807108
1.073716,1.4452244,0.17475504,1.0877204,0.1269124,0.8429279,0.0
-0.55879674,-0.30652205,10.994329,-0.85955255,-0.37786573,10.006245889191648,0.0
-0.78441482,-0.47019533,-0.59163147,-0.85955255,-2.4406031901452305,-0.94572324,0.0
0.065040626,-0.032258713,-1.245933744227808,1.113459,0.48484358,1.2146748,0.0
-4.240109752357441,3.9755249,0.58048907,0.38054177,-0.37786573,0.48946362,0.0
0.56116326,3.6702964,0.26491816,1.3375115,-0.37786573,1.3365591,0.0
0.4408903553867548,-0.47019533,-0.59163147,-0.85955255,-3.9111192352248856,-0.94572324,0.0
0.57945662,2.7192219,1.2116309,0.25100487,-0.37786573,0.89777581,0.0
-0.42955756,-0.45250093,-0.32114211,5.448922548703316,2.9474602,10.006245889191648,0.0
1.25106,1.9672095,-0.0055711987,1.5657833,-0.37786573,1.0958377,0.0
-0.78441482,-0.47019533,-0.59163147,-0.85955255,-0.37786573,-4.021106765895971,0.0
-0.78441482,-0.47019533,-0.59163147,-0.85955255,-0.37786573,10.006245889191648,0.0
-0.12229691,-0.41268851,-0.41130523,1.7324513,-0.37786573,1.5742333,0.0
-0.20038244,-0.37729969,-0.095734317,-4.412157856747445,1.5532703,1.0531782,0.0
1.0879442,10.0000062172904,0.49032595,1.0936276,0.36575269,10.006245889191648,0.0
0.2122344,1.2594331,9.989496329427736,0.62105003,-3.256422067083352,0.95871792,1.5306232895807108
-0.78441482,-0.47019533,-0.59163147,-0.85955255,-0.37786573,10.006245889191648,0.0
9.997237792011457,-0.33748727,0.62557063,0.38898066,0.37167925,1.7235794624925735,0.0
-3.1142769605689247,10.0000062172904,-0.59163147,3.455513890997456,-5.3967878438330485,-0.94572324,-0.8087551222179132
0.40431466,-0.4082649,9.989496329427736,-0.85955255,-0.37786573,-0.42169712840222007,0.0
9.997237792011457,10.0000062172904,8.337118550307917,-0.85955255,-0.37786573,-0.94572324,0.0
0.23154406,-0.12515436,-0.41130523,-2.7278484257314326,-0.37786573,5.557268871275776,0.0
0.51238097,-0.094189144,0.26491816,1.1552315,0.24468628,1.3517946,0.0
-0.33639694,-0.37729969,0.67065219,0.1856035,-0.37786573,0.96785924,0.0
0.35451607,0.44106673,0.2198366,0.39151232,0.41454802,0.82159816,1.5306232895807108
-0.17480562,-0.36402888,-0.050652758,-3.81116745713774,-3.6989224193721637,10.006245889191648,0.0
-2.3545378503414365,-0.47019533,-0.59163147,-0.85955255,-0.37786573,10.006245889191648,0.0
0.37636647,0.05178973,0.49032595,1.2341351,0.40898364,1.2664756,0.0
-0.0050839116,-0.063223929,0.2198366,0.56704115,0.5409154,1.2938996,0.0
0.41718776,0.31278226,0.62557063,0.87421661,0.48069499,1.3213235,0.0
-0.78441482,-0.47019533,-0.59163147,-0.85955255,-0.37786573,-6.021700210325282,0.0
-0.78441482,-0.47019533,-0.59163147,-0.85955255,-0.37786573,-0.94572324,0.0
-0.098244529,-0.43038291,0.26491816,0.63877169,1.0542212,0.91301134,0.0
-0.78441482,-0.47019533,-0.59163147,-0.85955255,-0.37786573,-0.94572324,0.0
-0.45225487,-0.43480652,1.8878543,0.49868618,0.011114035,0.80636263,0.0
-0.02134563696952832,-0.41711211,-0.5808764983004426,10.004555584272547,3.1144903,1.0379427,0.0
-0.072837088,-0.31094565,9.989496329427736,4.046770387908095,1.0369354,0.88558738,0.6363221648195917
-0.087742787,-0.2092028,4.353993695409431,-2.1711981563169607,0.20296989,1.2725698,0.0
-0.095534402,-0.4082649,0.44524439,1.5020697,10.0049654879065,1.1415443,0.0
0.14329554,-0.2092028,0.89605999,0.45016258,0.072750239,1.3761714,0.0
0.13685899,0.66667044,4.65951411872954,1.848486,-0.37786573,4.002654789190419,0.0
0.034551696,-0.13842517,-0.14081588,0.93497659,-0.37786573,0.98004767,1.5306232895807108
-0.78441482,-1.0792407491179097,-0.59163147,-0.85955255,-0.37786573,-0.94572324,0.0
-0.4053358,-0.44365372,-0.32114211,1.666346956841144,-0.37786573,-0.94572324,0.0
-0.78441482,-0.47019533,-4.518562310911298,-0.85955255,-0.37786573,-0.94572324,0.0
9.997237792011457,0.32605307,9.989496329427736,-0.019883376,0.1270441,0.59915943,0.0
-0.78441482,-0.47019533,-0.59163147,-0.85955255,-0.37786573,-0.94572324,0.0
-0.78441482,1.251287424463535,9.989496329427736,-1.7312400920494437,-0.37786573,-5.6143565236436626,0.0
-0.78441482,-0.47019533,-0.59163147,-0.85955255,-0.37786573,-0.94572324,0.0
-0.78441482,-0.47019533,-0.59163147,-0.85955255,-0.37786573,-0.94572324,0.0
-6.437995173708549,1.4894605,-0.050652758,10.004555584272547,0.11719943,10.006245889191648,0.0
-0.43260645,-0.45250093,-0.095734317,-0.85955255,-0.37786573,-0.94572324,0.0
0.13550393,-0.31979286,1.2116309,-0.85955255,-0.37786573,-0.94572324,0.0
1.3301618,-0.45250093,-0.36622367,-0.85955255,-0.37786573,-0.94572324,-0.7362937975476896
4.7595664394156065,10.0000062172904,-0.18589744,1.2265401,0.79980722,1.2817111,0.0
-0.78441482,10.0000062172904,-0.59163147,-0.85955255,-0.37786573,-0.94572324,0.0
0.086552259,0.09671393050844546,-0.095734317,0.52315895,1.7570122,3.2779645761993907,0.46235982156022315
1.2207404,1.0072878,-0.41130523,1.1434171,0.71755976,0.78503289,0.0
1.8284864,3.1571585,0.039510361,1.810511,0.22756511,0.76065604,0.0
-0.78441482,-0.47019533,-0.59163147,-0.85955255,-0.37786573,-0.94572324,0.0
0.20664476,-0.32864006,-0.27606055,0.75227471,-0.37786573,1.0166129,0.0
-0.1253458,-0.43923012,0.71573375,-4.425035756220342,-0.37786573,1.4249251,0.0
0.66194611,-4.033375099476194,-0.45638679,-0.85955255,-0.37786573,-0.94572324,0.0
1.0476311,-0.44807732,-0.54654991,-0.85955255,-0.37786573,-0.94572324,0.0
0.76205143,0.32162947,0.35508128,0.76577692,0.76875864,1.0409898,0.0
0.33300444,0.082754945,0.49032595,1.234979,-0.37786573,1.3457004,-0.0994810919822193
-0.78441482,-0.47019533,-0.59163147,-0.85955255,-0.37786573,-1.099495874287989,0.0
-0.30472233,-0.45250093,-0.050652758,-0.85955255,-0.37786573,-0.94572324,0.0
0.32351899,1.3302108,0.38184490552836703,-0.85955255,-0.37786573,10.006245889191648,0.0
-0.8497630099948733,-0.4082649,0.2198366,1.2560762,-0.37786573,0.6326776,0.0
0.60283146,1.471766,-0.36622367,3.8295145,1.2497432851193522,0.62658339,0.0
-0.78441482,-0.47019533,-0.59163147,-0.4516358587376231,-0.37786573,-0.94572324,0.0
-0.7539514079670192,-0.47019533,-0.59163147,-0.2306146797410772,-0.37786573,-0.94572324,0.0
-0.78441482,-0.47019533,-0.59163147,-0.85955255,-0.37786573,-0.94572324,0.0
-0.78441482,-0.47019533,-0.59163147,-0.85955255,5.9612046110865595,-0.94572324,0.0
9.997237792011457,-0.47019533,-0.59163147,-0.85955255,-0.37786573,-0.94572324,0.0
-0.78441482,-0.47019533,-0.59163147,-0.85955255,-0.37786573,-2.3713883809898895,-0.2346258673518994
-0.78441482,-0.47019533,-0.59163147,-0.85955255,-0.37786573,-0.94572324,0.0
-0.78441482,-0.47019533,-0.59163147,-0.85955255,-0.37786573,-0.94572324,0.0
0.32792295,0.90554496,-0.32114211,-0.85955255,-0.37786573,-0.94572324,0.0
-0.36299006,-0.30209845,2.4739146,10.004555584272547,0.091550599,0.81245684,0.0
-0.78441482,-0.47019533,-0.59163147,-0.85955255,-0.37786573,-0.94572324,0.0
0.85741402,-0.41711211,0.62557063,-0.85955255,-0.37786573,-0.94572324,0.0
0.4068554,10.0000062172904,0.67065219,10.004555584272547,0.04683801,1.2908525,0.0
1.4685477,-0.45250093,-1.1388326877403263,-0.85955255,-0.37786573,-0.94572324,0.0
-0.78441482,-0.47019533,-0.59163147,-3.869171832847382,-0.37786573,-0.94572324,0.0
-0.20800467,10.0000062172904,-0.095734317,0.29741874,-0.37786573,0.88863449,0.0
-0.12839469,-0.063223929,0.85097843,1.1569193,0.58282934,10.006245889191648,0.0
-0.30810999,-0.38614689,-0.18589744,0.40163899,0.88538013,0.98614188,0.0
-0.78441482,-0.47019533,-0.59163147,-0.85955255,-0.37786573,-0.94572324,0.0
-0.78441482,-0.47019533,-0.59163147,-4.630828644231219,-0.37786573,-0.94572324,0.0
0.29506266,-0.018987906,0.2198366,0.76788664,0.8263121,-4.032828579078131,0.0
-0.78441482,-0.47019533,-0.59163147,-0.85955255,-3.4295248546769668,-0.94572324,0.0
9.997237792011457,-0.2351771786419677,0.17475504,-0.85955255,-0.37786573,-0.94572324,0.0
9.997237792011457,-0.47019533,-0.59163147,-0.85955255,-0.37786573,-0.94572324,0.0
-0.22172469,-0.35075807,0.17475504,0.94214964,1.1395636,1.1537327,0.0
-0.78441482,-0.47019533,-0.59163147,-0.85955255,-0.37786573,-0.94572324,0.0
-0.37095106,-0.43038291,1.9329359,2.6701834896837235,-0.37786573,-0.94572324,0.0
0.74646819,-0.45250093,-0.41130523,-0.85955255,-0.37786573,-0.94572324,0.0
-0.78441482,-0.47019533,-0.59163147,-0.85955255,-1.6958490856190727,-0.94572324,0.0
7.796030695630754,-4.648491147797179,1.0313047,0.81387857,0.5462898317220883,1.1781095,0.0
-0.78441482,-0.47019533,-0.59163147,-0.85955255,-0.37786573,-0.94572324,0.0
9.997237792011457,10.0000062172904,-0.59163147,-0.1464538951707972,-0.37786573,-0.94572324,0.0
9.997237792011457,0.6999738013867579,-0.59163147,-0.85955255,-0.37786573,-0.94572324,0.0
0.51797061,0.55165678,-0.18589744,0.530332,10.0049654879065,0.62353628,-1.039103345680516
0.29540142,-0.13842517,-0.0055711987,-0.85955255,-7.277246669704885,-0.94572324,1.5306232895807108
-0.78441482,-0.47019533,-0.59163147,-0.85955255,-0.37786573,-0.94572324,0.0
-0.46241785,-0.45250093,-0.095734317,0.9303352,1.5857017,0.52298179,0.0
0.064193711,-0.42153571,9.989496329427736,1.3771742,-0.37786573,-1.8912981775367714,0.0
9.997237792011457,-0.45250093,2.204239119945221,-0.85955255,0.26600168238055677,-0.94572324,-0.3424319457401864
-1.0956438660514658,-0.47019533,-0.59163147,-0.85955255,10.0049654879065,-0.94572324,0.0
0.28151202,0.33047667,0.85097843,2.2012315,10.0049654879065,1.3335119,0.0
0.74375807,0.70205926,-0.14081588,1.5172597,-0.37786573,1.0440369,0.0
-3.3418602509661275,-0.44807732,6.761459854379456,0.35775678,-0.37786573,0.81245684,0.0
6.382840496404518,0.13141457,0.039510361,-1.488512045351738,0.50308421,1.2847583,0.0
-0.17294241,-0.4082649,-0.36622367,1.1653582,-0.37786573,1.1659211,0.0
-0.24679337,3.1412894448725375,-0.230979,1.2978487,-0.37786573,1.0409898,0.044460385113214186
9.997237792011457,2.3653337,-0.45638679,1.264937,-0.37786573,0.41328597,0.0
-4.749442993112979,-0.47019533,9.989496329427736,-0.85955255,-0.37786573,-0.8129599242747124,0.0
0.34282865,0.24200463,0.44524439,0.57632393,0.072750239,1.0074716,0.0
0.045561588,-0.36845248,0.30999972,0.94510325,0.23385384,1.3274177,0.0
-0.78441482,10.0000062172904,-0.59163147,-0.85955255,-0.37786573,-1.3418470076759828,0.0
-0.05742324,-0.23092011677663027,-0.230979,0.43581648,1.3593731,1.2085806,0.0
-0.78441482,-0.47019533,-0.59163147,-0.85955255,-0.37786573,-0.94572324,0.0
0.32165578,0.15353258,0.12967348,-0.85955255,-0.37786573,-0.94572324,0.0
9.997237792011457,10.0000062172904,-0.0055711987,1.1704215,0.80089375,1.047084,0.0
0.052675671,-0.35518168,-0.41130523,-0.85955255,-0.37786573,-0.94572324,0.0
-0.048954093,-0.34191087,-0.0055711987,0.35142761,0.42722426,1.2390517,0.0
0.48375525,1.1267251,-0.36622367,-0.85955255,-0.37786573,-0.94572324,0.0
-0.78441482,-0.47019533,-0.59163147,-0.85955255,-0.37786573,-0.94572324,0.0
-0.25289115,10.0000062172904,-0.59163147,10.004555584272547,-0.37786573,-0.94572324,0.0
0.3839887,10.0000062172904,-6.551719465548271,-0.85955255,-0.37786573,-0.94572324,0.0
-0.065045473,10.0000062172904,-0.32114211,0.94299353,-0.37786573,10.006245889191648,-0.19909721669380398
-0.78441482,-5.520117903039344,-0.59163147,-0.85955255,-0.37786573,-0.94572324,0.0
9.997237792011457,0.34817108,0.26491816,0.80037636,0.74903637,0.54431153,0.0
-0.78441482,-0.47019533,-0.59163147,-0.85955255,1.3134050700933058,-0.94572324,0.0
-0.78441482,-0.47019533,1.074602280152947,-0.85955255,-0.37786573,-0.94572324,0.0
-0.13212112,-0.23132081,1.0763862,-0.85955255,-0.37786573,-0.94572324,0.0
-0.78441482,-1.2175118535390426,-0.59163147,-0.85955255,-0.37786573,-0.94572324,0.0
1.0942114,-0.43923012,3.338188578900908,-0.85955255,-0.37786573,-0.94572324,0.0
-3.2294728437438347,-0.34191087,3.366679670706393,0.20543488,0.45109512,0.83683369,0.0
-3.7860875478614293,-0.47019533,-0.59163147,-0.85955255,5.715940106937271,-0.94572324,0.0
0.95938255,1.77726348776527,-3.7936721994104974,1.356077,-0.37786573,0.9952832,0.0
-0.78441482,-0.47019533,-0.59163147,-0.85955255,-0.37786573,-0.94572324,0.0
-0.78441482,-0.47019533,-0.59163147,-0.85955255,-0.37786573,-0.94572324,0.0
-0.78441482,-0.47019533,-10.23499632057669,10.004555584272547,-0.37786573,-0.94572324,0.0
-0.78441482,-0.47019533,-0.59163147,-0.85955255,3.4029532629579706,-0.94572324,0.0
0.60198455,1.1753847,2.5563754866392743,1.3286506,-0.37786573,1.0623195,0.0
0.37856845,10.0000062172904,0.40016284,-0.85955255,0.12683141803562192,-0.94572324,0.0
-0.059625218,-0.24901522,-0.18589744,1.6995397,-0.37786573,1.0927906,0.6363859188523384
0.020154146,-0.36845248,-0.279370771273338,0.38265149,-0.37786573,1.1598269,0.0
-0.78441482,-0.47019533,-0.59163147,-0.85955255,10.0049654879065,-0.94572324,0.0
-0.060641516,0.034095321,-0.45638679,-3.0839808515266234,-0.37786573,-0.94572324,0.0
1.3782666,1.7017934,-0.32114211,1.3835034,1.7674825,1.0866964,0.0
5.5591457,-0.44807732,-0.54654991,-0.85955255,-2.8305740513645654,-5.797636621892629,0.0
-0.78441482,-0.47019533,-0.59163147,-0.85955255,-0.37786573,-1.543133859221858,1.0941774824830666
9.997237792011457,-0.47019533,-0.59163147,-0.85955255,-0.37786573,-0.94572324,0.0
0.36196892,0.042942525,-0.230979,1.2088184,-0.37786573,1.1659211,0.0
0.53118248,10.0000062172904,-0.27606055,1.0307579,-0.37786573,0.47422809,0.0
-0.30353665,-0.3949941,0.039510361,-0.85955255,-0.37786573,-0.94572324,0.0
0.80558284,0.99401701,-0.36622367,0.80122024,-0.37786573,0.61439496,0.0
-0.78441482,-1.151293579391447,-0.4751210217551281,-0.85955255,-0.37786573,-0.94572324,0.0
-0.78441482,-3.058058561626237,-0.59163147,-0.85955255,1.1221641753981042,-0.94572324,0.0
-0.78441482,-0.47019533,-0.59163147,-0.85955255,-0.37786573,-0.94572324,0.0
2.508022884324852,-3.987187888467908,-0.41130523,1.9451113,-0.37786573,1.2238161,0.0
-0.78441482,-0.47019533,9.989496329427736,-0.85955255,-0.37786573,-0.94572324,-0.43075202189170303
-0.78441482,-0.47019533,-0.59163147,-0.85955255,-0.37786573,-0.94572324,0.0
0.44191767,0.41894872,-0.36622367,-0.85955255,10.0049654879065,-0.94572324,0.0
-2.5880844810017143,-0.45250093,-0.3477613130250278,-0.85955255,-0.37786573,-0.94572324,0.0
0.29878908,-0.10745995,5.99764722215658,-0.85955255,-0.37786573,-0.94572324,0.0
-0.78441482,-0.47019533,-0.59163147,10.004555584272547,-0.37786573,-0.94572324,0.0
0.12076761,-0.37729969,-0.41130523,0.88982855,-0.37786573,1.3152293,0.0
-0.30573863,-0.45250093,-0.41130523,-0.85955255,-0.37786573,10.006245889191648,0.0
0.3651872,10.0000062172904,-0.41130523,-0.85955255,-0.37786573,-0.94572324,0.0
-0.78441482,-0.47019533,9.989496329427736,-0.85955255,-0.37786573,-0.94572324,0.0
0.1605726,0.038518923,0.2198366,3.1865715140103075,0.41007017,1.2695227,0.0
-0.78441482,-0.47019533,-0.59163147,-0.85955255,-0.37786573,-0.94572324,0.0
-0.16532017,-0.45250093,0.53540751,-0.85955255,-0.37786573,-0.94572324,0.0
-0.78441482,-0.47019533,-0.13087303268473383,-0.85955255,-0.37786573,-0.94572324,0.0
-0.78441482,-0.47019533,-0.59163147,-0.85955255,-0.37786573,-0.94572324,0.0
0.74850079,0.45876114,-0.41130523,-0.85955255,-0.37786573,-2.547620356192558,0.0
0.49578144,-0.049953122,-0.18589744,-0.85955255,-0.37786573,-0.94572324,0.0
-0.78441482,-0.47019533,-0.59163147,10.004555584272547,-0.37786573,-0.94572324,0.0
-0.78441482,-0.47019533,-0.59163147,-0.85955255,-0.37786573,-0.94572324,0.0
0.63213471,4.61504777684453,-2.9350043754172024,0.88645299,2.5301317,0.54126442,0.03922553815481646
-0.17175672,10.0000062172904,-0.18589744,0.88771883,-0.37786573,1.0501311,0.0
-0.15956115,-0.37287609,-0.050652758,-0.85955255,-0.37786573,-0.94572324,0.0
-0.78441482,-0.47019533,-0.59163147,-0.85955255,-0.37786573,-0.94572324,0.0
-0.10078527,-0.33748727,1.1665493,0.79784469,-0.37786573,1.6077515,0.0
0.99088778,10.0000062172904,-0.14081588,1.0193655,0.280081,10.006245889191648,0.0
-0.78441482,-0.47019533,-0.59163147,-0.85955255,-2.689749054821519,-0.94572324,0.0
0.68599848,1.2151971,0.3587753334052585,1.0725304,0.043545478,1.3609359,0.0
-0.78441482,-0.47019533,-0.59163147,-0.85955255,-0.37786573,-0.94572324,0.0
0.62434309,-0.023411508,-0.41130523,1.439622,2.4510451,1.4035954,0.0
-0.78441482,-0.47019533,-0.59163147,-0.85955255,-0.37786573,-0.94572324,0.0
1.4898899,-0.45250093,-0.54654991,-0.85955255,-0.37786573,-0.94572324,0.0
0.63958756,-0.34633447,-0.41130523,-0.85955255,-0.37786573,1.188676621305298,0.0
2.1172843,-0.45250093,3.432886763816373,2.980280669195323,-0.37786573,-0.045949994304087305,0.0
0.21731589,-0.35518168,0.30999972,10.004555584272547,-0.37786573,0.71494946,0.0
-0.78441482,10.0000062172904,-0.59163147,-0.85955255,-0.37786573,-3.5066200130486775,0.0
-0.46445045,-0.45250093,-0.27606055,-0.85955255,-0.37786573,-0.94572324,0.3848933806314975
0.83200658,1.6487101,-0.27606055,-0.1544195432773876,-0.37786573,1.2146748,0.0
-3.0069621300932265,-0.45250093,0.039510361,0.007998042213834378,0.87326361,0.70580814,0.0
-0.4608934,-0.43038291,0.85097843,-3.29871298834982,-0.37786573,0.67533708,-0.0008116204175912658
0.070969029,0.05178973,-2.249639375048417,0.28771402,-0.37786573,10.006245889191648,0.0
0.5992325102680355,-0.47019533,-0.59163147,-0.85955255,-0.37786573,-0.94572324,0.0
-0.78441482,-0.47019533,-0.59163147,-0.85955255,-0.37786573,-0.94572324,0.0
-0.35401277,-0.45250093,0.039510361,0.30290402,0.20283841221702303,0.88558738,0.0
-0.78441482,-0.47019533,-0.59163147,-0.85955255,-0.37786573,-0.94572324,0.0
-0.78441482,-0.47019533,-0.59163147,-0.85955255,10.0049654879065,-0.94572324,0.0
-4.6050505993312845,-0.44807732,0.10116694492947792,0.52948811,0.78999547,1.3457004,0.0
3.3169098223052553,0.5651025391086739,-0.41130523,-0.85955255,-0.37786573,-0.94572324,0.0
-0.78441482,-0.47019533,-0.59163147,10.004555584272547,-0.37786573,-0.94572324,1.5306232895807108
-0.78441482,-0.47019533,-0.59163147,-0.85955255,-0.37786573,-0.94572324,0.0
0.57335883,1.6177449,-0.36622367,0.4818084,-0.37786573,0.66314866,0.0
9.997237792011457,-0.47019533,3.0930423413592525,-0.85955255,-0.37786573,-0.94572324,0.0
-0.18056464,-0.41268851,0.49032595,0.47590118,0.42212084,1.2878054,0.0
-0.24408324,-0.43480652,0.26491816,10.004555584272547,-0.37786573,-0.94572324,0.0
-0.78441482,-0.47019533,-0.59163147,-0.08646252758433781,-0.37786573,-0.94572324,0.0
-0.10874627,-0.32421646,-0.230979,0.78771803,2.649551471828941,1.1872509,0.0
0.35485484,0.038518923,-0.32114211,1.5725344,-0.37786573,0.73323209,0.0
-0.56675774,-0.45250093,0.039510361,0.50543729,-0.37786573,0.6326776,0.0
-4.4268911848999215,-0.47019533,-0.59163147,-0.85955255,-0.37786573,-0.94572324,-0.13669214222748682
0.17242941,1.8137744313616984,-0.095734317,0.92611576,1.308273,1.2756169,1.5306232895807108
0.20054698,0.10044935,-0.36622367,10.004555584272547,-0.37786573,0.80331553,0.0
-0.16836907,-0.023411508,1.3468756,1.4767531,0.31290754,10.006245889191648,0.0
-0.78441482,-0.47019533,-0.59163147,-0.85955255,-0.37786573,2.176341689971122,-0.10721824994053161
-0.19343774,-0.34191087,1.2567125,10.004555584272547,-0.007787612976901392,-6.233969401694461,0.0
1.2241281,-0.43038291,-0.050652758,-0.85955255,0.09281604654900028,-0.94572324,0.0
9.997237792011457,-0.39057049,0.17475504,0.32822068,0.2773482,0.77284447,0.0
1.7448112,5.0725783,-0.50146835,10.004555584272547,-0.37786573,-0.94572324,0.0
0.036245526,-0.36402888,-0.0055711987,-0.85955255,-0.37786573,10.006245889191648,0.0
0.010668702,-0.14284877,0.2198366,1.0877204,0.79309045,1.1598269,0.0
-0.78441482,-0.47019533,-0.59163147,-0.85955255,10.0049654879065,-0.94572324,0.0
-0.78441482,-0.47019533,-0.59163147,-0.85955255,2.3679561186075593,-0.94572324,0.0
-0.29252676,-0.3949941,0.30999972,1.0569185,0.96390703,0.89777581,-0.0643588348594255
-0.78441482,1.0520611464448546,0.22430468718002183,-0.85955255,-0.01988013896266344,-0.94572324,-0.3213823945740478
5.113939629387771,-0.29325125,-0.230979,0.87548244,1.3420873,1.2024864,0.0
-0.53152609,-0.30209845,0.2198366,-0.44604713,2.4961198,0.88863449,0.0
9.997237792011457,-0.47019533,-0.59163147,-0.85955255,-0.37786573,-0.94572324,0.0
0.32555159,-0.063223929,0.30999972,0.5856067,0.64189737,1.3883599,0.0
-0.42007212,-0.42595931,0.12967348,-0.85955255,-0.37786573,-0.94572324,0.0
-0.78441482,-0.9602393671708416,-0.59163147,-0.85955255,-0.37786573,-0.94572324,1.5306232895807108
0.7303987793167539,-0.42153571,-0.32114211,-0.85955255,-0.37786573,-0.4477065974581384,0.0
-0.78441482,-0.47019533,-0.59163147,3.217031439363528,-0.37786573,-0.94572324,0.0
-0.78441482,-0.47019533,-0.59163147,-0.85955255,-0.37786573,-0.94572324,0.0
-0.78441482,-0.47019533,-0.59163147,-0.85955255,-0.37786573,0.050277046124191815,0.0
1.0110443,3.0023324,-0.45638679,-0.85955255,-0.37786573,-0.94572324,0.0
0.70581629,0.30393506,9.989496329427736,0.92020854,1.2163455,1.4340664,0.0
-0.30065714,-0.3949941,0.49032595,-0.035917259,0.47486721,1.1994393,0.0
0.23747246,-0.023411508,0.08459192,1.181814,10.0049654879065,1.0531782,0.0
-0.043364456,-0.45250093,0.12967348,0.2446757,-0.37786573,0.81855105,0.0
0.61807593,-0.041105917,-0.32114211,-0.85955255,-0.37786573,-5.4649326553956765,0.0
0.017778836137472,-0.47019533,-0.59163147,-0.85955255,-0.37786573,-0.94572324,0.0
-0.30421418,10.0000062172904,0.6417698981019935,0.48012063,10.0049654879065,0.89777581,0.0
-7.046013795768406,-0.22247361,1.4821203,5.869177216284089,-0.37786573,-0.94572324,-0.09281332270612279
0.11670242,0.042942525,-0.32114211,-0.85955255,-0.37786573,-0.94572324,0.0
0.59808874,0.87457975,0.039510361,1.2932073,-0.37786573,7.691705917065985,0.0
-0.78441482,-0.47019533,-0.59163147,10.004555584272547,-0.37786573,-0.94572324,0.0
-0.15261645,-0.43038291,-0.050652758,1.3839253,-0.37786573,1.5559507,0.0
-0.45547315,-0.35960528,-0.0055711987,1.7991185,-0.37786573,2.481465317099592,0.0
-3.0651553996871987,-0.39057049,-0.27606055,1.2780173,-0.37786573,0.76370315,0.0
0.039125036,-0.42153571,-0.50146835,-2.4770384368092913,1.9967624475567018,-0.94572324,0.0
0.06588754,-0.25343882,0.2198366,-0.85955255,-0.37786573,-0.94572324,0.0
9.997237792011457,0.56492759,-0.230979,1.2218987,0.59488001,0.96481214,0.0
-0.78441482,-0.47019533,-0.59163147,-0.85955255,-0.37786573,-0.94572324,1.5306232895807108
9.997237792011457,0.9751991280846326,9.989496329427736,0.89489188,-0.37786573,1.047084,0.0
-0.3069986865871179,5.099597965481018,-0.0055711987,1.3927862,1.1746949,-0.9063386869776031,0.0
0.91788373,1.339058,-0.27606055,1.2100843,0.56267904,0.77589157,0.0
-0.06030275,-0.26228603,-0.095734317,2.007559,-0.37786573,0.90691713,0.0
0.10653945,-0.023411508,0.53540751,-0.2924594,-0.37786573,0.66010155,0.0
-0.78441482,-0.44807732,-0.59163147,-0.85955255,-0.37786573,-0.94572324,0.0
-0.39500344,-0.39057049,0.17475504,0.61387697,-0.37786573,1.0745079,0.0
0.40465342,0.7905313,1.462503961101136,0.49615451,-0.37786573,1.2146748,0.0
-0.15464905,-0.34633447,1.0313047,0.26914847,0.28972812,1.4828201,0.0
-0.78441482,-0.47019533,-0.59163147,-0.85955255,-0.37786573,1.3126750647672316,0.0
0.9935979,0.056213332,-0.0055711987,0.84510245,0.24060354,0.95871792,0.555685891672803
0.53948224,3.7101088,-0.45638679,-0.85955255,-3.1064765192904367,-0.94572324,0.0
9.997237792011457,-0.44365372,0.67065219,-0.12874501,0.10880347,-1.9421336972790173,0.0
-0.49815765,-0.4082649,1.2116309,0.076741871,-0.37786573,1.0653666,0.0
-0.048276561,-0.4038413,-0.27606055,1.1299149,-3.864902062123782,1.6869762,0.9985529057577702
-0.027781226,-0.018987906,9.989496329427736,-0.85955255,-2.245128232364739,-0.94572324,1.5306232895807108
-0.32504829,-0.32421646,0.85097843,4.424524410579907,-0.37786573,1.4371135,0.0
-0.025071099,-0.24901522,1.1665493,-0.85955255,-0.37786573,-0.94572324,0.0
0.47816562,0.79937851,-0.14081588,0.91894271,-0.37786573,0.97395345,0.0
-0.78441482,-0.47019533,9.989496329427736,-0.85955255,-0.37786573,-0.94572324,0.0
-4.740054941959272,-0.43923012,0.17475504,0.34003512,-0.37786573,-2.1172709300938175,0.0
-0.78441482,-0.47019533,-0.59163147,-0.85955255,-0.37786573,-0.94572324,0.0
0.04861048,-0.30652205,-0.32114211,0.60290642,1.6163552,1.3426533,0.04456805360117407
-0.78441482,-0.47019533,-0.59163147,-0.85955255,-0.37786573,-0.94572324,0.0
9.997237792011457,-0.47019533,-0.59163147,-0.85955255,-0.37786573,-0.94572324,0.0
-0.010842932,0.034095321,-0.0055711987,-0.39836742,-0.37786573,0.62353628,-0.06770671858669847
-0.78441482,-0.47019533,-0.59163147,-0.85955255,-0.37786573,-0.94572324,0.0
-0.3963585,-0.45250093,1.1214678,0.44130175,0.27896154,1.4980557,0.0
0.48900613,0.7141784551208528,0.17475504,0.03226835537100242,-0.37786573,0.26397779,0.0
-0.78441482,2.3629312671454086,-0.59163147,-0.85955255,-0.37786573,-0.94572324,0.0
10.556585759165763,0.32084485440148913,1.0313047,0.18349378,0.48497528,0.8947287,0.0
0.029300825,10.0000062172904,0.17475504,0.64678863,-0.37786573,0.70580814,0.0
-0.42650867,-0.44365372,-0.27606055,1.3024457126036084,-0.37786573,0.58697101,0.0
-0.78441482,-0.47019533,-0.59163147,-0.85955255,-2.673018629721052,-0.94572324,0.0
-0.10501985,-0.3949941,0.53540751,0.73328721,-0.37786573,0.75151473,0.0
-0.054882496,-0.11188355,0.17475504,0.20965433,0.75585191,1.2573343,0.0
-0.17785451,-0.43923012,0.12967348,1.0999568,10.0049654879065,1.1141203,0.0
-0.78441482,-0.47019533,-0.59163147,-0.85955255,-0.37786573,-0.94572324,0.0
-0.084863277,0.28624065,-0.27606055,-0.85955255,-0.37786573,-0.94572324,0.0
-0.78441482,-0.47019533,-0.59163147,-0.85955255,-0.37786573,-0.94572324,0.0
-0.023377269,-0.44807732,9.989496329427736,-4.355652075828733,-0.37786573,-0.94572324,0.0
-0.19038885,-0.36402888,-0.14081588,-0.85955255,-0.37786573,-0.94572324,0.0
0.49103872,-1.5254669152760654,9.989496329427736,-0.85955255,-0.37786573,-0.94572324,0.0
0.021339827,-0.37287609,-0.18589744,1.1425732,0.9588036,0.83378658,1.5306232895807108
-0.78441482,-0.47019533,-2.426918795407774,-8.860056137763747,-0.37786573,-0.94572324,0.0
-0.78441482,-0.47019533,-0.59163147,-0.85955255,-0.37786573,-2.8070657844769658,0.0
0.63653867,0.75071888,-2.8893873344005367,0.50163979,-0.37786573,1.0318485,0.0
1.046276,0.55608039,-0.230979,10.004555584272547,0.66082943,3.809954823984131,1.5306232895807108
-0.11857048,-0.29767485,3.4766035982429653,1.0180996,-0.37786573,1.5833746,0.0
-0.78441482,-0.47019533,-0.59163147,-0.85955255,-0.37786573,-0.94572324,0.0
9.997237792011457,-0.27998044,-0.36622367,-0.85955255,-0.37786573,-0.94572324,0.0
-0.33758262,2.650738014466116,1.1665493,0.021045222,-0.37786573,0.88863449,0.30411907489586215
-0.076732895,-0.3949941,-0.095734317,1.3839253,-0.37786573,1.5681391,0.0
0.43175469,0.23315742,-0.050652758,-0.85955255,-0.37786573,-4.1793474673448365,0.0
0.06300803,-0.24016802,-4.878778750960874,0.93075715,-0.37786573,1.6199399,0.0
-0.42227409,10.0000062172904,1.8173994102572757,-0.85955255,-0.37786573,-0.94572324,0.0
0.30285427,0.70205926,1.9780174,0.64678863,0.03508367,0.34624965,0.0
-0.78441482,-5.144603973758895,-0.59163147,-0.85955255,-0.37786573,-0.94572324,0.0
1.1560361,5.0327659,0.12967348,2.933280141353027,-0.37786573,10.006245889191648,0.0
-0.16091622,-0.4038413,0.30999972,0.72695805,-0.37786573,6.970717861302242,0.0
-0.78441482,-0.47019533,-0.59163147,-0.85955255,-0.37786573,-0.94572324,0.06121828179940307
0.74155609,0.27739344,-0.095734317,1.2493251,-0.37786573,1.3487475,0.0
0.6681503601280301,4.270772536384756,-0.18589744,0.82949051,0.7186463,3.134257672982983,0.0
-0.78441482,-0.47019533,-0.59163147,-0.85955255,-0.37786573,-0.94572324,0.0
0.42802827,0.078331343,1.836197044942843,1.1083957,-0.37786573,0.83683369,0.0
-0.12924161,-0.35518168,0.26491816,-0.25026497,0.706964009561602,0.8916816,0.0
-0.051494837,0.50299716,4.331589303010794,-0.85955255,-0.37786573,-0.94572324,0.0
1.0000345,0.9807462,-0.36622367,1.7164174,-0.37786573,0.77893868,0.0
-0.78441482,-0.47019533,-0.59163147,-0.85955255,10.0049654879065,-0.94572324,0.0
9.997237792011457,-0.34191087,-2.386512921847356,-0.85955255,-0.37786573,-0.94572324,0.0
-0.78441482,-0.47019533,-0.59163147,-0.85955255,-0.37786573,-0.94572324,0.0
0.54710447,4.6479125,0.12967348,1.0235849,1.0783047429961545,0.49251073,1.0155161703377371
-0.78441482,10.0000062172904,-0.59163147,10.004555584272547,-0.37786573,-0.94572324,0.0
-0.14922879,-0.43038291,-0.41130523,-0.85955255,-0.37786573,-0.94572324,0.0
4.080494327545256,-0.16054318,0.71573375,-0.85955255,10.0049654879065,0.7865279986846911,0.26326175213132147
-0.78441482,-0.47019533,-0.59163147,-0.85955255,-0.37786573,-0.94572324,0.0
0.90111482,1.1178779,-0.27606055,1.6335871739902839,-0.37786573,0.7362792,0.0
-0.28456576,-0.44365372,0.26491816,0.94003992,1.9172268,0.94957661,0.0
0.22426059,-0.3949941,-0.14081588,0.77210609,-0.37786573,0.96785924,0.0
-0.78441482,-0.47019533,-0.59163147,-0.85955255,-0.37786573,-0.94572324,0.0
0.14109357,0.26412264,2.974325131393176,3.0400567,-0.37786573,0.87949317,0.0
-0.40076246,-0.44807732,0.49032595,0.75354054,0.60716115,10.006245889191648,0.0
-1.6735525566467535,-0.47019533,-0.59163147,-0.85955255,0.5667002410836384,-0.94572324,0.0
0.61113123,0.93651018,-0.14081588,1.2916441349930916,-0.37786573,1.0318485,0.0
1.1960105,-1.5080267674284824,-1.1496328104781586,0.73497499,-3.26270274427888,0.2156091943638867,0.0
-0.78441482,-5.070387129779523,-0.59163147,-0.85955255,0.08169343656297323,-0.94572324,0.0
0.068258902,-0.195932,0.30999972,1.2704223,-0.37786573,1.3609359,0.0
-0.41753137,-0.056339350844614444,1.301794,-0.85955255,-0.37786573,-0.94572324,0.0
-0.78441482,-0.6669620221715309,-0.59163147,-0.85955255,-0.37786573,-0.94572324,0.0
0.60689665,0.22873382,0.039510361,0.9045966,-0.37786573,1.1781095,0.0
-0.11382776,-0.42153571,-0.32114211,0.57969948,-0.37786573,1.5346209,0.0
0.074187304,-0.2003556,-0.27606055,0.72527027,2.4600995,1.0714608,0.0
-0.78441482,-0.47019533,-0.59163147,-0.85955255,-0.37786573,-0.94572324,-0.11166480149261568
0.16667039,-0.44807732,-0.0055711987,-0.85955255,6.303086491794125,-0.94572324,0.0
-0.21613506,-0.36845248,-0.050652758,0.23665876,-0.37786573,0.9465295,0.0
-0.24323633,-0.43038291,0.49032595,0.5623122799286747,-0.37786573,-0.94572324,0.0
-6.063880244538812,-0.28882764,-0.41130523,10.004555584272547,0.5778468946758029,0.92215265,0.0
-0.24696275,-4.338464479866615,1.6624465,-0.85955255,-0.37786573,-0.94572324,0.0
-0.78441482,-0.47019533,-0.59163147,-0.85955255,-0.37786573,-0.94572324,0.0
0.80219518,-0.44365372,-0.050652758,-0.85955255,10.0049654879065,-0.94572324,0.0
-0.78441482,-0.47019533,-0.59163147,-0.85955255,10.0049654879065,-0.94572324,0.0
-2.761251999820635,-0.47019533,-0.59163147,-0.85955255,-0.37786573,-0.94572324,0.0
-0.19309898,-0.45250093,2.6413968806131747,0.70543889,-0.37786573,0.90082291,0.0
-0.16853845,-0.4082649,-0.6143741350650513,0.39530982,1.6511573,1.3457004,0.0
0.019984764,0.1844978,0.26491816,1.4522803,1.2139749,10.006245889191648,0.0
9.997237792011457,-0.43923012,-0.54654991,-0.85955255,-0.37786573,-0.94572324,0.0
1.5776445024354429,-0.2092028,1.2116309,2.7313119501457725,10.0049654879065,0.57173548,0.0
-0.78441482,-0.47019533,9.989496329427736,-0.975698164253834,-0.37786573,-0.94572324,0.0
-0.05047854,-0.35960528,-0.32114211,1.3400431,-0.37786573,0.81245684,0.0
-0.38094466,-0.45250093,1.301794,1.007973,2.333516702628421,0.57782969,1.5306232895807108
-0.78441482,-0.47019533,-0.59163147,-0.85955255,-0.37786573,10.006245889191648,0.0
-0.78441482,-0.47019533,-0.59163147,-0.85955255,10.0049654879065,-0.94572324,0.0
0.64619349,0.26854624,6.749997434168716,1.53034,-0.37786573,1.3517946,0.0
-0.14990633,-0.30652205,9.989496329427736,1.2737979,0.24468628,1.306088,0.0
0.26067792,10.0000062172904,9.989496329427736,0.34045706,1.0954766,1.3365591,0.0
9.997237792011457,0.056213332,0.039510361,-0.2068047,-0.37786573,1.3761714,0.0
-0.01998961,-0.10303635,-0.45638679,-0.85955255,-0.37786573,-0.94572324,-0.011898288264320076
-0.78441482,-0.47019533,-0.59163147,-0.85955255,-0.9148124564565843,-0.94572324,0.0
0.20257957,-0.26670963,-0.45638679,0.59953087,1.8956628561900892,1.3700772,0.0
-0.78441482,-0.47019533,-0.59163147,-0.85955255,-0.37786573,-0.94572324,-0.7057217378942471
0.43819124,-0.076494735,-0.050652758,0.41978259,-0.37786573,1.0227071,-0.09562068299667693
-0.30438357,-0.44365372,0.98622311,0.44130175,0.27896154,1.6473639,0.0
-0.26813562,-0.4038413,0.039510361,-0.85955255,-0.37786573,-0.94572324,0.0
-0.085710191,0.078331343,9.989496329427736,-0.85955255,-0.37786573,-0.94572324,-0.18476392588310606
-0.78441482,-0.47019533,-0.59163147,-0.85955255,-0.37786573,-0.94572324,0.0
-0.46174032,-0.43480652,1.0313047,-0.17853443,0.36265771,0.87949317,0.0
-0.083677596,-0.30209845,1.4821203,0.78560831,-0.37786573,1.0988848,0.0
-0.25204424,-0.33748727,1.7526096,0.99278296,-0.37786573,-5.685749626163003,0.0
-0.78441482,-0.47019533,-0.59163147,-0.85955255,-0.37786573,-0.94572324,0.0
-0.78441482,-0.47019533,-0.59163147,-0.85955255,-0.37786573,-0.94572324,0.0
-0.025240482,-0.37729969,-0.050652758,-0.85955255,-0.37786573,-0.94572324,0.0
2.8636292936001855,-0.9875954452781236,-4.501475041662544,3.9179003616619754,-0.37786573,0.44070993,0.0
-0.23764669,-0.39057049,-1.510602571471878,0.50796895,1.4954864,1.4919615,0.0
-0.38399355,-0.43923012,0.12967348,0.45902341,-0.37786573,10.006245889191648,0.0
0.46986585,0.33490027,9.989496329427736,1.0273824,-0.37786573,0.72104367,0.0
-0.39805233,-0.44365372,0.49032595,0.10965353,1.1094699,1.0531782,0.0
-0.0079634216,0.13141457,2.0681805,1.136244,-0.37786573,0.76065604,0.0
0.19529611,-0.24016802,-0.14081588,-0.17160412290397542,10.0049654879065,1.1537327,-0.4245294103166596
0.20410402,0.18007419,7.24548853729536,0.61429892,0.1855524,2.058947263481584,0.0
9.997237792011457,0.35259468,0.62557063,1.1505901,0.31224904,0.96785924,0.0
-0.78441482,-0.47019533,-0.59163147,-0.85955255,-0.37786573,-0.94572324,0.0
0.17124373,0.060636934,-0.27606055,0.31851596,2.2639634,1.3274177,0.0
0.2181628,-0.44807732,-0.14081588,-0.85955255,-0.37786573,-0.94572324,0.0
0.77035119,2.4361113,-1.649680600774922,-0.85955255,-0.37786573,-0.94572324,-0.4965136219701854
-0.78441482,-0.47019533,-0.59163147,-3.412817889358474,-0.37786573,-0.94572324,0.0
-0.21291678,-0.30652205,1.3919571,-0.85955255,-0.37786573,-0.94572324,0.0
0.23916629,-0.43480652,-0.45638679,-0.3223416808110209,4.0781487,1.6991647,0.0
-0.78441482,-0.47019533,-5.892834981522191,-0.85955255,-0.37786573,-0.94572324,0.0
9.997237792011457,0.025248116,1.3919571,-0.023680874,2.859700675876875,0.92215265,0.0
2.8197154,-0.44365372,-0.45638679,-3.5346361016729504,-0.37786573,-0.94572324,0.0
-0.78441482,-0.47019533,-0.59163147,-0.85955255,-0.37786573,-0.94572324,0.0
-0.33927645,0.3448002725584725,-0.14081588,0.90037716,3.292781,0.66010155,0.0
-0.13364556,-0.22247361,0.17475504,0.12737519,0.77949229,1.047084,0.0
-0.073684002,-0.41268851,-0.14081588,1.0628257,1.524757,1.0836493,0.0
12.743862,-0.45250093,-0.54654991,-0.85955255,-0.9182384161938729,-0.94572324,0.0
9.997237792011457,-0.39057049,4.1419323,10.004555584272547,-0.017794398,1.4767259,-0.20332734771946434
-0.78441482,-0.47019533,-0.59163147,-0.85955255,-0.37786573,-0.94572324,0.0
1.0937032,2.8430827,-0.14081588,1.5054453,-0.37786573,0.36453228,0.0
2.183610590396618,2.1348889992630253,0.17475504,1.1543876,-2.6535119829589044,1.0227071,0.0
-0.24272818,-0.43038291,0.12967348,0.94721297,0.5996741043956672,1.4508396479614858,0.9806804226718882
0.036753675,-0.45250093,-2.2231897463538512,-0.85955255,-0.37786573,-0.94572324,0.0
-0.78441482,-0.47019533,-0.59163147,-0.85955255,-0.37786573,-0.94572324,0.0
-0.046921498,0.41010151,-0.050652758,-0.85955255,-0.37786573,-0.94572324,0.0
0.17090496,0.26412264,-0.230979,0.4818084,-0.37786573,0.94957661,0.0
0.79067714,1.7416058,-0.41130523,-0.85955255,-0.37786573,-1.2008103689520937,0.0
-1.7538573618599078,-0.35075807,-0.7002947463331861,-7.133997841671555,-0.37786573,-0.94572324,1.5306232895807108
-0.78441482,2.5715560776494235,-0.59163147,-0.85955255,-0.37786573,-0.94572324,0.0
-0.016601952,0.10786185516223495,0.039510361,1.962411,1.6282742,-2.0732875068491436,0.0
-0.0459052,-0.25786243,9.989496329427736,1.46958,1.4086294,7.0940098562065455,1.5306232895807108
-0.78441482,-0.47019533,-0.59163147,-0.85955255,-0.37786573,-0.94572324,0.0
0.5914828,0.60916361,-0.45638679,0.87337272,-0.37786573,1.3517946,0.0
0.27287349,0.83476733,0.71573375,0.25733403,0.20203682727220612,0.62048917,0.0
-0.78441482,-0.47019533,-0.59163147,-0.85955255,-0.37786573,-0.94572324,-0.5613141742207682
9.997237792011457,-0.2003556,-0.14081588,1.1299149,-0.37786573,1.0440369,0.0
-0.30776968186817477,-0.13400156,-1.7998566087397223,1.0864546,-1.8308446142335244,1.1080261,0.0
1.0691427,1.5469673,-0.230979,-0.85955255,10.0049654879065,-0.94572324,0.0
-0.2117311,-0.31094565,-0.14081588,0.64721057,-0.37786573,0.69057261,0.0
0.0091442553,-0.32421646,-0.0055711987,-0.85955255,-0.37786573,-0.94572324,0.0
0.050981842,-0.17823759,9.989496329427736,10.004555584272547,-0.37786573,3.555186550648859,1.5306232895807108
0.19106153,-0.33306367,-0.32114211,-0.85955255,-0.37786573,-0.94572324,0.0
1.0518656,5.791009706831609,-0.41998288231640624,-0.85955255,-0.37786573,-0.94572324,1.5306232895807108
-0.78441482,-2.4490408768265763,-0.59163147,-0.85955255,10.0049654879065,-0.94572324,0.0
1.7060226,4.6921485,-0.50146835,-0.85955255,-0.37786573,-0.94572324,0.0
0.48460217,10.0000062172904,-0.41130523,-0.85955255,-0.37786573,-0.94572324,0.0
-0.1621019,-0.35075807,2.5189961,-4.1226806197935995,-0.37786573,-0.9911132806143902,0.0
9.997237792011457,-0.15611958,-0.0055711987,-0.85955255,-0.37786573,-0.94572324,0.0
-6.419693474647334,-0.22247361,-0.050652758,1.0995349,0.96835195,1.132403,0.0
9.997237792011457,-0.47019533,3.0229104740028108,-0.85955255,-0.37786573,-0.94572324,0.0
1.6354167419478451,-0.25786243,1.0763862,0.30543568,0.96575084,1.1110732,0.0
6.044089,-0.25786243,-0.41130523,3.4788788,-0.37786573,-3.029922991602942,0.0
0.07740558,-0.16496678,0.26491816,1.2906756,-0.37786573,1.3121822,0.0
-0.78441482,-0.47019533,-0.59163147,-0.85955255,-0.37786573,-0.94572324,0.0
-6.105121677673016,-0.04552952,1.2567125,0.68223195,0.14235437,1.2085806,0.0
-0.78441482,10.0000062172904,-0.59163147,10.004555584272547,-0.37786573,-0.94572324,0.0
1.1948426762592361,-0.47019533,0.6139045978706614,-0.85955255,-0.37786573,-0.94572324,0.0
-0.22274099,-0.36402888,2.4739146,0.30838929,0.021189184,0.97700056,0.0
-0.78441482,-0.47019533,-0.59163147,-6.047982734790221,-0.37786573,-0.94572324,0.0
-0.78441482,-0.47019533,9.989496329427736,0.9004927223689599,-0.37786573,-0.94572324,0.0
0.13211627,-0.17381398,-0.18589744,-0.052795031,1.0909329,1.2999938,0.0
1.9804330733718691,-0.45250093,-0.095734317,1.5021021332677478,-0.37786573,-0.94572324,0.0
-0.023716035,-0.2136264,9.989496329427736,-0.85955255,-0.37786573,-0.94572324,0.0
-0.30726308,-0.37729969,1.3575790948105975,0.95944936,3.6161735,1.1659211,0.0
-0.51391026,-0.45250093,0.58048907,0.49573257,0.42268057,0.66010155,0.0
0.87892565,0.72860087,-0.45638679,0.9646932827489301,2.1174786,10.006245889191648,0.0
0.14854642,-0.10303635,0.17475504,0.050581324,-0.37786573,0.87644607,0.0
-0.057762006,10.0000062172904,1.0313047,-0.85955255,-0.37786573,-0.94572324,0.0
9.997237792011457,-0.47019533,-0.59163147,-0.85955255,-1.1451973842357486,-0.94572324,0.0
0.47020462,0.47645554,0.30999972,-0.85955255,-0.37786573,-0.94572324,1.5306232895807108
-0.78441482,-0.010315127406843594,-0.59163147,-0.85955255,-0.37786573,-0.94572324,0.0
-0.32809718,-0.43480652,1.2116309,2.1341423,-0.37786573,0.39245673458505664,0.0
0.38415809,1.3479052,9.989496329427736,0.73581888,-0.37786573,0.64791313,0.39334687549845543
0.043867758,0.016400912,1.9329359,-0.85955255,-0.37786573,-0.94572324,0.0
0.60266208,1.0117114,0.49032595,0.53286367,-0.37786573,0.97395345,0.0
-0.54710932,-0.4038413,2.9247302,1.7632533,-0.37786573,10.006245889191648,0.0
9.997237792011457,0.3584068334999665,5.5394606,2.0476437,-0.37786573,0.4803223,0.0
-0.78441482,-0.47019533,-0.59163147,-0.85955255,-0.37786573,-0.94572324,0.0
0.66719698,0.48972635,0.2198366,6.515635897623263,-2.5529684040215384,1.2283274005064182,1.5306232895807108
-0.78441482,-0.47019533,-0.59163147,-0.85955255,-0.37786573,-0.94572324,0.0
3.2150552,-0.45250093,9.989496329427736,-0.85955255,-0.37786573,-0.94572324,0.0
1.9609439,-0.45250093,-0.45638679,-0.85955255,-0.37786573,-0.94572324,0.0
-0.032185182,-0.38172329,0.4971444243149872,2.3071395,-0.37786573,0.17865882,0.0
0.60706603,0.51626796,-0.27606055,0.19108878,1.5893894,0.69666682,-0.13001889144218068
0.057587776,-0.054376724,0.49032595,1.7518608,-0.37786573,0.97090635,0.0
-0.037605436,0.003130105,9.989496329427736,-0.85955255,-0.37786573,-0.94572324,0.0
0.77272255,1.0515238,-0.230979,0.72231666,1.2599386,0.92824687,0.0
-0.16650585,-0.27555684,0.35508128,0.57083865,-0.37786573,1.1720153,-0.4607161059725984
-0.78441482,-0.47019533,-0.59163147,10.004555584272547,6.5795705827884206,4.922424274399873,0.0
-0.22392667,-0.44807732,-0.14081588,1.0425724,-0.37786573,0.86425764,0.0
9.997237792011457,-0.45250093,-0.54654991,-0.85955255,-0.37786573,-0.94572324,0.436604047763888
0.03878627,-0.25786243,0.08459192,0.73961638,0.66082943,1.1537327,0.2484572839981692
-0.0076246557,-0.3949941,-0.14081588,-0.85955255,-0.37786573,-0.94572324,0.0
9.997237792011457,0.078331343,0.30999972,0.25564626,-0.37786573,0.6357247,0.0
-0.087912169,-0.35960528,9.989496329427736,0.73961638,0.59856764,1.2360046,-0.18234545096517826
0.98004727,5.0371895,0.17475504,1.1826579,0.79414406,0.48641652,0.0
-0.7649640485923079,2.4891946,-0.32114211,1.6261214,-0.37786573,-8.005893446660329,0.0
-0.25746449,-0.32421646,2.3386699,0.537927,-0.37786573,1.1933451,0.0
0.08197892,0.52953877,0.17475504,1.1147249,-0.37786573,-1.3736824506232779,0.0
0.28947302,-0.35075807,3.401315865830692,-4.559967970332079,-0.37786573,1.1842038,0.0
0.20139389,-0.032258713,-0.14081588,0.54130255,1.7228357,0.87949317,0.0
0.60588035,0.71975367,9.989496329427736,1.8794983111716865,1.4697058,1.1415443,0.0
-0.7037826566397519,-0.47019533,-0.59163147,-0.85955255,-0.37786573,-0.94572324,0.0
0.60418652,-0.34633447,-0.27606055,5.982288270377545,-0.37786573,1.4706317,1.5306232895807108
0.47748809,10.0000062172904,3.2746731987923066,10.004555584272547,-0.37786573,1.162874,0.0
-1.036349724103152,-0.47019533,-0.59163147,-0.85955255,-0.37786573,-0.94572324,0.0
-0.78441482,-0.47019533,-0.59163147,-0.85955255,-0.37786573,-0.94572324,0.0
-0.37027353,-0.4082649,2.053536137649506,0.53117589,0.49458948,-0.44632322165773103,0.0
-0.78441482,-0.47019533,-0.59163147,-0.85955255,-0.37786573,-0.94572324,0.0
-1.1922541551138666,2.1548317862350874,1.1214678,0.32695484,0.20645998,1.01966,0.0
0.5994438,0.11814376,-0.14081588,-0.85955255,-0.37786573,-0.94572324,0.01818886409923843
-0.78441482,-0.47019533,-0.59163147,10.004555584272547,-0.37786573,10.006245889191648,0.0
0.03014774,-0.33306367,-0.0055711987,-0.85955255,-0.37786573,-0.94572324,0.5267593552730351
-0.25289115,-0.38172329,2.2935883,10.004555584272547,0.42709256,1.2695227,0.0
-0.15583473,-0.17381398,1.301794,-0.85955255,-0.37786573,-0.94572324,0.0
-0.78441482,-0.47019533,-0.59163147,-0.85955255,-0.37786573,-0.94572324,0.0
-0.6148625,-0.41711211,5.3140528,0.42484592,-0.6618136440859819,0.67533708,0.0
9.997237792011457,10.0000062172904,-0.59163147,-0.85955255,-0.37786573,-0.94572324,0.0
9.997237792011457,-4.128267805313225,-0.0055711987,10.004555584272547,2.1339413,0.87339896,0.0
0.35453701563654594,3.2367833,0.7773460270540766,0.57716782,0.53949962,0.56564127,0.0
-0.014569356,1.7158949891590742,-0.230979,0.39109038,2.1703896,0.77589157,0.0
-0.18412168,-0.42153571,-0.095734317,0.53370755,1.0299552,-1.4580099070687054,0.0
-0.18462983,-0.35960528,-0.050652758,-0.85955255,-0.37786573,-0.94572324,0.0
1.8811645,3.696838,-0.18589744,0.68265389,-0.37786573,0.19998856,0.0
-0.78441482,-0.47019533,-0.59163147,-0.85955255,-0.37786573,-0.94572324,-0.9038264419717988
-0.22138593,-0.42153571,0.26491816,3.678316683778559,0.64769223,1.4767259,-0.06476070138316808
-0.37281428,-0.45250093,0.76081531,-0.85955255,-0.37786573,-0.94572324,0.0
-3.5769645670101244,0.42779592,-0.18589744,-1.3776682566285121,-0.37786573,-0.94572324,0.0
-0.12212752,-0.43480652,0.80589687,-0.85955255,-0.37786573,-8.443827703009157,-0.7544650953630255
-5.145340703165916,-0.47019533,-0.59163147,-0.85955255,-0.37786573,-0.94572324,0.0
-0.78441482,-0.47019533,-0.59163147,-0.85955255,-0.37786573,10.006245889191648,0.0
-0.78441482,-0.47019533,-0.59163147,-0.85955255,-0.37786573,-0.94572324,0.0
1.1367590838541055,-0.42153571,-0.230979,1.265359,-0.37786573,1.9754818779603687,0.0
0.85301006,4.0816914,-0.050652758,0.54678783,-0.37786573,0.49251073,0.0
-0.22003086,-0.35960528,0.71573375,0.2446757,1.3401776,0.83073948,0.0
0.20241019,0.22873382,-0.14081588,0.51514201,10.0049654879065,0.73018498,0.0
-0.78441482,-0.47019533,-0.59163147,-0.85955255,-0.37786573,-0.94572324,0.0
-0.78441482,-0.47019533,-0.59163147,-2.2600378953460103,-0.37786573,-0.94572324,0.0
0.15108716,-0.27555684,-0.41130523,0.68813917,2.857146,0.8429279,0.0
-0.10044651,-0.35075807,-0.14081588,0.088978256,-0.37786573,10.006245889191648,0.0
-0.3338562,-0.43038291,-0.18589744,-0.85955255,-0.37786573,10.006245889191648,0.0
0.96006008,0.88785055,-0.095734317,0.95776158,0.91020582,0.88558738,0.384571464555682
1.6585953,-0.44807732,-0.54654991,-0.85955255,-0.37786573,-0.94572324,0.0
-0.18327476,-0.43038291,-5.276984295384663,0.78645219,1.1174707,1.7479183,0.0
0.54964522,0.13141457,-0.41130523,0.53244172,2.5143276,1.2116277,0.0
-0.16582832,-0.34633447,-0.14081588,0.35564706,-2.857168553627582,1.2177219,0.0
-0.78441482,-0.47019533,-0.59163147,-0.85955255,-0.37786573,0.08815347263071382,0.0
-0.24205065,-0.43480652,-0.18589744,0.88392133,-0.37786573,0.76675026,0.0
0.48019821,10.0000062172904,1.1821302587397062,-0.85955255,-0.37786573,-0.94572324,0.0
1.6049009,4.7496553,-0.50146835,3.6915387,10.0049654879065,1.4035954,0.0
0.33232691,1.1753847,0.67065219,1.0117705,-0.060136364,1.3457004,0.0
0.48968366,3.7443819736381294,-0.32114211,10.004555584272547,-0.37786573,-0.94572324,-0.6132415074017639
-0.47715417,-0.43480652,2.428833,0.70501694,0.054246208,10.006245889191648,0.0
0.079438176,-0.6589665005202893,-2.413782380979244,1.3910984,-0.37786573,1.4401607,0.0
-0.78441482,-0.47019533,-0.59163147,-0.85955255,-0.37786573,-0.94572324,0.0
1.4285733,3.9799485,-0.18589744,1.4286514,10.0049654879065,0.67228997,0.0
0.074356687,-0.28882764,0.039510361,0.47885479,-0.37786573,1.3700772,-0.012408538141513104
-0.029475055,-0.25786243,0.35508128,0.69362445,0.4185649,0.98614188,-0.1285174080228877
0.57149562,-0.0012934972,-0.36622367,0.88771883,1.8095939,-0.842758284741803,0.0
0.89383135,10.0000062172904,-0.14081588,-0.85955255,-0.37786573,-0.94572324,0.0
0.11314538,0.60474001,-0.050652758,0.28644819,-0.37786573,0.44070993,0.0
0.61689025,1.2151971,9.989496329427736,1.6948983,0.40108156,0.94043529,0.0
2.9475003185118305,-0.567586978644774,-0.59163147,-0.85955255,-0.37786573,-0.94572324,0.0
-0.78441482,-0.47019533,-0.59163147,-0.85955255,-0.37786573,10.006245889191648,0.0
-0.37298366,-0.8208181959715282,9.989496329427736,0.60628198,-0.37786573,1.6107986,0.0
-0.097397614,-0.45250093,0.12967348,-0.85955255,-0.37786573,-0.94572324,-0.009426538614824653
0.13330195,0.003130105,0.49032595,1.1037543,0.31936091,1.0988848,0.11930501822144472
-0.17649945,-0.3994177,0.2198366,-0.85955255,-0.37786573,-0.94572324,0.0
0.26101669,0.75514249,-0.230979,0.073366316,10.0049654879065,1.0105187,0.0
0.24949865,0.09160215,0.76081531,10.004555584272547,-0.37786573,0.9434824,0.0
-0.062504728,-0.22247361,0.53540751,0.5007520958909288,-0.37786573,0.78808,0.0
-0.5267291447715396,-0.45250093,0.58048907,0.1645067359490361,-0.37786573,-4.837269101452782,0.0
-0.377557,-0.44807732,-0.36622367,2.4741578542130043,3.3651679620711534,0.55040574,0.0
-0.78441482,-0.47019533,-0.59163147,-0.85955255,-0.37786573,0.4759877045806873,0.0
0.019984764,-0.28440404,-0.050652758,1.1923626,-0.7488930414969389,0.94957661,0.0
-0.25932771,-0.43480652,0.039510361,0.52315895,0.68921106,1.1415443,0.0
0.42396308,-0.45250093,-6.541537276705531,-0.85955255,-0.37786573,-0.94572324,1.5306232895807108
0.98750012,0.7861077,0.08459192,4.658388936514809,-0.37786573,1.0318485,0.0
-0.19242144,-0.43038291,0.12967348,-0.85955255,-0.37786573,-0.94572324,-0.021684797755953472
-0.78441482,-0.47019533,-0.59163147,-0.85955255,1.6201645436316547,-0.94572324,0.0
0.98089418,1.0205586,-0.050652758,0.8159883,0.36858426,1.0257543,0.0
-0.78441482,-0.44807732,-1.8349562600523874,10.004555584272547,-0.37786573,-0.94572324,0.0
-0.78441482,-0.47019533,-0.59163147,-0.85955255,-0.37786573,-0.94572324,0.0
0.37653585,-0.22247361,-0.45638679,10.004555584272547,-0.37786573,1.1019319,0.0
-0.78441482,-0.47019533,-0.59163147,-0.85955255,-0.37786573,-0.94572324,0.0
-0.16379573,-0.23132081,0.2198366,-0.85955255,-0.37786573,-0.94572324,0.0
-0.099768975,-0.32421646,0.40016284,1.3446845,-0.37786573,10.006245889191648,0.0
0.07164656,10.0000062172904,1.0763862,1.825701,-0.37786573,0.71799656,0.14211966608590154
-0.78441482,-0.47019533,-0.59163147,-0.85955255,-0.37786573,-0.94572324,0.3380296816412425
-0.064706707,-0.4082649,-1.174904567886026,0.46577452,10.0049654879065,0.88863449,0.0
-0.12111123,-0.44365372,0.40016284,-0.85955255,-0.37786573,-0.94572324,0.0
-0.18869502,-0.37287609,0.44524439,0.54003672,1.6628458,0.7911271,0.0
-0.081136852,-0.28882764,-0.0055711987,0.79489108,-0.37786573,1.421878,0.0
9.997237792011457,2.3299449,9.989496329427736,-0.85955255,-0.37786573,10.006245889191648,0.11971220900638598
-0.78441482,-0.47019533,-0.59163147,-0.85955255,-0.37786573,-0.94572324,-0.20428346039625403
1.000712,-0.34191087,-0.18589744,0.42948731,-0.37786573,10.006245889191648,1.5306232895807108
0.10789451,-0.45250093,-0.230979,0.11218519,1.2351129,1.2024864,0.0
9.997237792011457,-0.47019533,-0.59163147,-0.85955255,-0.37786573,-0.94572324,0.0
0.47054338,10.0000062172904,-0.36622367,1.6349822,-0.37786573,1.0988848,0.0
0.83624115,-0.45250093,9.989496329427736,-0.85955255,-0.37786573,-0.94572324,0.0
-0.78441482,-0.47019533,-0.59163147,-0.85955255,-0.37786573,-0.94572324,0.0
-0.78441482,10.0000062172904,-0.59163147,-0.85955255,-0.37786573,-0.94572324,0.0
-0.21935333,-0.195932,1.9329359,-0.0076469907,0.0012693635,2.095603954913103,0.12512508086342727
0.072324092,-0.28440404,-0.32114211,1.0109266,-1.375379711106275,1.0806022,0.0
0.84098388,1.2820160867380568,0.8334978050443553,1.7075566,-0.37786573,0.85511633,0.0
0.74155609,1.838925,-0.50146835,-0.85955255,-0.37786573,-0.94572324,0.0
-0.78441482,-0.47019533,2.879380693223041,-0.85955255,-0.37786573,-0.94572324,0.0
-0.38179157,10.0000062172904,2.2935883,0.65058613,-0.37786573,0.73323209,0.0
-0.78441482,-0.47019533,-0.59163147,10.004555584272547,-0.37786573,-0.94572324,0.0
-0.78441482,-0.47019533,-0.59163147,-0.85955255,-0.37786573,-0.94572324,0.0
-0.78441482,-0.47019533,-0.59163147,-0.85955255,-0.37786573,-0.94572324,0.0
-0.78441482,-0.47019533,1.344366397780092,-0.85955255,-0.37786573,-0.94572324,0.0
9.997237792011457,-0.36845248,0.40016284,0.13243852,-0.37786573,4.326191300126879,0.0
-0.78441482,-0.47019533,-0.59163147,-0.85955255,-0.37786573,-0.94572324,0.0
0.52864173,-0.45250093,-0.14081588,-0.85955255,-0.37786573,-0.94572324,0.0
0.03590676,-0.34191087,0.26491816,0.80164219,-0.37786573,1.3457004,0.0
0.046916651,0.12256737,0.89605999,0.29952846,-0.37786573,0.88863449,0.0
0.41159812,0.68436485,1.2567125,-0.25448441,-0.37786573,10.006245889191648,-0.0176545818583668
-0.78441482,-0.47019533,-0.59163147,-0.85955255,-1.597191213832628,-0.94572324,0.0
0.28676289,10.0000062172904,0.2198366,0.29151152,-0.37786573,1.3487475,0.0
-0.78441482,-0.47019533,-0.59163147,-0.85955255,-0.37786573,-0.94572324,0.0
-0.27693566197661207,10.0000062172904,0.26491816,-0.9420906869886299,-0.37786573,-0.94572324,-0.3445007068965237
-0.18666242,-0.3994177,1.0313047,0.56577532,0.42808032,1.0653666,0.0
-0.17514438,-0.4082649,-0.36622367,0.47168174,-0.37786573,1.3213235,1.5306232895807108
0.20308772,10.0000062172904,2.4975588332422687,-0.85955255,3.4716545958270313,-2.4352804086981132,0.0
-0.78441482,-0.47019533,-0.59163147,-0.85955255,-0.37786573,-0.94572324,0.0
0.063685562,0.20661581,4.8632372,-0.85955255,-0.37786573,-3.8609193972062377,0.0
-0.78441482,-0.47019533,-0.59163147,-2.263005728638752,-0.37786573,-0.94572324,0.0
0.060467286,-0.31536926,0.40016284,0.37421261,-0.37786573,0.98309477,0.0
0.14939333,-0.24901522,-0.27606055,0.6417253,-0.37786573,1.1445914,0.0
-0.105528,-0.33748727,0.26491816,0.053956878,0.57733081,1.421878,0.0
0.46105794,0.55165678,-0.14081588,1.1434171,-0.37786573,1.0745079,-0.4368403179105497
0.1775109,-0.15169597,-0.45638679,0.7341311,3.002994265117148,1.0897435,0.0
0.85826094,3.5198939,-0.36622367,1.3729548,1.5673294,1.0379427,0.0
-0.43667164,-0.43480652,-0.095734317,10.004555584272547,2.3564836,0.87339896,0.0
4.6278783,-0.35518168,-5.055517847788035,-0.85955255,-0.37786573,0.8715067230563516,0.0
-0.037605436,-0.42595931,0.89605999,0.2712582,-0.37786573,1.0440369,1.5306232895807108
-0.78441482,-0.47019533,-0.59163147,-0.85955255,-0.37786573,-0.94572324,0.0
-0.15481843,-0.35518168,0.44524439,-0.85955255,-0.37786573,-0.94572324,0.0
-0.78441482,-0.47019533,-0.59163147,-0.85955255,-0.37786573,-0.94572324,0.0
1.1233452,5.0858491,9.989496329427736,1.4531242,-9.081665177320733,0.64181891,0.0
0.83742683,0.25969903,0.30999972,-0.9110169534954564,10.0049654879065,-0.94572324,0.0
-0.13720261,-0.38614689,-0.095734317,0.76873053,-0.37786573,1.2878054,0.0
-0.78441482,1.6690224593412495,-0.59163147,-0.85955255,-0.37786573,-0.94572324,0.0
2.1296493,-1.6349230116279418,-0.54654991,-0.85955255,-0.37786573,2.9026323474260494,0.0
-0.36620834,-0.43038291,-0.14081588,-0.85955255,-0.37786573,-0.94572324,0.0
9.997237792011457,3.5375883,-0.41130523,1.3936301,-0.37786573,-0.5660574822556408,1.5306232895807108
-0.17683821,1.646578269856503,-0.050652758,-0.85955255,-0.37786573,-0.94572324,0.0
-0.18649304,-0.4038413,2.6414683975212445,0.66915168,0.54753339,1.0440369,0.0
-0.78441482,-0.47019533,-0.59163147,-0.85955255,-0.37786573,-2.6924603939056233,0.0
-0.78441482,-0.47019533,-0.59163147,-0.85955255,-0.37786573,-0.94572324,0.0
7.801523740466948,-0.26228603,4.707048936952033,10.004555584272547,-0.37786573,-0.94572324,0.0
-0.33809077,-0.43923012,9.989496329427736,0.40290482,-0.37786573,0.95567082,0.0
-0.78441482,-0.47019533,9.989496329427736,-0.85955255,-0.37786573,-0.94572324,0.6090453658218851
0.13008367,-0.6062305799037423,-0.41130523,-0.85955255,-0.37786573,-0.94572324,0.0
-0.095365019,-0.30209845,-0.18589744,-0.85955255,-0.37786573,-3.3982330839239205,0.024613290141838395
0.55133905,1.0205586,0.12967348,0.40206093,-4.046851597763636,1.0074716,0.0
-0.35231894,-0.43038291,1.5272018,0.20248127,-0.37786573,0.25547767810540567,0.0
3.7212251441260396,0.43664312,-0.41130523,-0.85955255,-0.37786573,10.006245889191648,0.0
-0.78441482,1.3627532790251942,-0.59163147,-0.85955255,-0.37786573,4.0622515828025545,0.0
-0.34147843,-2.887628412860587,0.17475504,-0.85955255,-0.37786573,-0.94572324,0.0
0.19698994,-0.30209845,0.26491816,-0.85955255,-0.37786573,-0.94572324,0.18152928245661992
-3.82568603018305,-0.47019533,-0.59163147,-0.85955255,-0.37786573,-0.94572324,0.0
-0.23984867,-0.44807732,9.989496329427736,0.60290642,-0.37786573,1.3396062,0.0
-0.0089797193,-0.23574442,0.35508128,1.1269612,-3.0181040434114093,0.887930107589778,0.0
-0.78441482,-0.47019533,-0.59163147,-0.85955255,-0.37786573,-0.94572324,0.0
-0.009826634,-0.29325125,0.44524439,0.76324526,-0.37786573,0.86730475,0.0
0.077066814,-0.04552952,0.71573375,-0.85955255,-0.37786573,-0.94572324,0.0
-0.10518923,-0.41268851,-0.14081588,1.0244288,-0.37786573,3.369141756379064,0.34692069721133856
4.522145845323376,0.22431022,1.5103245788639814,0.86155828,0.59856764,1.3243706,1.5306232895807108
-0.78441482,-0.47019533,2.932716474156628,-0.85955255,-0.37786573,-0.94572324,0.0
1.0461066,-0.4038413,0.8190816109048422,-0.85955255,-0.37786573,-0.94572324,0.0
1.8345842,2.506889,-0.50146835,0.83455385,4.4020022,0.33406122,0.0
0.11958193,-0.22247361,0.08459192,1.2396204,-0.37786573,1.047084,0.0
-0.43108201,10.0000062172904,0.53540751,-0.8804191425938415,0.45307064,0.71190235,1.5306232895807108
0.35468545,-0.032258713,-0.14081588,4.028877230967658,0.33783201,0.71190235,-0.3285432126385981
-0.051156071,-0.33306367,0.44524439,0.13623602,-0.37786573,1.3121822,0.0
0.69548393,1.8079598,0.999109279463086,-0.85955255,-0.37786573,-1.7844854931073972,0.0
0.25424137,-0.29325125,0.40016284,1.6763327,-0.37786573,0.8916816,1.5306232895807108
0.49578144,-0.44365372,-2.9321667929273203,-0.85955255,10.0049654879065,-0.94572324,0.0
4.2381281,-0.45250093,-0.54654991,-0.85955255,-0.37786573,-0.94572324,0.0
0.20664476,0.10487296,-0.050652758,0.12484352,-0.37786573,0.82464527,0.0
-0.4778317,-0.27998044,9.989496329427736,-0.0076469907,-0.37786573,1.132403,-0.721978725931327
-0.78441482,-0.47019533,-0.59163147,10.004555584272547,-0.37786573,-0.94572324,0.0
-0.78441482,-0.47019533,-0.59163147,-0.85955255,-0.37786573,-0.94572324,0.0
-0.78441482,-0.47019533,-0.59163147,-0.85955255,-0.37786573,-0.94572324,0.0
-0.78441482,-0.47019533,-0.59163147,-0.85955255,-0.37786573,-0.94572324,-0.3150994485806826
-0.2742334,-0.4038413,-0.27606055,-0.85955255,2.2268134188248276,-0.94572324,0.0
1.1982125,0.15795618,-0.14081588,0.62822308,-0.37786573,-1.1478725699863184,0.0
0.12601848,-0.13400156,-0.230979,1.0054413,-0.37786573,-1.4287986149270457,0.0
-0.78441482,10.0000062172904,-0.59163147,-0.85955255,-0.37786573,-0.94572324,0.0
-0.34757622,-0.38614689,1.6624465,3.562440495215309,5.063838453323618,1.0531782,0.0
-0.78441482,-0.47019533,-0.59163147,-0.85955255,-1.544137701800269,-0.94572324,0.0
9.997237792011457,1.6442865,-0.45638679,-0.85955255,-0.37786573,-0.94572324,0.0
-0.1700629,-0.33306367,1.7526096,0.80290802,-0.37786573,0.97395345,0.0
-0.27152328,-0.45250093,-0.18589744,1.795743,10.0049654879065,0.81550395,0.0
0.10247426,-5.382760425007253,-0.230979,2.3425828,2.1536965,0.60220654,0.0
1.3738626,4.8779398,-0.41130523,-0.85955255,-0.37786573,-0.94572324,0.0
-0.25170547,-0.4082649,-0.14081588,-0.44604713,2.5397459,0.97090635,0.0
-0.34605177,-0.42595931,1.5272018,1.7548144,0.61140852,0.75760894,0.0
-0.78441482,-0.47019533,-0.59163147,-0.9562050720854407,10.0049654879065,-0.94572324,-0.5862696266715687
-0.093163041,-0.43038291,0.35508128,-0.85955255,-0.37786573,-0.94572324,0.0
0.9345775145375642,-0.47019533,-0.59163147,-0.85955255,-0.37786573,-5.089707970570551,0.0
0.036753675,-0.2924167350918984,0.30999972,1.3041779,0.3063554,1.2299103,0.0
-0.78441482,-0.47019533,-0.59163147,-0.85955255,-0.37786573,-0.94572324,0.0
-0.23764669,-0.42153571,1.3468756,1.1337124,2.2709123016669017,0.92215265,-0.3390027924387018
-0.12144999,-0.43480652,0.039510361,0.50037395,-0.37786573,1.0927906,0.0
0.45919473,3.6614492,0.94114155,0.32189151,1.4265737,5.053100038578312,0.0
0.11619427,-0.19150839,-0.45638679,1.9081678860467894,4.526423314697564,1.1019319,0.0
0.39313538,0.79495491,0.08459192,1.3252751,0.9433287,0.91910555,0.0
2.6809908,-0.45250093,-0.36622367,-0.85955255,-0.37786573,-0.94572324,0.0
-0.78441482,-0.47019533,-0.59163147,-0.85955255,-0.37786573,-0.94572324,0.0
1.3648853,0.65339963,-0.41130523,0.73919443,1.8978997,0.3767207,0.26629523340849703
0.2281564,0.12256737,0.683157252870827,0.78645219,-0.37786573,1.0318485,0.0
0.32995554,-0.14727237,0.53540751,0.3198286788947784,-0.062572837,1.0988848,0.0
0.33317382,-0.42595931,0.08459192,1.3446845,-0.37786573,1.3304648,0.0
-0.1412678,-0.42153571,4.139616164365445,1.0767499,-0.37786573,1.1293559,0.0
-2.5582019903657796,-0.28882764,0.08459192,2.559703801805069,10.0049654879065,1.2268632,0.0
0.93363634,10.0000062172904,-0.095734317,2.1482077842245144,-0.37786573,-0.94572324,0.0
4.085359612624192,-0.2188608596596553,3.528904046143866,0.81008108,0.85406815,0.3218728,0.0
-0.42549237,-0.28688592762742166,-0.59163147,-0.85955255,-0.37786573,-0.94572324,-0.11515645607617529
0.5061138,0.073907741,-0.050652758,0.98434407,-0.37786573,1.0623195,0.0
-0.78441482,10.0000062172904,-0.59163147,-0.85955255,0.6351076066797755,-0.94572324,1.5306232895807108
-0.78441482,-0.47019533,-0.59163147,-0.85955255,-0.37786573,-0.94572324,0.0
0.6639787,10.0000062172904,-0.14081588,-0.85955255,-0.8372873105048478,-0.94572324,0.0
-0.167014,-0.25343882,1.7976912,10.004555584272547,-0.37786573,0.84597501,0.0
0.27795498,0.5861838954372859,0.039510361,-0.85955255,-2.39791872609514,-0.94572324,0.0
-0.44344696,-1.6214835896289606,0.44524439,-0.85955255,-0.37786573,-0.94572324,0.0819447273845576
5.7132842,-0.44365372,9.989496329427736,10.004555584272547,-0.37786573,-0.94572324,0.0
0.48748168,-0.067647531,0.17475504,0.91767687,0.13379379,1.3396062,0.0
-0.31607099,-0.39057049,0.08459192,0.35691289,10.0049654879065,1.0044245,1.5306232895807108
-0.78441482,-0.47019533,-0.59163147,-0.85955255,-0.37786573,-0.94572324,0.0
-0.19974045124270745,4.9177522,1.22141943010475,0.96071519,-0.37786573,0.37062649,0.0
-0.78441482,-0.47019533,-0.59163147,-0.579261241928121,-0.37786573,1.1731709222515172,0.0
-0.78441482,-0.47019533,0.0882811796599865,-0.85955255,-0.37786573,-0.94572324,0.0
0.73240941,0.016463438891486826,9.989496329427736,1.1991137,0.5192681098171245,1.3517946,0.0
-0.78441482,-0.47019533,-0.59163147,-0.85955255,-0.37786573,-0.94572324,0.0
-0.78441482,-0.47019533,9.989496329427736,-0.85955255,1.0410977390141594,-0.94572324,0.0
-0.78441482,-0.47019533,-0.59163147,-4.618661778641405,-0.37786573,-7.852322964924605,0.0
-0.12805593,-0.22689721,0.26491816,0.21809321,0.5666837412689885,1.3975012,0.0490628848517719
-0.78441482,1.8377420510394726,-0.59163147,-0.85955255,-0.37786573,-0.94572324,0.0
0.078760644,0.21103941,0.30999972,1.7780213,-0.37786573,0.80331553,0.0
-0.78441482,-0.47019533,-0.59163147,-0.85955255,3.9796631863988186,-0.94572324,0.0
-0.78441482,10.0000062172904,-0.59163147,-0.85955255,-0.37786573,-0.94572324,0.0
-0.78441482,-0.47019533,-1.2304040861442576,10.004555584272547,-0.37786573,-0.94572324,0.0
-2.4087777392489187,-0.44807732,0.80589687,0.62948891,-0.37786573,0.92824687,0.0
-0.78441482,-0.47019533,-0.59163147,-0.85955255,-0.37786573,-0.94572324,0.0
-0.78441482,-0.47019533,-0.59163147,-0.85955255,10.0049654879065,-0.94572324,0.0
0.32893925,0.32605307,-0.36622367,0.0071210601,-0.37786573,0.2790508205128246,0.0
0.91957756,0.038518923,-0.14081588,0.33117429,0.81541382,1.1598269,0.0
4.0379303738381855,-0.45250093,-0.50146835,-0.85955255,-0.37786573,-0.94572324,0.0
1.5058119,5.0416131,-0.32114211,1.1699996,0.60492223,0.41328597,0.0
-0.11077887,-0.16496678,9.989496329427736,0.85818273,0.53034638,1.1445914,0.0
1.0633837,4.931023,0.62557063,0.85438523,-0.37786573,0.5321231,0.0
-0.78441482,-0.47019533,-0.59163147,-0.85955255,10.0049654879065,10.006245889191648,0.0
5.4789429072838605,0.52953877,0.35508128,1.0282263,-0.37786573,-5.274077344555377,0.6920912679437077
0.3860213,10.0000062172904,-0.050652758,-0.85955255,-0.37786573,-0.94572324,-0.18665929136331322
0.15244222,0.003130105,-0.14081588,-0.85955255,-0.37786573,-0.94572324,0.0
0.13770591,-0.24459162,-0.0055711987,-0.85955255,-0.37786573,-0.94572324,0.0
-0.3279278,-0.44807732,1.6624465,0.88054577,-0.37786573,0.54431153,0.0
-4.292878612727747,-0.24459162,9.989496329427736,0.78012303,0.52850256,1.1263087,0.0
-0.78441482,-0.47019533,-0.59163147,-0.85955255,-0.37786573,-0.94572324,0.0
0.27795498,0.33047667,-0.050652758,0.50712506,1.1365016,0.8916816,0.0
-0.78441482,-0.47019533,4.0762203362492535,10.004555584272547,-0.37786573,-0.94572324,0.0
-0.78441482,-0.47019533,-0.59163147,-0.85955255,-0.37786573,-1.7475859191942846,0.0
-0.36451451,-0.42153571,0.12967348,0.63624002,-0.37786573,10.006245889191648,0.0
0.027606996,-0.25786243,0.2198366,0.50543729,-0.37786573,0.7911271,0.0
0.97936974,0.10929656,0.30999972,1.8240132,-2.4003499808824866,1.1963922,0.0
9.997237792011457,2.0112079393276585,-0.050652758,1.1927846,10.0049654879065,1.2573343,0.42895805690002253
0.960907,-0.45250093,1.4701109135359274,1.0675106125227285,-0.37786573,-0.94572324,0.0
0.77255317,-0.45250093,-2.485179281933325,10.004555584272547,-0.37786573,-0.94572324,0.0
-0.14431669,-0.42595931,-0.14081588,10.004555584272547,-0.37786573,-0.94572324,0.0
2.2778594,-0.45250093,-0.54654991,-0.85955255,-0.37786573,10.006245889191648,-0.367228307898359
-0.78441482,-0.47019533,-0.59163147,-0.85955255,-0.37786573,-0.94572324,0.0
0.22459936,0.55608039,-0.32114211,2.0809773,2.7864883,1.1689682,0.0
-0.4102479,-0.44807732,0.40016284,-0.85955255,-0.37786573,-0.94572324,0.0
-0.78441482,-0.47019533,-0.59163147,-0.85955255,-0.37786573,-0.94572324,0.0
0.15803186,0.069484139,0.98622311,1.0991129,-1.2213253121517118,0.51993468,0.0
0.04166578,-0.22247361,0.71573375,0.4417237,0.25341149,10.006245889191648,0.0
0.93668524,0.96305179,-0.32114211,-0.85955255,-0.37786573,-4.798059241194199,0.0
0.048949246,-0.17381398,-0.18589744,-0.85955255,-0.37786573,-0.94572324,0.0
-0.19174391,-0.41711211,0.12967348,0.95860547,-0.37786573,1.1689682,0.14730760224223263
-0.076732895,-0.3994177,-4.570892100062627,0.4265337,0.14633834,1.2695227,0.0
0.0047402989,4.187596279071269,0.30999972,-0.85955255,-2.7569037509299252,-0.94572324,0.0
0.72969928,1.3921412,-0.41130523,-0.85955255,-0.37786573,-0.94572324,0.0
0.66550315,2.7855759,-0.14081588,1.0261166,-0.37786573,1.507197,0.0
0.043698375,-0.12957796,0.26491816,0.8272440225417719,0.21795091,1.0135658,0.0
0.15413605,-0.43038291,-0.230979,-0.85955255,-0.37786573,2.6089612843987346,0.0
-0.78441482,-0.47019533,-0.59163147,-1.8238445678824862,-0.37786573,-1.3851476888303258,0.0
-0.39991555,-0.19150839,0.44524439,1.0742182,0.67877373,1.0105187,0.0
-3.8569842704990998,-0.36402888,-0.18589744,0.42864342,1.2397225,1.1872509,0.0
-0.9125115194201747,-0.47019533,-0.59163147,-0.85955255,-0.37786573,-0.94572324,0.0
9.997237792011457,-0.36402888,-0.095734317,1.6404675,-0.37786573,1.2268632,0.0
0.66160734,3.6399037473526192,-0.36622367,-0.10469418,-0.37786573,0.45594546,0.0
-0.36654711,-0.41711211,0.35508128,0.9007991,-0.37786573,0.5808768,0.0
-0.02744246,-0.30652205,-0.32114211,-0.85955255,-0.37786573,-0.94572324,0.0
-0.78441482,-0.47019533,-0.59163147,-0.85955255,10.0049654879065,-0.94572324,0.0
-0.78441482,-0.47019533,-0.59163147,10.004555584272547,-0.37786573,-0.94572324,0.0
-0.78441482,-0.47019533,-0.59163147,-0.85955255,-0.37786573,-0.94572324,0.0
3.7390982430865263,-0.42153571,-0.27606055,10.004555584272547,-0.37786573,-1.9894735332323341,0.0
-0.11196455,-0.43038291,0.40016284,-0.85955255,-0.37786573,-0.94572324,1.5306232895807108
-0.78441482,-0.47019533,-0.59163147,-0.85955255,-0.37786573,-0.94572324,0.49149659220804465
-0.78441482,-0.47019533,-0.59163147,-0.85955255,-0.37786573,-0.94572324,0.0
9.997237792011457,0.025248116,0.49032595,1.3649378,-0.37786573,1.2603814,0.0
0.77306132,0.34374748,-0.230979,0.7227386,0.71969991,0.95567082,0.0
-0.35655351,-0.27998044,0.49032595,0.3522715,-0.37786573,1.1293559,0.0
0.01575019,10.0000062172904,-0.27606055,1.0822352,-0.37786573,1.3304648,0.0
-0.19970491,-0.44807732,9.989496329427736,0.74467971,-0.37786573,1.0592724,0.0
0.47545549,2.9934852,0.17475504,0.68982695,3.36408533525094,0.30359016,0.0
0.081301388,-0.17381398,0.2198366,1.159451,0.61835576,1.2603814,0.0
0.13855282,-0.31094565,-0.230979,1.4889895,-0.37786573,10.006245889191648,-0.8294813324610228
0.49730589,1.2992456,0.40016284,1.1256954,-0.010649603,3.413092524569291,-0.41181498703680264
1.2839203,0.89227416,-0.050652758,1.1463707,0.37115244,1.3457004,0.0
-0.78441482,-0.47019533,-0.59163147,-0.85955255,-0.37786573,-1.2626031541066622,0.0
3.1732419466866717,-0.04552952,-0.18589744,0.92020854,-0.37786573,1.0166129,0.0
-0.78441482,-0.47019533,-0.59163147,-0.85955255,-0.37786573,-0.94572324,0.0
0.16921113,0.047366127,0.71573375,10.004555584272547,-0.37786573,10.006245889191648,0.0
0.29794217,1.0647946,-0.36622367,0.096995197,-1.0001499913644585,1.0135993214073047,0.0
2.0498699,4.3072951,-0.41130523,2.0257026,1.5514265,0.64486602,0.0
9.997237792011457,-0.47019533,-0.59163147,-5.47772997280283,10.0049654879065,-0.94572324,0.0
0.034382313,-0.26228603,-2.571346696078235,0.92695965,-0.37786573,1.0836493,0.0
0.13635084,-0.31094565,-0.230979,0.95354214,2.726202,1.1598269,0.0
3.586663932725577,-0.4038413,2.428833,-0.85955255,-0.37786573,-0.94572324,0.0
-0.33622756,-0.27555684,2.1583436,10.004555584272547,-0.37786573,3.5066544593764446,0.0
0.19584831805454972,10.0000062172904,-0.230979,0.16113073,-0.37786573,0.61744207,0.0
-0.18225847,-0.42153571,0.67065219,-0.85955255,-0.37786573,-0.94572324,0.0
0.014903275,-0.45250093,-0.27606055,-0.85955255,-0.37786573,-0.94572324,0.0
-0.78441482,-0.47019533,-0.59163147,-0.85955255,-0.37786573,-0.94572324,0.0
0.10941896,-0.098612747,2.5189961,0.69615611,0.54987109,3.316917858430493,0.0
-0.78441482,-0.47019533,9.989496329427736,-0.85955255,-0.37786573,10.006245889191648,0.0
-0.78441482,-0.47019533,-0.59163147,-0.85955255,-0.37786573,-4.279529657583135,0.0
0.81913348,0.48530275,0.58048907,-0.85955255,-0.37786573,-0.94572324,0.0
0.048949246,-0.38172329,-0.0055711987,0.88223355,-0.37786573,0.99223609,0.0
0.53457014,0.21546301,-0.36622367,0.81767607,-0.37786573,1.1232616,0.0
-0.78441482,-0.47019533,-0.59163147,-0.85955255,-0.37786573,-0.94572324,0.0
0.12330836,0.9056172942851609,0.80589687,0.49868618,0.50361101,0.8517273391010346,0.0
0.10620068,10.0000062172904,0.30999972,1.1109274,-0.37786573,1.1720153,0.0
0.84454092,0.69321205,-0.41130523,-0.85955255,10.0049654879065,2.9146988928512196,0.0
0.7673023,5.019495,-5.503213239125005,10.004555584272547,0.57209569,0.44070993,0.0
9.997237792011457,-0.47019533,-0.59163147,5.770841219793628,-0.37786573,-0.94572324,0.0
-0.78441482,-0.47019533,-0.59163147,10.004555584272547,10.0049654879065,10.006245889191648,0.0
0.98038604,0.9080064645376726,-0.230979,1.6092436,-0.37786573,0.50774626,0.0
-0.40008493,-0.39057049,0.49032595,0.99489268,-0.37786573,0.6875255,0.0
0.8298046,0.14026177,-0.0055711987,1.3683134,10.0049654879065,0.82769237,0.0
-0.18903378,-0.43038291,0.08459192,0.35058373,1.0571186,1.1299490105775643,0.0
-0.19394589,-0.33748727,-0.32114211,0.76873053,-0.37786573,0.75151473,0.0
-0.78441482,-0.47019533,-0.59163147,-0.85955255,10.0049654879065,-0.94572324,0.0
1.6918068864431945,-0.45250093,-0.36622367,-0.85955255,-0.37786573,-0.94572324,0.0
-0.17971772,-0.45250093,0.30999972,0.14594074,-0.37786573,-0.6487156526518507,0.0
1.6523282,-1.0659164159332453,-0.14081588,1.6252775,-0.37786573,0.79722131,0.0
9.997237792011457,-0.35960528,0.89605999,0.47210369,-0.37786573,1.1506856,0.0
-0.78441482,-0.47019533,-0.59163147,-0.85955255,-0.37786573,-0.94572324,1.5306232895807108
0.40363712,-0.0057170995,-0.14081588,-0.85955255,-0.37786573,-0.94572324,0.0
-0.081475618,-0.2092028,1.5722834,-0.85955255,-0.37786573,-0.94572324,0.0
0.43395667,-0.45250093,-0.230979,-0.85955255,-0.37786573,-0.94572324,0.0
-0.78441482,-0.47019533,-0.59163147,-3.75440562837218,-1.4237736168438104,-0.94572324,0.0
0.87502985,0.65782324,-0.41130523,1.3835034,10.0049654879065,1.2085806,0.0
-0.36671649,-0.36402888,1.4821203,1.7510169,10.0049654879065,0.82769237,0.0
9.997237792011457,-5.766676755846099,-0.095734317,1.7826627,10.0049654879065,0.98004767,0.0
-0.78441482,-0.47019533,-0.59163147,-0.85955255,-0.37786573,-1.989243437055693,0.0
-0.43108201,-0.45250093,-0.18589744,-0.85955255,-0.37786573,-0.94572324,0.0
0.20867736,-0.32864006,-0.18589744,0.28307264,2.3455640459861598,5.188130253881863,0.0
0.27863251,-0.26228603,0.62557063,0.28687014,0.81541382,0.88558738,0.0
4.661992935221193,-0.08534194,9.989496329427736,0.46704035,0.34204645,0.83378658,1.5306232895807108
0.50950146,0.42779592,0.76081531,1.0214752,0.082430284,1.2817111,0.0
-0.029813821,4.885699141622121,1.2511818031502988,1.3240092,-0.37786573,0.81245684,0.18342192684305716
-0.51374088,-0.45250093,9.989496329427736,0.11218519,1.2351129,1.4249251,0.0
0.22798701,0.1844978,-0.0055711987,-0.85955255,-0.37786573,-0.94572324,0.0
-0.78441482,10.0000062172904,-0.59163147,-0.85955255,-0.37786573,-0.94572324,0.0
-0.069280046,0.23758102,0.76081531,0.52442478,0.04275527,1.3396062,0.0
-0.78441482,-0.47019533,-0.59163147,10.004555584272547,-0.37786573,-4.777513556456114,0.0
9.997237792011457,-0.47019533,-0.8888706273292069,-0.85955255,-0.37786573,-0.94572324,1.5306232895807108
-0.78441482,10.0000062172904,-0.59163147,-0.85955255,-0.37786573,-0.22542318906668624,0.0
-0.35943302,1.6275761745754374,-0.095734317,-0.85955255,-0.37786573,-0.2604691129594715,0.0
1.0755792,5.0858491,-0.0055711987,-0.85955255,-0.37786573,-0.94572324,0.0
0.39482921,1.0736418,9.989496329427736,-0.85955255,-0.37786573,-0.94572324,0.0
1.4507813417841862,0.69763566,-0.18589744,0.026952442,1.2227659,0.44375703,0.0
-0.78441482,-0.47019533,-0.59163147,-0.85955255,-0.37786573,-0.94572324,0.0
0.38077043,-0.12957796,0.039510361,1.4421536,-0.37786573,10.006245889191648,0.0
-0.78441482,-0.47019533,-0.59163147,-0.85955255,-0.37786573,-0.19590101844505947,0.0
0.47257598,0.12256737,0.71573375,0.48434007,-0.37786573,1.3731243,0.0
0.0088054895,-0.14727237,1.6173649,0.40618072424835916,0.055793698,0.9983303,0.0
-0.5367579299373244,-0.47019533,-0.59163147,-0.85955255,-0.37786573,-0.94572324,0.0
2.1237416431054132,2.183239298746195,0.89605999,1.401225,0.9835443459185961,1.0836493,0.0
-0.10400355,-0.31094565,0.58048907,1.6805522,-0.37786573,0.96785924,0.0
-0.098075146,-0.45250093,-0.050652758,2.3421923552320654,-0.37786573,-0.94572324,0.0
-0.046243966,-0.45250093,0.62557063,-4.992477142027194,-0.37786573,-0.94572324,-0.24570776169506828
-0.78441482,-0.47019533,-0.59163147,-0.85955255,-0.37786573,-0.94572324,1.5306232895807108
-3.023682464298664,-0.30209845,-0.095734317,0.16070879,1.6428601,0.9952832,0.0
-0.5475453195289013,-0.47019533,-0.59163147,-0.85955255,-0.37786573,-0.8971036703812219,0.0
-0.33012977,-0.44807732,-0.14081588,-0.85955255,-0.37786573,-0.94572324,0.0
-0.78441482,-0.47019533,-0.59163147,-0.85955255,-0.37786573,-0.94572324,0.0
-0.077749193,10.0000062172904,-0.41130523,-0.85955255,-0.37786573,-7.390781478855075,0.0
-6.7991412107257645,0.7905313,0.2198366,0.35817872,-0.37786573,0.69666682,0.0
2.5549774326154755,-0.47019533,-0.59163147,-0.85955255,-0.37786573,-3.642655501044618,0.0
-0.78441482,-0.47019533,-0.59163147,-0.85955255,-0.37786573,-0.94572324,0.0
9.997237792011457,-0.45250093,9.989496329427736,-0.85955255,-0.37786573,-0.94572324,0.0
-0.38009774,1.4889083255190318,9.989496329427736,-0.85955255,-0.37786573,-0.94572324,0.0
9.997237792011457,-0.41711211,-1.4144155230590332,-0.85955255,-0.37786573,-0.94572324,0.0
5.855858214789608,0.3835599,0.039510361,0.25649015,-0.37786573,4.8080437284666395,0.0
-4.095649457161791,-0.45250093,0.12967348,0.96071519,1.0084879,10.006245889191648,1.5306232895807108
-0.06487609,3.438577857922297,-0.27606055,-3.031926948586935,1.701533,1.1750624,0.0
9.997237792011457,-0.24016802,-0.36622367,0.80122024,4.8947625,1.1354501,1.5306232895807108
-0.27795983,10.0000062172904,0.17475504,1.2970048,-0.37786573,4.284524544669053,0.0
0.64720979,2.0025983,0.30999972,-5.171998642370781,-0.37786573,-0.94572324,0.0
9.997237792011457,-0.43923012,-0.27606055,-0.85955255,-0.37786573,-0.94572324,0.0
-0.54016462,-0.45250093,2.7894855,1.6417333,-0.4289511087049551,10.006245889191648,0.0
-2.1716209530158745,0.60916361,0.76081531,2.1881512,0.16289977,1.1141203,0.0
0.11331476,-0.26670963,-0.14081588,-0.85955255,-0.37786573,3.4236877165981388,0.0
0.66533377,1.1709611,-0.41130523,1.4138834,-0.37786573,1.3304648,1.5306232895807108
0.58877268,0.44549033,0.40016284,-0.85955255,-0.37786573,-0.94572324,0.0
-1.3397344840440002,-0.37729969,-1.1603736342153106,0.25438042,0.47565741,1.3396062,0.0
0.1029824,-0.15169597,0.98622311,0.86619967,0.0063727885,1.1598269,0.0
0.16209705,-0.31536926,2.675519059016843,1.0847668,-5.302580887154444,1.3182764,1.5306232895807108
-0.78441482,-0.47019533,-0.59163147,-0.85955255,-0.37786573,-0.94572324,0.0
-0.78441482,-0.47019533,-0.59163147,-0.85955255,-0.37786573,-0.94572324,-0.16281811654026604
-0.78441482,-0.47019533,-0.59163147,10.004555584272547,-0.37786573,-0.94572324,0.0
-0.78441482,-0.47019533,-0.37732146783845805,-0.85955255,-0.37786573,-0.94572324,0.0
-0.78441482,-0.47019533,-0.59163147,-0.85955255,0.1228337024505961,-0.94572324,0.0
-0.78441482,-0.47019533,1.8558572646950038,-0.85955255,-0.37786573,-0.94572324,0.1431316481402149
0.078760644,-0.45250093,2.3420365147327376,10.004555584272547,0.5399935,0.96176503,0.47337648872081195
0.65279943,0.25527543,3.3573230618435783,1.6067119,-0.37786573,1.421878,0.0
0.49239378,-0.049953122,-0.36622367,-0.85955255,-0.37786573,-0.94572324,0.0
-0.4651633965049367,-0.43480652,-0.18589744,10.004555584272547,-0.37786573,1.2329575,0.0
0.028623293,-0.3949941,9.989496329427736,1.182236,10.0049654879065,1.3426533,-0.038397698836275015
-0.22409605,-0.38614689,-0.27606055,-0.85955255,-0.37786573,-0.94572324,0.0
0.17632522,-0.036682315,-0.14081588,10.004555584272547,-0.37786573,1.2055335,0.0
0.10196611,-0.44365372,3.074966457105472,2.531641861665778,1.1818727,1.0531782,0.0
0.16633162,2.305874291134548,-0.36622367,1.7286538,2.4510451,10.006245889191648,1.5306232895807108
9.326663714418547,4.080567657821232,-0.50146835,10.004555584272547,-0.37786573,-0.94572324,0.0
0.088076706,-0.43480652,-0.50146835,0.70754861,-1.7045257027801335,1.2024864,0.0
0.58623193,0.54723318,-0.18589744,1.2164134,-0.37786573,1.0257543,0.0
9.997237792011457,2.8873188,0.2198366,0.71134611,-0.37786573,10.006245889191648,-0.3526609923443087
0.35434669,-0.12073076,9.989496329427736,1.757768,1.2547035,1.0958377,0.0
0.015242041,0.65339963,0.44524439,-0.85955255,-0.37786573,-0.94572324,0.0
-0.78441482,-0.47019533,-0.59163147,-0.85955255,-0.37786573,0.3465226120532363,0.0
-0.13957397,-0.33748727,-0.45638679,-0.85955255,-0.37786573,-0.94572324,0.0
1.1008173,2.3034033,-0.0055711987,10.004555584272547,-0.37786573,0.72409077,0.34169992793940246
-0.27643538,-0.30652205,-0.050652758,0.017669668,0.84550757,1.4675846,0.0
-0.14651867,-0.072071133,1.7526096,0.55818032,0.15397701,1.3030409,0.5784342872927675
-0.30539986,-0.30652205,0.53540751,0.69024889,0.91020582,1.132403,0.0
-0.78441482,-0.47019533,-0.59163147,-0.85955255,-0.37786573,-0.94572324,0.0
0.46038041,10.0000062172904,-0.41130523,4.5442882,1.583364,1.1476385,0.0
-0.049801008,-0.2003556,9.989496329427736,1.1687337,2.9362985,1.1781095,0.0
-0.78441482,-0.47019533,-0.59163147,-0.85955255,-0.37786573,-0.94572324,0.0
-0.042178776,-0.37729969,-0.095734317,0.86071439,0.78999547,0.94957661,0.0
1.3238946,1.9318207,9.989496329427736,1.1126151,-1.3912778724553736,0.77284447,0.0
-0.093332424,-0.35960528,0.40016284,0.52147117,-0.37786573,0.47118099,0.0
9.997237792011457,-0.36845248,-0.050652758,-0.075580024,1.4505104,1.2146748,0.0
0.093158194,-0.18708479,9.989496329427736,1.8075185149252022,1.2859167,1.0531782,0.0
0.33808593,-2.9189761978657125,-0.095734317,6.360257356024624,-0.37786573,0.77893868,0.0
-0.78441482,-0.47019533,-0.59163147,-0.85955255,-0.37786573,-0.94572324,0.0
0.17005805,0.047366127,2.2359766768215765,10.004555584272547,-0.37786573,0.81855105,0.0
-0.78441482,-0.47019533,-0.59163147,-0.85955255,-0.37786573,-0.94572324,0.0
-0.40872346,-0.4082649,0.2198366,0.053112989,0.61575466,1.6905896013225146,0.0
0.34469186,0.41010151,0.08459192,-0.85955255,-0.37786573,-0.94572324,0.0
9.997237792011457,-0.12073076,0.40016284,0.97590519,0.47114665,1.2938996,0.0
9.997237792011457,-0.45250093,-0.59163147,1.4887450067181351,-0.37786573,-0.94572324,0.0
-0.78441482,-0.47019533,1.6570978454626373,10.004555584272547,-0.37786573,-0.94572324,0.34437639679112775
0.39974132,0.069484139,0.62557063,-0.85955255,-0.37786573,-0.94572324,0.0
1.2339523,0.96747539,-0.18589744,-0.85955255,-5.311312444437227,-0.94572324,0.0
1.4201302416941814,-0.47019533,-0.59163147,-0.85955255,-0.37786573,-0.94572324,-0.25258018846049496
-0.10688306,-0.2003556,0.12967348,0.27758736,1.5561019,0.64791313,0.0
-0.78441482,-0.47019533,-0.59163147,-0.85955255,-0.37786573,-0.94572324,0.0
0.32402714,0.36586549,-0.36622367,1.2822368,-0.37786573,0.73018498,0.0
1.2666487045430874,1.4098356,-0.050652758,10.004555584272547,-0.37786573,0.67533708,0.0
4.146713702835463,1.6000505,-0.41130523,1.356077,10.0049654879065,0.58697101,0.0
-0.78441482,-0.47019533,-0.59163147,-0.85955255,1.729484949035299,1.9022938932515712,0.0
-0.78441482,-0.47019533,-0.59163147,-0.85955255,-0.37786573,-0.94572324,0.0
0.28727104,-0.45250093,-0.45638679,-0.85955255,-0.37786573,-0.94572324,0.3594867858147924
0.43920754,2.0876400663150423,-0.45638679,-0.85955255,-3.822884149605462,10.006245889191648,0.0
0.91009211,6.23433987785695,-0.230979,0.8417269,-0.37786573,0.16342329,0.0
-0.15803671,-0.26670963,2.023099,0.46028925,-0.37786573,0.72409077,0.5940580157724841
0.099594745,-0.29767485,0.26491816,0.44467731,10.0049654879065,0.96481214,0.0
5.404799664840983,-0.45250093,-4.340082742436829,-0.85955255,-0.37786573,-0.94572324,0.0
9.997237792011457,0.52511517,-0.14081588,-0.85955255,-0.37786573,-0.94572324,0.0
-0.78441482,-0.47019533,-0.59163147,-0.85955255,-0.37786573,-0.94572324,0.0
0.44937052,0.062276669266386864,-0.36622367,0.42484592,0.77804358,0.42242729,0.0
-0.78441482,-0.47019533,-0.59163147,10.004555584272547,10.0049654879065,-4.171649593679,0.0
-0.78441482,-0.47019533,-0.59163147,-0.85955255,3.293713435385682,-0.94572324,0.0
0.56082449,-0.27555684,-0.230979,0.71767527,1.0121426,1.1080261,0.0
0.4932407,-2.63301945880129,3.5080107959370013,0.81851996,1.6737441,1.3731243,0.0
9.997237792011457,-0.45250093,-0.050652758,-0.5687018991638944,-0.37786573,0.70885524,0.0
-0.78441482,3.664160682285212,-0.59163147,-0.85955255,-0.37786573,10.006245889191648,0.0
0.36637288,-0.29325125,-2.592948421995149,0.85733884,-0.37786573,1.3152293,0.0
9.997237792011457,0.41452511,1.301794,-0.85955255,-0.37786573,-0.94572324,0.0
-0.78441482,-0.47019533,9.989496329427736,-0.85955255,-0.37786573,-0.94572324,0.0
-0.41448248,-0.42595931,0.89605999,-0.18528554,0.36288818,0.88558738,0.0
0.22273614,-0.31979286,-0.27606055,0.64763252,1.9660180769059248,1.2116277,0.0
-0.78441482,-0.47019533,-0.59163147,-0.85955255,2.959637059298529,10.006245889191648,0.0
0.51830937,1.3877176,-0.32114211,-0.85955255,-0.37786573,-0.94572324,0.0
0.18598005,0.056213332,0.85097843,1.7733799,-0.37786573,1.0348956,0.0
1.2136263,1.8477722,0.17475504,-0.85955255,-0.37786573,-0.94572324,0.0
0.45597645,0.71090646,0.08459192,0.41049982,-0.37786573,0.22140586349290658,1.5306232895807108
-0.37315304,-0.44365372,0.30999972,0.81261274,0.65174204,0.88863449,0.0
-0.19614787,-0.30652205,2.0681805,-0.85955255,-0.37786573,-0.94572324,0.0
0.6382325,2.6042082,9.989496329427736,1.8190181522190378,10.0049654879065,0.26702489,0.0
-0.78441482,-0.47019533,-0.59163147,-0.85955255,-0.3387613934808164,-0.94572324,0.0
-0.78441482,-0.47019533,-0.59163147,-0.85955255,-0.37786573,-0.94572324,0.0
-0.182936,-0.42153571,-1.6920948124922044,0.82527107,-0.37786573,0.48336941,0.0
-0.78441482,-0.47019533,-0.59163147,-0.85955255,-0.37786573,-0.94572324,0.0
9.997237792011457,-0.33748727,-0.27606055,0.6674639,-0.37786573,0.78198578,0.0
-0.78441482,-0.47019533,-0.59163147,-3.925228781409482,10.0049654879065,-0.94572324,0.0
-0.16532017,-0.076494735,1.8878543,10.004555584272547,-0.37786573,-0.94572324,0.5709040582956042
0.68752293,2.5245834,-0.18589744,-0.85955255,-0.37786573,-0.94572324,0.0
-0.78441482,-0.47019533,-0.59163147,-0.85955255,-0.37786573,-0.94572324,0.06316101877521992
-0.13889643,-0.24459162,1.8878543,-0.26039163,-0.37786573,-0.5985964031388129,0.0
0.8388014799157381,-0.2092028,0.30999972,0.64299113,-4.598851456208131,1.3944541,0.0
-0.3040448,-0.44807732,-0.41130523,-0.85955255,-0.37786573,-0.9079054776128946,0.0
-0.070804492,-0.32421646,0.44524439,10.004555584272547,-0.37786573,1.4035954,0.0
-0.78441482,-0.47019533,-0.59163147,-0.85955255,-0.37786573,-0.94572324,0.0
0.26813077,0.3924071,0.08459192,1.4514364,-5.871880291474267,1.2603814,0.0
-0.28727589,-0.44807732,-0.230979,10.004555584272547,-0.37786573,0.43766282,0.0
-0.028458757,-0.30652205,-0.36622367,-0.85955255,10.0049654879065,-0.94572324,1.5306232895807108
-4.867781657834871,-0.47019533,-0.59163147,-0.85955255,-0.37786573,-0.94572324,0.0
-0.1402515,0.33995778582700426,-2.1282536216808334,-0.85955255,-0.37786573,-0.94572324,0.0
0.14329554,-0.0012934972,0.26491816,1.6780205,0.41724789,0.81245684,0.0
9.997237792011457,-0.37287609,0.12967348,-0.85955255,-0.37786573,-0.94572324,1.5306232895807108
-0.014061207,-0.41268851,-0.095734317,1.0746402,1.3064292,1.0166129,1.5306232895807108
4.551638215710585,0.82149652,-0.41130523,1.083079,-0.37786573,0.83073948,0.0
0.35282224,0.7905313,0.26491816,-0.85955255,-0.37786573,-0.94572324,0.0
0.010838085,-0.24459162,-0.0055711987,1.2978487,-0.37786573,1.4523491,0.0
9.997237792011457,-0.31979286,-0.45638679,10.004555584272547,-0.37786573,-0.94572324,0.0
0.031672186,-0.30209845,-0.0055711987,-4.475517675677891,-0.37786573,-4.267873748290467,1.5306232895807108
-4.610228507949586,-0.47019533,0.5562494683276447,-0.85955255,-0.37786573,-0.94572324,0.0
9.997237792011457,-0.24459162,-0.0055711987,-0.85955255,-0.37786573,-0.94572324,-0.42730912225587925
3.587647085331427,0.22431022,0.12967348,0.52780033,1.2233256,1.3396062,0.0
0.35163656,-0.12957796,-5.286743158732957,-0.85955255,-0.37786573,-0.94572324,0.0
-0.21342493,-0.35960528,0.76081531,1.4421536,1.0808248,10.006245889191648,0.0
-0.78441482,-0.47019533,-0.59163147,-0.85955255,-0.37786573,-0.14865631791216616,0.0
9.997237792011457,-0.47019533,-0.59163147,-0.85955255,-0.37786573,-0.94572324,0.0
-0.78441482,-0.47019533,-0.59163147,10.004555584272547,-0.37786573,-0.94572324,0.0
-0.18971132,1.3558142494909833,-0.0055711987,0.97548324,-0.37786573,1.6747878,0.0
9.997237792011457,10.0000062172904,-0.59163147,10.004555584272547,-0.37786573,-0.94572324,0.0
2.629329,10.0000062172904,-0.41130523,1.7830846,-0.37786573,0.25178936,0.0
-0.78441482,-0.47019533,-4.210498575242392,-0.85955255,-0.37786573,-0.94572324,1.5306232895807108
9.997237792011457,-0.47019533,-0.59163147,-0.85955255,-0.37786573,-0.94572324,1.5306232895807108
-0.78441482,-0.8963776895062687,-0.59163147,-2.0064754550269797,3.330840968847376,-7.204298016466673,0.0
0.11179032,-0.42595931,-3.223429825983159,0.75818193,-0.37786573,1.2420988,0.0
-0.39517282,0.8797693919008494,-0.59163147,0.17294517,-0.37786573,0.270072,0.0
0.16429903,-0.22689721,-0.14081588,-0.85955255,-0.37786573,-0.94572324,0.0
9.997237792011457,-1.200392142861934,1.5272018,-0.85955255,-0.37786573,-0.94572324,0.0
0.88908863,10.0000062172904,0.08459192,0.78307664,1.0312722,0.9983303,0.0
0.32893925,0.21546301,0.80589687,10.004555584272547,-0.37786573,-0.94572324,0.0
-4.026947895385338,-0.098612747,1.2567125,3.8852567906906703,-0.37786573,-0.94572324,0.0
-0.22223284,10.0000062172904,-0.230979,-0.85955255,-0.37786573,10.006245889191648,0.0
0.49256317,-0.12073076,-0.45638679,1.0881424,1.9712573,1.0318485,0.0
0.24136827,-3.571041183586642,-0.095734317,0.82864662,-0.37786573,0.65400734,0.0
0.29777279,-0.17823759,0.2198366,-0.85955255,-0.37786573,-0.94572324,0.0
0.34757137,0.89227416,-0.32114211,0.44509925,-0.37786573,7.770810842868086,0.0
0.26745324,0.11814376,0.08459192,-0.85955255,-0.37786573,-0.94572324,0.0
9.997237792011457,-0.36402888,-0.095734317,0.9417277,-0.37786573,1.2238161,0.0
0.19614302,-0.12957796,-0.050652758,-0.85955255,-0.37786573,-0.94572324,0.0
1.4736292,2.2105076,-0.230979,1.8978535,-0.37786573,1.4083065574779754,1.5306232895807108
5.387263488929987,-0.43038291,-0.230979,-4.857764390113878,-0.37786573,-2.2280753811655325,0.0
-0.16938536,-0.42595931,-0.18589744,0.35142761,1.124846,1.0775551,0.0
-0.13906582,10.0000062172904,-0.18589744,10.004555584272547,-0.37786573,1.565092,0.0
0.9661390673863106,-0.45250093,-0.0055711987,-0.85955255,-0.37786573,-0.94572324,0.0
9.997237792011457,4.130351,-0.45638679,1.174641,-0.37786573,0.010333256788219836,0.0
-0.17785451,-0.24901522,2.3386699,0.19193267,-0.37786573,0.95871792,0.0
-0.78441482,-0.47019533,-0.59163147,-0.85955255,-0.37786573,-0.94572324,0.0
-0.78441482,-0.47019533,-0.59163147,-0.85955255,-0.37786573,10.006245889191648,0.0
0.3145417,-0.25786243,-0.27606055,0.99067324,1.7599349443527883,1.2299103,0.0
9.997237792011457,-0.47019533,-0.59163147,-0.85955255,-0.37786573,-0.94572324,0.0
0.34198173,-0.24459162,-0.41130523,2.990091589668224,2.037964,1.3457004,0.0
-0.78441482,-0.22803136856401332,-0.59163147,-0.85955255,-4.700599367723147,-0.94572324,0.0
-0.20207627,3.005246631110701,0.58048907,2.6359313512433165,0.37381939,0.92215265,-0.16388333005277153
-0.27406402,-0.36845248,1.2116309,0.56872893,0.096719874,1.0409898,0.0
-0.25848079,-0.44365372,0.12967348,-0.85955255,-0.37786573,-0.94572324,0.0
0.12652663,0.33932388,0.30999972,0.45944536,1.0179704,0.81550395,0.17226417206712016
9.997237792011457,-0.47019533,9.989496329427736,-0.85955255,-0.37786573,-0.94572324,0.0
-0.78441482,-0.47019533,-0.59163147,-0.85955255,-0.37786573,-0.94572324,0.0
0.7439238919004879,-0.47019533,-0.59163147,-0.85955255,-0.37786573,-0.94572324,-0.28459188171360056
0.10078043,-0.32421646,0.08459192,-0.85955255,-0.37786573,-0.94572324,0.0
0.17869658,-0.41268851,-0.050652758,-0.85955255,-0.37786573,-0.94572324,0.0
-0.78441482,-0.47019533,9.989496329427736,-0.85955255,10.0049654879065,-0.94572324,0.0
-0.78441482,-0.47019533,-0.59163147,-0.85955255,-0.37786573,1.1697219692210807,0.0
4.26594035512028,10.0000062172904,-0.59163147,-0.85955255,-0.37786573,-0.94572324,0.0
9.997237792011457,10.0000062172904,-0.36622367,-2.06592127404408,1.5077017,1.5772804,0.0
0.43260161,-0.34633447,-0.050652758,-0.85955255,-0.37786573,-0.94572324,0.0
0.059620372,0.52069157,0.80589687,4.191695816557939,-0.37786573,-0.94572324,0.06011098332885055
-0.78441482,10.0000062172904,-0.59163147,-0.85955255,-0.37786573,-0.94572324,0.0
-0.78441482,0.5164211720470999,-0.59163147,-0.85955255,-0.37786573,-0.94572324,0.0
-0.78441482,-0.47019533,-0.59163147,-0.85955255,-0.37786573,10.006245889191648,0.0
0.12313897,-0.26670963,-0.41130523,-0.85955255,-0.37786573,-0.94572324,1.0
2.6171233024943708,-0.27555684,-0.50146835,2.0295001,6.5452431,1.3731243,1.0
1.4170553,0.069484139,-0.54654991,1.9881496,10.939259,1.190298,1.0
0.41938974,-0.18266119,-0.32114211,0.67716862,4.994558363981449,1.1293559,1.5306232895807108
9.997237792011457,1.5823561,-0.59163147,11.64766242102368,23.617122,1.3700772,1.0
3.389689,1.0205586,-0.54654991,-0.85955255,-0.37786573,-0.94572324,1.0920497074910043
1.8069748,1.0426766,-0.54654991,3.0016598,13.750423,0.69057261,0.8910426469926999
1.4033352,-0.12957796,0.08459192,-1.7926772030710718,-0.37786573,2.7827306031534156,1.0
1.999055,0.05178973,-0.41130523,2.0729604,-0.37786573,0.17565615971440673,1.0
0.39872502,-0.18708479,-0.36622367,1.0771718,1.4236433,1.391407,1.0
0.043020843,-0.6914100936985884,-0.36622367,1.8155744,3.7314121,1.220769,1.0
1.2837509,-0.21805001,-0.41130523,1.4940528,2.5565707,5.986131749635306,1.0
0.50543627,-0.3949941,-0.0055711987,1.2181012,1.0804627,1.6016573,1.0
0.35790373,-0.25786243,-0.41130523,0.9303352,3.2199831,1.4736788,1.0
0.87265849,-1.4028874911956255,-0.50146835,0.005678141354281241,6.5452431,1.4066425,1.098645550111204
9.997237792011457,-0.28440404,-0.095734317,5.324694830008763,1.0257737,1.2542872,0.3243154593063431
0.30878268,-0.31979286,-0.50146835,1.6307628,6.1726931,1.5468094,1.0
0.7896626793037305,-1.0765402618337867,9.989496329427736,1.4564998,3.2450722,1.2725698,1.0
0.15837063,6.067412064605058,-0.36622367,1.5219011,-0.37786573,1.3274177,1.0
-0.092654892,-3.5839211688040518,-3.1765832969809495,1.1029104,-3.41972030827168,1.2085806,1.0
-0.22494297,-0.42595931,-0.27606055,1.5535469,4.0606653,1.104979,1.0
-0.761999290642137,-0.34633447,-0.095734317,4.0037775,1.6538242,0.93738818,1.0
-1.848705023596637,-0.33748727,-0.050652758,2.1197962,0.64048158,1.5803275,1.0
-0.78441482,-0.47019533,-0.59163147,-0.85955255,-0.37786573,-3.764902312236884,1.0
0.33063308,-0.34633447,0.12967348,1.2181012,1.0804627,0.8861582664962999,1.0
4.1664791,0.65782324,-0.36622367,10.004555584272547,1.4848844,1.391407,1.0
-0.062674111,-0.23132081,0.89605999,-1.66428914204052,-0.37786573,1.0745079,0.0
-0.78441482,-0.47019533,-0.59163147,-0.85955255,-0.37786573,2.452954730045433,0.0
0.74223362,2.1662716,3.5859595331956964,1.4193687,0.34968513,0.92824687,0.0
0.13601208,-2.3652006621637853,-0.27606055,-0.85955255,10.0049654879065,-0.6861062397215938,0.0
0.7493181954130782,10.0000062172904,0.62557063,-0.85955255,-0.37786573,-0.94572324,-0.5586053986627111
0.23137467,0.44106673,-0.230979,-0.85955255,-0.37786573,-0.94572324,0.0
-0.22646741,10.0000062172904,0.40016284,0.863668,0.8996368,0.87644607,0.0
-0.78441482,-0.47019533,0.7759502079810305,-0.85955255,10.0049654879065,-0.94572324,0.0
9.997237792011457,-0.47019533,-0.59163147,-0.85955255,-0.37786573,4.5271688383728375,0.0
0.31521923,0.5870456,0.58048907,10.004555584272547,-0.37786573,0.83073948,0.0
1.979917057426161,2.1883896,-0.27606055,1.5948975,-0.37786573,0.92824687,0.0
0.38669883,0.37028909,0.08459192,10.004555584272547,-0.37786573,1.1202145,-0.35318415305942136
0.16497656,-0.16939038,-0.18589744,1.0413066,1.5127063,1.0409898,0.0
-0.78441482,-0.47019533,-3.6030101203349902,-0.85955255,-0.37786573,-1.6650984065563843,0.0
0.0084667236,-0.3994177,5.047414275664343,0.25944376,7.775651483016091,1.0684137,0.0
0.18276177,-0.2003556,9.989496329427736,0.41640704,1.5996292,1.047084,0.0
-0.78441482,-0.47019533,-0.59163147,-0.85955255,-0.37786573,-0.94572324,0.0
-0.78441482,-0.47019533,-0.59163147,-0.85955255,-0.37786573,-0.94572324,0.0
4.216278767237145,-0.47019533,-0.59163147,-0.85955255,3.219768656333068,-2.8388297524881114,0.0
-0.13093544,-0.43923012,-0.230979,1.6885691,2.1410202,0.73018498,-0.47359467389426235
-0.78441482,-0.47019533,-0.30131027977407215,-0.85955255,-0.37786573,-0.94572324,0.0
0.8933232,-0.44365372,-0.41130523,-0.85955255,-0.37786573,-0.94572324,1.5306232895807108
-0.78441482,-0.47019533,-0.59163147,-0.85955255,-0.37786573,-0.94572324,0.0
0.29455451,-0.0012934972,-0.18589744,-0.85955255,-0.37786573,1.0054778958981974,0.0
0.021001061,-0.14727237,0.58048907,0.82442718,0.18502559,1.2055335,0.0
-0.78441482,-0.47019533,-0.59163147,-0.85955255,-0.37786573,-2.2793214815316065,0.0
-0.3127265703474449,-0.47019533,-0.59163147,-0.85955255,-0.37786573,-0.94572324,0.0
0.12432700317704505,-0.3949941,-3.4708222699419022,0.9083941,-0.37786573,1.2146748,0.0
-0.78441482,-0.47019533,9.989496329427736,-1.836489946976601,-0.37786573,-0.94572324,0.0
9.997237792011457,-0.42595931,0.17475504,-0.85955255,-0.37786573,-0.94572324,0.0
-0.14042088,-0.17381398,-0.0055711987,0.59953087,-0.37786573,1.3243706,0.0
-2.508454300723132,10.0000062172904,9.989496329427736,-0.85955255,-0.37786573,-0.94572324,0.07400370265744333
0.18106794,-0.032258713,1.301794,0.27041431,0.065934697,-2.2587311831994263,0.0
0.029639591,0.14910898,0.039510361,-0.85955255,-0.37786573,-0.94572324,0.0
-0.31522408,-0.41268851,0.08459192,-0.85955255,10.0049654879065,-0.94572324,0.0
0.015919573,-0.32864006,-0.36622367,-1.1965673802792345,-0.37786573,0.94957661,0.0
-0.78441482,-0.47019533,-4.91396958029979,-0.85955255,-0.37786573,-0.94572324,0.0
1.447883,0.75514249,-0.50146835,10.004555584272547,2.7864883,1.1567798,0.0
0.39432106,-0.0057170995,0.2198366,1.2278059,-0.37786573,1.1963922,1.5306232895807108
-0.78441482,-0.47019533,-0.59163147,-0.85955255,-0.37786573,-2.1254682286967306,0.0
-0.78441482,-0.47019533,-0.59163147,-0.85955255,-0.37786573,-0.94572324,0.0
0.15870939,-0.16054318,0.30999972,-0.85955255,-0.37786573,-0.94572324,0.0
0.33673086,-3.2477731886366903,-1.925235589051025,1.4446853,-0.37786573,0.62963049,0.0
-0.036419756,-0.27555684,0.17475504,0.24973904,-0.37786573,1.1933451,0.0
9.997237792011457,0.42779592,-0.18589744,10.004555584272547,1.2143041,0.79417421,-0.35956743601248775
0.59165219,3.0023324,0.80589687,1.3008023,-0.37786573,1.1171674,0.0
0.14651382,-0.27113323,-0.230979,0.79024969,-0.37786573,1.5955631,0.0
-0.20952912,-0.4038413,0.12967348,-0.85955255,-0.37786573,-0.94572324,0.0
0.97208627,5.0593075,-0.41130523,0.5108823848625293,-0.37786573,-0.94572324,0.0
2.2216016606889157,0.14468538,-0.45638679,-0.85955255,-0.37786573,-2.1316386179752302,0.0
-1.0061013245210486,-0.39057049,0.94114155,0.44130175,0.37273286,1.670140590028838,0.0
1.0748859072264643,-0.47019533,1.748836681525648,-0.85955255,-0.37786573,-0.94572324,0.0
0.37568894,2.161848,0.039510361,0.87210689,-0.37786573,0.93129397,0.0
0.57996476,0.74629528,-0.32114211,0.67632473,1.5130026,1.132403,0.0
-0.78441482,-0.47019533,-0.59163147,-6.063743972965888,-0.37786573,-4.781843772903449,0.0
-0.78441482,-0.47019533,-0.59163147,-0.85955255,-0.37786573,0.6862434422523056,0.0
-0.78441482,-0.47019533,-2.575267456389259,-0.85955255,-0.37786573,-0.94572324,0.0
0.066565072,-0.34191087,-0.050652758,-0.85955255,-0.37786573,-0.94572324,0.0
-0.5930121,-0.45250093,1.9329359,-0.17600277,-0.37786573,0.55954706,0.0
0.3641709,0.55608039,1.6624465,-0.85955255,-0.37786573,-0.30280271755656196,0.0
-0.78441482,-0.47019533,-0.59163147,-0.85955255,0.8248468775412662,-0.94572324,0.1424159136514932
-0.78441482,-0.47019533,-0.59163147,-0.85955255,10.0049654879065,-0.94572324,0.0
9.997237792011457,1.2461623,-0.0055711987,1.3598745,0.21067442,0.90996423,0.02266869882191671
-0.054374347,-0.27555684,-0.095734317,0.52315895,0.68921106,-0.9260643091353753,0.0
-0.52136311,-0.42153571,6.119139496512986,0.060707987,1.9459706,0.84597501,0.0
-0.34740683,-0.44365372,0.12967348,0.38855871,-0.37786573,1.0531782,0.0
0.14312616,0.35259468,1.8878543,2.7742318,0.18548654,-4.502491584937282,0.0
-0.099430209,-0.43923012,-0.27606055,0.68096612,-0.37786573,0.96785924,0.0
0.78186923,0.82149652,2.0831152646809974,-0.85955255,3.4449181317631967,-0.94572324,0.0
0.35790373,-0.058800326,-0.36622367,0.42526787,-0.37786573,0.9465295,0.0
-0.21054542,-0.3949941,0.35508128,1.015568,0.22624809,1.2024864,0.0
-0.028119992,-0.41268851,-0.32114211,-0.85955255,-0.37786573,-0.94572324,0.0
9.997237792011457,1.0471002,0.7348021561943985,1.2839245,5.535680074812951,0.7393263,0.0
-0.78441482,-0.47019533,-0.59163147,-0.85955255,-0.37786573,-0.94572324,0.0
-0.78441482,-0.47019533,-0.59163147,-0.85955255,-0.37786573,-0.94572324,0.0
0.062669264,-0.12073076,0.85097843,10.004555584272547,3.2027961,0.60220654,0.0
9.997237792011457,-0.47019533,-0.59163147,-0.85955255,2.632074718707729,-0.94572324,0.0
0.094513257,-0.27555684,-0.18589744,0.7083925,-0.37786573,1.3731243,0.0
-0.43328398,-0.42595931,1.4370387,1.3775962,-0.37786573,0.6844784,0.0
1.7908834,2.2237784,-0.0055711987,1.1805482,0.12710995,0.53821731,0.0
0.58995836,0.45876114,-0.230979,1.1872993,-0.37786573,1.0623195,0.0016074526769642068
0.10552315,-0.3949941,0.40016284,3.5217854854460864,-0.37786573,-0.94572324,-0.18717309506492905
0.12025946,0.32605307,-0.14081588,0.4818084,1.4239726,0.92519976,0.0
-0.18039525,-0.32864006,0.2198366,-0.85955255,-0.37786573,-0.94572324,1.5306232895807108
-0.10739121,-0.38614689,-0.14081588,-0.85955255,-0.37786573,-0.94572324,0.0
-0.032015799,-0.38172329,9.989496329427736,-0.6514949963685521,-0.37786573,1.7052589,0.0
-0.78441482,-0.47019533,-0.59163147,-3.929561635166317,-0.37786573,-0.94572324,0.0
-0.10061589,10.0000062172904,-0.32114211,0.56872893,2.6224214,1.7357299,0.0
-0.049970391,0.5636769529257187,0.49032595,1.4071323,-0.37786573,0.71799656,0.0
9.997237792011457,0.77283689,-0.32114211,-0.85955255,-0.37786573,-0.94572324,0.0
9.997237792011457,-0.30209845,-1.8241801359142717,0.64510085,1.958153,4.403033285780918,0.0
5.883514,-0.35075807,-0.6205480190662407,-0.85955255,-0.37786573,-0.94572324,0.0
0.19902253,0.025248116,0.85097843,0.66071279,0.16991287,1.1080261,0.0
-0.78441482,-0.47019533,-0.59163147,-0.85955255,-0.37786573,-2.0686247917727165,0.0
-0.29930208,-0.44807732,0.40016284,0.1598649,-0.37786573,2.820336527713782,0.0
-0.17616068,-3.2265915259128923,0.039510361,-0.13802778,2.0412894,1.162874,0.0
-0.084524511,-0.41711211,0.08459192,-0.85955255,-0.37786573,-1.0983996830479874,0.0
-0.16176313,-0.37287609,0.98622311,-0.85955255,-0.37786573,10.006245889191648,0.0
-0.14905941,-0.32864006,-0.14081588,-0.85955255,-0.37786573,-0.94572324,0.0
-0.39330961,-0.43923012,6.070118085444052,0.34130095,-0.37786573,1.421878,0.0
0.8467429,3.9711013,1.1214678,0.12948491,-0.37786573,0.46203967,0.0
9.997237792011457,-0.38172329,0.08459192,-0.85955255,-0.37786573,-0.94572324,0.0
0.63416731,-0.23574442,2.543703378658382,2.3545192531230144,0.70758339,1.0866964,0.0
0.19902253,-0.089765542,0.71573375,0.87337272,0.60146507,1.5224325,1.5306232895807108
-0.10688306,-0.4082649,0.2198366,-0.85955255,-5.65976841327808,-0.94572324,0.0
0.22985023,-0.44807732,9.989496329427736,-1.0111423315541395,-0.37786573,-0.94572324,0.0
1.040517,6.643353278396459,-0.41130523,1.4556559,-0.37786573,0.45899256,1.5306232895807108
0.4207448,0.33490027,2.1132621,1.0535429,0.15647934,0.75456183,0.0
1.0933645,-1.6020753838392088,0.58048907,-0.85955255,-0.37786573,-0.94572324,0.0
-0.78441482,-0.47019533,-1.5502163842466072,-0.85955255,-0.37786573,-0.94572324,0.0
1.4322414630010485,-0.31979286,0.58048907,0.9007991,0.11048266,-3.36359338694837,0.0
0.22155046,1.94958507478198,-0.230979,-0.85955255,-0.37786573,-0.94572324,1.5306232895807108
0.21054057,-4.867163562843027,-0.230979,10.004555584272547,1.5465535,0.95871792,0.0
0.0037240013,-0.32421646,1.0763862,0.27632153,-0.37786573,-2.1497128121194047,0.0
0.56014696,0.17565059,-0.14081588,0.44467731,0.3846189,0.94957661,-0.006485177486865212
-0.78441482,-0.47019533,-0.59163147,-0.85955255,10.0049654879065,-0.94572324,0.0
-0.078087959,-0.39057049,-0.095734317,-0.85955255,-0.37786573,-0.94572324,0.0
-0.78441482,-0.47019533,-0.59163147,-0.85955255,-0.37786573,-0.94572324,0.0
-5.5964248324259565,-0.47019533,-0.59163147,1.4298809249505502,-0.37786573,-0.94572324,0.0
0.08892362,-0.22689721,0.35508128,-0.85955255,-0.37786573,-0.94572324,0.0
-0.21952271,-0.30652205,1.6381200608527013,0.82780274,0.1985579,1.8378462880892301,0.0
-0.073006471,0.3486660858839932,-0.36622367,0.5747128101060789,3.8971253,1.248193,0.0
9.997237792011457,-0.36845248,1.1665493,0.22695404,-0.37786573,0.9465295,0.0
0.031502803,0.060636934,0.26491816,-0.85955255,-0.37786573,-2.667355242819141,0.0
-0.78441482,-0.47019533,-0.59163147,10.004555584272547,10.0049654879065,-0.94572324,0.0
0.40821046,4.9029410354463545,-0.41130523,-0.85955255,-0.37786573,-1.3759193549157336,0.0
-0.12077246,-0.3949941,2.851090868634713,0.65438363,0.19091922,0.93738818,0.0
-0.78441482,-0.47019533,-0.59163147,3.7285359943540923,-0.37786573,-0.94572324,-0.06585421559576184
-2.7907569195733815,-0.3949941,2.0681805,1.0792815,0.080520616,0.97090635,0.0
-0.78441482,-0.47019533,-0.59163147,-0.85955255,-0.37786573,-0.94572324,0.0
-0.45564253,-0.44365372,3.150138,-1.1466558162903335,-0.37786573,-1.5573739028358955,0.0
-0.78441482,-0.47019533,-0.59163147,-0.85955255,-0.37786573,-0.94572324,0.0
-0.23408965,-0.33306367,0.44524439,0.49446673,10.0049654879065,1.3121822,0.0
0.48917551,-0.43480652,-0.8438922314218846,-0.85955255,-0.37786573,-0.94572324,0.0
-2.810306050556504,-0.4082649,-0.230979,0.4932009,-0.37786573,1.3274177,0.0
-0.067416834,-0.3994177,0.26491816,0.86029245,-2.969510668052693,1.1141203,0.24054257463769305
-4.913721068541562,-0.47019533,-0.59163147,-0.85955255,-0.37786573,-0.94572324,0.0
0.15159531,-0.31536926,0.039510361,10.004555584272547,-0.37786573,-0.94572324,0.0
-0.78441482,-0.47019533,-0.59163147,-0.85955255,-0.37786573,-0.94572324,0.0
9.997237792011457,-0.47019533,-0.59163147,-0.85955255,-0.37786573,-0.94572324,0.0
0.048779863,-0.32421646,0.35508128,-1.907804825982474,0.44490516,1.1141203,0.0
-0.11264208,0.24642823,2.3189988955756253,0.37083705,0.067580964,0.90387002,0.0
-0.78441482,-0.47019533,-0.59163147,-0.85955255,-0.37786573,0.8585752684031953,1.5306232895807108
-0.22528173,-0.44365372,-0.0055711987,0.0079649487,-0.37786573,0.78198578,0.16200410465084308
0.39347415,1.838925,0.12967348,0.14678463,0.53281577,0.5808768,0.0
-0.78441482,0.9976943052926496,-0.59163147,-0.85955255,-0.37786573,-0.94572324,0.0
0.92990992,6.080079879479008,-0.45638679,0.70206333,-0.37786573,0.52602889,0.0
-0.043364456,-0.34633447,-0.050652758,0.91936465,-0.37786573,1.0897435,0.0
-0.78441482,0.4087577182673918,9.989496329427736,-0.85955255,-0.37786573,10.006245889191648,0.0
0.30048291,-0.12515436,-0.0055711987,0.98139046,-0.37786573,1.0592724,0.0
0.11263723,-0.18266119,1.4821203,0.19235461,0.32858,10.006245889191648,0.0
-0.13195173,10.0000062172904,0.49032595,1.3307603,-7.915391242610503,1.0013774,0.0
-1.853983047660557,0.71975367,0.62557063,10.004555584272547,-0.37786573,1.4127367,0.0
0.4425952,-0.11188355,-0.41130523,1.0843449,1.6485562,1.0166129,0.0
0.30437872,-1.3852877849021503,0.039510361,1.0991129,-0.37786573,-2.1722414342246408,1.5306232895807108
-0.78441482,-0.47019533,-0.59163147,-0.47587325957443416,-0.37786573,-0.94572324,0.0
0.38280302,-0.010140702,-0.36622367,-0.85955255,-0.37786573,-0.94572324,0.74523764759258
-0.78441482,-0.47019533,-0.59163147,-0.85955255,10.0049654879065,-0.94572324,0.0
-0.10010774,-0.26670963,3.0120680475948243,10.004555584272547,2.6169826074757987,0.88863449,0.0
9.997237792011457,-0.44365372,0.53540751,-0.85955255,-0.37786573,-0.94572324,0.0
-0.014399973,-0.36402888,-0.095734317,1.1708435,-0.37786573,1.0379427,0.0
0.26728386,-0.44365372,-0.32114211,0.9265377,-0.37786573,0.95262371,0.0
0.18022103,-0.28882764,1.2567125,2.264945,0.42709256,3.049375194092499,0.0
0.56421215,0.37028909,0.53540751,1.0218971,-2.3933603876258553,1.2299103,0.0
-0.78441482,-0.47019533,-0.59163147,-0.85955255,-0.37786573,-0.94572324,1.5306232895807108
0.27897128,-0.195932,0.039510361,10.004555584272547,-0.37786573,-0.94572324,0.0
-0.012197995,-0.4038413,-0.095734317,-0.85955255,-0.37786573,-0.94572324,-0.37321852824272705
-0.22172469,1.9322769314102137,0.80589687,0.40628037,0.13464985,1.2146748,0.0
-0.19005008,-0.35075807,0.12967348,1.0889863,-0.37786573,1.1872509,0.0
-0.30658555,0.3391828488475124,1.4821203,0.38855871,0.15397701,0.85511633,0.0
-0.2315489,-3.774597868692884,-0.095734317,-0.85955255,-0.37786573,-0.94572324,0.0
-0.053866198,-6.0065578245755535,-0.050652758,-0.85955255,-0.37786573,10.006245889191648,0.0
-0.78441482,10.0000062172904,-0.59163147,-0.85955255,-0.37786573,-0.94572324,0.0
-0.78441482,-0.47019533,-0.59163147,-0.85955255,-0.37786573,-0.94572324,0.0
-0.50188408,-0.43923012,0.17475504,-0.19709998,1.2748208,0.68143129,0.0
-0.28947787,-0.010140702,1.6173649,-0.85955255,-0.37786573,-0.94572324,0.0
-0.78441482,-0.47019533,-0.59163147,-0.85955255,-0.37786573,-0.94572324,-0.5360368642345645
1.3831787,4.7452317,-0.14081588,0.48771563,-0.37786573,0.37976781,0.0
0.043020843,-0.14727237,1.7526096,-0.5004976954383279,-0.37786573,-1.7939182970811525,0.0
1.2754511,4.9354466,-0.050652758,1.8894146,-0.37786573,0.59611233,0.0
-0.7212269187580196,0.23315742,-0.0055711987,0.18307184,-0.37786573,1.9104627966935,-0.016002838885489642
-0.78441482,1.8272976007716615,-0.59163147,-0.85955255,-0.37786573,-0.94572324,0.0
0.44581348,-0.14284877,0.039510361,1.56072,-0.37786573,1.2756169,0.0
0.31674367,0.91881577,0.2198366,0.36197622,0.53281577,0.70885524,0.0
-1.1799664199327586,-0.47019533,-0.59163147,-0.85955255,-0.37786573,-0.94572324,0.0
-0.78441482,-2.380840929538704,-0.59163147,-0.85955255,-0.37786573,-0.94572324,0.0
2.1819886,2.7723051,-0.50146835,2.0252807,-0.37786573,0.28530753,0.0
0.7523966,0.34374748,-0.050652758,0.9712638,-0.37786573,1.132403,0.0
1.2769756,5.0239186,-0.18589744,-0.85955255,-0.37786573,-0.94572324,0.0
-0.11315023,-0.38614689,0.2198366,0.71008027,-0.37786573,1.4035954,-0.6840802869500505
-0.78441482,-0.47019533,-0.59163147,-0.85955255,10.0049654879065,-0.94572324,0.0
-0.78441482,-0.47019533,-0.59163147,-0.85955255,-0.37786573,-0.94572324,0.0
-0.28710651,-0.3949941,0.30999972,-0.85955255,-0.37786573,-0.94572324,0.0
0.042682078,-0.28440404,-0.0055711987,10.004555584272547,-0.37786573,1.0166129,0.0
-0.78441482,10.0000062172904,-0.59163147,-0.85955255,-0.37786573,-0.94572324,0.0
-0.78441482,-0.47019533,-0.59163147,-0.85955255,-0.37786573,-0.94572324,0.0
0.24848235,-0.25786243,-0.230979,0.78560831,2.0922908,1.0074716,0.0
0.023372422,10.0000062172904,-3.1788127239441026,-7.800670676857499,-0.37786573,1.1110732,0.0
0.42362431,0.9851698,-0.0055711987,0.79362525,-0.37786573,0.93129397,0.0
0.44208705,10.0000062172904,-0.41130523,-0.18419813680593633,-0.37786573,-0.94572324,0.0
0.19529611,0.20661581,-0.230979,-0.85955255,-0.37786573,-0.94572324,0.0
1.2036328,0.56492759,-0.32114211,0.74383582,7.247525108218542,0.90082291,0.0
0.43460436786381546,0.020824514,0.2198366,0.57168254,10.0049654879065,0.18170593,0.0
0.08948798903145305,-0.44807732,0.35508128,-0.85955255,10.0049654879065,-0.94572324,0.0
0.34621631,0.14026177,-0.32114211,-0.85955255,-0.37786573,-0.94572324,0.0
-0.40543670110905433,-0.47019533,-0.59163147,2.393071542749175,-0.37786573,-0.94572324,1.5306232895807108
0.028284528,1.0973609054624731,-0.050652758,-0.85955255,-0.37786573,4.57839889088465,0.0
0.055385798,-0.41268851,-0.0055711987,-0.85955255,-0.37786573,-0.94572324,0.0
3.0744673,5.0814255,-0.45638679,1.3704231,-0.37786573,0.40719176,0.0
-0.28100872,-0.44365372,-0.27606055,2.0252807,10.0049654879065,0.75151473,0.0
9.997237792011457,-0.47019533,-0.59163147,-0.85955255,-0.37786573,-0.94572324,0.0
0.86927083,2.4715002,-0.36622367,-0.85955255,-0.37786573,-0.94572324,0.8442474958508992
-0.12060308,-0.23574442,-0.18589744,0.93075715,2.179591908311754,1.680882,0.0
9.997237792011457,-0.36402888,9.989496329427736,-0.85955255,-0.37786573,-0.94572324,0.0
-0.78441482,-0.47019533,-0.59163147,-3.8685433884115352,-0.37786573,-0.94572324,0.0
0.20461217,-0.049953122,0.98622311,10.004555584272547,-0.050983124,3.8915223991018784,0.0
0.014225744,-0.36402888,0.89605999,10.004555584272547,-0.37786573,-0.94572324,0.0
-0.78441482,-0.47019533,9.989496329427736,-3.0788720760797563,-0.37786573,-0.94572324,0.0
0.013378829,10.0000062172904,0.85097843,1.7041811,0.5885875405604628,4.710657572240306,0.0
9.997237792011457,-0.47019533,-0.59163147,-0.85955255,-0.37786573,-0.94572324,0.0
0.06182235,-0.24016802,0.9831374875871977,0.14889435,0.038837157,1.2634285,-0.37562246663000615
-0.24171188,-0.43480652,0.26491816,2.3729628,-0.37786573,0.41328597,0.0
-0.37840391,-0.24016802,2.8796486,0.82991246,0.088422693,0.52602889,1.5306232895807108
1.8376331,10.0000062172904,-0.45638679,2.4455372,-0.37786573,0.76370315,-0.5204847674381495
-0.78441482,-0.47019533,-0.59163147,-0.85955255,-0.37786573,-0.94572324,0.0
-0.78441482,-0.47019533,-0.59163147,-0.85955255,-0.37786573,-0.94572324,0.0
0.3829724,0.34374748,-0.230979,1.0691549,-0.37786573,1.0288014,0.0
-0.78441482,-0.47019533,-0.59163147,-0.85955255,-0.37786573,-0.94572324,0.0
-0.78441482,-0.47019533,-0.59163147,-0.85955255,-0.37786573,-0.94572324,0.0
-0.31607099,10.0000062172904,-0.050652758,10.004555584272547,1.1905649,0.62963049,0.0
0.75070277,0.67994125,-0.41130523,1.5814127179879578,-0.37786573,-0.94572324,0.0
-0.78441482,-0.47019533,-0.59163147,-0.85955255,-0.37786573,-0.94572324,0.0
0.39652304,0.35701828,-0.14081588,0.92906937,-0.37786573,1.1141203,0.0
-0.40465827,-0.38614689,2.5640777,0.5712606,0.22042031,0.66314866,0.0
-0.78441482,-0.47019533,-0.59163147,-0.85955255,2.9493849398162246,10.006245889191648,0.0
0.089093003,-0.15611958,0.34862192154052046,0.56450949,-0.37786573,1.1567798,0.0
1.5322554681191918,-0.32421646,0.94114155,-0.85955255,-0.37786573,-0.94572324,0.0
0.14854642,-0.30209845,-0.095734317,-0.85955255,-0.37786573,10.006245889191648,0.0
-0.78441482,-0.47019533,9.989496329427736,10.004555584272547,-0.37786573,-0.94572324,1.5306232895807108
0.062838647,10.0000062172904,-0.0055711987,-0.85955255,-1.5217027893473971,-0.94572324,0.0
-0.10366478,-0.29767485,-0.8500482422881068,1.106286,-0.37786573,1.0166129,1.5306232895807108
-0.78441482,-0.47019533,-0.59163147,-0.85955255,-0.37786573,-0.94572324,0.0
-0.78441482,-0.47019533,-0.59163147,-0.85955255,-0.37786573,-0.94572324,1.5306232895807108
0.3790766,-0.35960528,-0.27606055,-0.85955255,-0.37786573,-0.94572324,0.0
-0.07351462,-0.44807732,-0.36622367,-0.85955255,-0.37786573,-0.94572324,0.0
-0.78441482,-0.47019533,-0.59163147,10.004555584272547,-2.1126293513551997,-0.94572324,0.0
-0.2027538,-0.42595931,-0.14081588,-0.85955255,-0.37786573,-0.94572324,0.0
-0.78441482,-0.47019533,-0.59163147,-0.85955255,-0.37786573,-0.94572324,0.0
-0.78441482,10.0000062172904,0.08089120641322711,-0.85955255,-0.37786573,1.6861747341931985,0.0
-0.21088418,-0.45250093,-0.050652758,-0.85955255,-0.37786573,-0.94572324,0.0
14.210041,-0.11630716,-0.59163147,7.8645679,10.0049654879065,0.34648553055749215,0.0
-0.48460702,10.0000062172904,5.4042159,0.16408434,-0.37786573,0.4772752,0.0
9.997237792011457,-0.12073076,3.1273213425448434,4.437249625996716,-0.37786573,-0.94572324,0.0
0.39974132,0.32605307,-0.050652758,0.49573257,0.42268057,10.006245889191648,0.0
-0.78441482,-0.47019533,-0.59163147,10.004555584272547,-0.37786573,-0.94572324,0.0
-0.78441482,-0.47019533,-0.59163147,-0.85955255,-0.37786573,-0.94572324,-0.0678627372315765
-0.54507673,-4.0722340723151325,0.17475504,0.87674828,-0.37786573,0.67228997,1.5306232895807108
5.953956842923579,2.132974687277436,0.5301021637987852,-0.85955255,-1.773231665146115,-0.94572324,0.0
-7.836699891107761,-0.36402888,0.039510361,0.045096048,1.2838424,1.190298,0.0
0.79829937,0.47645554,-0.36622367,1.9162739428460385,0.9991042,1.1476385,0.0
-0.48680899,-0.5592287337772339,9.989496329427736,-0.85955255,10.0049654879065,-0.94572324,0.0
-0.31149765,-0.41268851,0.44524439,0.91894271,0.44454298,0.96785924,0.0
-0.43091262,-4.58754096505145,0.44524439,-0.85955255,-0.37786573,-0.94572324,0.0
-0.78441482,-0.47019533,-0.59163147,-1.9896050056068657,10.0049654879065,-0.94572324,0.0
9.997237792011457,-0.47019533,-0.59163147,-0.85955255,-0.37786573,10.006245889191648,0.0
-0.40923161,-0.41711211,1.6624465,0.80375191,0.24001088,0.75456183,0.0
0.63772435,4.8292801,0.26491816,1.0164118,-0.37786573,0.53517021,0.0
1.4451728,5.0858491,-0.27606055,0.6788564,-0.37786573,4.170917650921812,0.0
-0.78441482,-0.47019533,-0.59163147,-0.85955255,3.3946857260410237,-0.94572324,0.0
0.079946324,-0.26228603,0.94114155,1.083501,-0.37786573,1.3517946,0.0
-0.78441482,-0.47019533,-0.59163147,-0.85955255,-0.37786573,-0.94572324,0.0
-0.78441482,-0.47019533,-0.59163147,-0.85955255,-0.37786573,-0.94572324,0.0
-0.1312742,-0.35960528,1.5722834,0.1636624,0.034359313,0.19090793241904014,0.0
-0.78441482,-0.47019533,-0.59163147,-0.85955255,-2.316791627625946,-0.94572324,0.0
0.16311335,-0.37287609,-0.36622367,-0.85955255,-0.37786573,-0.94572324,0.0
1.4067229,-0.45250093,0.17475504,-0.85955255,-0.37786573,-0.94572324,0.0
-1.626783728046357,-0.43923012,-0.14081588,-2.4683147668879086,-0.37786573,-0.94572324,0.0
0.056402096,-0.27555684,0.2198366,1.1552315,0.37115244,1.3243706,-0.278869829275966
-0.024901716,-0.26670963,-0.050652758,0.49910812,0.68921106,1.3578888,0.0
0.30302366,0.10929656,0.12967348,0.64510085,1.179074,0.79417421,0.0
-1.452673199029432,1.172884495402863,-0.18589744,0.96620047,1.524757,0.9434824,0.0
0.385005,-0.32864006,-0.14081588,1.1801262,-0.37786573,1.5894688,0.0
-0.056915091,-0.31979286,9.989496329427736,0.6227378,-0.37786573,1.3365591,0.0
1.2884936,0.71975367,-0.41130523,6.369951977873721,-0.37786573,-0.94572324,0.0
0.47426981,0.35259468,-0.14081588,0.37885399,2.4231903,0.88558738,0.0
-0.78441482,10.0000062172904,-0.59163147,-0.85955255,-0.5466054364220673,-0.94572324,0.0
0.16243582,-0.29325125,-0.32114211,0.66788584,1.6992612,1.479773,-0.48107393985458013
-0.78441482,-0.47019533,-0.59163147,-0.85955255,-0.37786573,-0.94572324,0.0
0.42091418,0.21988661,-0.45638679,2.1771806,-0.37786573,1.1506856,0.0
2.4677376,3.67472,9.989496329427736,-0.85955255,-0.37786573,-0.94572324,1.5306232895807108
-0.15651226,-0.43038291,-0.230979,-0.85955255,-0.37786573,-0.94572324,0.0
-0.78441482,-0.47019533,9.989496329427736,-0.85955255,-0.37786573,0.13561035578859726,-0.32479182160950343
-0.78441482,-0.47019533,-0.59163147,-0.85955255,-0.37786573,5.662621845909785,0.0
-0.083000064,-0.23132081,-0.41130523,-0.85955255,-0.37786573,-0.94572324,-0.6632191113466301
-2.424656387940388,-0.47019533,-0.59163147,-0.85955255,-0.37786573,-0.94572324,0.0
4.642264956920081,0.15795618,-0.18589744,-0.85955255,-0.37786573,-0.94572324,0.0
9.997237792011457,-0.47019533,-0.59163147,-0.85955255,-0.37786573,-0.94572324,1.5306232895807108
0.31911504,0.83034372,0.44524439,0.26324125,-0.37786573,0.94043529,0.0
0.73427262,-0.5246831693516301,-0.41130523,-0.85955255,-0.37786573,-0.94572324,0.0
-0.78441482,-0.47019533,-0.59163147,-0.85955255,-0.37786573,-0.94572324,1.5306232895807108
-0.22714495,-4.142371145645623,-3.3759784526945045,-0.85955255,-0.37786573,-0.94572324,-0.2185109604556865
0.69192689,0.3835599,0.039510361,1.3096631,-0.37786573,0.87644607,0.0
0.090278684,-0.058800326,0.17475504,0.82527107,0.93256212,2.2881360088295386,0.0
0.20207142,0.10044935,1.9329359,0.049737435,0.0036399867,0.87035185,0.0
9.997237792011457,-0.43038291,-2.2367161627993006,-0.85955255,-0.37786573,0.025904814329383297,0.0
-0.52830781,-0.44365372,9.989496329427736,0.95522992,0.68667581,0.65400734,0.0
1.02595,4.3603783,-1.5109183399731203,0.33623762,-0.37786573,0.30663727,0.0
0.4485236,1.2488765347359712,-0.41130523,-0.85955255,4.788112919435883,1.843374331342666,0.0
-0.17616068,10.0000062172904,1.2116309,1.363672,0.07591107,0.8947287,0.0
-0.0061002093,-0.28882764,-0.14081588,-0.85955255,-4.716197061188039,10.006245889191648,0.0
-0.78441482,-0.47019533,-0.59163147,-0.85955255,-0.37786573,-0.94572324,0.0
0.40414527,-0.22247361,0.12967348,-0.85955255,-0.37786573,-0.94572324,0.0
8.552915072309126,0.83919093,-2.585379769341781,2.1252815,-0.37786573,10.006245889191648,0.0
-1.9577381366035527,-0.18708479,-0.45638679,-1.1084959365047589,-0.37786573,-0.94572324,0.4569648967927407
-4.536276183766387,-0.45250093,0.12967348,0.30923318,1.1584298,0.83073948,0.0
9.997237792011457,0.50742076,0.58048907,0.98982935,-0.37786573,1.1933451,0.0
0.16175828,0.05178973,1.0763862,0.50417145,0.54588713,0.95567082,0.0
1.2393726,1.3036692,0.48834446501900114,1.2037551,-0.37786573,0.94043529,0.0
-0.11866906990223736,0.8151180950019795,-0.59163147,1.4013425613360733,-0.37786573,-0.94572324,-0.5093561837311145
-0.78441482,10.0000062172904,-0.59163147,-0.85955255,-0.37786573,-6.382167293349804,0.14477293598126076
-0.78441482,-0.47019533,-0.59163147,-0.85955255,-0.37786573,-0.94572324,0.0
-0.2960838,0.4361739868257095,2.4739146,0.5189395,1.4429347139299498,1.0044245,0.0
-0.78441482,-0.47019533,-0.59163147,-4.3486383734468745,-0.37786573,-0.94572324,0.0
-0.78441482,-0.47019533,-0.59163147,-0.85955255,-0.37786573,10.006245889191648,0.0
-0.21240863,-0.38614689,1.2567125,0.50543729,0.10327201,1.2329575,0.18048377959919315
3.802115056217955,-0.47019533,-0.59163147,-0.85955255,-0.37786573,-0.94572324,0.0
1.2412358,2.1043412,-0.050652758,-0.85955255,-0.37786573,-0.94572324,0.0
2.4228395174887405,-0.42595931,-0.32114211,-0.85955255,-0.37786573,-0.94572324,0.0
-0.78441482,-0.47019533,1.996460979509891,-0.85955255,4.557064809274861,-0.94572324,0.0
-0.19038885,2.603371649439576,-0.8923165346896536,2.9944867,-0.37786573,0.97090635,0.0
0.099086597,0.17122699,1.0313047,0.32484512,3.2711936102015056,-0.761470229891968,0.0
1.0076567,0.49857356,-0.45638679,-0.85955255,1.0995006982052846,-0.94572324,0.0
-0.060980282,-1.9826047676483252,0.08459192,-0.85955255,-0.37786573,-0.94572324,0.0
-0.78441482,-0.47019533,9.989496329427736,-0.85955255,-0.37786573,-0.94572324,0.0
0.9258335309438573,0.65782324,0.12967348,0.4151412,-0.37786573,1.1476385,0.0
-0.78441482,-0.47019533,-0.59163147,-0.85955255,-3.8336886571124764,-0.94572324,0.35054851309359175
9.997237792011457,5.0725783,-0.45638679,-0.85955255,-0.37786573,-0.94572324,0.0
-0.78441482,-0.47019533,-0.59163147,-0.85955255,-0.37786573,-0.94572324,0.0
1.7158468,1.2682803,-0.50146835,2.0721165,-0.37786573,0.4285215,0.0
1.4201041,2.0866468,-0.095734317,0.348474,0.73708448,0.40109755,0.0
0.62773075,-1.7833419636986816,0.49032595,1.2341351,0.066724905,1.2085806,0.0
0.60232331,-0.032258713,9.989496329427736,0.65100807,0.87602934,10.006245889191648,0.0
-0.78441482,-0.47019533,-0.59163147,-0.85955255,-0.37786573,-4.651718173563216,0.0
9.997237792011457,-0.08534194,0.35508128,0.78687414,-4.792740918699972,10.006245889191648,0.0
-0.78441482,-0.47019533,-0.288386097205733,-0.85955255,-0.37786573,-0.94572324,0.04104954937899042
0.4515725,10.0000062172904,-0.14081588,3.106226260447427,-0.37786573,-0.94572324,1.5306232895807108
-0.78441482,-0.47019533,-0.59163147,-3.692576801282437,-0.37786573,-3.946637493980928,0.0
-0.78441482,-0.47019533,-0.59163147,-0.85955255,-0.37786573,-0.94572324,0.0
-0.30929567,-0.45250093,0.17475504,-0.85955255,-0.37786573,1.3632716022403604,0.0
-0.78441482,-0.47019533,-0.59163147,10.004555584272547,-0.37786573,-0.94572324,0.0
-0.78441482,-0.47019533,-0.59163147,-0.85955255,-0.37786573,-3.0932053135049626,0.0
0.34113482,2.7103747,-0.36622367,0.67337112,0.45774604,10.006245889191648,0.0
5.1861644,-0.45250093,-0.54654991,-0.85955255,-0.37786573,-0.94572324,0.0
0.93736277,0.86130894,-0.050652758,0.689405,0.41267127,0.88558738,0.0
-0.22934692,-0.35960528,0.17475504,2.0189515,-0.37786573,0.78198578,0.0
-0.058778304,-0.43480652,0.49032595,0.64889835,-0.37786573,1.3853127,0.0
-0.7074604036258944,1.5690853,0.53540751,-0.85955255,-0.37786573,-0.5219504861817255,0.0
-0.78441482,-0.47019533,-0.59163147,-0.85955255,-0.37786573,-0.94572324,0.6765445614904946
-0.78441482,-0.47019533,-0.59163147,-2.421542952958244,-0.37786573,-0.94572324,0.0
-4.5052108048513855,-0.47019533,-0.59163147,-0.85955255,-0.37786573,-0.94572324,0.0
-0.21545752,-0.45250093,0.49032595,-0.85955255,-0.1866078518283242,-0.94572324,0.16722439317201063
0.63196533,-1.8278019452033658,-0.41130523,1.0282263,1.6485562,2.0246677285051393,0.0
9.997237792011457,0.20219221,-0.18589744,4.294280387770069,1.7736724,1.0288014,0.0
0.6257037341950572,0.3980409914772973,-0.59163147,-0.85955255,-0.37786573,-0.94572324,0.0
1.339986,-0.45250093,-0.32114211,-3.81748536540629,-0.37786573,2.724051350871346,0.0
-0.17954834,-4.306630939881849,0.17475504,0.7379286,-0.37786573,0.66314866,0.0
-0.78441482,-0.47019533,-0.59163147,-0.85955255,-0.37786573,-1.3521950005624719,0.0
-0.3755244,-0.3994177,1.6624465,0.4379262,-0.37786573,0.59915943,0.31657445826265485
0.63077965,-0.20397489227126514,-0.0055711987,-0.85955255,-0.37786573,-0.94572324,0.0
-0.07182079,10.0000062172904,-0.095734317,-0.85955255,-0.37786573,-0.94572324,0.0
-0.29354306,-0.38614689,0.49032595,0.30923318,0.67689699,1.1811567,0.0
0.56861611,-0.45250093,-0.41130523,-0.85955255,-0.37786573,-0.94572324,0.17301615930905714
-0.22003086,-0.44807732,-0.230979,0.80543969,-0.37786573,1.4614904,0.0
0.105015,-0.38614689,-0.095734317,4.442620632614671,-0.37786573,0.76065604,0.0
-0.31353025,0.21103941,2.3837514,1.613463,-0.37786573,-5.019573257262875,0.0
9.997237792011457,-4.286786940037032,0.40016284,1.1159907,-0.37786573,1.2085806,0.0
1.7795347,1.1444195,-0.095734317,0.50037395,-0.37786573,0.59915943,0.0
-0.18869502,-0.13400156,2.023099,-0.069672804,-0.37786573,0.75456183,0.0
0.05148999,-0.25343882,0.039510361,1.3944739,0.67083873,1.5498565,-0.049247376337126204
9.997237792011457,-0.24901522,3.150138,-0.85955255,-0.37786573,-0.94572324,0.0
0.041157631,-0.35960528,-0.230979,-0.85955255,-0.37786573,-0.94572324,0.0
-0.04014618,-0.34633447,0.89605999,-0.85955255,-0.37786573,10.006245889191648,0.0
-0.78441482,-0.47019533,-0.59163147,1.4819641168465032,-0.37786573,-0.94572324,0.0
-0.78441482,-0.47019533,-0.59163147,-0.85955255,-0.37786573,-0.94572324,0.0
-0.33707447,-0.44807732,-0.36622367,0.062395764,10.0049654879065,1.4066425,0.0
-0.086048957,-2.0058401829197496,-0.18589744,2.1189523,1.4631208,0.87644607,0.0
-2.095415164415556,-0.47019533,3.19718917908098,-0.85955255,-0.37786573,-0.94572324,0.0
-0.78441482,-0.47019533,-0.59163147,-0.85955255,-0.37786573,-2.260099089757191,0.0
-0.78441482,-0.47019533,-0.59163147,0.7456549564933886,-0.37786573,-0.94572324,0.0
-0.3894138,-0.45250093,-0.095734317,-0.85955255,-0.37786573,-0.94572324,0.0
-0.78441482,-0.47019533,-0.59163147,-0.85955255,-0.37786573,-0.94572324,0.0
0.40821046,1.0808041446382695,-0.230979,-0.85955255,-0.37786573,-0.94572324,0.0
0.035737377,-0.3994177,0.30999972,-0.85955255,-0.37786573,-0.94572324,0.0
-0.78441482,-0.47019533,-0.59163147,-0.85955255,-0.37786573,-0.94572324,0.0
-0.78441482,-7.8245626613170005,-0.59163147,-0.85955255,-0.37786573,-0.94572324,0.23534037533318425
-0.32860533,-0.43923012,-0.14081588,0.69404639,1.8763701748965567,1.2542872,0.0
0.1052724846398283,-0.44365372,1.9329359,0.73961638,10.0049654879065,0.74846762,0.0
-0.78441482,-0.47019533,-0.59163147,-0.85955255,-0.37786573,-0.94572324,0.0
-0.28270255,-0.24016802,3.7361982,1.5657833,-0.37786573,-0.9300271779696101,0.0
-0.78441482,-0.47019533,-0.59163147,-0.85955255,10.0049654879065,-0.94572324,0.0
-0.19445404,2.4690257442952843,1.0313047,-0.17853443,-0.37786573,1.3609359,0.0
0.0062647454,-0.014564304,-6.0960263391094225,0.6856075,-0.37786573,1.3548417,-0.24412911498465203
0.6820086262605581,-0.12073076,-0.27606055,-0.85955255,-0.37786573,-0.94572324,0.0
-0.21799827,-0.36845248,5.4838129540289025,0.61387697,0.19091922,1.0227071,0.0
-0.78441482,-0.47019533,-0.59163147,-0.85955255,-0.37786573,-0.94572324,0.0
0.18022103,-0.14727237,-0.14081588,-0.85955255,-0.37786573,-0.94572324,0.0
-2.263280939627051,-0.47019533,-0.59163147,-0.85955255,-0.37786573,-0.94572324,0.0
7.2565321,-0.27555684,-0.50146835,3.6573613,-0.37786573,0.20608278,0.0
9.997237792011457,-0.47019533,-0.59163147,-0.85955255,-0.37786573,-0.94572324,0.0
0.29895847,0.80822571,0.76081531,-0.85955255,-0.37786573,-0.94572324,-0.05012918759807412
-0.78441482,-0.47019533,-0.59163147,-0.85955255,-0.37786573,10.006245889191648,0.0
-0.0057614434,10.0000062172904,-0.27606055,0.54130255,1.5576494,1.3975012,0.0
-0.78441482,-0.47019533,-0.59163147,10.004555584272547,-0.37786573,-0.94572324,0.0
-0.78441482,2.1207161077536343,-4.407696319401067,-0.85955255,-0.37786573,-0.94572324,0.0
0.67668242,1.4231064,0.67065219,0.45480397,0.090266511,0.81855105,0.0
9.997237792011457,-0.47019533,-0.59163147,-1.4304485080596674,-0.37786573,-0.94572324,0.0
-0.78441482,-0.47019533,2.5616175028125214,-0.85955255,-0.37786573,-0.94572324,0.0
-0.3169179,-0.45250093,-0.45638679,-0.85955255,-0.37786573,-0.6854133255374959,0.0
-0.78441482,-0.47019533,-0.59163147,-0.85955255,-0.37786573,-0.94572324,0.0
1.9961665235692552,-0.47019533,-0.59163147,-0.85955255,-0.37786573,-0.94572324,0.0
-0.78441482,-0.47019533,-0.59163147,-0.85955255,-0.37786573,-0.94572324,0.0
-4.128927306146009,-0.26228603,-0.230979,-0.85955255,-0.37786573,-0.94572324,0.0
-0.78441482,-0.47019533,-0.59163147,-0.85955255,-0.37786573,-0.94572324,0.0
-0.78441482,-0.47019533,-0.59163147,-0.85955255,-0.37786573,-0.94572324,0.0
0.0067728942,-0.063223929,4.5927479,1.1522779,-0.03728619,0.81855105,0.0
-0.78441482,-0.47019533,-0.59163147,-0.85955255,-0.37786573,-0.94572324,0.8476469365010588
0.88959678,8.473741046882797,0.12967348,0.51345423,-0.37786573,0.93738818,0.0
0.66922957,4.8823634,0.30999972,1.1611387,-0.37786573,0.29140174,0.0
-2.270427771655438,-0.47019533,-0.59163147,-0.85955255,-0.37786573,-0.94572324,0.0
-0.78441482,-0.47019533,-0.59163147,-0.85955255,-0.37786573,-0.94572324,0.0
-0.78441482,-0.47019533,-0.59163147,-1.8834359097467361,-0.37786573,-0.94572324,1.5306232895807108
-0.25051979,-0.4082649,9.989496329427736,0.43370675,-0.37786573,1.2420988,0.0
-0.78441482,-0.47019533,-0.59163147,-0.85955255,-0.37786573,-0.94572324,-0.7948599079490962
0.41735714,1.4452244,1.0313047,3.3742366,-0.37786573,10.006245889191648,0.0
-0.32183001,-0.44807732,0.08459192,-0.85955255,-0.37786573,-0.94572324,0.0
-0.78441482,-0.47019533,-0.59163147,-0.85955255,-0.37786573,-0.94572324,0.0
1.5486658,-0.39057049,9.989496329427736,-0.85955255,-0.37786573,-0.94572324,0.0
0.43802186,0.54280958,-0.095734317,-0.85955255,-0.37786573,-0.94572324,0.0
0.30200736,-0.42153571,0.039510361,-0.85955255,-0.37786573,-0.94572324,0.0
-0.78441482,10.0000062172904,-0.59163147,-0.85955255,0.1442528046994631,1.8327572091892983,0.0
-0.39483406,10.0000062172904,-0.59163147,0.11471686,-0.37786573,0.90082291,0.0
-0.23527533,-0.4038413,0.35508128,0.64721057,-0.37786573,1.1963922,0.0
16.186909,1.370973389566674,-0.59163147,-0.85955255,-3.1212488640838805,-0.94572324,0.0
-0.78441482,-0.47019533,-0.59163147,-0.85955255,-0.37786573,-0.94572324,0.0
0.47613302,0.34417420095864604,0.12967348,0.51472006,-0.37786573,1.2146748,0.0
0.42701197,1.9672095,-3.755019304606889,0.76662081,10.0049654879065,-0.16566414,0.0
0.5786097,0.12699097,-0.050652758,1.2303376,3.3894443458734536,1.2512401,0.0
0.078421878,0.33490027,0.039510361,0.56239977,-0.37786573,0.74237341,0.0
-0.78441482,-0.47019533,0.9607665984991058,6.258533112637859,10.0049654879065,-0.94572324,0.0
-0.78441482,-0.47019533,-0.59163147,10.004555584272547,-0.37786573,-0.94572324,0.0
-0.78441482,-2.3314186977935676,-0.59163147,-0.85955255,-0.37786573,-0.94572324,0.0
0.57014055,0.61801082,-0.32114211,0.58265309,1.4382951,1.2024864,0.0
0.78322429,3.8649349,-0.32114211,-0.09857827083387272,-0.37786573,0.45899256,0.0
1.3706443,0.61801082,0.12967348,1.3784401,0.61140852,0.95262371,0.0
0.13330195,-0.32421646,-0.0055711987,-0.85955255,-0.37786573,-0.94572324,0.0
-0.78441482,-0.47019533,9.989496329427736,-0.85955255,-0.37786573,-0.94572324,0.0
0.24136827,10.0000062172904,0.40016284,0.55691449,0.63290876,0.78808,0.0
0.35654867,-0.44365372,-0.41130523,3.800843623558058,2.9945434,1.2542872,0.0
0.099086597,-0.34191087,-0.095734317,2.447813348209693,2.7253712945263766,1.4432078,0.0
0.13109997,0.9895934,-0.230979,0.58012143,1.3683946,0.5321231,0.0
-0.78441482,-0.47019533,-0.59163147,-0.85955255,-0.37786573,-0.94572324,0.0
-0.78441482,-0.47019533,-0.59163147,2.9085871349593093,-0.37786573,-0.94572324,0.0
0.54439435,2.7916235938749314,0.17475504,-0.85955255,-1.607856722835153,-0.94572324,0.0
0.25119248,-0.28882764,-0.095734317,0.16619406,-0.37786573,0.9983303,0.0
0.291675,-0.34191087,-0.18589744,0.89067244,-0.37786573,0.93434108,0.0
1.648263,4.9841062,-0.095734317,-0.85955255,-3.4599310975604536,-2.1590560329126216,0.0
-0.78441482,-0.47019533,-0.59163147,-0.85955255,-0.37786573,-1.127565290865075,0.1291782456500224
0.45682337,-0.0057170995,0.40016284,1.0307579,-2.2262676047622567,1.0013774,0.0
-0.78441482,-0.47019533,-0.59163147,-0.85955255,-0.37786573,-0.94572324,0.0
-0.78441482,5.619631179902129,-0.59163147,-0.85955255,-0.37786573,-4.785418886241575,0.0
-0.19326836,-0.38614689,1.743782946318543,-0.85955255,-0.37786573,-0.94572324,0.0
-0.78441482,-0.47019533,-0.59163147,-0.85955255,2.207549585123543,-0.94572324,0.0
-0.78441482,10.0000062172904,-0.59163147,-0.85955255,-0.37786573,-0.94572324,1.5306232895807108
-0.78441482,-0.47019533,-0.59163147,-0.85955255,-0.37786573,-0.94572324,0.0
-0.78441482,-0.47019533,-0.59163147,-0.85955255,-0.37786573,-0.94572324,0.0
0.56844672,-0.7835672859058347,-0.41130523,0.9045966,2.5642753,1.0866964,0.0
-0.25153609,-0.44365372,-0.32114211,0.57083865,3.4297503,0.85816343,0.0
-0.78441482,-0.47019533,-0.59163147,-0.85955255,10.0049654879065,-0.94572324,0.0
3.934195967208717,-0.47019533,-0.59163147,-0.85955255,-0.37786573,-0.94572324,-0.2622082114339043
0.62366556,0.96305179,0.49032595,-0.85955255,-0.37786573,-0.94572324,0.0
-0.78441482,-0.47019533,-0.59163147,-0.85955255,-0.37786573,-0.94572324,0.0
-0.22155531,-0.063223929,2.2485068,1.4290734,0.11433492,1.1171674,0.0
-1.56475144782492,1.9893275,-0.230979,-0.85955255,-0.37786573,-0.94572324,0.0
-0.78441482,-0.47019533,4.626208495781638,-0.85955255,-0.37786573,-0.94572324,0.0
0.49578144,0.30835866,-0.41130523,-3.465309711154724,-0.37786573,1.01966,0.0
-0.78441482,-0.47019533,9.989496329427736,-0.85955255,-0.37786573,-0.94572324,1.5306232895807108
0.44937052,0.1977686,-0.0055711987,1.1835018,0.55003572,1.2695227,0.41175936211547787
0.28100387,0.32605307,-0.095734317,-0.85955255,-0.1991400701602232,-3.8393898940494067,0.0
0.14092418,-0.27998044,-0.0055711987,1.4919431,-0.37786573,1.2634285,0.0
-0.16853845,-0.3994177,0.35508128,0.026952442,0.48481065,1.220340285596935,0.0
0.076558666,-0.04552952,0.26491816,0.046361881,4.240553232715558,2.6507911985316315,0.0
-0.11060948,-1.0366578921387297,0.67065219,1.5581883,-0.37786573,0.85816343,0.0
-0.78441482,-0.47019533,-1.7187511091329644,2.0539279969139197,-0.37786573,-0.94572324,0.0
-0.78441482,-0.47019533,-0.59163147,-0.85955255,-0.37786573,-3.1993526976153324,0.0
-0.3042164797336784,-0.14284877,-1.3819996237484864,1.0337116,5.826154323953177,1.8030744454426002,0.0
0.047932949,-0.072071133,-0.050652758,0.61134531,-0.37786573,10.006245889191648,0.0
0.085197196,1.0515238,1.824182378182513,-0.85955255,-0.37786573,-0.94572324,0.0
-0.59047135,-2.6009485235791967,-1.1979372874517016,0.51429812,-0.37786573,0.270072,0.0
0.10027228,0.14468538,0.85097843,1.4801286,-3.9830541152840855,1.3274177,1.5306232895807108
0.90636569,2.0601051,-0.14081588,-0.85955255,-0.37786573,-0.94572324,0.0
0.97242504,3.3119846,-0.27606055,1.3906764,-0.37786573,1.0166129,0.13287646140949722
0.039463802,-0.35075807,0.039510361,2.7134718,-0.37786573,0.66924287,0.0
-0.069280046,-0.17823759,-1.99520337655774,1.067889,0.25113964,1.1872509,0.0
9.997237792011457,-0.22247361,0.67065219,-0.85955255,-0.37786573,-0.6684953678071823,0.0
-0.34164781,-0.43923012,9.989496329427736,-0.85955255,-0.37786573,1.442923719760464,-0.0746798935673584
-0.046074583,-0.38172329,0.08459192,0.77252803,0.82459999,10.006245889191648,0.17861679082735088
-0.78441482,-0.47019533,-0.59163147,-0.85955255,-0.37786573,10.006245889191648,0.0
1.5610308,1.0824891,-0.14081588,-0.85955255,-0.37786573,-0.94572324,0.1359376047704319
-0.014399973,-0.027835111,-0.18589744,-0.85955255,-0.37786573,-0.94572324,0.0
-0.78441482,-0.47019533,-0.59163147,-0.85955255,-0.37786573,0.042043551150328096,0.0
0.080115707,0.23758102,0.58048907,0.8750605,0.22875042,1.3975012,0.0
-0.78441482,-0.47019533,-0.59163147,-0.85955255,-0.37786573,-0.94572324,0.0
0.10111919,-0.45250093,-0.0055711987,0.11471686,-0.37786573,10.006245889191648,0.0
-0.52966288,10.0000062172904,3.555872,0.67970028,0.26361834,1.8039974498506641,0.0
-0.78441482,-0.47019533,-0.59163147,-0.85955255,-0.37786573,-0.94572324,-0.5642882100067356
0.462413,-0.25786243,0.94114155,0.96113714,-0.37786573,1.3700772,0.0
-0.52102435,-0.43038291,1.529134613919666,-0.44604713,2.5397459,0.83378658,0.0
-0.78441482,-0.47019533,-0.59163147,-0.85955255,-0.37786573,-0.94572324,0.0
-0.061827197,-0.27555684,-0.32114211,-0.85955255,-0.37786573,-0.94572324,0.0
0.15159531,0.71533007,-0.18589744,10.004555584272547,1.482865887454453,1.7280605639504394,-0.3155665207829734
-0.78441482,-0.47019533,-0.59163147,-0.85955255,-0.37786573,-0.94572324,0.0
0.28083449,10.0000062172904,-0.36622367,1.3324481,1.3173274,1.1232616,1.5306232895807108
-0.78441482,-0.20964088111581602,-3.27364548777546,-0.85955255,-0.37786573,-0.94572324,0.0
-0.021514057,-0.34191087,-0.14081588,0.92442798,-0.37786573,1.4127367,0.0
-0.78441482,-0.47019533,-0.59163147,-0.85955255,-0.37786573,-0.94572324,0.0
-0.78441482,-0.47019533,9.989496329427736,-0.9280863948155987,-0.37786573,-0.94572324,0.0
7.7997432,-0.45250093,-0.54654991,-0.85955255,-0.37786573,-0.94572324,0.0
-0.18073402,3.4527525444429186,-0.0055711987,1.40882,-0.37786573,0.90996423,1.5306232895807108
1.1534954,4.1613162,-0.18589744,1.2472154,-0.37786573,0.27616621,0.0
0.25966162,10.0000062172904,-0.095734317,2.471650897325104,-0.37786573,0.89777581,0.33505864684002007
0.075372985,-0.14727237,0.17475504,0.56239977,3.46731713209269,1.0897435,0.0
-0.78441482,-2.4797711083285034,-0.59163147,-0.85955255,-0.37786573,-0.94572324,0.0
-0.20089059,-0.035636002733187844,2.1583436,0.32695484,0.20645998,0.67228997,0.6682122321637463
-0.17429747,-0.37287609,-0.27606055,0.78771803,1.7952714,1.1080261,1.5306232895807108
0.10162734,4.11062644505142,-0.18589744,0.53877089,-0.37786573,10.006245889191648,0.0
-0.78441482,-0.47019533,-0.59163147,-3.088068598189451,-0.37786573,-0.94572324,1.5306232895807108
0.46817202,-0.04552952,-0.5139835943901585,1.5957414,-0.37786573,0.70580814,0.0
-0.19123576,-0.42153571,0.80589687,-0.85955255,10.0049654879065,-0.94572324,0.0
-0.78441482,-0.47019533,-0.59163147,-0.85955255,-0.37786573,-0.94572324,1.5306232895807108
-0.78441482,-0.47019533,-1.385451266937671,-0.85955255,-0.37786573,-0.94572324,0.0
0.34367556,0.25527543,-0.18589744,-0.85955255,-0.37786573,-0.94572324,0.0
0.0049096818,-0.45250093,-0.32114211,0.57379226,-0.37786573,0.61744207,1.5306232895807108
0.0057565965,-0.27113323,-0.14081588,0.26830459,1.2347507,0.98614188,0.0
-0.20258442,-0.33306367,0.40016284,0.29108958,-0.37786573,1.104979,0.0
0.40312897,-0.45250093,9.989496329427736,-0.85955255,-0.37786573,-0.94572324,1.5306232895807108
0.36112201,0.32605307,-0.0055711987,0.65438363,0.2926914,2.5677781746876374,0.138798451027311
-0.78441482,-4.269743118910019,-0.59163147,-0.85955255,-0.37786573,-0.94572324,1.5306232895807108
-0.43142077,-0.41268851,3.8714429,0.32104762,-0.37786573,0.51688757,0.8434131220593004
-0.78441482,-0.47019533,-4.624055374345713,-0.85955255,-0.37786573,-0.94572324,0.0
3.024623980425815,-0.29767485,-0.14081588,0.80965913,0.81646743,2.6941129415435356,0.0
-0.78441482,10.0000062172904,-0.59163147,-0.85955255,-0.37786573,-1.7200721142331363,0.0
-0.49917395,-0.43038291,0.17475504,0.5674631,-0.37786573,0.26397779,0.0
0.48714291,0.10044935,-0.45638679,-0.85955255,-0.37786573,3.458237975733296,0.0
-0.78441482,-0.47019533,-0.59163147,2.6978252326946044,10.0049654879065,-0.94572324,0.0
5.654788788537927,-0.45250093,-0.18589744,-0.85955255,-0.37786573,-0.94572324,0.0
-0.089605999,-0.4082649,0.53540751,-0.85955255,-0.37786573,-0.94572324,0.0
9.997237792011457,-0.28440404,3.0599748,-0.85955255,-0.37786573,-0.94572324,0.0
0.25136186,0.29066425,0.94114155,0.76071359,-0.37786573,0.90996423,0.0
-0.23171829,-0.11113945492382526,1.6624465,2.1497542,10.0049654879065,0.82769237,0.24293724392329444
0.054538883,0.029671718,0.76081531,-3.039291977296651,-0.37786573,1.2634285,0.0
-0.78441482,-0.47019533,-0.59163147,-0.85955255,-0.37786573,-0.94572324,0.0
0.15616865,-0.36402888,-0.18589744,1.8813977,-0.37786573,0.97395345,0.0
-6.411066260448138,-0.33748727,0.49032595,0.58476282,0.30207511,1.0105187,0.0
-0.78441482,4.223464726719411,-0.59163147,-0.85955255,-0.37786573,-0.94572324,0.0
-3.336999275303446,-0.45250093,0.26491816,1.7155736,10.0049654879065,0.80636263,0.0
0.1327938,-0.2092028,0.76081531,1.0408846,0.1067621,1.1842038,0.0
3.4947064,-0.45250093,-0.50146835,-0.85955255,-0.37786573,-0.94572324,0.0
1.1018336,-0.44807732,-0.45638679,-0.85955255,-0.37786573,-0.94572324,0.0
-0.78441482,-0.47019533,-0.59163147,-0.85955255,-0.37786573,-0.94572324,0.0
0.37145436,0.50299716,9.989496329427736,-1.6827556056262705,0.611639,1.4157838,0.0
2.514349859251457,0.27739344,0.4978393092133358,-0.85955255,3.041433881698053,-0.94572324,0.0
-0.78441482,-0.47019533,-0.59163147,-0.85955255,-0.37786573,-0.94572324,0.0
0.77678774,1.1311487,-0.0055711987,0.51851756,1.4689815,0.12740123719719976,0.0
9.997237792011457,1.3479052,-0.36622367,-0.85955255,-0.37786573,-0.94572324,0.0
-0.0006799552,10.0000062172904,-0.27606055,0.78181081,-0.37786573,1.2725698,1.5306232895807108
-0.17209549,10.0000062172904,0.26491816,0.8341319,0.53851186,-0.9238767128996586,0.0
-0.78441482,-0.47019533,-0.59163147,-0.85955255,-0.37786573,-0.94572324,0.0
0.24729667,-0.15169597,0.30999972,1.1628265,-5.220840105568367,1.0105187,0.0
-0.78441482,-0.47019533,6.719044202272244,-0.85955255,-0.37786573,-0.94572324,0.15964148470092043
-0.17904019,10.0000062172904,-0.27606055,0.91430132,1.3886766,1.2329575,0.0
-0.14313101,-0.44807732,0.67065219,0.091931866,-0.37786573,-1.3430805111691264,0.0
2.8336240677643256,-0.23574442,0.30999972,0.9531202,-2.6146142641451307,1.1263087,0.0
0.2500068,0.39982620384041934,2.6091592,1.492787,-0.37786573,0.8916816,0.0
9.997237792011457,-0.3994177,0.12967348,-0.85955255,-0.37786573,-0.94572324,0.0
0.15786248,10.0000062172904,-0.41130523,0.66872973,-0.37786573,0.7393263,0.0
0.45225003,3.409145208982201,9.989496329427736,0.022311055,-0.37786573,0.72713788,0.0
1.0044384,1.9450915,-0.45638679,1.8742246,-0.37786573,1.0074716,0.17154950653733936
9.997237792011457,-0.47019533,-0.59163147,-0.85955255,-0.37786573,-0.94572324,0.0
0.26931645,-0.13842517,-0.0055711987,1.1429951,1.5234729,-0.9094118404645969,0.0
0.76662476,-0.07407028683599393,-0.230979,0.91134771,-4.372831192688931,1.3274177,1.5306232895807108
-0.33233175,-0.38172329,2.2034252,-3.537175139705686,10.0049654879065,0.76370315,0.0
0.29421574,-0.30652205,-0.050652758,0.78729608,0.82459999,1.3030409,0.0
-0.78441482,-0.47019533,-0.59163147,-0.85955255,-0.37786573,-0.94572324,0.0
0.11839625,-0.3110358617081665,-0.095734317,0.89404799,0.80975067,1.220769,0.0
0.069444582,-4.524124379690735,-0.36622367,1.0974251,-0.37786573,1.0074716,0.0
-0.78441482,-0.47019533,9.989496329427736,-0.85955255,-0.37786573,-0.94572324,0.0
-0.78441482,-0.47019533,-0.59163147,-0.85955255,-0.37786573,-0.94572324,0.0
-0.24476077,-0.43038291,0.76081531,2.0067151,10.0049654879065,0.60830075,0.0
9.997237792011457,-0.094189144,-0.27606055,0.6121892,-0.37786573,10.006245889191648,0.0
-0.07063511,-0.33306367,4.4059002395412765,0.97632713,-0.37786573,1.6625994,0.0
-0.78441482,-0.47019533,-0.59163147,-0.85955255,0.816247040034675,-0.94572324,0.0
0.59131342,1.2461623,-0.18589744,0.56239977,0.48984823,-2.0075223478922757,0.0
-0.022022206,-1.3836370946477234,1.0763862,0.51429812,0.60169555,0.74846762,0.0
-0.38856689,-0.44807732,1.0313047,10.004555584272547,0.6762128422910015,10.006245889191648,0.0
-0.78441482,-0.47019533,-0.59163147,-0.85955255,-0.37786573,-0.94572324,0.0
-0.78441482,-0.47019533,9.989496329427736,-0.85955255,-0.37786573,-0.94572324,0.0
-0.78441482,-0.47019533,-0.59163147,-0.85955255,-0.37786573,-0.94572324,0.0
-0.78441482,-0.47019533,-0.59163147,-0.85955255,3.469555190749021,-0.94572324,0.0
0.057587776,0.078331343,1.8878543,0.52737839,0.063267746,0.77589157,0.0
-0.18259723,-0.43038291,-2.810315813602804,-0.85955255,-0.37786573,-0.94572324,0.0
-0.021852823,-0.13842517,1.6173649,2.2117801,-0.37786573,0.55649995,0.0
0.25712088,10.0000062172904,-0.27606055,-0.85955255,-0.37786573,-0.94572324,0.0
-4.439035666516402,10.0000062172904,-0.59163147,-0.85955255,-0.37786573,-0.94572324,0.0
0.17818843,-0.28882764,4.634749677827467,1.4202125,-0.37786573,10.006245889191648,0.0
0.072324092,-0.21805001,9.989496329427736,1.1953162,1.1621833,1.0105187,0.0
0.7871443437425123,-0.45250093,-0.230979,5.392912106545008,-0.37786573,1.366794523162825,0.0
-0.78441482,10.0000062172904,-0.59163147,-0.85955255,-0.37786573,-0.94572324,1.5306232895807108
-0.001357487,-0.3949941,0.2198366,-0.85955255,-0.37786573,-5.604265225579752,0.0
0.30166859,0.71975367,-0.230979,0.10205853,2.3378807,1.1293559,0.0
0.5161074,0.71975367,0.71573375,1.0851888,-0.016609087,1.2725698,0.0
-0.42633928,-0.45250093,-2.8279399352841965,-0.85955255,-0.37786573,-0.94572324,0.0
0.55150843,0.3835599,-0.0055711987,0.8537489186420127,-0.37786573,1.2299103,0.0
1.1174168,0.27739344,9.989496329427736,4.84645965980596,-0.37786573,0.83073948,0.0
-0.78441482,-0.47019533,-0.59163147,-0.85955255,-0.37786573,-0.94572324,0.0
1.2790082,3.0686865,1.3468756,1.462590798848383,-0.042653017,0.58697101,0.0
-0.031338267,-0.43923012,-0.0055711987,1.0210532,-0.37786573,1.0745079,0.0
-0.78441482,-0.47019533,-0.59163147,-0.85955255,-0.37786573,-0.94572324,0.0
0.0033852354,-0.33306367,0.26491816,1.9383602,-0.37786573,0.98309477,0.0
-2.4234347e-06,-0.4082649,0.039510361,0.59573337,0.69599367,0.95262371,0.0
-0.56353947,-0.45250093,-0.59163147,1.682421867771274,-0.37786573,0.13904645,0.0
0.81269692,-0.43923012,-0.36622367,-0.85955255,-1.1310841451116371,-0.94572324,0.0
-0.063521026,-4.584407204314608,-0.27606055,-0.85955255,-0.37786573,-0.94572324,0.0
-0.10637491,-3.860015074223062,0.12967348,-0.85955255,-0.37786573,-0.94572324,0.0
-0.78441482,-0.47019533,-0.59163147,-0.85955255,-0.37786573,-0.94572324,0.0
-0.78441482,-0.47019533,-0.59163147,-0.85955255,-0.37786573,-0.94572324,0.0
0.19360228,-0.36402888,0.08459192,10.004555584272547,0.40769955,1.0866964,0.0
-0.78441482,0.4466888442984557,-0.59163147,-0.85955255,-0.37786573,-0.94572324,0.0
-0.18649304,-0.31979286,0.71573375,10.004555584272547,-0.37786573,1.2542872,0.0
-0.18666242,-0.4082649,-0.36622367,0.80712747,2.9729444,0.94957661,0.0
-0.78441482,-0.47019533,-0.59163147,-0.85955255,-0.37786573,-0.94572324,0.0
-0.0072858899,-0.33748727,0.039510361,1.1678898,0.79681101,1.0684137,0.0
-0.41854767,-0.42153571,3.5740117145725305,0.32737679,-0.37786573,0.6326776,0.0
-0.78441482,-0.47019533,-0.59163147,6.630234968534761,-0.37786573,10.006245889191648,0.0
-0.78441482,-0.47019533,-0.59163147,-0.85955255,-0.37786573,-0.94572324,0.0
0.18360868,0.3924071,-0.095734317,-0.7572405903909063,-0.37786573,-0.94572324,0.0
0.55354103,1.6133213,0.12967348,0.33159623,0.5911729202226603,4.103724845472062,0.0
-0.20224565,-0.0012934972,0.58048907,0.40923398,0.50430245,1.1415443,0.0
0.7187474196012802,-0.43923012,1.6141350100935532,0.7788572,-0.37786573,4.105152635239578,0.0
-0.78441482,-1.4520451724405734,-0.59163147,-0.85955255,-0.37786573,-0.94572324,0.0
0.91093903,10.0000062172904,-0.0055711987,1.6577672,-0.37786573,0.9983303,-1.5362442296564345
-0.78441482,-0.47019533,-0.59163147,-0.85955255,-0.37786573,-0.94572324,0.0
0.94972772,5.0858491,2.7479097956890057,-0.85955255,-0.37786573,-0.94572324,0.0
-0.056406943,-0.3949941,-0.0055711987,0.92020854,-0.37786573,8.706424468871935,1.5306232895807108
0.26254113,-0.45250093,-0.095734317,-0.85955255,-0.37786573,4.8864403617904575,0.0
0.29726464,-0.37287609,-0.27606055,1.7670508,10.0049654879065,1.2146748,0.0
1.9025068,2.3255213,-0.050652758,1.3843473,-0.37786573,1.047084,0.0
-0.78441482,-0.47019533,-0.59163147,-0.85955255,-0.37786573,-0.94572324,0.0
-0.18208908,-0.27113323,1.4821203,-0.85955255,-0.37786573,-0.94572324,0.0
-4.806513383712957,0.84361453,-0.050652758,0.53244172,-0.37786573,0.23690530156618783,0.0
0.1178881,-0.28440404,-0.0055711987,-0.85955255,-0.37786573,-0.94572324,0.0
-0.78441482,-0.47019533,-0.59163147,-0.85955255,-0.37786573,-0.94572324,0.0
-0.78441482,-0.47019533,-0.59163147,-0.85955255,-0.37786573,-0.94572324,-0.45085473507360124
-0.19563972,-0.072071133,0.039510361,1.2961609,-0.37786573,0.91301134,0.0
4.2682783,-0.44365372,-0.54654991,-0.85955255,-0.37786573,-0.94572324,0.0
0.41922035,3.1394641,-0.45638679,-0.85955255,-0.37786573,-0.94572324,-0.4931215894460375
0.082995217,10.0000062172904,0.26491816,10.004555584272547,1.3102156,1.2542872,0.0
-0.78441482,-0.47019533,-0.59163147,-6.1692237970198365,-0.37786573,-0.94572324,0.0
0.011854382,-0.3949941,-3.734041216785474,1.2096623,-0.37786573,0.98309477,1.5306232895807108
-0.17175672,4.708001475081044,-0.41130523,0.26535098,-0.37786573,4.023350755543957,0.0
0.10840266,0.11814376,6.693511304697271,0.64383502,10.0049654879065,1.3487475,0.0
-0.15685103,-0.45250093,0.62557063,0.34805206,-0.37786573,0.93129397,0.0
2.9682642,10.0000062172904,-0.45638679,3.1195800618241676,-0.37786573,0.37976781,0.0
-0.15143077,10.0000062172904,9.989496329427736,3.1974140397055972,-0.37786573,-0.94572324,0.0
0.38043166,-0.027835111,-0.41130523,0.72611416,3.5478205,1.2420988,0.0
0.25813718,-0.22247361,-0.41130523,-0.85955255,-0.37786573,-0.94572324,0.0
-0.18615427,-0.41711211,-0.36622367,0.70375111,2.7690378,2.055461835199621,-0.2592709893131548
0.73511954,10.0000062172904,9.989496329427736,-0.85955255,10.0049654879065,-3.682792380657696,-0.27496504234758995
-0.49053542,-0.44365372,1.7526096,-0.85955255,-0.37786573,1.3089312255707908,-0.3760544495027764
10.796805,-0.4082649,-0.54654991,-0.85955255,-0.37786573,-0.94572324,0.0
0.40262083,-0.076494735,0.039510361,1.4044979887060227,-0.37786573,-0.8810746779675089,0.0
0.27812436,-0.26228603,0.76081531,-0.85955255,-0.37786573,-0.94572324,0.0
2.3798770679956975,-0.47019533,-0.59163147,-0.85955255,-0.37786573,-0.94572324,0.0
0.39178032,10.0000062172904,-0.27606055,-0.85955255,-0.37786573,-0.94572324,0.0
-0.066739302,-0.38614689,1.4370387,0.77379386,0.50904369,0.66619576,0.34405231880297754
1.151124,1.1842319,0.08459192,1.2919415,0.27138871,0.95567082,0.0
0.030317123,-0.37729969,-0.0055711987,1.1771726,0.64769223,1.3457004,1.5306232895807108
0.46071917,0.64897603,0.26491816,1.7387805,0.045718549,1.0440369,0.0
0.017444019,-0.35518168,9.989496329427736,0.25480237,1.2994161,1.162874,0.0
-0.046582732,-0.036682315,-0.18589744,0.7455236,-1.2570985967001747,1.1659211,0.0
-0.78441482,-0.47019533,-0.59163147,-0.85955255,-0.37786573,-0.94572324,0.0
1.0611817,1.728335,0.2198366,0.4560698,0.4691382,0.57173548,0.0
-0.1024791,-0.44365372,-0.230979,-0.85955255,-0.37786573,-0.94572324,0.0
9.997237792011457,-0.47019533,-0.59163147,-0.85955255,-0.37786573,-0.94572324,0.0
0.13228565,10.0000062172904,0.12967348,0.50417145,0.41237494,1.2451459,0.0
0.033704782,-0.45250093,9.989496329427736,-0.85955255,-0.37786573,-0.94572324,-0.35783366819542645
-0.78441482,-0.47019533,-0.59163147,-0.85955255,-0.37786573,-0.94572324,0.0
0.3433368,1.0913363,-0.27606055,0.46661841,-0.37786573,0.4772752,0.0
-0.41261927,-3.0029805771699767,0.30999972,0.84214884,-0.43177345704157966,0.75456183,0.0
0.38619068,0.15353258,0.40016284,-0.85955255,10.0049654879065,-0.94572324,0.0
-0.30692431,-0.37287609,0.08459192,0.15522351,-0.37786573,0.18170593,0.0
0.034212931,-0.018987906,-0.41130523,0.66071279,-0.37786573,10.006245889191648,0.0
0.61960037,1.4186828,-0.14081588,0.70375111,-0.37786573,0.65705444,0.0
-0.78441482,10.0000062172904,-0.59163147,-0.85955255,-0.37786573,-0.94572324,0.0
-0.78441482,-0.47019533,-0.59163147,-0.85955255,-0.37786573,-0.94572324,0.3215251951414683
-0.78441482,-0.47019533,-0.59163147,-5.65434307473679,-0.37786573,-0.94572324,0.0
-0.78441482,-0.47019533,-1.515642966649526,-0.85955255,-0.37786573,-0.94572324,0.0
-0.78441482,-0.47019533,-0.59163147,-0.85955255,-0.37786573,10.006245889191648,0.0
-0.78441482,-0.47019533,9.989496329427736,-0.85955255,-0.37786573,-0.94572324,0.0
0.98411246,4.108233,-0.9420983452195772,-0.85955255,-0.37786573,-0.94572324,0.0
-0.0459052,-0.45250093,-0.18589744,-0.85955255,4.260194382292699,-0.94572324,0.0
-0.78441482,-0.47019533,-0.59163147,-0.85955255,-0.37786573,-0.94572324,0.0
-0.78441482,-0.47019533,-0.59163147,-3.1788406832383984,-0.37786573,-0.94572324,0.0
-0.78441482,10.0000062172904,-0.59163147,10.004555584272547,-0.37786573,-0.94572324,0.0
-0.78441482,-0.47019533,-0.59163147,-0.85955255,-0.37786573,-0.94572324,0.0
-1.2763838292862264,-0.45250093,-0.50146835,10.004555584272547,-0.37786573,-0.94572324,0.0
-0.01880393,-0.31094565,-0.27606055,0.57674587,10.0049654879065,1.0379427,0.0
0.90162297,0.56935119,-0.27606055,-0.85955255,-0.37786573,-0.94572324,0.0
0.86859329,0.22431022,-0.27606055,0.87548244,1.4393487,1.79914339400925,0.0
-0.78441482,-0.47019533,9.989496329427736,-0.85955255,-0.37786573,-0.94572324,0.0
-0.10315663,-0.45250093,-0.32114211,-0.85955255,-0.37786573,-0.94572324,0.0
-0.25966647,-0.45250093,-0.050652758,0.62315975,-0.37786573,1.4127367,0.0
0.051998139,-0.37287609,0.71573375,-0.85955255,-0.37786573,-0.94572324,0.0
-0.78441482,-0.47019533,-0.59163147,-0.85955255,-0.37786573,-0.94572324,0.0
-0.36417575,-0.17823759,2.2935883,0.065771319,-0.37786573,1.104979,0.0
-0.78441482,-0.47019533,-0.59163147,-0.85955255,-0.37786573,-0.94572324,0.0
-0.78441482,-0.47019533,-0.59163147,-0.85955255,-0.37786573,-0.94572324,0.0
-0.78441482,-0.47019533,9.989496329427736,-0.85955255,-0.37786573,-0.94572324,0.0
-0.78441482,-0.47019533,-0.59163147,1.578142837589498,-0.37786573,-0.94572324,0.0
0.3134840510753603,-0.42595931,-0.27606055,-0.85955255,-0.37786573,-0.94572324,0.0
-0.24374447,-0.35960528,-0.41130523,-0.85955255,-0.37786573,-0.94572324,0.2859570423748925
-0.27186204,-0.38172329,0.2198366,0.92442798,0.92498929,3.4673529004034096,0.0
1.6187377793188134,-0.41268851,0.30999972,0.014294113,-0.37786573,0.18114569896869925,0.3113020466162043
9.997237792011457,-0.45250093,-0.36622367,-0.85955255,-0.37786573,-0.94572324,0.0
0.74308054,2.8917424,-0.050652758,0.64045946,-0.37786573,0.5808768,0.0
-0.78441482,-0.47019533,-0.59163147,-0.85955255,-0.37786573,10.006245889191648,0.0
0.26508188,-0.14284877,3.4206480666077805,0.6417253,-0.37786573,1.1872509,0.0
-0.78441482,-0.47019533,-0.59163147,-0.85955255,-0.37786573,-0.94572324,0.0
0.22900331,-0.15169597,-0.41130523,-0.85955255,-0.37786573,-0.94572324,0.0
-0.1173848,4.0773978445457715,0.67065219,0.73539693,-0.37786573,0.62963049,0.0
0.46071917,-3.3964343944002793,-0.14081588,1.5244328,-0.37786573,0.91301134,0.0
-0.31369963,-0.35960528,0.49032595,1.3235873,1.4086294,1.0409898,0.0
0.75849438,0.27296984,-0.18589744,1.3898326,0.44039439,1.2329575,0.0
-2.9021033361648962,3.8740192694762046,4.2320954,0.75522832,0.17337003,0.93129397,0.0
-0.78441482,-0.47019533,-0.59163147,-0.85955255,-0.37786573,-0.94572324,0.0
1.5693407333681135,-0.31979286,6.276242095312165,-0.85955255,-0.37786573,-0.94572324,1.5306232895807108
0.19258598,-0.45250093,0.40016284,-0.85955255,-0.37786573,-0.94572324,0.0
-0.13889643,-0.34191087,-0.32114211,-0.85955255,10.0049654879065,-0.94572324,0.0
-0.25204424,10.0000062172904,0.12967348,0.38982455,1.2859167,0.9434824,0.0
0.098747831,-0.35075807,-0.0055711987,-0.85955255,-0.37786573,2.2122534921205164,0.0
-0.13686384,-0.25343882,0.30999972,0.78518636,-0.37786573,10.006245889191648,0.0
0.088754237,-0.11630716,0.89605999,0.71978499,0.13655951,1.190298,0.0
-0.78441482,-0.47019533,-0.59163147,-0.85955255,-0.37786573,-0.94572324,0.0
-0.27863736,-0.3994177,2.6783031412335463,10.004555584272547,-1.0093795195099489,-3.0610385279355476,0.0
0.17988226,-0.34633447,3.266036988229888,10.004555584272547,-0.37786573,-2.849847537907057,0.0
0.0069422771,0.09160215,-0.050652758,-2.741050673283415,-0.37786573,-0.94572324,0.0
1.2600373,-3.5630447088827273,-0.050652758,-0.85955255,-0.37786573,-0.94572324,0.0
1.3589569,4.8779398,-0.32114211,-0.85955255,-0.37786573,-0.94572324,0.0
1.5715325,-3.035700982519666,-0.50146835,-0.85955255,-0.37786573,-0.94572324,0.0
-0.78441482,-0.47019533,-0.59163147,-0.85955255,0.14491825917424683,10.006245889191648,0.0
9.997237792011457,0.10709157024495086,-0.59163147,-0.85955255,-0.37786573,-0.94572324,0.0
-4.375144296342145,10.0000062172904,0.85097843,0.078429648,0.61888257,0.85511633,0.0
0.5726813,1.016135,0.30999972,0.89615771,-0.37786573,1.2908525,1.5306232895807108
9.997237792011457,-0.47019533,-0.59163147,-0.85955255,-4.589051318149675,-0.94572324,0.0
-0.78441482,2.2882806393463593,-0.59163147,-0.85955255,-0.37786573,-0.94572324,0.0
0.38466623,1.2063499,-0.7876246757146717,1.1425732,0.9588036,1.2146748,0.0
9.997237792011457,-0.45250093,-0.4062583941165556,0.16070879,1.6428601,0.87339896,0.0
-0.78441482,-0.47019533,-0.59163147,-0.85955255,-0.37786573,-0.94572324,1.5306232895807108
-0.20529455,-0.15169597,0.2198366,0.094041587,-0.37786573,0.89777581,0.0
-0.021514057,-0.24459162,0.17475504,1.8523622129559985,-0.37786573,10.006245889191648,0.0
1.0308622,3.8693585,0.49032595,10.004555584272547,-0.37786573,0.98004767,-0.16201475250560884
-0.78441482,-0.47019533,-0.59163147,-0.85955255,-0.37786573,-0.94572324,0.0
-0.021175291,-0.25786243,0.039510361,0.34594234,0.76516978,1.162874,0.0
-0.78441482,10.0000062172904,-0.59163147,-0.85955255,-0.37786573,-0.94572324,0.0
-0.099938358,-0.21805001,-3.5491316351569675,-0.85955255,-0.37786573,-0.94572324,0.0
-0.34537424,-0.24016802,-0.14081588,0.88771883,2.6839588,-1.1056478720567964,0.0
0.18377807,-4.4958104352272645,0.039510361,1.1193663,-0.37786573,1.7204944,0.0
-0.011689846,1.3402330344787576,1.0313047,1.0244288,0.15931091,1.2542872,0.0
-0.78441482,1.3173266195036035,-0.59163147,-0.85955255,-0.37786573,-0.94572324,0.0
-0.43159016,-0.43480652,1.1665493,0.13707991,-0.37786573,0.68143129,0.0
-0.78441482,-0.47019533,-0.59163147,-0.85955255,10.0049654879065,-0.94572324,0.0
0.084689047,0.5316372138130365,-0.36622367,-0.85955255,0.6617164255827451,-0.94572324,0.0
-4.1706112176311345,-0.47019533,-0.59163147,10.004555584272547,-0.37786573,-0.94572324,1.5306232895807108
1.6340348,4.6081,-0.18589744,1.4370903,0.2322405,0.40414466,0.4377323794813884
-6.506486886276713,-0.47019533,-0.59163147,-0.85955255,-0.37786573,-0.94572324,0.0
-0.78441482,-0.47019533,-3.6302783039351194,10.004555584272547,-0.37786573,-0.94572324,0.0
-0.42989633,-0.37287609,2.3386699,0.81176885,-0.37786573,1.01966,1.5306232895807108
0.77407761,0.52511517,-0.14081588,1.53034,1.0115384417102045,1.0745079,0.0
0.9126262082838765,0.020824514,-0.230979,1.4531242,1.0394377,0.91910555,0.0
0.048949246,-0.19150839,-0.18589744,1.4556559,-0.37786573,1.1720153,1.5306232895807108
-0.056406943,-0.2003556,-0.27606055,1.643843,-0.37786573,0.89777581,0.0
-0.78441482,-0.47019533,-0.59163147,-0.85955255,-0.37786573,-0.94572324,0.0
9.997237792011457,-0.47019533,-0.59163147,-0.85955255,-0.37786573,-0.94572324,0.0
-0.78441482,-6.151489559061064,-0.59163147,-0.85955255,-0.37786573,-0.94572324,0.0
-0.78441482,10.0000062172904,-0.59163147,-0.85955255,-0.37786573,-0.94572324,0.0
0.45072558,-0.21805001,-0.32114211,1.3143045,0.29209594439333153,1.2512401,0.0
0.16040322,-1.3157858360521333,0.2198366,0.3431949302075391,1.0080599,0.98004767,0.0
2.6937051804817256,1.0647946,-0.41130523,1.0100827,-0.37786573,-1.4931323157263139,0.0
-0.78441482,-0.47019533,-0.59163147,10.004555584272547,-0.37786573,-0.94572324,1.5306232895807108
9.997237792011457,-0.47019533,-0.59163147,-0.85955255,-0.37786573,-0.94572324,0.0
9.997237792011457,-0.45250093,-0.45638679,-0.85955255,-8.569069272596177,-0.94572324,0.0
-0.20038244,-0.41268851,-0.32114211,10.004555584272547,1.8168773603364894,-0.94572324,0.0
0.53050495,-0.38172329,-0.18589744,-0.85955255,-0.37786573,-0.94572324,0.0
-0.12788654,-0.35075807,0.12967348,1.2552323,1.5857017,-3.874582896254555,0.08189539382015203
0.60232331,5.0770019,3.741320469862124,-0.85955255,-0.37786573,-0.94572324,0.0
0.58250551,1.0249822,-0.230979,1.0944715,1.1846384,-2.449612309315902,0.0
1.4737985,2.8766959945961705,-0.4721316243448287,1.2223207,-0.37786573,1.1476385,0.0
1.8116487035142206,0.23758102,-0.11670074126075011,-0.85955255,-0.37786573,10.006245889191648,0.0
-0.24391386,-0.17823759,1.2567125,1.1012226,1.2149297,0.93738818,1.5306232895807108
0.37077683,0.003130105,-0.32114211,-0.85955255,-0.37786573,-0.94572324,0.0
-0.78441482,-0.47019533,-0.59163147,-0.85955255,-0.37786573,-0.94572324,0.0
0.13550393,-0.29325125,0.49032595,-0.85955255,-0.37786573,-0.94572324,0.0
-0.78441482,-0.47019533,-0.59163147,-0.85955255,-0.37786573,-0.94572324,-0.6832048152285157
0.13956912,0.84803813,-0.36622367,0.84046107,2.857146,0.90691713,0.0
0.1397385,-0.098612747,-0.0055711987,1.0809693,-0.37786573,1.5285267,0.0
-0.78441482,-0.47019533,-0.59163147,-0.85955255,-0.37786573,-1.045411916133229,0.12683533685697612
9.997237792011457,-0.42595931,0.08459192,0.81936385,-0.37786573,10.006245889191648,0.03413531917982968
0.87773997,10.0000062172904,-0.50146835,1.7117761,-0.37786573,0.91910555,0.0
-0.2176595,-0.42595931,9.989496329427736,-0.85955255,-0.37786573,-0.94572324,0.0
-0.78441482,-0.47019533,-0.59163147,-0.85955255,-1.8024243891829177,-0.94572324,0.0
0.30996836,0.45433753,0.2198366,-0.1764805406546761,-0.37786573,1.1811567,0.0
0.30302366,-0.24016802,9.989496329427736,0.8045958,0.59543974,1.1842038,0.0
0.50899331,10.0000062172904,1.0313047,0.22611016,-0.37786573,0.98918898,1.5306232895807108
-0.78441482,-4.518409675935061,-0.59163147,-4.606285407909805,-0.37786573,-0.94572324,0.0
0.81201939,7.4273770405865776,-0.32114211,-5.254416455346485,10.0049654879065,-4.33403104926697,0.0
-0.29303491,-0.44365372,-0.9588579843587541,0.56450949,0.18430123,1.0623195,0.0
-0.78441482,-0.47019533,-0.59163147,-0.85955255,-0.37786573,2.6479981829673127,0.0
0.45699275,-0.44807732,-0.36622367,-0.85955255,4.387225311581202,3.3052544370575867,0.0
-4.4638730982159425,10.0000062172904,0.039510361,1.310507,-0.37786573,10.006245889191648,0.0
0.14210986,-0.0057170995,0.30999972,1.0577624,-0.37786573,1.220769,0.0
-0.3209831,-0.38614689,-0.095734317,0.017669668,1.0887938263630093,1.4919615,0.0
2.8041322,-0.42153571,4.4383741215785,-0.85955255,-0.37786573,-0.94572324,0.0
-0.1839523,-0.3994177,-0.14081588,-0.85955255,-0.37786573,-0.94572324,0.0
-0.038113585,-0.23574442,0.35508128,1.1244296,0.70758339,1.1202145,0.0
0.99647741,2.3299449,-0.32114211,10.004555584272547,-0.37786573,-0.94572324,0.0
-0.43819609,-0.37729969,2.428833,0.36999316,0.32163275,0.89777581,0.0
9.997237792011457,-0.45250093,0.44524439,0.5265345,-1.6831219753347941,0.81245684,0.0
1.0974296,0.34374748,-0.27606055,1.5012258,10.0049654879065,0.96481214,0.0
0.16294397,-0.10303635,-0.095734317,-0.85955255,-0.37786573,-0.94572324,0.0
-0.084863277,-0.31094565,1.4491960177081182,2.2096703,-0.37786573,0.54126442,0.0
2.9582706,-0.44807732,-0.36622367,-0.85955255,-0.37786573,-0.94572324,0.0
0.36721979,-0.14727237,-0.095734317,-0.85955255,-0.37786573,-0.94572324,0.0
0.31572738,0.44106673,0.08459192,10.004555584272547,0.74050871,10.006245889191648,0.0
-0.27270896,-0.44807732,0.76081531,-0.85955255,-0.37786573,-0.94572324,0.0
-0.14279224,-0.45250093,-0.59163147,0.86198022,-0.37786573,0.8398808,0.0
0.39584551,-0.058800326,-0.36622367,7.7952374056956835,10.0049654879065,3.625009189333956,0.0
0.60960678,1.3831751294930863,-0.09833423928538176,0.85354134,0.68819037,1.047084,0.0
0.21172625,-0.25343882,1.610108832037787,10.004555584272547,0.91320203,1.2390517,0.0
0.62993273,-0.12073076,-0.45638679,1.4868797,2.6601538,1.3731243,0.0
3.063477686983978,-0.8946862226693019,-0.14081588,0.33539373,1.0879367,0.80026842,0.0
1.0730385,0.5914692,-0.18589744,1.1704215,0.30737609,0.84902211,0.0
9.997237792011457,-0.32421646,1.1665493,0.530332,0.28969519,1.0501311,0.0
-0.78441482,-0.47019533,9.989496329427736,0.9795777364650821,-0.37786573,-0.94572324,0.0
9.997237792011457,0.14910898,1.4821203,0.99109518,-0.37786573,0.8947287,0.0
-0.439043,-0.44365372,0.08459192,0.21556155,10.0049654879065,1.1720153,0.0
4.231949930080943,-0.3949941,0.17475504,1.1889871,-0.37786573,0.4803223,0.0
0.33994914,-0.35518168,0.039510361,2.41639868660096,10.0049654879065,0.69361971,0.0
1.3802992,-0.22689721,-0.50146835,1.4206345,4.6591489,1.0440369,0.19752063730588393
0.8468154754114519,-0.31979286,0.44524439,0.65649335,0.27942249,1.2756169,0.0
9.997237792011457,-0.37429374343105537,-2.4590209651196413,-4.00976109885902,-2.0389197108974453,-0.94572324,1.5306232895807108
0.569732407275631,5.0858491,-0.45638679,-0.10579367033197029,-0.37786573,0.5321231,0.0
0.5349089,0.34374748,-0.41130523,0.24973904,10.0049654879065,1.104979,0.0
-0.039976797,-0.3994177,-0.32114211,0.86198022,-0.37786573,0.86425764,0.0
-0.78441482,-0.47019533,-0.59163147,-0.85955255,-0.37786573,-0.94572324,0.40505137838915717
-0.16786092,10.0000062172904,-0.59163147,0.013872169,-0.37786573,0.66619576,0.0
-0.13893141519061625,0.15353258,-0.0055711987,0.69531222,-0.37786573,1.2238161,0.0
9.997237792011457,-0.23132081,-0.36622367,1.1662021,-0.37786573,1.3243706,0.0
9.997237792011457,2.4316877,-0.27606055,-0.85955255,-0.37786573,10.006245889191648,0.0
-0.23832422,-0.42153571,0.08459192,10.004555584272547,-0.37786573,1.0927906,0.0
-0.78441482,-0.47019533,-5.134722273329339,-0.85955255,-0.37786573,-0.41315661196813214,1.5306232895807108
0.45106435,0.12256737,0.62557063,0.42104842,-0.37786573,1.248193,0.0
0.036923058,0.4391024977740513,0.26491816,1.1628265,-0.37786573,1.0988848,0.0
0.63941818,-3.3896954754902544,-0.45638679,-0.85955255,-0.37786573,-0.94572324,0.0
0.096884618,-0.36402888,-0.36622367,-0.85955255,4.870249465987148,-0.94572324,0.0
-0.78441482,-0.47019533,-0.59163147,-0.85955255,-0.37786573,10.006245889191648,0.0
0.18953709,-0.098612747,-0.050652758,1.249747,-0.37786573,3.161846978199394,0.0
-0.2960838,-0.43480652,0.30999972,2.6635856144980385,0.42452439,1.2512401,0.0
0.815984956451682,-0.24459162,0.30999972,0.94510325,0.23385384,3.5341968896356555,0.0
-0.78441482,-0.47019533,9.989496329427736,-0.85955255,-0.37786573,-0.94572324,0.0
1.3999476,2.7280691,-0.230979,-0.85955255,-0.37786573,-0.94572324,0.0
0.73224003,10.0000062172904,-0.230979,10.004555584272547,-0.37786573,-0.94572324,0.0
-0.78441482,-0.47019533,-0.59163147,-0.85955255,-0.37786573,-0.94572324,0.0
9.997237792011457,-0.3994177,0.35508128,1.0320238,-0.37786573,0.90996423,-0.26277719578595937
-0.78441482,-0.47019533,-0.59163147,-0.85955255,-0.37786573,-0.94572324,0.0
-0.17378932,-0.43038291,0.40016284,-0.85955255,-0.37786573,-0.94572324,0.0
-0.54101153,-0.38614689,-0.59163147,0.75438443,-0.37786573,0.47422809,0.0
-0.78441482,-0.47019533,9.989496329427736,-0.85955255,-0.37786573,-0.94572324,0.0
-0.78441482,2.1729483048841174,-0.59163147,-0.85955255,-0.37786573,10.006245889191648,0.0
-0.78441482,-0.47019533,-0.59163147,-0.85955255,-0.37786573,-0.94572324,0.0
-0.78441482,2.17145616368333,4.754709216091291,-0.85955255,-0.37786573,-0.94572324,0.0
0.22459936,0.020824514,0.039510361,10.004555584272547,-0.37786573,-0.94572324,0.0
-0.19785994551309272,3.418151,-0.0055711987,-0.85955255,-0.37786573,-0.94572324,1.5306232895807108
0.77289193,-0.45250093,-0.14081588,10.004555584272547,-0.37786573,-0.94572324,0.0
0.58640132,3.1173461,-1.8677438078589577,0.28897986,-0.37786573,0.54126442,0.0
-0.78441482,-0.47019533,-0.59163147,-0.85955255,-0.37786573,-0.94572324,0.0
3.494537,-0.41268851,-0.50146835,-0.85955255,-0.37786573,-0.94572324,0.0
-0.10434231,-0.41711211,-0.18589744,0.69109278,-0.37786573,5.3935315550012835,0.0
-0.78441482,-0.47019533,-0.59163147,-0.85955255,-0.37786573,10.006245889191648,0.0
9.997237792011457,-0.11630716,1.2567125,1.0138802,-0.37786573,1.0379427,0.0
0.34384495,2.007238295969888,-1.5171441436637338,0.41809481,-0.37786573,0.78503289,0.0
0.34655507,-0.14727237,0.17475504,-0.85955255,-0.37786573,-0.94572324,0.0
-0.78441482,-0.47019533,-0.59163147,-0.85955255,-0.37786573,-0.94572324,0.0
0.20207142,0.71533007,-0.32114211,0.2034569097288551,-0.37786573,-6.575964484346985,0.0
-0.78441482,-0.47019533,-0.59163147,-0.85955255,-0.37786573,-0.94572324,0.0
-0.37416934,-0.44807732,-0.18589744,0.4712598,2.4231903,1.0227071,0.0
0.36400152,0.42337232,-3.6881533393985344,10.004555584272547,-0.37786573,1.0897435,0.0
-2.8459041400056893,10.0000062172904,-0.59163147,-0.85955255,0.5338468167638007,-0.1030624191076902,0.0
0.46258239,0.34817108,-0.41130523,0.89236022,-0.37786573,1.047084,0.0
0.21003242,0.35259468,0.17475504,0.82189552,0.39798658,1.0440369,0.0
-0.174975,-0.33748727,1.6624465,10.004555584272547,10.0049654879065,1.278664,0.0
-0.038282968,-0.063223929,1.4370387,0.59067004,-0.37786573,0.90691713,0.0
0.27101028,-0.16496678,-0.36622367,-0.85955255,-0.37786573,-2.0917181603748807,0.0
-0.78441482,-0.47019533,-0.59163147,10.004555584272547,-0.37786573,-0.94572324,0.0
-0.077071661,-0.37287609,0.53540751,1.4873017,-0.37786573,0.51079336,0.0
9.997237792011457,-0.47019533,-0.59163147,-0.85955255,-0.43282107500057676,-0.94572324,0.0
0.62857767,10.0000062172904,-0.36622367,-0.85955255,-0.37786573,-0.94572324,0.0
2.4943308,-0.43038291,-0.59163147,-0.85955255,-0.37786573,-0.94572324,0.0
0.38195611,10.0000062172904,0.58048907,1.2522787,-0.37786573,1.2238161,1.5306232895807108
0.17971288,-0.37729969,-0.18589744,1.2788612,0.71713173,0.27921332,1.4472388326179886
0.14922395,-0.076494735,-2.4179231022824963,1.5451081,-0.37786573,1.3670301,0.0
-0.44954475,1.9115021809020791,9.989496329427736,0.20416905,0.42613773,1.2512401,0.0
0.82828015,1.8123834,-0.45638679,-0.85955255,-0.37786573,-0.94572324,0.0
1.2744348,3.006756,-0.45638679,0.96451269,-0.37786573,0.45289835,0.0
0.95938255,2.1928132,-0.0055711987,0.58856031,-0.37786573,0.71190235,1.5306232895807108
-0.78441482,-0.47019533,9.989496329427736,-0.85955255,-0.37786573,-0.94572324,0.0
0.34401433,1.8256542,1.3919571,1.3421528,-0.37786573,1.1598269,0.0
-0.78441482,-0.47019533,-0.59163147,-0.85955255,-0.37786573,-0.94572324,0.0
0.29303006,-0.054376724,9.989496329427736,-0.85955255,-0.37786573,-0.94572324,0.0
3.057529,-0.43480652,-0.32114211,-0.85955255,2.55960461069697,1.198762393828975,0.5964586881981393
-1.5922515670311277,1.928974447283888,-0.50146835,-0.85955255,10.0049654879065,-0.94572324,0.0
-0.78441482,10.0000062172904,-0.59163147,-0.85955255,-0.37786573,-0.94572324,0.0
0.1566768,-0.12073076,0.12967348,0.73961638,-0.37786573,1.0866964,0.0
-0.78441482,-0.47019533,-0.59163147,-0.85955255,-0.37786573,-0.94572324,0.0
-1.5490962316267418,2.3830281,2.3536698035756616,1.6856155,-0.37786573,0.79722131,0.0
-0.32267692,-0.45250093,-0.14081588,-0.85955255,-0.37786573,-0.94572324,0.0
-2.940943694682085,0.18007419,-0.32114211,0.94721297,1.6182978,1.1293559,0.0
-0.78441482,-0.47019533,-0.59163147,-0.85955255,-0.37786573,-0.94572324,0.0
-0.78441482,-0.47019533,-0.59163147,-0.85955255,-0.37786573,-0.94572324,0.0
9.997237792011457,-0.15169597,-0.27606055,0.86999717,-0.37786573,0.9952832,0.0
-0.78441482,-2.0012862694687232,9.989496329427736,-0.85955255,-0.37786573,-0.94572324,0.0
-0.78441482,-0.47019533,-0.59163147,-0.85955255,-0.37786573,-0.94572324,0.14666669518838338
0.34774075,-0.10745995,-0.32114211,1.2400423,1.8001444,1.1141203,0.0
-0.28304132,-0.14284877,3.961606,-0.85955255,-0.37786573,-0.94572324,0.0
9.997237792011457,-0.47019533,-0.59163147,-0.85955255,-0.37786573,10.006245889191648,0.0
0.29387698,-1.0679238658481451,0.039510361,1.7527047,10.0049654879065,1.2360046,0.0
9.997237792011457,1.8787375,0.30999972,2.1341423,0.09224203,0.95567082,0.0
0.70751012,3.5198939,-0.230979,1.1240076,-0.37786573,0.84597501,0.0
-0.78441482,-0.47019533,-0.59163147,-0.85955255,-0.37786573,-0.94572324,0.0
0.37941536,0.28181705,-0.095734317,0.10712186,0.75585191,1.047084,0.4306987028522837
-1.1570132691501525,-0.47019533,-0.59163147,-0.85955255,-0.37786573,-0.94572324,0.0
-0.78441482,-0.47019533,-0.59163147,-0.85955255,10.0049654879065,-0.94572324,0.0
2.033707294435413,-0.47019533,9.989496329427736,-0.85955255,-0.37786573,-0.94572324,0.0
-0.78441482,-0.47019533,-0.59163147,-0.85955255,-0.6482969566855865,-0.94572324,-0.013593082253667604
0.26525126,-0.15169597,-0.36622367,0.6265353,-0.37786573,1.363983,0.0
-0.48257442,-0.44807732,1.5156365199614077,-0.097943072,1.099724,0.97700056,0.0
0.18699634,-0.31094565,0.71573375,10.004555584272547,-1.6327343301922945,1.3121822,0.0
-0.24882596,10.0000062172904,0.26491816,1.9839301,-0.37786573,10.006245889191648,0.0
-0.22443482,-0.44807732,0.35508128,0.57168254,0.63932919,0.62048917,0.0
-0.067078068,-0.3949941,-0.27606055,1.083501,-0.37786573,0.85206922,0.0
0.73698275,1.1930791,0.30999972,-0.85955255,-4.507416205720269,10.006245889191648,0.0
-0.78441482,10.0000062172904,-0.59163147,-0.85955255,-0.37786573,10.006245889191648,0.0
-0.26898253,-0.45250093,-0.050652758,0.96662241,10.0049654879065,0.80026842,0.0
-0.020328376,-0.35075807,3.3331629686948445,1.189831,-1.8344374056903916,1.2299103,0.0
0.11619427,-0.16496678,0.58048907,0.58476282,-0.37786573,0.73018498,0.0
-0.21816765,-0.41711211,0.35508128,-0.85955255,-0.37786573,-0.94572324,0.7455133222952833
-0.78441482,-0.47019533,-0.59163147,-0.85955255,-0.37786573,-0.94572324,0.6469947546694177
-0.78441482,-0.47019533,-0.59163147,-0.85955255,-0.37786573,-0.94572324,0.0
-0.40567457,-0.41711211,0.62557063,0.46999396,0.55513914,1.4035954,0.0
-0.78441482,2.9743835724042778,-2.5007545214252964,-3.6566898101154663,-0.37786573,-0.94572324,0.0
0.14583629,-0.11630716,3.8714429,-0.85955255,-0.37786573,-0.94572324,0.0
-5.357707563050679,-0.47019533,-0.59163147,-0.85955255,-0.37786573,-0.94572324,-0.77881057151066
0.054200117,-0.35960528,0.71573375,0.98814157,-0.37786573,1.3853127,0.0
-0.78441482,-0.47019533,-0.59163147,-4.140954661601577,-0.37786573,-0.94572324,0.0
-0.78441482,-0.47019533,-0.59163147,-0.85955255,6.212632814366353,-0.94572324,0.0
3.2914469,-0.43923012,-0.54654991,3.128438792394958,-0.37786573,10.006245889191648,0.0
0.02726823,-0.2092028,0.53540751,-0.12410362,0.72016086,0.98918898,0.0
0.14736073,-0.27113323,0.80589687,0.47421341,0.40753492,0.97090635,0.0
0.21579144,0.21988661,-0.14081588,0.83286607,-0.37786573,10.006245889191648,0.0
-0.78441482,10.0000062172904,-0.59163147,-0.85955255,-0.37786573,-0.94572324,0.3557809645450013
1.3725075,0.63570523,-0.36622367,10.004555584272547,-0.37786573,0.57478259,0.0
0.064024328,-0.36402888,-0.32114211,-0.85955255,-0.37786573,-0.94572324,-0.48294410893598544
0.28608536,0.17565059,-1.7010415570134343,1.9522843,2.99428,1.0958377,0.0
-4.722440923596834,0.047366127,-0.050652758,-0.85955255,-0.37786573,-0.94572324,-0.5541554197058148
0.40262083,-0.063223929,0.08459192,0.49995201,0.30046177,1.1994393,0.0
-0.045566434,-0.18708479,-0.095734317,3.0504369581633535,2.126599,1.1811567,0.5496939352530438
1.0242562,1.016135,-0.36622367,0.94130575,-0.37786573,1.0227071,-0.02504997391740151
-0.78441482,-0.47019533,-0.59163147,-0.85955255,-0.37786573,-0.94572324,0.0
9.997237792011457,-0.47019533,-0.59163147,-0.85955255,-0.37786573,-0.94572324,0.0
0.017274636,-0.04552952,0.12967348,-0.85955255,-0.37786573,-0.94572324,0.0
-0.78441482,-0.47019533,-0.59163147,-0.85955255,-0.37786573,-0.94572324,0.0
-0.78441482,-0.47019533,-0.59163147,-4.2735005559587815,-0.37786573,-0.94572324,0.0
9.997237792011457,-0.44807732,0.71573375,0.14022795385717457,0.31468551,0.48336941,0.0
-0.78441482,-0.47019533,-0.59163147,-0.85955255,-0.37786573,-0.94572324,0.0
0.11060464,0.034095321,-0.36622367,0.74341387,2.5460676,1.0745079,0.0
1.2202323,1.3257872,-0.45638679,1.0581843,-0.37786573,10.006245889191648,-0.023594264502536
-0.38992195,-0.42153571,0.08459192,0.42020454,2.1139886,1.3548417,0.0
-0.14668805,-0.39057049,0.17475504,10.004555584272547,-0.37786573,-0.94572324,0.0
0.071307794,-0.036682315,9.989496329427736,0.52780033,0.50114161,1.1171674,0.0
-1.2348675041800128,-0.47019533,-0.59163147,-0.85955255,-0.37786573,-0.94572324,0.0
0.56624475,0.10044935,-0.32114211,10.004555584272547,2.5653618,1.0348956,0.0
0.31860689,0.020824514,0.039510361,1.030336,-0.37786573,1.2878054,0.0
-0.78441482,-0.514598458485905,-0.59163147,-0.48041676900710945,-0.37786573,-0.94572324,0.0
-0.18344415,-0.44365372,0.26491816,0.93582048,-0.37786573,1.3883599,0.0
-0.78441482,-0.47019533,-0.59163147,-0.85955255,-0.37786573,-0.94572324,0.0
0.033366016,-0.18266119,9.989496329427736,0.42400203,0.23243805,1.2390517,0.0
-0.78441482,-0.47019533,-3.6905748607660005,-0.85955255,-0.37786573,-0.94572324,0.0
-0.78441482,-0.47019533,-0.59163147,-0.85955255,-0.37786573,-0.94572324,0.0
-0.17345055,-0.33748727,0.62557063,0.66493223,-0.9873695341471131,1.1141203,0.0
0.20698353,-0.34191087,0.2198366,0.52526867,-0.37786573,0.92215265,0.0
-0.78441482,-0.47019533,-0.59163147,-0.85955255,-0.37786573,-0.94572324,0.0
-0.048445944,-0.15169597,0.12967348,0.66872973,1.3057707,1.0501311,0.0
-0.045058286,-0.34191087,-0.32114211,0.57294838,-0.37786573,-4.31438485684759,1.5306232895807108
-0.78441482,-0.47019533,-0.59163147,3.7170025672156903,-0.37786573,-1.5117972888282676,-0.45540164584230836
-0.78441482,-0.47019533,-0.59163147,-0.85955255,-0.37786573,-0.94572324,0.0
-0.40618271,-0.4038413,-0.14081588,0.14678463,3.5444951,1.0013774,0.0
-0.30912629,-0.43923012,-0.18589744,0.68476362,10.0049654879065,1.0714608,0.0
-1.3214800041155499,-0.42153571,0.12967348,-2.163281979529156,-0.37786573,-0.94572324,0.0
-0.27474155,-0.33306367,4.4124216,-0.85955255,-0.37786573,-0.94572324,0.0
0.10874142,-0.45250093,-0.41130523,-0.85955255,-0.37786573,-0.94572324,0.8587379811743057
0.44937052,0.9763226,0.30999972,0.3598665,0.49633452,0.74237341,0.0
-0.78441482,-0.47019533,-0.59163147,-0.85955255,-0.37786573,-0.94572324,1.5306232895807108
0.47918191,1.6310157,0.039510361,1.8244352,-0.37786573,1.0653666,0.0
8.8738004,-0.42595931,-0.54654991,1.6841935421737868,-0.37786573,-0.94572324,0.0
-0.78441482,10.0000062172904,-0.59163147,-0.85955255,4.1358195583607555,-0.94572324,0.0
0.054200117,0.16237979,0.12967348,-0.85955255,-0.37786573,-0.94572324,0.0
2.0142995,4.541746,-0.32114211,-0.85955255,10.0049654879065,-0.94572324,0.1587800293494548
0.72123014,0.56050399,0.67065219,0.79109358,-0.37786573,1.1750624,0.0
4.546030438886829,1.5690853,-0.230979,0.81514441,0.93572295,0.74237341,0.0
-0.083169447,-0.35075807,0.80589687,0.50501534,-0.37786573,-3.8095230245600873,0.0
0.18598005,5.945380033255792,0.30999972,-1.2751505556177056,-0.37786573,-0.94572324,0.0
-0.029475055,-0.33748727,-0.095734317,-2.877289347817772,-0.37786573,1.1110732,0.0
0.68244144,1.4629188,0.40016284,1.8611443,-0.37786573,1.0409898,0.0
-0.0037288481,0.18007419,0.26491816,0.88982855,0.39084178,1.5041499,0.21545048516524873
-0.78441482,-0.47019533,-0.59163147,-0.85955255,-0.37786573,-0.94572324,0.0
-0.28778404,-0.22247361,2.2935883,0.88729688,-0.37786573,1.2451459,0.0
-0.78441482,-0.47019533,9.989496329427736,-0.85955255,-0.37786573,-0.94572324,-0.2050465030124214
2.181242688767675,-0.47019533,-0.59163147,-0.85955255,-0.37786573,2.879654313038258,0.0
5.4578547,-4.0346721274860915,-0.54654991,10.004555584272547,-0.37786573,-0.94572324,0.0
-0.054882496,0.069484139,0.08459192,0.14636268,-0.37786573,-1.0697233992004196,0.0
-0.47596849,-0.43038291,0.67065219,0.035391329,-0.37786573,1.5132912,0.0
-0.78441482,-0.47019533,-0.59163147,-0.85955255,-0.37786573,-0.94572324,0.0
-0.78441482,-0.47019533,-0.59163147,-0.85955255,-0.37786573,10.006245889191648,0.0
1.0671101,-0.18708479,9.989496329427736,1.2320254,-0.37786573,1.0745079,0.0
0.62654507,0.56050399,-0.32114211,-0.85955255,-0.37786573,-0.94572324,0.0
0.51695431,-0.0057170995,-0.14081588,10.004555584272547,0.6778189,0.86121054,-0.1212500211258099
-0.78441482,-0.47019533,-0.59163147,-0.85955255,10.0049654879065,-0.94572324,0.0
0.39618427,0.50299716,-0.050652758,-1.130568816321016,-0.37786573,1.1445914,0.48088493249899644
-0.21494937,10.0000062172904,-2.5876071815552475,-0.7507225180098912,-0.37786573,1.5346209,0.0
0.51881752,-0.43923012,-0.18589744,-0.85955255,-0.37786573,-0.94572324,0.0
9.997237792011457,-0.44365372,-0.50146835,-0.85955255,-0.37786573,10.006245889191648,0.0
0.6451772,0.21988661,-0.050652758,0.80797135,0.51013023,1.1506856,0.07381057184884426
0.31860689,-0.15169597,-0.050652758,1.8957438,-0.37786573,1.2116277,0.0
3.6543904508264666,0.13583817,0.35508128,-0.85955255,-0.37786573,-0.94572324,0.0
-0.19377651,-0.13400156,0.2198366,-0.23127747,1.8157839,0.78503289,0.0
-0.78441482,3.734033307758791,-0.59163147,-0.85955255,-0.37786573,-0.94572324,0.0
0.58013415,0.71090646,-0.27606055,10.004555584272547,-0.37786573,1.0531782,0.0
-0.14956756,-0.31094565,1.1665493,0.66240057,-0.37786573,10.006245889191648,0.0
-0.78441482,-0.47019533,-0.59163147,-0.85955255,-0.37786573,-0.94572324,0.0
0.42819765,-0.18266119,0.12967348,1.159451,-0.37786573,1.1781095,0.0
0.36620349,-0.44365372,-2.145918380270535,-0.85955255,-0.37786573,-0.94572324,0.0
-0.78441482,-0.47019533,-0.59163147,-0.85955255,-0.37786573,-0.94572324,0.0
-0.78441482,-0.47019533,-0.59163147,-0.85955255,-0.37786573,-0.94572324,0.0
0.32876986,1.3877176,4.0968507,0.57590199,10.0049654879065,0.43461572,0.0
-1.2182609739173005,-0.47019533,-0.59163147,-0.85955255,-0.37786573,-0.94572324,0.0
-0.78441482,-0.47019533,-2.389363667947654,-0.85955255,-0.37786573,-0.94572324,0.0
-0.78441482,-0.47019533,-0.59163147,10.004555584272547,-1.109754089038788,-0.94572324,0.0
0.16040322,-0.023411508,0.49032595,-0.16334444,-0.37786573,0.70885524,0.0
-0.78441482,-0.47019533,-0.59163147,-0.85955255,-0.37786573,-0.94572324,-0.42815020431882816
0.21765465,-0.195932,0.30999972,10.004555584272547,0.23194418,1.5711862,0.0
-0.78441482,-0.47019533,-2.7323801046463405,-0.466737145872328,-0.37786573,-0.94572324,0.0
0.56539783,0.4687243067967503,-0.32114211,1.5392008,2.5001367,1.2512401,0.0
0.17615583,-0.35075807,-0.32114211,0.93075715,2.726202,1.1811567,0.0
-0.26119092,-0.31979286,1.7075281,0.33539373,-0.37786573,3.659477169376922,-0.21807098985283432
-0.78441482,-0.47019533,-0.59163147,-0.85955255,-0.37786573,-0.94572324,0.0
-0.20817406,-0.31094565,-0.050652758,-0.85955255,10.0049654879065,0.19653781589998842,0.0
-0.2832107,-0.44365372,0.71573375,1.1839237,-0.37786573,-4.741048641648151,0.0
-0.15837547,-0.16054318,1.3468756,1.6708475,0.10672917,0.91910555,0.0
0.14922395,0.30393506,-0.18589744,1.2898318,-2.326231421130877,0.76675026,0.0
-0.14855126,-0.16054318,0.08459192,0.74678943,-0.37786573,7.0198802252241945,0.0
0.049626778,-0.42153571,0.12967348,0.75016498,0.68641241,1.2847583,0.0
-0.17819328,-0.2047792,0.62557063,0.76155748,-0.37786573,1.1445914,0.0
0.29878908,-0.43038291,1.4891726129606067,10.004555584272547,-0.37786573,-0.94572324,0.0
1.1438406,4.7717733,-0.27606055,-0.85955255,-0.37786573,-0.94572324,0.00856130913576837
-0.78441482,10.0000062172904,0.8513613734120484,-0.85955255,-0.37786573,-0.94572324,0.0
0.27372041,0.36144189,0.67065219,-0.85955255,-0.37786573,-0.94572324,0.0
1.3491327,-0.43923012,-0.45638679,-0.85955255,-0.37786573,-0.94572324,0.0
9.997237792011457,4.8690926,-0.41130523,-1.5526458446154485,-0.37786573,0.090292752,0.0
0.031333421,-0.41711211,-0.41130523,1.3818156,4.0781487,5.851700670665699,0.0
1.4778637,-0.39516389575746835,-0.50146835,0.8493219,2.2511225,0.29749595,0.0
-2.7219245628005266,-0.31536926,-0.14081588,0.89109438,2.016332,6.751284115385072,0.0
-0.018973313,0.26412264,0.08459192,0.25522431,2.25022793715649,0.9983303,0.4376661561841236
-0.78441482,-0.47019533,-0.59163147,-0.85955255,-0.37786573,-0.94572324,0.0
-0.24662398,-0.31094565,1.2116309,0.78603025,0.44800014,1.1689682,0.0
1.0035915,0.91439217,0.35508128,-0.85955255,-0.37786573,-0.94572324,1.0
-0.035064692,-0.14727237,-0.41130523,10.004555584272547,5.253023,1.3487475,1.0
0.20884674,-0.30209845,1.1807927368304174,1.2797051,1.3428446,1.8850381,1.5306232895807108
0.91415731,0.21988661,-0.50146835,10.004555584272547,8.1455126,1.3731243,0.8223391933127827
0.49713651,-0.32421646,-0.45638679,1.0370871,1.5386206874251172,1.0440369,1.0
0.7156405,0.28181705,-0.41130523,1.3130387,3.2450722,1.1720153,1.0
1.3919866,0.15795618,-0.54654991,2.1096695,7.3765746,1.2938996,1.0
9.997237792011457,3.5652108794693516,-0.32114211,1.7767555,4.2067221,1.3396062,1.0
-0.0032206993,-0.38172329,-0.230979,1.5240108,1.2885507,1.8891654161242144,1.0
0.40922676,-0.36845248,-0.45638679,1.4868873115955292,4.0606653,6.223479679540485,1.0
0.47867377,0.082754945,-0.230979,10.004555584272547,2.1916265,1.0592724,1.0
0.087229791,-0.43923012,0.039510361,1.3915203,-1.1203520594908711,1.3426533,1.0
0.4554683,-0.11630716,-1.63490186535066,1.5535469,4.0606653,1.4675846,1.0
0.25864533,-0.15611958,-0.50146835,1.9096679,-0.37786573,1.6351754,1.0
-0.03726667,-0.43038291,0.35508128,1.2181012,1.0804627,1.6595523,1.0
1.7614108,-0.21805001,-0.54654991,1.788148,8.2156435,1.2055335,2.261591359582884
0.21579144,-0.17823759,3.869089727506852,1.4910992,-0.37786573,1.507197,1.0
0.04861048,-0.35518168,-0.32114211,1.8358277,-0.37786573,1.3274177,1.4286809717790796
0.49493453,-0.37287609,-0.45638679,1.7767555,4.2067221,1.4066425,1.0
0.12347774,-0.32421646,-0.36622367,0.7303336,3.6115969,1.220769,1.0
1.297979,-0.16054318,-0.54654991,1.3252751,13.750423,0.90996423,1.0
5.0267751,-0.098612747,-0.45638679,4.7472434,10.0049654879065,0.90996423,0.8926194975374165
0.72427903,10.0000062172904,-0.50146835,1.0818132,3.669395096148357,1.2908525,1.0
-0.11806233,-0.4082649,0.44524439,2.1197962,0.68888181,1.3853127,1.0
0.2122344,-0.9516246060687887,-0.41130523,0.94130575,3.1237424,1.5407151,1.0
0.31064589,-0.2092028,-0.50146835,1.7109322,7.1186047,4.269342800564462,1.0
-0.78441482,-0.47019533,-0.59163147,-1.4130453730298518,-0.37786573,-0.94572324,0.0
0.20783044,-0.42595931,-0.41130523,-0.85955255,-0.37786573,-1.7495612626502486,0.2438329882119098
-0.78441482,-0.47019533,-0.59163147,-0.85955255,-0.37786573,-0.94572324,0.0
-0.78441482,-0.47019533,-0.59163147,-0.85955255,-0.37786573,-0.94572324,0.0
-0.035911607,-0.42153571,-0.050652758,-0.85955255,-0.37786573,-0.94572324,0.0
-0.78441482,-0.47019533,-6.615732615664649,10.004555584272547,-0.37786573,-0.94572324,0.0
1.0306928,0.95420459,-0.45638679,0.82906857,10.0049654879065,0.67533708,0.0
-6.635726429696675,3.3562206,-0.230979,-0.85955255,2.812788399125759,-0.94572324,0.0
0.94142796,2.0379871,-0.14081588,1.2721101,-0.37786573,10.006245889191648,0.0
-0.23612224,10.0000062172904,2.9247302,1.1008007,0.40898364,0.98004767,0.0
0.33927161,0.22431022,-0.0055711987,-0.85955255,-2.122247144916481,-0.94572324,0.0
-0.058100772,0.24200463,0.49032595,-0.85955255,-0.37786573,-0.94572324,0.0
-0.18378291,10.0000062172904,0.08459192,0.78096692,-1.3580615366702338,1.2238161,0.0
-0.78441482,-0.47019533,3.1573982288653735,-0.85955255,-0.37786573,-0.94572324,0.0
-1.017732933737619,-0.43480652,-0.18589744,0.39193427,1.7101265,0.77284447,0.0
-0.78441482,-0.47019533,-0.59163147,-0.85955255,-0.37786573,-0.94572324,0.1466203112815437
-5.945454740343111,-0.47019533,-0.59163147,-0.85955255,-0.37786573,-0.94572324,-0.5490900502687872
-0.28507391,-0.41711211,-0.14081588,0.67674667,1.5858664,1.0440369,0.2869444401355805
-0.78441482,-0.47019533,-0.59163147,-0.85955255,-0.37786573,-0.94572324,0.0
-0.78441482,-2.3435636007070886,-0.59163147,-0.85955255,-0.8939459291034558,-0.94572324,0.0
-0.6921095782248864,-0.47019533,-0.59163147,-0.85955255,10.0049654879065,-0.94572324,0.0
9.997237792011457,-0.41711211,-0.32114211,0.7493211,-0.37786573,1.1720153,0.0
-0.78441482,-0.47019533,-0.59163147,-0.85955255,-0.37786573,-0.94572324,0.0
-0.78441482,-0.47019533,-0.59163147,-0.85955255,-0.37786573,-0.94572324,-0.3483065891198689
0.3502815,0.15795618,0.35508128,1.7075566,10.0049654879065,0.91605844,1.5306232895807108
-0.78441482,-0.47019533,-0.59163147,-0.85955255,-0.37786573,-0.94572324,-0.13889255311396065
0.020154146,-0.27998044,9.989496329427736,6.356021150958437,-0.37786573,-0.94572324,-0.4670608146734861
-0.30523048,-0.14727237,1.198670091071278,0.42526787,0.11874692,1.2238161,0.0
5.9201007,-0.38614689,-0.45638679,2.6991257,-0.37786573,0.50469915,0.0
-0.16786092,-0.063223929,0.08459192,-0.85955255,-0.37786573,10.006245889191648,0.0
-0.027950609,-0.8966974976396023,-0.0055711987,-0.85955255,-0.37786573,-0.94572324,0.0
-0.78441482,-0.47019533,-0.59163147,-0.85955255,-0.37786573,-0.94572324,0.0
0.018799083,-0.41711211,0.08459192,0.57252643,-0.37786573,0.84902211,0.0
9.997237792011457,-0.47019533,-0.59163147,-0.85955255,-0.37786573,-0.94572324,-0.3214971056469041
0.25762903,10.0000062172904,0.2198366,-0.1911135450093544,10.0049654879065,1.4950086,0.0
-0.50205346,-1.9635380686552457,0.039510361,-0.22537025,0.2933467425543729,1.3213235,0.0
-0.78441482,-3.131644611867241,-0.59163147,-0.85955255,-0.37786573,0.18950371445380787,0.0
-0.06030275,-0.38172329,-0.27606055,4.719028108458656,1.283891646204531,-0.94572324,0.0
0.22324429,-0.45250093,0.80589687,1.0092388,-0.37786573,2.965174078936725,0.0
9.997237792011457,-0.33748727,0.12967348,10.004555584272547,1.1257679,-0.25930261415824507,0.0
0.58640132,0.41894872,-0.18589744,0.6750589,-0.37786573,1.0379427,0.0
0.36179954,0.12699097,-0.27606055,1.7337172,-0.37786573,1.0105187,0.0
0.37145436,-0.44365372,-0.36622367,0.93919603,-0.37786573,1.0927906,0.0
-0.78441482,-0.47019533,-0.59163147,-0.85955255,-0.37786573,-0.94572324,0.0
-0.78441482,-0.47019533,-0.59163147,0.6865009014550959,-0.37786573,-0.94572324,0.0
0.018968466,-4.1432109415430185,0.35508128,10.004555584272547,-0.37786573,1.1659211,0.0
9.997237792011457,-0.47019533,-0.59163147,-0.85955255,-0.37786573,-0.94572324,-0.77557444744939
0.24611099,1.0117114,0.26491816,-1.0538405125207682,-0.37786573,0.34624965,0.0
-0.48697838,-0.43038291,-0.050652758,0.14087741,-0.37786573,1.363983,0.0
-0.2196921,-0.42153571,-0.41130523,-0.85955255,-0.37786573,-0.94572324,0.0
-0.34113967,-0.32864006,0.49032595,0.38644899,0.38438842,1.5529036,0.0
-0.78441482,-0.47019533,-0.59163147,-0.85955255,-0.37786573,-0.94572324,0.0
-0.15634288,-0.076494735,-1.9060118247176265,0.21767127,4.228644709595058,1.1537327,0.0
-0.78441482,-0.47019533,-0.59163147,-0.85955255,1.194075295908687,1.4004437042997178,0.0
-0.034556543,1.3938859598935285,-0.14081588,-3.1885052237192504,3.458333124772663,1.3487475,0.32808411071711957
-0.048107178,-0.36845248,-0.27606055,-0.85955255,-0.37786573,-0.94572324,-0.36266871549673463
-0.22951631,-0.38172329,9.989496329427736,0.2818068,-0.37786573,0.38281492,0.0
-3.073571522708375,-0.16054318,2.5189961,-0.5529258266433638,0.10880347,0.8364614740278673,0.0
-0.35113326,-0.37287609,1.6173649,3.005924176383844,-0.37786573,0.75151473,0.0
-0.78441482,-0.4393076777268131,-0.59163147,-0.85955255,-0.37786573,-5.919394823222497,0.0
0.64534658,1.0957599,-0.45638679,0.82569301,1.1627114913630519,3.1616005206989533,0.0
-0.78441482,0.5846980229622166,-0.59163147,-0.85955255,-0.37786573,-0.94572324,0.0
-0.78441482,-0.47019533,-0.59163147,-0.85955255,-0.37786573,-0.94572324,0.0
-0.41905582,-0.43923012,0.80589687,0.42568981,0.73310051,0.76370315,0.0
0.50763825,1.5381201,0.08459192,0.73666277,-0.8599282823483976,3.983818407369653,0.0
-0.069788195,-0.27555684,-0.0055711987,10.004555584272547,-0.37786573,-0.94572324,0.0
-0.33656633,-0.45250093,0.30999972,0.10121464,10.0049654879065,0.90082291,-0.1308516588781849
3.7387872,-0.43480652,-0.41130523,-0.85955255,-0.37786573,-0.94572324,0.0
-0.039129883,-0.4082649,0.30999972,-0.85955255,-0.37786573,-0.94572324,0.0
-0.78441482,-4.13610765783753,9.989496329427736,-0.85955255,-0.17154365832909907,-0.94572324,0.0
0.17005805,-0.10745995,0.4362996252654891,-0.020727264,-0.37786573,1.235272495596003,0.0
0.15193407,-0.11630716,4.1870138,1.1370879,-0.37786573,0.58697101,1.5306232895807108
-1.7321384587066038,-0.47019533,-0.59163147,-0.85955255,-0.37786573,-0.94572324,0.0
0.39821687,4.9885298,0.62557063,-0.85955255,10.0049654879065,-0.94572324,0.0
0.15210346,-0.44365372,-0.14081588,2.2451137,-0.37786573,0.64181891,0.0
0.66990711,0.79495491,-0.18589744,-0.85955255,5.633888816789846,-0.94572324,0.0
-0.78441482,-0.47019533,-0.59163147,-5.576269004292743,10.0049654879065,-0.94572324,0.0
-0.78441482,-0.47019533,-0.59163147,-0.85955255,-0.37786573,10.006245889191648,-0.032403573299533195
-0.51611224,-0.45250093,0.62557063,0.21809321,0.58724133,10.006245889191648,0.0
0.12280021,-0.45250093,-0.230979,1.181814,-0.37786573,7.0035914046619325,0.0
2.08742466857145,-0.36402888,-0.32114211,1.6531258,2.702397,1.6778349,0.0
-0.78441482,-0.47019533,-0.59163147,-0.85955255,10.0049654879065,-0.94572324,0.0
0.29472389,-0.195932,-0.230979,1.6446869,-0.37786573,1.3213235,1.5306232895807108
-0.78441482,-0.47019533,-0.59163147,-0.85955255,-2.681292808379514,-0.94572324,0.0
-0.072667705,-0.4082649,0.53540751,1.2919415,0.22335067,1.2938996,0.0
-0.78441482,-2.9137538050502987,-0.59163147,-0.85955255,-0.37786573,-0.94572324,0.0
-0.78441482,-0.47019533,-0.59163147,-0.85955255,10.0049654879065,-0.94572324,0.0
1.4772850209966533,10.0000062172904,-0.095734317,0.96155908,2.1256112,1.2603814,0.0
1.657768019555645,-0.43923012,1.1665493,0.28307264,-0.37786573,0.94957661,0.0
0.0020301718,-0.16054318,0.35508128,0.65733724,0.66563653,1.4767259,0.0
-0.78441482,-0.47019533,-0.59163147,-0.85955255,-0.37786573,-0.94572324,0.0
-0.78441482,-0.47019533,0.22805196539492034,-0.85955255,-0.37786573,-0.94572324,0.0
-0.78441482,-0.47019533,-0.59163147,-0.85955255,-0.37786573,-0.94572324,1.5306232895807108
-0.78441482,-0.47019533,-0.59163147,-0.85955255,-0.37786573,-0.94572324,0.0
-0.78441482,-0.47019533,-0.59163147,-0.85955255,-0.37786573,-0.94572324,0.0
9.997237792011457,-0.47019533,-0.59163147,-0.85955255,-0.37786573,-0.94572324,0.0
1.3699668,1.1621139,-0.14081588,10.004555584272547,0.20840257,0.57782969,1.5306232895807108
0.22104231,-0.4765526036089766,0.3810476689005577,-0.85955255,10.0049654879065,-0.94572324,0.0
0.96107638,3.4073841442312394,0.26491816,10.004555584272547,0.6675462,1.2177219,0.0
-0.78441482,-0.47019533,-0.59163147,-5.962714040776958,-0.37786573,-7.28711307568202,0.0
-0.78441482,-0.47019533,-0.59163147,-0.85955255,-0.37786573,-0.94572324,0.0
0.23730308,0.20661581,0.71573375,0.0066991158,0.20645998,0.76370315,0.0
-0.78441482,-0.47019533,-0.59163147,-0.85955255,-0.37786573,-0.94572324,0.0
-0.78441482,-0.47019533,-0.59163147,-0.85955255,-0.37786573,-0.94572324,0.0
0.013717595,-0.35075807,0.12967348,0.27969708,0.76516978,1.0409898,0.0
0.034382313,-0.24016802,-0.230979,1.3058656,10.0049654879065,1.5315738,0.0
0.21003242,2.328941553034142,-0.36622367,0.51767367,-0.37786573,1.0318485,0.0
-0.066400536,-0.37287609,-0.18589744,-0.85955255,10.0049654879065,-0.94572324,0.0
0.014564509,-0.16496678,0.67065219,-2.1335858946494786,-0.37786573,-3.684660727830866,0.0
9.997237792011457,-0.47019533,-0.59163147,-0.85955255,-0.37786573,-0.94572324,0.0
0.28557721,0.029671718,1.0763862,0.85311939,0.20593317,0.9983303,0.0
0.88078887,1.383294,0.26491816,1.4290734,2.5011303724163327,1.0562253,0.2650990481549773
-0.78441482,10.0000062172904,1.1727078573674645,-0.85955255,-0.37786573,-0.94572324,0.0
1.6322982511080155,-0.45250093,-0.18589744,0.81345663,1.6549437,1.104979,0.0
0.13143874,-0.42153571,-0.36622367,1.5337156,-0.37786573,1.4066425,0.0
-0.78441482,10.0000062172904,-0.59163147,-0.85955255,-0.37786573,-0.94572324,1.5306232895807108
0.33673086,0.75071888,0.49032595,2.2223287,10.0049654879065,1.2634285,0.0
-0.78441482,-0.47019533,-0.59163147,-0.85955255,10.0049654879065,-0.94572324,0.0
-0.097228231,0.17565059,2.2034252,0.79784469,-0.37786573,1.0348956,1.5306232895807108
1.9661947,-0.13842517,2.884678301822685,-0.85955255,-0.37786573,1.3906761246412236,0.0
0.58995836,0.48972635,0.26491816,6.327834990749844,-0.37786573,1.1415443,0.0
-0.22697556,-0.43923012,-0.14081588,1.7375147,-0.37786573,1.2542872,0.0
1.4710884,-0.45250093,-0.27606055,-0.85955255,-0.37786573,-0.94572324,0.0
1.3496408,-0.43480652,-0.45638679,-0.85955255,-0.37786573,-0.94572324,0.0
-0.78441482,-0.47019533,-0.59163147,-0.85955255,-0.37786573,-0.94572324,0.0
4.187318978257474,-0.47019533,-4.72607940124438,-0.85955255,-0.37786573,-0.94572324,0.0
0.24492531,0.25527543,2.2935883,-0.029588095,-0.37786573,0.43461572,0.0
-0.28354947,-0.41711211,-0.14081588,0.77548164,-0.37786573,0.73018498,0.0
0.53101309,2.7324927,0.58048907,0.79911052,-0.37786573,10.006245889191648,1.5306232895807108
-1.8560756780480028,0.82149652,2.4353354098546367,1.2159915,-0.37786573,1.738777,0.0
-0.061488431,-0.35518168,0.17475504,-1.1690534633106955,1.0468788,10.006245889191648,0.0
-0.78441482,-0.47019533,-0.59163147,-0.8188367257145528,-0.37786573,-0.94572324,0.0
-0.78441482,-0.47019533,-0.59163147,-0.85955255,-0.37786573,-0.94572324,0.0
-0.043703222,-1.7702639796489215,-0.050652758,0.5560706,-0.37786573,0.62963049,0.0
-0.42430669,-0.44365372,0.85097843,-0.85955255,-0.37786573,-0.94572324,0.0
0.28947302,-0.13400156,0.53540751,1.7662069,-0.37786573,1.1811567,0.0
0.22375244,1.1001835,0.85097843,0.37758816,-0.37786573,0.60525364,0.0
0.74612943,-0.43480652,0.2198366,-0.85955255,1.3244498485031189,-0.94572324,0.0
-0.31674852,10.0000062172904,0.2198366,0.97084186,-0.37786573,0.98309477,0.0
-0.78441482,-0.47019533,-0.59163147,-0.85955255,-0.37786573,10.006245889191648,0.0
-0.78441482,-0.47019533,2.176488982382785,-0.85955255,-0.37786573,-0.94572324,0.0
-0.78441482,-0.47019533,-0.59163147,-0.85955255,-0.37786573,-0.94572324,1.5306232895807108
-0.78441482,-0.47019533,-0.59163147,-0.85955255,-0.37786573,-0.94572324,0.0
0.54845954,1.2288217872080485,0.80589687,2.3202197,-0.37786573,1.3213235,0.0
0.014056361,0.10044935,-0.27606055,1.9126747022563002,1.5997816720965505,1.104979,0.0
-0.4112642,0.7142389507745681,0.98622311,10.004555584272547,-0.37786573,-0.94572324,0.0
-0.016940717,-0.37287609,-0.18589744,0.39446593,0.65523213,1.2756169,0.0
1.032556,0.94978098,-0.32114211,2.1575962761120313,-0.37786573,-0.94572324,-0.5338365772405333
0.42006727,10.0000062172904,4.512536638019902,-0.85955255,-0.18504615896871288,-0.94572324,0.0
-0.78441482,-0.47019533,-0.59163147,10.004555584272547,-0.37786573,-0.94572324,0.0
-0.78441482,-0.47019533,-0.59163147,-0.85955255,-0.37786573,-0.94572324,0.0
-0.78441482,-0.47019533,-0.59163147,-0.85955255,-0.37786573,-0.94572324,0.0
-0.10535861,0.26854624,0.58048907,0.4379262,0.49323954,0.88558738,0.0
-0.1451636,-0.35075807,0.53540751,0.37716622,0.38060201,0.66619576,0.0
0.047594183,0.09160215,1.6624465,1.1484804,-0.37786573,0.91910555,-0.5987213332519722
-0.24205065,-0.41268851,1.0763862,0.4969984,0.2599307,0.93129397,0.0
-0.014738739,10.0000062172904,-0.230979,1.3839253,1.8067624,10.006245889191648,0.0
0.87028712,5.0814255,-0.36622367,0.68982695,-0.37786573,0.18780014,0.0
-0.15363275,-0.3949941,-0.36622367,0.28771402,-0.37786573,1.1384972,0.0
0.41786529,1.1842319,-0.095734317,1.9970104,0.90582676,0.74542051,0.0
-0.78441482,-0.47019533,-0.59163147,-0.85955255,-0.37786573,-5.324079560004876,0.0
-0.78441482,-0.47019533,-0.59163147,-0.85955255,-0.37786573,-0.94572324,0.0
0.490819628573822,-0.45250093,-0.50146835,-0.85955255,-0.37786573,-0.94572324,-0.4594009101397635
-0.5076431,-2.943622377368673,4.8181556,0.76324526,0.26246595,0.82159816,0.0
6.093009023221674,1.7194878,-0.095734317,1.242574,-0.1502502906765364,-6.9044718192705705,0.0
-0.78441482,-0.47019533,-0.59163147,-0.85955255,-0.37786573,-0.94572324,0.0
0.82386780981701,10.0000062172904,-3.9436600462068925,10.004555584272547,0.34412075,1.0288014,-0.08998147566656138
0.17784966,-0.26670963,-0.18589744,0.76071359,-0.37786573,1.5620449,0.0
-0.21613506,-0.4038413,-0.18589744,-0.85955255,-0.37786573,-4.9160855717036815,0.0
0.038616887,-0.18266119,0.17475504,0.56282171,0.48622644,1.2451459,0.0
9.997237792011457,2.8925109712356507,-0.59163147,-0.85955255,-0.1561819022225485,-0.94572324,0.0
-0.2742334,-0.3949941,9.989496329427736,1.2130379,0.11957005,0.8916816,-0.19357082073718493
-0.26627241,10.0000062172904,1.2116309,-0.85955255,-0.37786573,-0.94572324,0.0
-0.78441482,-0.47019533,-0.59163147,-0.85955255,-0.37786573,-0.94572324,-0.06194371166538682
-0.78441482,-0.47019533,-0.59163147,-0.85955255,-0.37786573,-0.94572324,0.21955832927489555
-0.78441482,2.868904535068627,-0.59163147,-0.85955255,-0.37786573,-0.94572324,0.0
-0.78441482,-0.47019533,-0.59163147,10.004555584272547,-0.37786573,-0.94572324,0.0
-0.48562331,-0.44807732,9.989496329427736,0.45058453,-0.37786573,0.270072,0.48926307713697575
-0.040823712,-0.23132081,2.0681805,-2.2844012191926732,-0.37786573,1.7204944,0.0
-0.6823735380455848,-0.04552952,-0.230979,0.89868938,-0.37786573,3.181741210091516,0.0
-0.78441482,-0.47019533,-0.59163147,-0.85955255,0.4819394793891506,-0.94572324,0.0
0.29845032,0.34817108,-0.32114211,2.0565159442669336,-0.37786573,-0.94572324,0.0
0.35468545,10.0000062172904,-0.36622367,3.9633251227025372,-0.37786573,-0.94572324,0.0
0.076728049,-0.35960528,-0.36622367,1.1750629,2.0942004,0.97700056,0.0
0.25458014,-0.33748727,-0.36622367,0.7970008,-0.37786573,1.4371135,0.0
-0.78441482,-0.47019533,-4.98370411356615,-0.85955255,-0.37786573,-0.94572324,0.0
0.15295037,-0.12957796,-0.32114211,0.67801251,-0.37786573,1.1781095,0.0
1.244650448528899,2.1308828,-0.32114211,-0.85955255,-0.37786573,-0.94572324,0.0
0.1775109,0.9318878310576484,-0.18589744,-0.85955255,-0.37786573,-0.94572324,0.0
0.96107638,3.5641299,4.853751347453321,-0.85955255,-0.37786573,-0.94572324,0.0
-0.17378932,-0.23574442,-0.230979,0.40037315,1.7676142,10.006245889191648,0.0
-0.38009774,3.4727429643489245,0.917988021131596,-0.85955255,-0.37786573,-0.94572324,0.02072262447200323
0.32097825,0.61358721,0.89605999,-0.85955255,-0.37786573,-0.94572324,0.0
-0.21799827,-0.44365372,0.039510361,10.004555584272547,-0.37786573,1.3548417,0.0
0.52457654,0.87900335,-0.41130523,-0.85955255,-1.762910920430198,-0.94572324,0.0
0.20715291,0.7861077,0.44524439,10.004555584272547,0.34721573,0.80636263,0.0
-0.78441482,-0.47019533,-0.59163147,-0.85955255,-0.37786573,-0.94572324,0.0
-0.41719261,-0.37729969,2.6091592,0.26197542,0.098267364,0.23045962,0.0
-0.28122358258492464,-0.47019533,-0.59163147,-0.85955255,-0.37786573,-0.94572324,0.0
0.65161375,-0.45250093,-0.45638679,-0.85955255,2.093821038745108,-0.94572324,0.06968645174731927
0.18767387,-0.31094565,-0.36622367,-0.85955255,-0.37786573,-0.94572324,0.0
9.997237792011457,5.0858491,-0.27606055,0.1674599,2.741216,-0.016355953,0.0
-0.78441482,-0.47019533,-0.59163147,-0.85955255,-0.37786573,-0.94572324,0.0
0.016088956,-0.35075807,-0.095734317,-0.85955255,-0.37786573,10.006245889191648,0.0
0.31369478,1.0072878,-0.45638679,0.40585843,-0.37786573,0.37062649,0.0
-0.78441482,10.0000062172904,-0.2782532277065519,-0.85955255,-0.37786573,-0.94572324,0.0
-0.15329398,10.0000062172904,-0.36622367,0.6132535528509422,2.7677208,1.1750624,0.0
0.16836422,-0.43480652,-0.45638679,0.65058613,-0.37786573,1.2969467,0.0
-0.53254239,-0.43480652,5.0435634,1.0948935,0.24228273,0.23655383,1.5306232895807108
-2.389240265293317,-0.47019533,-0.59163147,-0.85955255,-0.37786573,-0.94572324,0.0
-0.13296803,-0.4082649,-0.14081588,-0.85955255,-0.37786573,-0.94572324,0.0
-0.78441482,-0.47019533,-0.59163147,-0.85955255,-0.37786573,-2.9260809502873024,1.5306232895807108
-4.2343078359122925,0.76841329,1.976366667091689,9.11649658457586,-0.37786573,1.01966,0.0
-0.78441482,-0.47019533,1.5789732967439207,-0.85955255,-0.37786573,-0.94572324,0.0
-0.78441482,-0.47019533,-0.59163147,-0.85955255,-0.37786573,-0.94572324,0.0
0.69751652,0.50742076,1.1659011093926153,1.1628265,0.29180241,1.1842038,0.0
-0.78441482,5.668446349238216,-0.59163147,-0.85955255,-0.37786573,-0.94572324,1.5306232895807108
0.61451888,0.34374748,-0.18589744,1.1953162,-0.37786573,0.7911271,1.5306232895807108
0.43243222,10.0000062172904,0.12967348,10.004555584272547,-0.37786573,-0.94572324,0.0
0.0052484477,0.069484139,0.08459192,-0.85955255,-0.37786573,-0.94572324,0.0
-0.40059308,-0.4038413,1.9329359,-0.5441422347158709,0.24468628,0.81855105,0.0
1.0500024,1.4938841,9.989496329427736,-0.85955255,-0.37786573,-0.94572324,0.0
1.5413823,0.971899,-0.14081588,2.8375235,2.1418204257480378,1.3335119,0.0
-0.78441482,-0.47019533,-0.59163147,-0.85955255,10.0049654879065,-0.94572324,-0.3820956880216787
-0.78441482,-0.47019533,-1.2157182782597862,-5.742766473307336,-0.37786573,10.006245889191648,0.0
-0.78441482,-0.47019533,-0.59163147,4.037993269264521,-0.37786573,-0.94572324,0.0
9.997237792011457,0.3885289746695223,-0.59163147,-0.85955255,-0.37786573,-0.94572324,-0.2861747877545422
-0.78441482,-0.47019533,-0.59163147,-0.85955255,-0.37786573,-0.94572324,0.0
-0.78441482,-0.47019533,-0.59163147,-0.85955255,-0.37786573,-0.94572324,0.0
-0.78441482,-0.47019533,-0.59163147,-0.85955255,-0.37786573,3.0831669871977323,0.0
-0.78441482,-0.47019533,-0.59163147,-2.010211064686669,-0.37786573,1.7742531411570517,1.5306232895807108
-0.1888644,1.7859862128761523,1.1665493,0.371259,-0.022469794,1.5864217,0.0
0.60808233,2.1883896,-0.32114211,-0.85955255,-0.37786573,-0.94572324,0.0
-0.018126398,-0.34633447,0.49032595,1.1763287,-0.37786573,0.75456183,-0.35442119226659313
0.25932286,-0.4038413,-0.32114211,2.0586143,-6.066823031964864,0.65705444,0.0
0.50594442,0.34817108,-0.14081588,-0.85955255,-0.37786573,-0.94572324,0.08883771383945625
1.8502620572666801,0.8573105572307361,-0.095734317,0.96409075,-0.37786573,-0.7281387538168742,0.0
0.38110919,0.63128162,0.35508128,1.151434,-0.37786573,0.9983303,0.0
-0.36197377,-0.4038413,-0.59163147,-0.23423108,10.0049654879065,0.80636263,0.0
-0.10383417,-0.45250093,-0.095734317,-0.85955255,-0.37786573,1.6929649354604206,0.0
0.081809537,0.14910898,0.62557063,-0.85955255,-0.37786573,-0.94572324,0.0
1.1377428,3.1748529,0.12967348,-0.85955255,-0.37786573,-0.94572324,0.0
-0.1819197,-0.16496678,9.989496329427736,0.72780194,-0.37786573,0.56259416,0.0
-0.78441482,-0.47019533,-0.59163147,-0.85955255,-0.37786573,-0.94572324,0.0
-0.78441482,-0.47019533,-0.59163147,-0.85955255,-0.37786573,-0.94572324,0.0
-0.78441482,-0.47019533,-0.59163147,-0.85955255,-0.37786573,-0.94572324,0.0
-0.78441482,-0.47019533,-0.59163147,-1.5723363339244507,10.0049654879065,-0.94572324,0.0
-0.78441482,10.0000062172904,-0.59163147,-0.85955255,-0.37786573,-0.94572324,0.0
-2.1372118289970303,-0.3994177,-0.36622367,-0.85955255,1.8139378568155111,-0.94572324,0.6080801033878098
0.36840547,0.48087915,-0.095734317,0.77421581,0.61433887,1.1598269,0.0
0.16870299,0.1844978,0.44524439,1.6632525,0.19440931,1.1750624,0.0
-0.22477359,-0.44365372,-0.41130523,-0.85955255,-0.37786573,10.006245889191648,0.0
1.3022394665226256,-0.43923012,-0.230979,0.65480557,-2.945016427690594,1.4066425,0.0
1.6943095859587687,-0.28882764,2.2935883,0.21724932,-0.095794488,1.3578888,0.0
0.025574401,-0.41268851,-0.11763922261144674,0.70290722,-2.217922731739484,1.0135658,0.0
0.098409065,-0.3949941,-0.050652758,1.4235881,0.60762211,0.87035185,0.0
0.026251932,-0.3994177,0.12967348,0.53877089,-0.6623620440109423,1.1445914,0.0
1.1009867,3.5243175,-0.27606055,0.84847801,-0.37786573,10.006245889191648,0.0
0.83403917,5.2071213718062275,0.30999972,1.4919431,-0.37786573,0.46813388,0.0
-0.33809077,-0.45250093,2.4739146,-0.85955255,-0.37786573,-0.94572324,0.46173796856346055
-0.78441482,-0.47019533,-0.59163147,-0.85955255,-0.37786573,-0.94572324,1.5306232895807108
-0.22782248,-0.43480652,0.12967348,1.1185224,0.64769223,1.4035954,0.0
-0.034048394,-0.32421646,0.85097843,0.020201334,0.8941870506449678,2.038418863960823,-0.694441795514675
0.11941255,-0.23574442,-1.6998348015935347,1.4408878,10.0049654879065,0.97090635,0.0
0.023372422,-0.3994177,0.40016284,0.93455465,-0.37786573,1.0592724,0.0
-0.78441482,-1.357201375460217,-0.59163147,-0.85955255,-0.37786573,-0.94572324,-0.4108638893185175
-0.59013259,-0.43480652,1.301794,1.1050201,0.71008571,0.61439496,0.0
0.49685458754336,-2.4384989636029633,-0.59163147,-0.85955255,-0.37786573,-0.94572324,0.0
-0.31945865,-0.42153571,-0.230979,0.71725333,2.8913554,0.91910555,0.0
0.31674367,-0.21805001,-0.27606055,-0.85955255,-0.37786573,-0.94572324,0.0
-0.013891825,5.191027570366522,0.9750174509455496,1.66705,1.0792115,1.1567798,0.0
0.19106153,-0.37287609,-0.18589744,-0.85955255,-0.37786573,-0.94572324,0.0
-0.06606177,-0.12327266135358839,-0.14081588,-2.1992399528343167,0.9991042,1.104979,0.0
-0.27508032,-0.42153571,9.989496329427736,0.96240297,-0.37786573,1.3761714,0.0
-0.78441482,-0.47019533,-0.59163147,-0.85955255,-0.37786573,-0.94572324,0.0
3.915980008835648,-4.095156412106415,9.989496329427736,1.4906772,0.61532663,1.1842038,0.0
0.031672186,-0.31536926,0.49032595,10.004555584272547,0.42808032,1.0135658,0.0
1.9025068,4.6346417,-0.32114211,2.9323748315064533,-0.37786573,0.10552828,0.0
-0.78441482,-0.47019533,-0.59163147,10.004555584272547,-0.37786573,-0.94572324,0.0
0.79880752,0.71975367,-0.32114211,2.0286562,-0.37786573,1.0288014,0.0
9.997237792011457,0.12256737,0.039510361,0.75522832,0.43394103,0.88254028,0.0
1.096244,3.0364971583932805,-0.230979,-8.675339571915691,1.2167469234850041,-2.375922997977953,0.0
1.6687583,-0.44365372,-0.54654991,-0.85955255,-0.37786573,-0.94572324,1.5306232895807108
-0.78441482,10.0000062172904,-0.59163147,-0.85955255,-0.37786573,2.3050056959801255,0.0
9.997237792011457,-0.11188355,-5.08182544068583,-0.17473694,-0.37786573,0.97090635,0.0
-0.3958936926755025,10.0000062172904,-0.230979,0.10121464,1.4336855,2.993441942215089,0.0
-0.78441482,-0.47019533,9.989496329427736,-0.85955255,1.6850987162548412,-0.94572324,1.5306232895807108
-0.11450529,-0.11630716,0.85097843,1.8438446,-0.37786573,0.64486602,0.0
0.015072658,-0.34191087,-0.36622367,0.72611416,3.5478205,1.1080261,0.0
-0.24137311,-0.30209845,-0.9762145073719943,1.0514332,-0.37786573,7.038859776739437,0.0
-0.78441482,-0.47019533,-0.9285681536850443,2.324017698984157,-0.37786573,-0.94572324,0.0
-0.9446043313837797,0.23758102,-0.0055711987,1.2282279,-0.37786573,0.92824687,0.0
0.11636366,-0.33306367,-0.36622367,10.004555584272547,-0.37786573,-0.94572324,1.5306232895807108
-0.78441482,-0.47019533,-0.59163147,-0.85955255,10.0049654879065,-0.94572324,0.2759862565704811
0.39669242,0.18007419,-0.230979,10.004555584272547,-0.37786573,-0.94572324,0.0
0.6858291,-0.45250093,-0.50146835,-0.85955255,-0.37786573,-0.94572324,0.0
-0.42108841,-0.44807732,3.369980283135125,0.49024729,-0.37786573,0.65400734,0.0
0.27101028,1.1223015,2.2034252,1.4830822,-0.37786573,0.6357247,0.0
-2.4234347e-06,-0.29325125,0.85097843,-0.85955255,-0.37786573,-0.94572324,1.5306232895807108
0.19004524,-0.38614689,9.989496329427736,-0.85955255,10.0049654879065,-0.94572324,0.0
2.5009979919581315,0.3791363,-0.0055711987,0.98181241,-3.1930137528191347,1.0440369,0.0
0.43344852,3.3341026,-0.18589744,-0.85955255,-0.37786573,-0.94572324,0.0
-0.78441482,-0.47019533,-0.59163147,-0.85955255,-0.37786573,-0.94572324,0.0
-0.084693894,-0.37729969,0.039510361,0.39488788,0.48151812,0.9952832,0.0
-2.218452303499827,-0.47019533,1.0430542452873508,-0.85955255,-0.37786573,2.1211507552256577,0.0
0.70259801,1.1444195,0.12967348,0.49995201,10.0049654879065,0.81855105,-0.09644844423371912
-0.78441482,-0.47019533,-0.59163147,-0.85955255,-2.1322298582191883,-0.94572324,0.0
-0.78441482,-0.47019533,-0.59163147,-0.85955255,-0.37786573,-0.94572324,0.0
0.88756418,0.63570523,0.2198366,10.004555584272547,-0.37786573,1.1689682,0.0
-0.78441482,-0.47019533,-0.59163147,-0.85955255,-0.37786573,-0.94572324,0.0
0.54219237,-0.15169597,-4.9139339492519305,10.004555584272547,0.49949535,1.3944541,0.0
-0.78441482,-0.47019533,-0.59163147,-0.85955255,-0.37786573,-0.94572324,-0.5513129409352119
-0.29997961,-0.27113323,1.6624465,0.60248448,-0.7042648987198235,0.78808,0.0
-0.11111763,-0.4038413,0.35508128,0.97379547,-0.37786573,1.6686936,0.0
0.038278121,-0.24016802,0.76081531,0.54594394,-0.37786573,1.3731243,0.0
6.2649644,-2.508048866386396,-0.50146835,5.5008359,-0.37786573,0.64486602,0.18986345081221623
-0.78441482,-0.47019533,-0.59163147,-0.85955255,-0.37786573,10.006245889191648,0.06518595878856745
-0.78441482,-0.47019533,-0.59163147,-3.104396667217444,-0.37786573,-0.94572324,0.0
-0.50950631,-0.43480652,9.989496329427736,0.68729528,0.93108048,0.88863449,0.0
-0.12619271,-0.3994177,-0.18589744,1.0847668,-0.37786573,1.1781095,0.0
-0.78441482,-0.47019533,-0.59163147,-0.85955255,-0.37786573,-0.94572324,0.0
-0.78441482,-0.47019533,-0.59163147,-0.85955255,-0.37786573,-0.94572324,0.0
0.022186742,-0.4082649,2.766619771704169,0.69784389,-2.2737182565852034,1.4249251,0.0
0.023033656,-2.818961029933757,0.80589687,0.47590118,-0.37786573,1.2451459,0.0
-0.78441482,-0.47019533,-0.59163147,-0.85955255,-0.37786573,-6.040992974176637,0.0
-0.5652333,-0.4082649,-0.59163147,-0.85955255,0.8661194028300497,-0.94572324,0.0
-0.50815124,-0.44807732,-0.9758883026399642,0.20712266,2.6704594,0.66924287,0.0
0.053014437,-0.032258713,-0.0055711987,-0.85955255,-0.37786573,10.006245889191648,0.0
-0.058439538,-0.31979286,2.1583436,1.2797051,0.11752868,0.64791313,0.0
-0.78441482,-0.47019533,-0.59163147,-0.85955255,-0.37786573,-0.94572324,0.0
0.307597,-0.0057170995,-0.230979,2.1383618,-0.37786573,0.9983303,0.0
0.022017359,-0.43038291,-4.103801365021998,-0.85955255,10.0049654879065,-0.94572324,0.0
-0.78441482,-0.47019533,-0.59163147,-0.85955255,-0.37786573,-0.94572324,0.0
0.43802186,-0.04552952,-0.095734317,-1.3648961308831749,-0.37786573,-0.94572324,-0.14527219822797025
-0.32708088,-0.44807732,0.2198366,0.014294113,-4.903431755990892,-0.12756660783483942,-0.5428050895851849
-0.32521767,-0.37729969,3.4657089,0.76155748,0.47677688,0.8947287,0.0
0.0077891918,0.48087915,0.17475504,0.97843685,0.52573683,0.86425764,0.0
-0.78441482,-0.47019533,-0.59163147,-0.85955255,-0.37786573,-0.94572324,0.0
0.089939918,-0.28882764,-0.050652758,-0.3468249458565423,2.0405651,1.0440369,-0.5225398838693259
-0.26413548490407046,-0.7748149025878759,-0.095734317,0.38391733,1.6100336,-3.037017074419324,0.0
-0.20461702,-3.679479801095898,-0.050652758,0.69615611,0.81067257,0.68143129,0.0
9.997237792011457,-0.45250093,-0.0055711987,-0.85955255,-1.4405001291206139,-0.94572324,0.3747846412396102
0.063854945,-0.33306367,9.989496329427736,-7.68498096930547,-0.37786573,-0.94572324,0.0
0.16311335,-0.43480652,0.49032595,10.004555584272547,-0.37786573,-0.94572324,0.0
0.37331758,0.92766297,0.26491816,1.6716913,-0.37786573,0.6992392994982715,1.5306232895807108
-0.45530377,-0.44365372,0.67065219,-0.16545416,0.62543471,1.4919615,0.0
0.27727745,-0.22247361,0.35508128,1.1088176,-0.37786573,0.8398808,0.07383030731526283
-0.78441482,-0.47019533,-0.59163147,-3.6022837962325633,-0.3313872872408222,-0.94572324,0.0
-0.3101101630000246,-0.47019533,-0.59163147,-0.85955255,-0.37786573,-0.94572324,0.0
0.33012493,0.59589281,-0.14081588,1.113459,1.2136127,1.1781095,0.0
-0.78441482,-0.43038291,6.9369889,-0.85955255,-0.37786573,-0.94572324,0.0
-4.059988513400473,0.29508785,9.989496329427736,1.4632509,-0.37786573,0.93434108,0.0
-0.78441482,-0.47019533,-0.59163147,-0.85955255,-0.37786573,-0.94572324,0.0
-0.22595927,-2.1789364998932657,-0.230979,10.004555584272547,-0.37786573,-0.94572324,0.0
0.99258161,-0.44807732,-0.50146835,-0.85955255,-0.37786573,-0.94572324,0.0
1.0024058,0.67994125,-0.095734317,1.4936309,-0.37786573,1.0836493,0.0
-0.78441482,-0.47019533,-0.59163147,10.004555584272547,10.0049654879065,-0.94572324,0.0
-0.78441482,-0.47019533,-0.59163147,-0.85955255,-0.37786573,-0.94572324,0.0
0.17192126,-0.22247361,-0.32114211,-0.85955255,-0.37786573,-0.94572324,0.0
-0.78441482,-0.47019533,-0.59163147,-0.85955255,-0.37786573,-0.94572324,0.0
-0.51170829,-0.44807732,3.0218247497363797,0.79953247,-0.37786573,0.40109755,0.0
-0.081645001,10.0000062172904,-0.59163147,0.25691209,-0.37786573,0.56564127,0.0
0.87062589,10.0000062172904,0.35508128,-0.85955255,-0.37786573,-0.94572324,0.0
0.84352462,2.3255776717955294,-0.36622367,-0.85955255,-0.37786573,-0.94572324,0.0
-0.46546674,-0.45250093,-0.230979,0.8674655,-4.489997938096039,0.92215265,0.0
-0.24713213,-0.45250093,-0.18589744,1.2240084,10.0049654879065,1.1781095,0.0
-0.7602093237233749,-0.37729969,1.4370387,1.3695792,0.64074498,0.85206922,0.0
0.8606323,0.20219221,-0.27606055,4.835631787902219,-0.37786573,0.89777581,0.0
0.035737377,-0.041105917,9.989496329427736,0.94763492,-0.37786573,1.3274177,0.0
9.997237792011457,-0.4038413,0.89605999,0.060707987,-0.37786573,0.85511633,0.0
-0.78441482,-0.47019533,-0.59163147,-0.85955255,-0.37786573,-0.94572324,0.0
-0.78441482,-0.47019533,-0.59163147,-0.85955255,-0.37786573,-0.94572324,0.0
-0.78441482,-0.47019533,-0.59163147,-0.85955255,10.0049654879065,-0.94572324,-0.5064373269624688
0.91754496,4.130351,-0.050652758,0.65480557,-0.37786573,0.34624965,0.0
-0.78441482,-0.47019533,-1.3623426949193496,-0.85955255,-1.7999023825359202,-0.94572324,0.0
-0.29337368,-0.3949941,1.8878543,0.049737435,0.0036399867,0.66010155,0.0
0.36738917,0.61358721,0.62557063,0.63961558,0.38060201,0.73018498,0.0
0.075203602,-3.4830355290850936,-0.32114211,0.95143242,-0.37786573,0.95262371,0.0
9.997237792011457,-0.24016802,0.80589687,0.99109518,-0.37786573,1.0745079,0.0
-0.78441482,-0.47019533,-0.59163147,-0.85955255,-0.37786573,-0.94572324,0.0
-0.031677033,0.082754945,1.0763862,0.68898306,0.034853193,0.85816343,0.0
1.016634,10.0000062172904,-0.230979,1.7257002,-1.7270592318056304,0.80026842,0.23397030590864018
-0.78441482,-0.47019533,-0.59163147,-0.85955255,5.5048011928733,-0.94572324,0.0
0.36112201,-0.45250093,-0.45638679,-0.85955255,-0.37786573,1.0705783446211736,1.103643500128971
-0.13635569,-0.42153571,-0.095734317,2.2954638051607894,2.3084455,0.98614188,0.0
-0.78441482,-0.47019533,-0.59163147,-0.85955255,-0.37786573,-0.94572324,0.0
-0.78441482,-0.47019533,-0.59163147,-0.85955255,-0.37786573,10.006245889191648,0.6279642554557909
0.011854382,-0.13400156,9.989496329427736,0.73075555,2.1947214,0.36453228,0.0
0.029978357,-0.31536926,0.53540751,1.0446821,0.17169083,1.2268632,0.0
-0.35790858,-0.43480652,-0.230979,-0.85955255,10.0049654879065,-0.94572324,0.0
-1.0592240110800843,-0.44365372,-0.27606055,-0.85955255,-0.37786573,10.006245889191648,0.0
0.46918832,10.0000062172904,-0.36622367,0.65100807,-0.37786573,0.63877181,0.0
-3.821739825142004,-0.47019533,-0.59163147,-0.85955255,-0.37786573,-0.94572324,0.0
0.95480921,0.91881577,-0.14081588,10.004555584272547,-0.37786573,1.190298,0.0
-0.16853845,-0.42595931,0.2198366,10.004555584272547,0.65523213,1.3091351,0.0
-0.26423981,-0.45250093,-0.14081588,1.1674679,-0.37786573,0.93738818,0.0
-0.39686665,-0.39057049,1.4821203,-0.85955255,-0.37786573,-0.94572324,0.0
-1.4124082359949528,-0.43923012,-0.050652758,-0.85955255,-0.37786573,-0.94572324,0.0
-0.0061002093,-0.34633447,-0.18589744,1.1872993,0.85031466,0.94957661,0.0
-0.78441482,-0.47019533,-0.59163147,-0.85955255,-0.37786573,-0.94572324,0.0
-0.13486544471680795,-0.15611958,1.5722834,0.6560714,-0.37786573,1.4249251,0.0
-0.78441482,-0.47019533,-0.59163147,-0.85955255,-0.37786573,-0.94572324,0.0
1.3709831,1.6752518,0.08459192,2.174227,-0.37786573,1.1263087,0.0
-0.089267233,-1.3046025660740492,2.2034252,0.1598649,0.33108232,1.047084,0.0
-0.78441482,-0.47019533,-0.59163147,-0.85955255,-3.9045684056076984,-0.94572324,0.0
-0.23561409,-0.4038413,-2.2968028640818328,0.96113714,-0.37786573,0.90387002,0.0
0.55472671,6.178118105541356,0.44524439,0.9636688,-4.3548908681074945,0.96176503,0.0
0.21087934,-0.11188355,1.5722834,-0.85955255,-0.37786573,-0.94572324,0.0
-0.78441482,-6.523323455263824,-0.59163147,-0.85955255,10.0049654879065,-0.94572324,0.0
-5.763173006200482,-0.47019533,-0.59163147,-0.85955255,-0.37786573,-0.94572324,0.0
0.44276458,0.30835866,0.67065219,-1.6603059276143703,-6.182547629611484,0.92519976,0.0
-0.78441482,-0.47019533,-0.59163147,-0.85955255,-0.37786573,-0.94572324,0.0
-0.021514057,-0.41268851,9.989496329427736,3.214254955563053,-0.37786573,1.3975012,1.5306232895807108
-0.78441482,-0.47019533,-0.59163147,-0.85955255,-0.37786573,-0.94572324,0.0
0.37280943,-0.32864006,-0.230979,1.3202117,0.5931091450442778,1.2634285,0.0
-0.36942662,-2.513540942242383,-0.050652758,0.53159783,-0.37786573,1.0348956,0.0
-0.063859792,0.056213332,0.12967348,0.5189395,0.99189355,1.2085806,0.0
0.25678211,-0.41711211,-0.095734317,-0.85955255,-0.37786573,-0.94572324,0.1080292808817466
-0.059455835,-0.5815194157870744,0.58048907,-0.85955255,-0.37786573,-0.94572324,0.0
0.73105435,0.67994125,-0.32114211,-0.85955255,-0.37786573,-0.94572324,0.0
0.36434028,0.10487296,0.039510361,1.5889903,-0.37786573,10.006245889191648,0.0
0.59097466,-0.43480652,-0.36622367,6.822149428311043,6.403181957672207,-1.334171290780575,1.5306232895807108
-0.23442841,-0.15611958,9.989496329427736,0.015559946,0.54960769,1.3304648,0.0
-1.1289338276404004,-0.47019533,-0.59163147,-0.85955255,0.04350479541370794,-0.94572324,0.0
-0.78441482,-2.347024517929976,-0.59163147,-0.85955255,-0.37786573,-0.94572324,0.0
-0.025409864,-1.5090402108441645,0.49032595,0.3818076,-0.37786573,1.1202145,0.0
0.20884674,-0.041105917,0.9741748416782283,1.4235881,0.60762211,0.7911271,0.0
0.16023384,-0.16054318,0.039510361,-0.85955255,-0.37786573,-0.94572324,0.0
0.35316101,0.37471269,-3.149373881776932,0.98012463,-0.37786573,-1.2055959794289755,0.0
0.3423205,0.3879835,-0.095734317,0.59784309,0.53561443,0.96176503,1.5306232895807108
0.40397589,0.33490027,-0.36622367,1.7565022,-0.37786573,1.766201,0.0
-0.78441482,-0.47019533,-0.59163147,-0.85955255,-0.37786573,-0.94572324,0.0
-0.78441482,-0.47019533,2.259786347434688,-0.85955255,-0.37786573,-0.94572324,0.0
-0.9258654719153279,-0.38172329,-0.27606055,-0.19288054,4.8789913,1.1598269,0.0
-0.19157453,-0.17823759,-0.27606055,-0.19709998,1.2748208,1.1080261,0.0
-0.78441482,-0.47019533,3.049510603885291,-0.85955255,3.418931825748354,-0.94572324,0.0
15.455005,-0.35075807,-0.59163147,-0.85955255,-0.37786573,-0.94572324,0.0
-6.620956052681832,0.1977686,-0.095734317,-0.85955255,-0.37786573,-1.7731464608249534,0.0
9.997237792011457,0.47645554,0.039510361,1.2438398,-0.37786573,1.2420988,0.0
0.81743965,6.297554615830325,-0.230979,0.65691529,-0.37786573,0.38586202,0.0
9.997237792011457,0.29951146,-0.14081588,10.004555584272547,-0.37786573,3.63275401060777,0.0
0.0474248,-0.34191087,1.1665493,0.38729288,-0.37786573,1.622987,0.0
0.62281865,-1.0774551499328937,-0.18589744,-0.85955255,-0.37786573,-0.94572324,0.0
9.997237792011457,-0.47019533,-0.59163147,-0.85955255,0.06139677446155428,-0.94572324,0.0
-0.5427950682825694,-0.47019533,-0.59163147,-0.85955255,-0.37786573,-0.94572324,0.0
-0.17090981,-0.42595931,0.039510361,0.6303328,-0.37786573,1.1141203,0.0
0.5638240010474965,-6.607427298259036,-0.1346139674524141,-0.85955255,-0.37786573,-0.94572324,0.0
0.29658711,0.16237979,-0.14081588,10.004555584272547,-0.37786573,1.1171674,0.0
0.038447504,0.14468538,-0.18589744,-0.85955255,-0.37786573,-0.94572324,0.0
-2.052877807420028,-0.47019533,-0.59163147,-0.85955255,-0.37786573,-0.94572324,0.0
-0.47004008,-0.45250093,1.301794,-0.85955255,-0.37786573,-0.94572324,0.0
0.56421215,-0.14284877,-0.18589744,1.1020665,0.8263121,1.1263087,0.0
-0.78441482,-0.47019533,-0.59163147,-0.85955255,-0.37786573,-0.94572324,0.0
1.0602877456545408,0.0075537073,0.2198366,-0.85955255,2.657804216759916,-0.94572324,0.0
0.51136467,0.29066425,-0.18589744,1.1045982,-0.37786573,10.006245889191648,0.0
-0.78441482,10.0000062172904,-0.59163147,-0.85955255,-0.37786573,-0.8257345205489549,0.0
-0.059455835,-0.29767485,0.58048907,0.87168494,0.24248028,1.3517946,0.0
3.6759487972931777,-0.25786243,-0.27606055,0.56239977,3.9391709,0.86425764,0.0
-0.30295938142163825,0.27739344,-0.36622367,1.4058664,-0.37786573,1.2116277,0.0
0.10653945,-0.28882764,0.40016284,1.6539697,0.86865407,0.79722131,0.0
0.45597645,0.082754945,-0.41130523,-0.85955255,-0.37786573,-0.94572324,0.0
-0.36468389,-0.41268851,0.49032595,4.348970663636916,1.0358489,1.3243706,0.0
-0.78441482,-0.47019533,-0.59163147,-0.85955255,-0.37786573,-0.94572324,1.5306232895807108
1.0877713411102625,0.13532733054360568,1.3919571,0.55902421,0.34323177,1.3121822,0.0
-0.78441482,-0.47019533,-0.59163147,-0.85955255,-0.37786573,10.006245889191648,0.0
-0.78441482,-0.47019533,-0.59163147,-0.85955255,10.0049654879065,-0.94572324,0.0
-0.78441482,-0.47019533,-0.59163147,-0.85955255,-0.37786573,-0.94572324,0.0
-0.036927904,-0.38172329,-0.18589744,-0.85955255,-0.37786573,-0.94572324,0.0
-0.78441482,-0.47019533,1.2851290977172964,10.004555584272547,-0.37786573,5.0074611947307055,0.0
0.73427262,1.9052791,-0.45638679,0.87759216,-0.37786573,10.006245889191648,0.0
0.38907019,0.056213332,0.12967348,0.7303336,0.59856764,1.4005483,0.0
-0.1194174,-0.3994177,-1.2103486116055002,0.1636624,-0.37786573,1.6107986,0.0
-0.78441482,-0.47019533,-0.59163147,-5.241338097684682,-0.37786573,-0.94572324,0.0
0.29641772,0.23758102,-0.050652758,-0.85955255,-0.37786573,-0.94572324,0.0
-0.23900175,-0.32421646,0.940940230095493,1.0737963,-0.37786573,0.96176503,0.0
0.59334602,10.0000062172904,-0.050652758,-0.025790596,-0.6492016952815873,0.8947287,0.0
0.37636647,10.0000062172904,0.71573375,1.8421568,-2.028913718179835,0.74542051,0.0
-0.26254598,-0.43038291,0.2198366,0.8379294,0.70359942,1.1811567,0.0
0.69531455,4.796015771571113,0.12967348,0.88645299,0.55678541,1.0501311,0.0
-0.55371526,10.0000062172904,3.9165245,1.2240084,-1.6915979462642634,0.46813388,0.0
-0.78441482,-0.47019533,-0.59163147,-0.85955255,-0.37786573,-0.94572324,0.0
-0.986437955558624,-0.47019533,-0.59163147,-0.85955255,-0.37786573,10.006245889191648,0.0
-0.16718339,-0.43923012,0.44524439,4.227797254808794,-0.37786573,-0.94572324,0.0
-0.78441482,-0.47019533,-0.59163147,-0.85955255,-0.37786573,-0.94572324,1.5306232895807108
0.93922598,4.3957671,-0.3529803153027333,-0.85955255,10.0049654879065,-0.94572324,0.0
-0.36434513,-0.3994177,-0.095734317,0.065771319,-0.37786573,1.4645375,0.0
0.33402073,10.0000062172904,0.49032595,-0.85955255,-0.10607537037460535,-0.94572324,0.0
0.011515617,-0.22247361,0.3605518405547385,10.004555584272547,-0.37786573,-0.94572324,0.0
-0.78441482,-0.47019533,9.903756274227412,-0.85955255,-5.98130578844472,-0.94572324,-0.1882600830360106
0.77611021,0.47874237649335627,-0.0055711987,1.5396228,-0.37786573,1.6199399,1.5306232895807108
-0.16498141,-0.29767485,0.40016284,-0.85955255,-0.37786573,-0.94572324,0.0
-0.020328376,-0.38172329,-0.36622367,-0.85955255,-0.37786573,-0.94572324,0.0
0.4068554,1.0692182,0.17475504,0.83160023,-0.37786573,0.92519976,1.5306232895807108
0.34367556,-0.44365372,-0.095734317,-0.85955255,-0.37786573,-0.94572324,0.0
0.72715854,0.9807462,-0.0055711987,0.44974064,0.51872374,0.6326776,0.0
0.62451248,-0.45250093,-0.230979,-0.85955255,-0.37786573,-0.94572324,0.0
-3.2780242531668593,10.0000062172904,-0.54654991,-0.85955255,-0.37786573,-0.94572324,0.0
-0.18039525,-4.242228476965,0.12967348,2.9835162,-0.37786573,0.3736736,0.0
-0.32047495,-0.44365372,0.2198366,-0.85955255,-0.37786573,-0.94572324,0.0
-0.32945224,-0.43038291,9.989496329427736,-2.8269066255836113,2.3334029,0.77589157,0.0
-0.78441482,-0.47019533,-0.59163147,-0.85955255,-0.9521592651237462,-0.94572324,0.0
9.997237792011457,0.14910898,-0.0055711987,0.6994618409816452,3.964854112191647,1.3487475,1.5306232895807108
-0.13584754,2.7104426573069373,0.12967348,2.6193783,-0.37786573,10.006245889191648,0.0
0.18174547,3.0996517,0.35508128,1.3016462,-0.37786573,0.8398808,0.0
-0.017957015,-0.43480652,-0.32114211,0.50121784,-0.37786573,10.006245889191648,0.0
-0.59250395,-0.45250093,3.6460351,3.8196844299102355,-0.023227077,0.59611233,0.0
-0.78441482,-0.47019533,-0.59163147,-0.85955255,-1.9590526790086122,-2.0935694905946516,0.0
-0.78441482,-0.47019533,-2.018024582562326,-0.85955255,-0.37786573,-0.94572324,-0.3276852886065615
-0.78441482,-0.47019533,-0.59163147,-0.85955255,-0.37786573,-0.94572324,0.8168931168015693
-0.45818328,10.0000062172904,0.2198366,1.2510129,-0.37786573,1.0623195,0.0
0.13330195,-0.027835111,-0.0055711987,0.49066924,2.934407271071527,1.0714608,0.0
-0.78441482,-0.47019533,-0.59163147,-0.85955255,-0.37786573,-0.94572324,0.0
-0.22121654,-0.31557767882944743,-0.32114211,0.83455385,4.3948244,0.8697038003180387,0.0
-0.11281146,-0.37287609,-0.230979,0.88814077,-0.37786573,1.1110732,0.0
0.11771872,0.11814376,-0.14081588,0.96788825,10.0049654879065,0.71494946,0.0
9.997237792011457,-0.42153571,0.76081531,1.6805522,0.41332978,0.60830075,0.0
0.74172547,0.25085183,-0.095734317,1.4636728,10.0049654879065,0.57173548,0.0
-0.78441482,-0.47019533,-0.59163147,-0.85955255,-0.37786573,-2.34603064457295,0.0
-0.080798086,-0.43480652,-0.50146835,-0.85955255,-0.37786573,10.006245889191648,0.0
-2.56454269948032,0.94978098,-0.18589744,1.2775954,0.60577829,0.84597501,0.0
0.12263083,-0.2003556,0.12967348,0.4007951,0.23243805,1.1080261,0.0
0.35925879,0.582622,1.0313047,0.61345503,-1.56931281252624,1.0897435,0.0
-0.78441482,-0.47019533,-0.59163147,-0.85955255,-0.37786573,-0.94572324,0.0
1.2915596235862936,-0.47019533,-0.59163147,-0.85955255,-0.37786573,-0.94572324,0.0
0.041157631,-0.28882764,-2.422429060461986,-0.85955255,-0.16160681561916496,-0.94572324,0.0
-0.02574863,-0.054376724,0.2198366,-0.85955255,-0.37786573,-0.94572324,0.0
-0.04184001,-0.32864006,-0.32114211,-0.29077162,-3.7584552831649782,1.5711862,0.0
0.68413527,-2.5525283667334966,0.2198366,5.026868174854174,0.42439269,2.6277327839407714,0.0
-0.78441482,-0.47019533,-0.59163147,-0.85955255,-5.699842177947188,-0.94572324,0.0
0.4336179,0.13141457,-0.36622367,0.70628278,-0.37786573,0.98918898,0.0
-0.6609772454991976,0.76841329,-0.41130523,1.0100827,-0.37786573,-1.2217971111832606,1.5306232895807108
-0.78441482,10.0000062172904,-0.59163147,-0.85955255,-0.37786573,-0.94572324,0.0
-0.097397614,-0.3994177,-1.3041399946380219,-0.85955255,-0.37786573,-0.94572324,0.0
-0.78441482,-0.47019533,-0.59163147,-0.85955255,-0.37786573,-0.94572324,0.0
-0.1958091,-0.22689721,0.80589687,0.70881444,0.48145227,0.92824687,0.0
-0.78441482,-0.47019533,-0.59163147,-0.85955255,-0.37786573,-0.94572324,0.0
-0.080120554,3.408077034307187,0.40016284,0.81683218,0.31781342,-3.3312144597763216,0.0
0.50543627,2.1485772,-0.41130523,-0.85955255,-0.37786573,-0.94572324,-0.1885844297327539
9.997237792011457,-0.47019533,-0.59163147,-0.85955255,-0.37786573,-0.94572324,0.0
-0.21935333,6.973500396517709,-0.0055711987,0.26492903,-0.37786573,1.2268632,0.0
0.35316101,-0.014564304,-0.32114211,1.0649354,-0.37786573,1.2664756,0.0
2.0971436343374763,-0.35518168,-0.5519047594409066,-0.048153644,0.2960827,1.2420988,-0.6393986686328946
0.63891003,2.3476393,0.2198366,1.242574,-0.37786573,1.2695227,0.0
0.41532455,3.5685535,1.6173649,0.50585923,-0.37786573,0.42242729,0.0
-0.055898794,-0.30652205,-0.27606055,1.129071,2.852945050298566,1.565092,0.0
6.460389068018762,1.3788704,-0.36622367,-0.85955255,-0.37786573,-0.94572324,0.0
-0.78441482,-0.47019533,-0.59163147,-0.85955255,-0.37786573,-0.94572324,0.0
-0.056068177,-0.31979286,0.76081531,0.26813039889490786,0.423372,1.2177219,0.0
9.997237792011457,-0.22247361,0.7139246482766022,1.0725304,0.043545478,0.90387002,0.0
-0.2384936,-0.34191087,-0.18589744,10.004555584272547,10.0049654879065,0.61744207,0.0
-2.808134401208221,-0.47019533,-0.59163147,-0.85955255,-0.37786573,-0.94572324,0.0
0.5334535755119688,-0.43480652,9.989496329427736,0.54594394,0.62599444,0.92519976,0.0
-0.33419496,0.2769708812570112,0.80589687,-0.85955255,-0.37786573,-0.94572324,0.0
0.8655444,1.361176,0.35508128,-0.85955255,-0.37786573,-0.94572324,0.0
-0.78441482,-0.47019533,-0.59163147,0.18518228918362045,-0.37786573,-0.94572324,-0.19026661675118098
0.16802545,0.43664312,-0.36622367,0.76999637,2.7042408,1.1019319,0.0
3.444671852520535,-0.43480652,-0.45638679,-0.85955255,-0.37786573,10.006245889191648,0.0
1.8459097709487589,-0.47019533,-0.59163147,10.004555584272547,-0.37786573,10.006245889191648,0.0
0.7878431105271564,0.91881577,0.2198366,-0.85955255,-0.37786573,-0.94572324,0.0
-0.78441482,-0.47019533,-0.59163147,-0.85955255,-0.37786573,-0.94572324,0.0
1.1326613,1.383294,0.039510361,-0.85955255,-0.37786573,-0.94572324,0.0
-0.0055920605,-0.29325125,0.98622311,1.0843449,1.3967762,1.1080261,1.5306232895807108
-0.78441482,-0.47019533,9.989496329427736,-0.85955255,-0.37786573,-0.94572324,0.0
0.0050790648,-0.32421646,1.9780174,1.6172605,0.04881353,0.95871792,-0.3569491613488869
-0.29743887,-0.44365372,-3.0552098459150825,0.60712586,-0.37786573,0.27616621,0.0
0.7573087,0.25085183,9.989496329427736,8.99193469230754,-0.37786573,0.72104367,0.0
0.7037535409910459,-2.664964176899558,2.7352262250295882,0.89109438,-0.37786573,0.18780014,0.0
-0.19868861,-0.4082649,-0.095734317,0.77294998,0.91323495,1.0653666,0.0
0.58419934,-0.44365372,-0.54654991,-0.85955255,-0.37786573,-0.94572324,-0.7104430785111023
2.273837951951016,-0.22247361,0.2198366,0.75185276,10.0049654879065,10.006245889191648,0.0
0.069105816,-0.44365372,9.989496329427736,1.4936309,10.0049654879065,0.99223609,0.0
0.5671033413067147,-0.080918338,4.222736843808844,0.72737999,0.3623943,1.2177219,0.0
-0.78441482,-0.47019533,-0.59163147,-0.85955255,-0.37786573,-0.94572324,0.0
-0.21308616,-0.43038291,0.08459192,0.74088221,-0.37786573,1.5468094,-0.7234294829603939
9.997237792011457,-0.47019533,-0.59163147,-0.85955255,2.237171224776477,-0.94572324,0.0
-0.252383,0.1526349972468247,4.864557092962238,1.2607176,0.15509647,1.0866964,0.0
-0.52881596,-0.42595931,3.9165245,0.73877249,10.0049654879065,0.73323209,0.0
0.484182207666509,-0.3949941,-0.095734317,0.61261114,1.3204553,1.4035954,0.0
-0.29896331,-0.42595931,-0.0055711987,0.12906296,-4.451157401328967,1.2664756,0.1789295419324094
-0.052680518,-0.38614689,-0.095734317,1.1640923,-0.37786573,1.4706317,0.0
-0.78441482,-0.47019533,-0.59163147,-4.786830437583077,-0.37786573,10.006245889191648,0.0
-0.35553722,-0.44807732,-0.45638679,0.80122024,2.963611000448596,0.98309477,0.0
0.29929723,0.46318474,1.0313047,0.61007947,-4.090993380208805,0.88254028,0.0
0.71767309,0.85688534,-0.36622367,4.998353413394143,-0.37786573,1.4188309,0.0
-0.11670727,-0.29767485,0.039510361,0.7227386,0.75018876,-2.11528442521314,0.0
0.5571519536829143,0.957336478073037,-0.59163147,-0.85955255,-4.956958761341073,-0.94572324,0.0
0.030994655,-0.31979286,0.2198366,-0.025790596,0.81979289,1.2634285,0.0
0.088584854,-0.10303635,0.26491816,1.1151468,-0.37786573,10.006245889191648,0.2202834219051953
1.096244,2.4228405,-0.18589744,0.87927994,10.0049654879065,1.0166129,0.0
-0.13855767,-0.27555684,1.2567125,1.4290734,0.12286258,1.1963922,0.0
-0.78441482,-0.47019533,-0.59163147,-10.838198698019877,-0.37786573,-0.94572324,0.0
0.77441638,0.26854624,0.08459192,1.136666,0.12516735,1.2268632,0.0
-0.78441482,10.0000062172904,-0.59163147,-0.85955255,-0.37786573,3.8111029757860027,0.0
-0.0050839116,-0.42153571,0.6777691563073915,0.7379286,-0.37786573,1.2999938,0.0
-4.224547175291504,-0.47019533,-0.59163147,-0.85955255,-0.37786573,-0.94572324,0.0
-0.22782248,-0.43923012,-0.230979,0.740708790216243,1.8299089,1.2847583,0.0
0.026251932,-0.34191087,-0.14081588,-0.85955255,-0.37786573,0.3643786162397711,0.0
-0.78441482,10.0000062172904,9.989496329427736,0.18898273209288818,-0.37786573,-0.94572324,0.0
0.057587776,0.14468538,4.617437730783689,10.004555584272547,-0.37786573,10.006245889191648,0.0
2.334772,-0.45250093,-0.50146835,-0.85955255,-0.37786573,-0.94572324,0.0
0.11128217,-0.3949941,-0.32114211,10.004555584272547,-0.37786573,-4.261640541074749,0.0
1.4685477,3.9091709,-0.18589744,-0.85955255,-0.37786573,-0.94572324,0.0
-0.78441482,-0.47019533,-0.59163147,-0.85955255,-0.37786573,0.7029728082113649,1.5306232895807108
-2.186554351878838,3.7808864,-0.45638679,-0.85955255,-0.37786573,-0.94572324,0.0
-3.1259055251856913,-0.15169597,0.53540751,1.7738019,1.3684255321308054,3.067783539070445,0.0
0.20257957,0.09160215,-0.36622367,0.98898546,2.9295159,0.97090635,0.0
0.013886978,0.0075537073,-0.095734317,1.1193663,-0.37786573,0.87949317,0.0
9.997237792011457,10.0000062172904,-0.36622367,0.74763332,1.4792320086091313,1.3944541,-0.6688970793052474
-0.45970772,-0.45250093,0.49032595,-0.85955255,-1.0626224443125998,-0.94572324,0.0
-0.78441482,-0.47019533,-0.59163147,-0.85955255,10.0049654879065,-0.94572324,0.0
0.48341649,-0.39057049,-0.45638679,1.1472146,-0.8222732813691831,0.66010155,0.0
-0.78441482,-0.47019533,-0.59163147,-0.85955255,-0.37786573,-0.94572324,0.0
9.997237792011457,10.0000062172904,3.2853826,3.5519312628755775,-0.37786573,1.1537327,0.0
-0.78441482,-0.47019533,-0.59163147,-0.85955255,-0.37786573,-0.94572324,0.0
-0.78441482,-0.47019533,-0.59163147,-0.85955255,-0.37786573,-0.94572324,0.0
0.035737377,-0.35075807,3.8748658584925515,0.66535418,-0.37786573,1.2573343,0.0
-0.78441482,10.0000062172904,-0.59163147,-0.85955255,-5.48202419747274,-0.94572324,0.0
-0.78441482,-0.47019533,-0.59163147,-0.85955255,-0.37786573,-0.94572324,0.0
-0.17717698,-0.42595931,0.67065219,1.1193663,-0.37786573,1.4767259,0.0
-0.78441482,-0.47019533,-0.59163147,-0.15877707318440248,-0.37786573,10.006245889191648,0.0
1.9948205,-0.33306367,-0.230979,-0.85955255,-0.37786573,-0.94572324,1.5306232895807108
-0.41448248,-0.44807732,0.89605999,-0.092035852,0.25591381,1.3121822,1.5306232895807108
-0.78441482,-0.47019533,-0.59163147,-0.85955255,-0.37786573,-0.94572324,0.0
-0.78441482,-0.47019533,-0.59163147,-0.85955255,-0.37786573,-0.94572324,0.0
0.40736355,-0.44807732,-0.050652758,-0.85955255,-3.0001017222228596,-0.94572324,1.5306232895807108
0.22087293,-0.08534194,0.71573375,-0.85955255,-0.37786573,-0.94572324,0.0
-0.18412168,-0.43038291,-0.095734317,-0.043090312,-0.37786573,1.1668782394811568,1.5306232895807108
-0.029475055,-0.4038413,-0.050652758,0.10712186,0.75585191,1.1445914,0.0
0.010838085,-0.44807732,0.08459192,0.82147357,0.97473946,1.2085806,0.0
0.76882674,0.90996856,0.85097843,1.6092436,-0.37786573,1.6473639,0.0
-0.28558206,-0.38172329,-0.095734317,0.50712506,1.1365016,1.5132912,1.5306232895807108
-0.78441482,-0.47019533,-0.59163147,-0.85955255,-0.37786573,-0.94572324,0.0
-0.5949826132127602,0.37028909,0.2198366,1.2948951,10.0049654879065,1.104979,0.0
0.35688743,0.24200463,0.12967348,-0.85955255,-0.37786573,-0.94572324,0.0
-0.60368322,-0.3994177,2.2034252,1.1079738,0.81087013,0.35843807,0.0
-1.1886886677385238,1.6858580401648307,-0.59163147,-5.173590437443746,-0.37786573,-0.94572324,0.0
-0.12703963,-0.31536926,0.62557063,1.4780189,0.39861216,0.96481214,0.0
-0.78441482,10.0000062172904,-0.59163147,-0.85955255,-0.37786573,-0.94572324,0.0
9.042900207176299,-0.45250093,-0.45638679,-0.85955255,-0.37786573,-0.94572324,0.0
-0.1024791,-0.24459162,0.8758773131909781,1.4421536,0.49715765,0.73018498,0.0
-0.51103075,-0.45250093,0.80589687,1.5281648531465932,0.61842161,0.66314866,0.0
-0.78441482,-0.47019533,-0.59163147,-0.85955255,-0.37786573,-0.94572324,0.0
0.23747246,8.262400936075046,0.53540751,10.004555584272547,-0.023227077,0.92519976,0.0
9.997237792011457,-0.22247361,0.49032595,4.852311922890144,10.0049654879065,-0.94572324,0.0
-0.78441482,-0.47019533,-0.59163147,-0.85955255,-0.37786573,10.006245889191648,0.0
-0.78441482,-0.47019533,-0.59163147,-0.85955255,-0.37786573,-0.94572324,0.0
-0.78441482,-0.47019533,-0.59163147,-0.85955255,-0.37786573,-0.94572324,0.0
-0.78441482,-0.47019533,-0.59163147,-0.85955255,-0.37786573,-0.94572324,0.0
-0.23341212,-0.45250093,-0.50146835,-0.85955255,-0.37786573,-0.94572324,0.0
0.84826734,-0.41711211,-0.45638679,-0.85955255,-0.37786573,-0.94572324,0.0
-0.78441482,-0.47019533,-0.59163147,-0.85955255,-0.37786573,-0.94572324,0.0
0.0018607889,-0.22689721,0.71573375,0.530332,0.28969519,1.3883599,0.0
0.25203939,-0.018987906,0.17475504,0.57969948,0.96124008,1.278664,0.0
-0.198858,-7.06552597097063,0.67065219,0.44467731,-0.37786573,0.65705444,0.0
-0.78441482,-0.729764510489374,-0.59163147,-0.85955255,-0.37786573,-0.94572324,0.0
0.42836703,-0.18708479,-2.0916036080667033,-0.85955255,-0.37786573,-0.94572324,0.0
-0.50374729,-0.43038291,-0.59163147,0.088134367,-0.37786573,5.6618846053799885,0.0
-0.26271536,-0.44807732,0.80589687,0.76071359,-0.37786573,1.479773,0.06880367087852994
-0.78441482,-0.47019533,-0.59163147,-0.85955255,-0.37786573,-0.94572324,0.0
0.2698246,1.3302108,0.17475504,0.98054658,-0.37786573,0.86730475,0.0
0.15057901,-0.29325125,0.12967348,10.004555584272547,-0.37786573,1.5102441,0.0
0.69514516,0.13141457,0.12967348,1.113459,0.40769955,1.1445914,0.0
-2.396129203078616,4.218628699167831,0.85097843,0.79615691,0.31537694,1.0348956,0.0
0.56099387,1.3125164,0.44524439,2.2096703,-0.37786573,1.0348956,0.0
1.1479058,4.8248565,0.26491816,-0.85955255,10.0049654879065,-0.94572324,0.0
-0.35282709,-0.45250093,-0.050652758,4.149053195817401,-0.37786573,0.91910555,0.0
-0.78441482,-0.47019533,-0.59163147,-0.85955255,-0.37786573,-0.94572324,0.0
-6.495323349299891,5.0637311,9.989496329427736,1.0775938,0.22397625,0.6875255,0.3611793306871262
0.4078717,0.24642823,-0.14081588,-0.1678623382849405,0.8945663,0.67228997,0.0
0.24069073,-0.16939038,-0.27606055,0.7894058,-0.37786573,3.542013678504704,0.0
0.75646179,0.64455243,0.76081531,1.9189507,-0.37786573,3.4156122219240244,0.0
0.22747887,10.0000062172904,-0.32114211,0.72020694,-0.37786573,1.0044245,0.0
-0.029813821,-0.22689721,1.2116309,-0.85955255,-0.37786573,-0.94572324,0.0
-0.29472874,-0.43923012,0.58048907,-0.85955255,-0.37786573,-0.94572324,0.14997586626261666
-0.78441482,-0.47019533,-0.59163147,-0.85955255,-0.37786573,-0.94572324,0.607678593975094
-0.32996039,-0.26228603,4.0066876,0.77632553,0.3465243,1.0074716,0.0
-0.78441482,-0.47019533,2.8664825909854734,-0.85955255,-0.37786573,-3.188059212955734,-0.35324696244435755
-0.28100872,-0.3949941,0.85097843,0.26281931,0.42613773,1.1567798,0.0
0.32622912,0.45433753,0.71573375,-0.8385416590004664,-0.37786573,-0.94572324,0.0
0.20190204,-0.04552952,-6.121289181057699,0.91894271,2.0796474,1.5498565,0.0
-0.78441482,-0.47019533,-0.59163147,-0.85955255,-0.37786573,-0.94572324,-0.1494172624113388
-0.78441482,-0.47019533,-0.59163147,-0.85955255,-0.37786573,-0.94572324,0.0
1.0249337,5.700289581625577,-0.36622367,1.4311831,-0.37786573,1.1567798,0.0
-0.0023737846,-0.4038413,-0.27606055,-0.85955255,-0.37786573,-0.94572324,0.0
2.4198023,-0.45250093,-0.45638679,-0.85955255,10.0049654879065,-0.94572324,0.0
0.052675671,-0.28882764,-0.32114211,-3.732117172228925,10.0049654879065,1.0897435,0.0
-0.78441482,-0.47019533,-0.59163147,-0.85955255,-0.37786573,10.006245889191648,0.0
9.997237792011457,-0.47019533,-2.1113786411423696,-0.85955255,-4.3411928986789725,-0.94572324,0.0
-0.78441482,-0.47019533,-0.59163147,-0.85955255,-0.37786573,-0.94572324,0.0
-0.13245988,-0.36402888,-0.0055711987,-0.85955255,-0.37786573,-0.94572324,0.0
0.62790014,-0.45250093,-0.14081588,-0.85955255,-0.37786573,-1.8402692283185202,0.0
1.155528,1.5292729,2.0786213074641453,1.2244304,-2.2224565043453173,10.006245889191648,1.5306232895807108
0.098747831,-1.5979107174324998,0.039510361,-0.85955255,-0.37786573,-0.94572324,0.0
-0.78441482,-0.47019533,-0.59163147,-0.85955255,-0.37786573,-0.94572324,0.0
-0.22392667,-0.2136264,-0.050652758,-0.25954774,0.87899262,1.3569707737786936,0.0
1.4722741,-0.44807732,-0.32114211,-0.85955255,-4.499492776561971,-0.94572324,0.0
-0.78441482,2.7428079749611056,-0.59163147,-0.85955255,-0.37786573,-0.94572324,0.0
-0.78441482,2.6422362059362636,-0.59163147,10.004555584272547,10.0049654879065,-0.94572324,-1.0124838981456812
-0.30946506,-0.080918338,0.30999972,-0.689021218737559,-0.37786573,0.41328597,0.0
0.88959678,5.0681547,-0.45638679,-0.85955255,-0.37786573,-0.94572324,0.0
-0.78441482,-0.47019533,-0.59163147,-0.85955255,2.4603120438843757,10.006245889191648,0.0
-0.014908122,10.0000062172904,0.26491816,-0.85955255,10.0049654879065,-0.94572324,0.0
1.1409611,-0.45250093,-0.54654991,-0.85955255,-0.37786573,-0.94572324,0.0
-0.78441482,-0.47019533,-0.59163147,-0.85955255,-0.37786573,-0.94572324,0.0
0.075372985,-0.25343882,0.67065219,-0.85955255,4.716587791965468,-0.94572324,0.0
0.0062647454,0.17122699,0.08459192,0.55438283,0.70942721,0.91301134,0.0
9.997237792011457,-0.47019533,-0.59163147,-0.85955255,-0.37786573,-0.94572324,0.0
-0.78441482,-0.47019533,-0.59163147,-0.85955255,-0.37786573,-0.94572324,0.0
4.3773609,-0.38172329,9.989496329427736,-0.85955255,-0.37786573,-0.94572324,1.5306232895807108
0.41820406,-0.43923012,-0.50146835,-0.85955255,-0.37786573,-0.94572324,0.0
1.1275798,4.997377,-0.27606055,0.58054337,0.66771082,0.035444847,0.0
-0.012706144,-0.4082649,0.71573375,-0.85955255,-0.37786573,1.6898155075200956,0.0
0.42006727,-0.0012934972,-0.0055711987,-0.85955255,-0.37786573,-0.94572324,-0.4657875039678485
-0.23171829,-0.43038291,-0.32114211,0.83455385,-0.37786573,0.91301134,0.0
1.0335723,2.0158691,-0.45638679,1.6598769,-0.37786573,1.2390517,0.0
-0.13110482,-0.43923012,-0.32114211,-0.85955255,-0.37786573,-0.94572324,0.0
0.026421315,-0.29767485,-0.050652758,0.55860227,0.90658404,2.2029162699487412,0.0
-0.054035581,-0.26670963,0.58048907,2.949714770891994,-0.37786573,1.3030409,0.0
1.1494302,2.5201598,-2.5042395414804623,10.004555584272547,-0.37786573,0.69971393,0.0
9.997237792011457,-0.47019533,-0.59163147,-0.85955255,-0.37786573,-0.94572324,0.0
-0.78441482,-0.47019533,-0.59163147,10.004555584272547,-0.37786573,-0.94572324,0.0
1.475323,-0.2116635337728976,-0.18589744,-0.85955255,-0.37786573,-0.9959647928695653,0.0
0.0037240013,-0.27113323,-0.230979,-0.85955255,10.0049654879065,-0.94572324,0.0
-0.78441482,-0.47019533,-0.59163147,-0.85955255,-0.37786573,-0.94572324,1.5306232895807108
-0.032693331,-0.35960528,-0.230979,2.3035306096256467,1.6121408,1.6382225,0.0
0.065040626,-0.27555684,1.6173649,0.69995361,-0.37786573,1.479773,0.0
-0.78441482,-0.47019533,-0.59163147,-0.85955255,-0.37786573,-0.94572324,1.5306232895807108
-0.78441482,-0.47019533,-0.59163147,-0.85955255,-0.37786573,-0.94572324,0.0
-0.1014628,-0.17381398,2.023099,1.848486,-0.37786573,0.85816343,0.0
0.085535961,-0.24459162,-2.84817717162789,1.530762,-0.37786573,1.1994393,0.0
0.17090496,-0.080918338,0.49032595,10.004555584272547,-0.37786573,1.6412696,0.0
-0.78441482,-0.47019533,-0.59163147,-0.85955255,10.0049654879065,-0.94572324,0.0
-0.6825216117984921,-0.43480652,5.9902762,10.004555584272547,-0.37786573,-0.94572324,0.0
-0.78441482,2.001183393005439,-0.59163147,-0.85955255,-0.8745516817958561,-0.94572324,0.0
-0.041501244,-0.072071133,0.89605999,0.51472006,0.2674706,1.3243706,0.0
-0.78441482,-0.47019533,9.989496329427736,-0.85955255,-0.37786573,-0.94572324,0.0
-0.78441482,-0.47019533,-0.59163147,-0.681784559701884,-0.37786573,-0.94572324,0.16875472976558284
-0.6496130309794452,-0.44365372,-0.54654991,-0.85955255,-0.37786573,-0.94572324,0.0
0.63467545,0.12699097,0.08459192,-0.85955255,1.8732702678376976,-0.94572324,0.0
0.56184079,-2.555262002167962,-0.095734317,1.0737963,-0.37786573,1.4858672,0.0
-0.23798545,-0.41711211,2.1132621,0.371259,-0.022469794,1.4249251,0.14631818889104978
0.095698938,1.5540510597783415,9.989496329427736,10.004555584272547,0.53979594,1.1598269,0.0
2.914725356990941,-0.31979286,0.26491816,0.29151152,0.64347778,1.2634285,0.0
-1.575275911921524,-0.43480652,0.17475504,-0.85955255,-0.37786573,-0.94572324,0.0
0.81896409,-0.36402888,-0.41130523,10.004555584272547,-0.37786573,1.4249251,0.0
-0.78441482,-0.47019533,-1.9532428067726544,-0.6701807907380353,-0.37786573,-0.94572324,0.0
-0.78441482,-0.47019533,-0.59163147,-0.85955255,10.0049654879065,-0.94572324,-0.27637749210078055
9.997237792011457,-0.2047792,0.40016284,0.69024889,0.23118689,9.0797881473827,0.0
-0.19123576,-0.26228603,0.08459192,1.0552307,1.7227699,1.2055335,-0.5015617790492686
-0.78441482,0.34991710757384853,-0.59163147,10.004555584272547,3.2176692975918164,-0.94572324,0.0
0.1963124,-0.10303635,0.76081531,0.85776078,-0.1584797526551105,1.2360046,0.0
-0.087065255,-0.28440404,1.9780174,0.92906937,-0.15594905,1.2542872,0.0
-0.78441482,-0.47019533,-0.59163147,-0.85955255,-0.37786573,1.2530452948111725,0.0
-0.78441482,10.0000062172904,-0.59163147,-0.85955255,-0.37786573,-0.94572324,0.0
1.0417027,0.43664312,9.989496329427736,0.73497499,-0.37786573,1.0105187,0.0
0.28845672,0.047366127,0.44524439,-0.85955255,-0.37786573,-0.94572324,0.0
0.47393104,10.0000062172904,0.08459192,-0.85955255,-0.37786573,-0.94572324,0.0
-0.78441482,-0.47019533,-0.59163147,1.7643636989787117,-0.37786573,10.006245889191648,0.0
-0.21630444,-0.38172329,-0.095734317,-0.85955255,-0.37786573,-0.94572324,-0.48598307801262597
-0.78441482,10.0000062172904,-0.59163147,-0.85955255,-0.37786573,-0.94572324,0.0
-0.22528173,-0.41711211,-0.59163147,0.82400524,-0.37786573,0.032397741,0.0
-1.0710652360770094,-0.4038413,-1.6536230977294821,1.0273824,1.3917057,0.47422809,0.0
2.4008314,-0.28882764,-0.50146835,2.4860439,-0.37786573,0.56564127,0.0
-0.13076605,-0.36845248,0.2198366,-0.16545416,0.7975074027942125,1.0227071,0.0
9.997237792011457,10.0000062172904,-0.0055711987,1.6687377,-0.37786573,1.1141203,0.0
1.2818877,5.0770019,-0.45638679,0.96198103,2.1703896,0.18780014,0.0
-0.78441482,-0.47019533,-0.59163147,-0.85955255,-0.37786573,-0.94572324,0.0
-0.32064433,-0.2136264,9.989496329427736,0.65100807,-0.37786573,1.2603814,-0.23903275384049047
0.50526689,0.5781984,-0.36622367,0.76999637,0.75769573,0.64181891,0.0
-0.23104075,-0.44807732,1.2116309,-0.85955255,-0.37786573,-0.94572324,0.0
0.97784529,0.582622,0.08459192,-0.85955255,-0.37786573,-0.94572324,0.0
-0.50442482,-0.35075807,1.5963754039774383,10.004555584272547,0.066362727,1.363983,0.0
0.2549189,0.20661581,-3.1998423692519653,0.40037315,1.7676142,2.591538126395375,0.0
0.2122344,-0.17823759,-1.3781029108520848,1.5489056,0.72552769,1.220769,0.0
-0.43531658,-0.34191087,0.89605999,0.71261194,-1.996842788793313,0.97090635,0.0
-0.38805874,-0.45250093,-0.27606055,0.25058292,-0.37786573,1.2390517,0.0
-2.067067595548951,-0.47019533,4.2484557361338755,-0.85955255,-0.37786573,-0.94572324,0.0
0.73495015,1.3655996,0.58048907,0.7788572,-0.37786573,0.88254028,0.4868659596102951
-0.22257161,-0.43480652,-0.27606055,-0.85955255,-0.37786573,-0.94572324,0.0
-0.78441482,-0.47019533,-0.59163147,-0.85955255,-0.37786573,4.054980079516687,0.0
-0.78441482,-0.47019533,3.1076625442036194,-0.85955255,-0.37786573,-0.94572324,0.0
-0.18124217,-0.28440404,1.0313047,0.71261194,0.37651927,1.3274177,0.0
-0.099430209,0.26854624,0.2198366,0.7326566212353398,0.73626134,1.0684137,0.0
-1.4609408225569263,-0.38172329,0.40016284,-0.85955255,-0.37786573,-0.94572324,0.39012794165181086
8.4576266,-0.45250093,-0.54654991,-0.85955255,-0.37786573,-0.94572324,0.0
-0.78441482,-0.47019533,-0.59163147,-0.85955255,-0.37786573,-0.94572324,0.0
-0.25763388,-0.34191087,9.989496329427736,0.77759136,0.84419055,1.1781095,0.0
-0.029813821,-0.049953122,1.3919571,0.38476121,0.48151812,0.81245684,0.0
0.48172266,0.45433753,0.49032595,0.061129931,-0.37786573,0.51384047,0.0
0.30234613,0.47203194,0.08459192,-0.85955255,-3.6186164142397867,-0.94572324,0.26271438821526266
1.2657963,1.9804803,-0.45638679,3.4835202,-0.37786573,1.0531782,0.0
-0.78441482,-0.47019533,-2.2010313600320393,-2.1533382901480693,5.490793017225879,-0.94572324,0.0
-0.78441482,3.545605306250118,-0.59163147,-0.85955255,-0.37786573,0.9373416247832038,0.0
-0.4182089,0.7328203692772658,2.4739146,2.493196865952444,0.22335067,0.7911271,0.0
0.23594801,-0.21805001,0.17475504,1.3138826,0.33095062,10.006245889191648,0.0
0.24234401981690235,-0.47019533,-0.59163147,-0.85955255,-0.37786573,-0.94572324,0.0
-0.17429747,-0.44807732,1.3293885950722377,-0.85955255,-0.37786573,0.1771315157471054,0.0
-1.430288650893514,-0.47019533,-3.1641046503925727,-0.85955255,-0.37786573,-0.94572324,0.0
0.89315382,0.2794861412678895,-0.050652758,-0.85955255,-0.37786573,-0.94572324,0.0
0.41007368,0.36586549,-0.41130523,1.1868773,-0.37786573,1.2055335,0.0
1.1609482,-1.4700427688119937,-0.6158578525901773,1.7687385,5.938762549667536,1.1171674,0.0
0.26237175,-0.058800326,0.039510361,-1.0223400200016157,-0.37786573,1.2177219,0.0
0.48714291,-0.45250093,0.2198366,-0.85955255,-0.37786573,-0.94572324,0.0
2.224165,3.1438877,-0.41130523,1.9573476,-0.37786573,0.93434108,0.0
9.997237792011457,-0.067647531,-0.0055711987,0.050581324,-0.37786573,10.006245889191648,0.0
-0.06894128,-0.36845248,-4.001395409476,-0.85955255,-0.37786573,-0.94572324,0.0
-0.78441482,-0.47019533,-0.59163147,-0.85955255,-0.37786573,-0.94572324,0.0
-0.78441482,-0.47019533,-0.59163147,-0.85955255,-0.37786573,-0.94572324,0.0
0.15752371,10.0000062172904,0.94114155,0.85733884,0.38754925,10.006245889191648,0.0
9.997237792011457,-0.47019533,-0.59163147,-0.85955255,-0.37786573,-0.94572324,0.030743766359301754
-0.78441482,-0.47019533,-0.59163147,-0.85955255,-0.37786573,-0.94572324,0.0
-0.78441482,-0.47019533,-0.59163147,-0.85955255,-0.37786573,-0.94572324,0.0
1.8859072,1.861043,-0.18589744,-0.85955255,-0.37786573,-0.94572324,0.0
0.23713369,-0.041105917,0.62557063,-0.85955255,-0.37786573,-0.94572324,0.0
0.039463802,-0.22689721,6.8388030363577785,0.80797135,-4.56884333323122,1.1476385,0.0
1.3403248,-0.43038291,-0.0055711987,-0.85955255,-0.37786573,-0.94572324,0.0
-0.78441482,-0.47019533,-0.59163147,-0.85955255,-0.37786573,-0.94572324,0.0
-0.78441482,-0.47019533,-0.59163147,10.004555584272547,-0.37786573,-0.94572324,0.0
0.14481999,-0.19150839,1.0313047,4.418999548162453,-0.37786573,0.8947287,0.0
-0.25035041,-0.38614689,0.71573375,0.40628037,0.13464985,0.97700056,0.0
-0.78441482,-0.47019533,-0.59163147,-0.85955255,-0.37786573,-0.94572324,0.0
-0.20072121,-0.35075807,1.7526096,0.66197862,0.054246208,1.3761714,0.0
1.1254108694846403,-0.47019533,-0.59163147,-0.85955255,-0.37786573,-0.94572324,0.0
9.997237792011457,-0.34191087,-0.41130523,1.5392008,2.5001367,1.3182764,0.0
-0.78441482,-0.47019533,-0.59163147,-0.85955255,-0.37786573,-0.94572324,0.0
-0.78441482,-0.47019533,-0.59163147,-0.85955255,2.0812417873716282,-0.94572324,0.0
-0.11670727,-0.0012934972,-2.751746896189674,10.004555584272547,0.2926914,1.3243706,0.4415863923999327
-2.258900537435598,0.12699097,-0.230979,0.48771563,-0.37786573,0.9465295,-0.44672628456809393
4.318797650135299,8.210466285118105,-0.230979,1.1750629,-0.37786573,0.26397779,-0.2343370531771076
-0.11602974,-0.37287609,0.08459192,0.29151152,0.64347778,1.1933451,0.0
1.6772275,5.838538577283757,-0.095734317,10.004555584272547,-0.37786573,-0.94572324,0.0
0.17937411,-0.37287609,-0.41130523,-0.85955255,-0.37786573,-0.94572324,0.0
9.997237792011457,-0.041105917,9.989496329427736,1.1231638,-0.070573691,1.5132912,0.0
-0.78441482,-0.47019533,-0.59163147,-0.85955255,-0.37786573,-0.94572324,0.0
0.40126576,0.23758102,-0.18589744,1.1750629,2.0942004,1.0318485,-0.020391450205414715
-0.05742324,10.0000062172904,-2.5480917958571156,-1.3063457791646542,-0.8588776905338493,0.94957661,1.5306232895807108
-5.425677597530309,4.176539813499908,2.1583436,1.143839,-0.060136364,0.9465295,0.0
0.26203299,-0.35075807,-0.230979,1.6759108,1.4015504,1.2938996,0.0
-0.78441482,10.0000062172904,-0.59163147,-0.85955255,-0.37786573,-0.94572324,0.0
0.3641709,-0.43480652,-0.36622367,1.3936301,-0.37786573,1.0166129,0.0
-0.056576325,-0.28882764,0.40016284,1.1012226,1.2592472,1.0775551,0.0
0.27287349,-0.24016802,9.989496329427736,0.84425856,10.0049654879065,1.3695742583888966,0.0
-0.044380754,-0.45250093,9.989496329427736,5.870180629334453,-0.37786573,1.3243706,0.0
-0.78441482,-0.47019533,-0.59163147,-0.85955255,-0.37786573,-0.94572324,0.0
0.063346796,-0.35075807,-0.230979,0.55733644,-0.37786573,1.1537327,0.0
-0.78441482,-0.47019533,-0.59163147,-0.85955255,-0.37786573,10.006245889191648,0.0
0.051998139,-0.45250093,-0.41130523,0.75818193,-0.37786573,1.0501311,0.0
4.370655967981572,0.21988661,-0.0055711987,0.60121864,0.95669638,1.306088,0.0
-0.78441482,-0.47019533,-0.59163147,-0.85955255,-0.37786573,-0.94572324,0.0
0.16125014,-0.24016802,0.08459192,10.004555584272547,-0.37786573,1.2634285,0.0
0.21392823,-4.8820517276914,0.30999972,0.080117425,0.40918119,1.3182764,1.5306232895807108
-0.16616709,-0.24901522,-0.18589744,0.8493219,2.2511225,0.5757859273258408,0.0
0.53711088,10.0000062172904,-0.095734317,1.0780157,-0.37786573,1.0958377,0.0
-0.1382189,-0.31536926,0.08459192,-0.85955255,-0.37786573,10.006245889191648,0.0
-0.10129342,-0.6334268807833011,0.30999972,1.182236,-0.37786573,1.3609359,0.0
-0.11518282,-0.23132081,0.40016284,1.6126191,-0.37786573,1.1293559,0.0
-0.24323633,-0.39057049,0.35508128,-0.85955255,-0.37786573,-0.94572324,0.0
-0.13754137,-0.41268851,0.08459192,2.1876911307915323,-0.37786573,1.680882,0.0
-0.78441482,-0.47019533,-0.59163147,-0.85955255,-0.37786573,10.006245889191648,0.0
1.3330413,4.0551498,-2.4691558634334645,-0.4068472194878471,0.15371361,0.3767207,0.0
1.104205,3.440269,-0.18589744,1.6311847,-0.37786573,1.2451459,0.0
0.89721901,4.6081,-0.36622367,-0.85955255,-0.37786573,-0.94572324,0.0
0.53948224,-0.098612747,-0.27606055,-0.85955255,-0.37786573,-0.94572324,0.0
0.47274536,-0.072071133,-0.095734317,0.84805606,-0.37786573,10.006245889191648,0.0
9.997237792011457,-0.47019533,-0.59163147,-1.584625026836925,-0.37786573,-0.94572324,0.0
0.12398589,0.3835599,0.62557063,0.86957522,0.48477773,1.2024864,0.0
0.28693228,-0.37287609,-0.36622367,0.40332676,-0.37786573,0.99223609,0.0
-4.621447231098232,-0.4082649,1.3468756,-0.07183353792643521,0.22275801,0.8916816,0.0
4.488310164498128,-0.47019533,-0.59163147,-0.85955255,-0.37786573,-0.94572324,0.0
9.997237792011457,0.5870456,-0.18589744,1.2527007,1.4193587939971328,1.1842038,0.0
-0.011689846,-0.37287609,-0.18589744,1.0231629,-2.8772632201915633,10.006245889191648,0.0
0.025066252,-0.35075807,0.039510361,-0.85955255,-0.37786573,-0.94572324,0.0
0.10552315,-0.14284877,0.76081531,0.98476602,0.42412928,2.2998832112814576,0.0
-0.78441482,-0.47019533,-0.59163147,-0.85955255,-0.37786573,-0.94572324,0.0
-0.78441482,-0.47019533,-0.59163147,10.004555584272547,-0.37786573,-0.94572324,0.8652602251634911
1.8105318,-0.45250093,-0.14081588,-0.85955255,-0.37786573,-0.94572324,0.0
1.0833709,0.85246174,0.17475504,2.0712681437247507,-0.37786573,1.4828201,0.0
-0.3209831,-0.42595931,-0.0055711987,0.25142681,-0.37786573,1.4279722,0.0
-0.78441482,-0.47019533,-0.59163147,-0.85955255,-0.37786573,-0.94572324,0.0
-0.32521767,0.10318484703697406,0.98622311,-0.85955255,1.492210735141584,-0.94572324,0.0
0.028115145,-0.30652205,-0.14081588,4.737617430847288,-0.37786573,1.6473639,0.0
1.243099,1.7769946,-0.27606055,1.2860343,3.802521131733868,2.653771539142789,0.0
-0.11653789,-0.4038413,-0.050652758,-0.85955255,-0.37786573,-0.94572324,0.0
-0.26542549,-0.37287609,-0.27606055,0.26070959,1.5406599,1.3426533,0.6905357949814382
0.98936333,5.0725783,-0.32114211,-1.4882361364888617,10.0049654879065,0.39805045,0.0
0.26762262,-0.063223929,9.989496329427736,1.2037551,0.4128359,1.0836493,0.0
2.0376743,1.3744468,-0.18589744,0.63286447,0.38616639,0.51384047,0.0
-0.11857048,-0.32864006,-2.304036020509308,1.045526,-0.37786573,0.76370315,0.0
0.67346415,0.52953877,0.2198366,1.0894082,0.48484358,3.7234858285240784,0.0
0.65076683,1.9583623,-0.32114211,1.1704215,-0.37786573,1.0927906,0.6616819667740093
-0.78441482,0.09752971120314191,-0.59163147,-0.85955255,-0.37786573,0.04535126279139401,0.0
-0.10840751,-0.31979286,-0.230979,0.026952442,1.4680266,0.95262371,0.0
-0.78441482,-0.47019533,-0.59163147,-0.85955255,-4.0890825251733345,-0.94572324,0.0
-0.049123476,-0.15169597,-0.18589744,2.579384508976453,1.4231494,1.2420988,0.0
-0.78441482,-2.9491456628862487,-0.59163147,-0.85955255,-0.37786573,-0.94572324,0.0
0.061652967,-0.12073076,-0.14081588,5.649615934465513,-0.37786573,-0.94572324,0.0
9.997237792011457,-0.41711211,-0.41130523,1.1885651,-0.37786573,1.4553962,0.0
1.5529004,1.4186828,-0.095734317,1.856503,1.0456277,0.96176503,0.0
0.074017921,-0.058800326,9.989496329427736,0.21471766,-0.37786573,0.94957661,0.0
-0.5352233401311978,-0.42595931,-0.18589744,-0.85955255,-0.37786573,-0.94572324,0.0
-0.78441482,10.0000062172904,-0.59163147,-0.85955255,-0.37786573,-0.94572324,0.0
0.15735433,-0.098612747,-0.14081588,0.37843205,2.6562357,0.82159816,1.5306232895807108
0.57454451,0.56492759,-0.14081588,0.78560831,0.53851186,0.76065604,0.0
-0.27440279,-0.26228603,-0.230979,-0.19878776,-0.37786573,0.78503289,0.0
4.51044576764194,0.28181705,-0.14081588,1.1691557,0.57611257,1.6835830881176,0.08721464486132278
0.6590666,-0.44807732,-0.36622367,-0.85955255,-0.37786573,-0.94572324,1.5306232895807108
0.091972513,-0.058800326,0.30999972,-0.85955255,-0.37786573,-0.94572324,0.648717468826344
9.997237792011457,0.05178973,0.40016284,1.1910968,0.081310823,1.2390517,0.0
9.997237792011457,10.0000062172904,-0.32114211,-0.85955255,-0.37786573,-0.94572324,-0.8395921808793264
3.0365215593843575,0.74629528,-0.14081588,1.5463739,-0.37786573,5.5368708204163575,0.0
2.5644553,-5.179195526860452,-0.54654991,-0.85955255,-0.37786573,-0.94572324,0.0
-0.13076605,-0.27555684,0.76081531,0.82442718,0.39851338,1.2360046,0.0
-0.070973875,-0.3994177,-0.095734317,0.26872653,-0.37786573,0.9952832,0.0
-0.063012877,-2.1638602007086303,-0.0055711987,-0.85955255,-0.37786573,-0.94572324,0.0
-0.18479921,-0.36845248,0.98622311,2.1143109,-4.0523493287883525,0.55345284,0.0
-0.9519954860260096,0.36586549,-0.45638679,1.4429975,-0.37786573,0.98918898,0.0
-0.22409605,-0.29767485,-0.0055711987,-1.604402312835471,2.32234,0.2287621658050153,0.0
-0.78441482,-0.47019533,-0.59163147,-0.85955255,-0.37786573,-0.94572324,0.0
2.2544845,10.0000062172904,-0.50146835,-0.85955255,-0.37786573,-0.94572324,0.05955000436109609
0.19766747,-0.30209845,-0.095734317,0.71851916,0.8364531,1.2817111,0.0
0.22663195,-0.12073076,0.85097843,0.75522832,-0.37786573,-3.4206612351725854,0.2813196658237594
-0.78441482,-0.47019533,-0.59163147,-0.85955255,-0.37786573,-0.94572324,0.0
-0.78441482,-0.47019533,-0.59163147,-0.85955255,-0.37786573,-0.94572324,0.0
-0.16125498,-0.3994177,0.85097843,0.47590118,-0.37786573,1.2817111,0.0
-0.78441482,-0.47019533,-0.59163147,-0.85955255,10.0049654879065,-0.94572324,0.0
0.043867758,-0.14727237,-0.27606055,0.43623842,1.4265737,-5.104876216079967,0.0
-0.07419211893236483,0.26854624,0.85097843,-0.85955255,-0.37786573,-0.94572324,0.0
0.10450685,-0.35075807,2.008187938897677,-0.85955255,10.0049654879065,-0.94572324,0.0
-0.78441482,10.0000062172904,-0.59163147,-0.85955255,3.416000006129229,-0.94572324,0.0
-0.41007852,-2.706108857119271,0.67065219,1.434057233942524,10.0049654879065,0.86730475,0.0
0.33097184,-1.6819220873505107,0.12967348,1.1408854,-0.9122441904529753,0.50774626,0.0
-0.47817046,-0.44807732,0.89605999,-0.16545416,2.3888603779771582,1.4919615,0.0
0.99867939,2.6086318,-0.41130523,1.9252799,-0.37786573,0.74846762,0.0
1.1086089,-0.3994177,-0.18589744,-0.85955255,-0.37786573,-0.94572324,0.0
-0.78441482,-0.47019533,-0.59163147,-0.85955255,-0.37786573,-0.94572324,0.0
0.20291834,-0.22689721,0.53540751,1.1273832,0.22147392,1.708306,0.0
-0.19309898,-0.38172329,-0.32114211,0.68898306,2.3094333,0.87339896,0.0
-0.78441482,-4.239254799309087,-0.59163147,-0.85955255,-0.37786573,-0.94572324,0.0
0.14820765,10.0000062172904,0.67065219,0.46071119,-0.37786573,1.0105187,0.0
-0.17954834,-0.3994177,9.989496329427736,0.31134291,-0.37786573,1.1537327,0.0
-0.5076431,-0.4082649,1.5722834,-0.16334444,-2.0302839042612137,10.006245889191648,0.0
-0.12009493,-0.3994177,0.40016284,0.63202058,0.52850256,0.98918898,0.0
0.8762955675732996,-0.45250093,0.17475504,0.85269745,-0.37786573,-3.7331371591584555,0.0
-0.39534221,-0.35518168,4.5927479,0.40290482,-0.37786573,0.84597501,0.0
0.53575582,0.67109404,-0.27606055,0.71683138,2.9069132998199656,0.65705444,0.0
0.77729589,0.95420459,0.76081531,0.28349458,0.055793698,0.66619576,0.0
-0.78441482,10.0000062172904,-5.1171370396001175,-0.85955255,-0.37786573,-7.946319936353948,0.0
0.29438513,-0.19150839,0.17475504,0.62400364,0.7038299,1.1567798,0.0
-0.4966332,-0.44807732,0.12967348,0.98139046,-0.10749110956889979,2.345218599639842,0.0
-0.78441482,-0.47019533,-0.59163147,-0.85955255,-0.37786573,-0.94572324,0.0
0.1278817,-0.43923012,-0.095734317,-0.85955255,-0.37786573,-0.94572324,0.0
-0.11535221,-1.6741388544468951,9.989496329427736,10.004555584272547,-0.37786573,-0.94572324,1.5306232895807108
0.48189204,0.025248116,-0.36622367,0.23665876,-0.37786573,1.0379427,-0.7461850633855903
-0.78441482,-0.47019533,-0.59163147,-0.85955255,-0.37786573,-0.94572324,0.0
-0.090791679,0.69321205,-0.36622367,-0.85955255,-0.37786573,-0.94572324,0.0
-0.089267233,-0.28440404,0.94114155,1.1548096,-0.0042620907,1.3548417,0.0
9.997237792011457,-0.47019533,-0.59163147,-0.85955255,-0.37786573,-3.592891120084859,0.0
-0.46546674,-0.45250093,-0.59163147,0.41723737461337973,-0.37786573,0.71799656,0.0
-0.78441482,-0.47019533,-0.59163147,-0.85955255,-0.37786573,-0.94572324,0.0
-0.78441482,-0.47019533,-0.59163147,10.004555584272547,-0.37786573,-0.94572324,0.0
-0.060810899,-0.23574442,2.7894855,-0.013976155,-0.37786573,1.2390517,0.0
1.577969,2.2193548,-0.41130523,1.4311831,1.44758,0.73018498,-0.29721659783459825
-0.041501244,0.10929656,1.9780174,0.26661681,-3.196739627272332,0.80940974,0.0
1.0794751,0.9851698,0.76081531,0.84299273,-0.37786573,1.1537327,0.0
-0.3109895,-1.497837842185475,0.039510361,-0.85955255,-0.37786573,-0.94572324,0.0
-0.076563512,-0.094189144,1.3919571,0.8319590632235875,-0.37786573,1.4310193,0.0
6.7402529,-0.45250093,-0.54654991,-0.85955255,-0.37786573,-0.94572324,0.0
-0.78441482,10.0000062172904,-0.59163147,-0.85955255,-0.8675616455191681,-0.94572324,0.0
-0.078426725,-0.36845248,0.26491816,1.1560754,-0.37786573,1.3365591,0.0
2.0564759,1.8300778,-0.27606055,1.0451041,0.44839525,0.14818776,1.5306232895807108
3.244699734096726,1.1223015,0.039510361,-0.85955255,-0.37786573,-0.94572324,0.0
9.997237792011457,-0.37729969,2.8796486,2.696743018541026,0.097114978,0.90387002,0.0
-0.78441482,-0.47019533,-0.59163147,-0.85955255,10.0049654879065,-0.94572324,0.0
-0.15956115,-0.45250093,0.12967348,0.64805446,-0.37786573,1.5193854,0.0
9.997237792011457,-0.47019533,-0.59163147,-0.85955255,-0.37786573,-0.94572324,0.0
-1.5925142797958511,-0.12957796,9.989496329427736,0.37632233,6.972381160482771,0.98918898,0.0
-0.076224747,-0.43923012,-0.36622367,0.54889755,-0.37786573,10.006245889191648,0.0
-0.055560028,-0.27113323,9.989496329427736,0.64889835,10.0049654879065,1.3152293,0.0
1.0725304,1.060371,0.039510361,2.0295001,-0.37786573,0.023477646898573235,0.0
-0.23087137,-0.37729969,-0.230979,10.004555584272547,-0.37786573,1.0653666,0.0
-1.2382196417410412,0.9709781237438982,0.039510361,1.1771726,0.63689272,0.95567082,0.0
0.58047291,0.47645554,0.58048907,-0.85955255,-0.10069521388871194,-0.94572324,0.0
-0.28083934,-0.45250093,0.53540751,10.004555584272547,-0.37786573,1.2512401,0.0
1.0056241,0.85688534,0.2198366,1.9020729,-0.37786573,1.3030409,0.0
-0.43988992,-0.45250093,0.67065219,-0.16545416,0.62543471,1.4462549,0.0
-0.78441482,-0.47019533,-0.59163147,-0.85955255,-0.37786573,-0.94572324,0.0
0.09637647,-0.29767485,0.08459192,-0.85955255,-0.37786573,-0.94572324,0.0
-0.099768975,-0.23132081,0.40016284,0.61556475,0.8357946,1.1659211,0.0
-0.28693712,-0.43480652,-0.050652758,0.83877329,2.221285932747299,1.1506856,0.0
9.997237792011457,-0.22689721,0.30999972,-0.85955255,-0.37786573,-0.94572324,0.0
3.672939636839439,0.27296984,0.58048907,0.021045222,-0.37786573,1.1750624,0.0
0.11416168,-0.019495863098807437,0.24000056189440577,0.23665876,-0.37786573,1.3121822,0.0
2.784145,-0.43480652,-0.54654991,-0.85955255,-0.37786573,10.006245889191648,0.0
-0.4083841701440079,-0.47019533,-0.59163147,-0.85955255,-0.37786573,-0.94572324,0.0
-0.37179798,-0.42153571,0.44524439,-0.7878670966998983,1.5854713,10.006245889191648,0.0
-0.174975,-0.42595931,0.26491816,-0.85955255,-0.37786573,-0.94572324,0.0
-0.78441482,-0.47019533,-0.59163147,-0.85955255,-0.37786573,-0.94572324,0.0
-0.78441482,-0.47019533,-0.59163147,2.602915377242125,-0.37786573,-0.94572324,0.0
0.46122732,1.2284679,0.30999972,-0.85955255,-0.37786573,-5.415811368654197,0.0
2.4946695,2.2901325,-0.32114211,1.310507,0.81087013,10.006245889191648,0.0
-0.23967928,-0.45250093,-5.440178249325309,-0.85955255,-0.37786573,-0.94572324,0.0
-0.78441482,-0.47019533,-0.59163147,-0.85955255,1.7165811003841638,-0.94572324,1.5306232895807108
-0.78441482,-0.47019533,9.989496329427736,-0.85955255,10.0049654879065,-0.94572324,0.0
0.2618636,-0.43038291,-0.18589744,-0.85955255,-0.37786573,-0.94572324,0.0
-0.78441482,-0.47019533,-0.59163147,10.004555584272547,-0.37786573,-0.94572324,0.12699189014741435
-0.17057104,-0.30652205,-0.050652758,-0.1076908211609342,-0.37786573,1.132403,0.0
0.15328914,-0.12957796,0.40016284,10.004555584272547,-0.37786573,0.77893868,1.5306232895807108
-0.043533839,-0.38614689,-0.18589744,-0.85955255,-0.37786573,-0.94572324,0.0
-0.18124217,-0.37287609,-0.230979,0.76029165,-0.37786573,1.2878054,0.0
-0.11806233,-0.33748727,1.9780174,0.62780113,10.0049654879065,1.0836493,0.0
-0.78441482,10.0000062172904,-0.59163147,-0.85955255,-6.711649642264701,10.006245889191648,0.0
-0.16989351,-0.33748727,1.4370387,0.80881524,4.083151999243434,1.3304648,0.0
0.019307232,-0.3949941,0.12967348,0.88645299,0.55678541,1.9522333823852813,0.018138920497683515
-0.78441482,-0.47019533,-0.59163147,-4.374371955463335,-0.37786573,-0.94572324,0.0
-0.48172751,-0.42153571,0.17475504,-0.85955255,-0.37786573,-0.94572324,0.0
0.82082731,-0.44807732,-0.50146835,-0.85955255,-0.37786573,-0.94572324,0.0
-0.35519845,-0.33306367,0.94114155,0.2501253635802819,-0.37786573,1.3700772,0.0
0.10941896,-0.018987906,0.49032595,0.8083933,0.34237571,1.1537327,0.0
-0.78441482,-0.47019533,-0.59163147,-0.85955255,-0.37786573,-0.94572324,0.0
-0.25915832,-0.42153571,-0.230979,-0.85955255,-0.37786573,-0.94572324,0.0
0.30624193,0.49857356,-0.0055711987,0.5750581,0.52063341,0.70580814,0.0
-0.78441482,-0.47019533,-2.270811778731063,-0.85955255,-0.37786573,-0.94572324,0.0
0.14448122,-0.30209845,-0.18589744,0.8303344,-0.37786573,1.0440369,0.0
-0.78441482,1.0863265457146989,-0.59163147,-0.85955255,-0.37786573,-0.94572324,0.0
1.2151508,2.617479,-0.41130523,-0.85955255,-0.37786573,-0.7491672948478008,0.0
-0.78441482,-0.47019533,9.989496329427736,-0.85955255,-0.37786573,-0.94572324,0.0
0.84386339,0.75071888,0.35508128,-0.85955255,-0.37786573,-0.94572324,0.0
0.64043447,0.94535738,-0.0055711987,0.4083901,0.55609398,1.0013774,-0.1309586241171994
-0.78441482,-0.47019533,-0.59163147,-0.85955255,-0.37786573,-0.94572324,0.0
0.19275536,0.84361453,-0.230979,-0.85955255,-0.37786573,-0.2513957392172169,0.0
-1.4849685526853853,-0.47019533,-0.59163147,-0.85955255,-0.37786573,-0.94572324,0.0
-0.78441482,-0.47019533,-0.59163147,10.004555584272547,-0.37786573,-0.94572324,0.0
-0.78441482,-0.47019533,9.989496329427736,-0.85955255,-0.37786573,-0.94572324,0.0
0.42040603,0.64012883,-0.14081588,-0.85955255,-2.2194052335206087,-0.94572324,0.0
0.56607536,0.11372016,-0.32114211,-0.85955255,-1.543511012994308,-0.94572324,0.0
0.19461857,0.10044935,0.53540751,1.1615607,-1.0940475817742668,1.5102441,1.5306232895807108
0.81439075,10.0000062172904,0.53540751,1.2159915,0.10570849,0.74846762,1.5306232895807108
1.0493249,10.0000062172904,-0.27606055,1.1636704,1.5060554,0.55040574,0.0
-0.78441482,-0.47019533,9.989496329427736,-0.85955255,-0.37786573,-0.94572324,-0.3984526643981943
-0.78441482,-0.47019533,-0.59163147,-0.85955255,-0.37786573,-0.94572324,0.6284430813581517
-0.78441482,-0.47019533,-0.59163147,-0.85955255,-0.37786573,-0.94572324,0.0
-6.037849436631739,-0.47019533,-0.59163147,-0.85955255,-0.37786573,-0.94572324,0.0
0.5359252,0.22431022,3.4866103774324797,0.42737759,-0.37786573,0.72409077,0.0
9.997237792011457,10.0000062172904,-0.0055711987,-0.85955255,-0.37786573,-0.94572324,0.0
0.31183157,0.44991393,0.40016284,1.3316042,0.41527237,1.2512401,0.0
0.050134927,7.985032461327807,-0.41130523,0.44678703,-0.37786573,0.82769237,-0.24101445292968138
-1.5288033192251724,-0.31979286,-0.050652758,1.0413066,2.0208811789792613,1.0409898,0.0
0.21375885,-0.2136264,-3.2659114440614108,-0.85955255,-0.37786573,3.6577143968008827,0.0
0.15515235,-0.16939038,0.12967348,0.73835054,10.0049654879065,1.1232616,0.0
-0.78441482,-0.47019533,-3.7445404324061453,-0.85955255,-0.37786573,-0.94572324,0.0
0.89417012,4.7983149,-0.18589744,0.35649095,-0.37786573,0.087245646,0.0
0.47664117,0.22873382,-0.36622367,-0.85955255,4.326840102924889,-0.94572324,0.0
-0.7761909599011445,-0.42595931,-0.230979,-0.85955255,10.0049654879065,-0.94572324,0.0
-0.78441482,-0.47019533,-0.59163147,-0.85955255,-0.37786573,-0.94572324,0.0
0.054538883,10.0000062172904,0.2198366,1.3775962,-0.37786573,0.29749595,0.0
-0.78441482,-0.47019533,-0.59163147,-0.85955255,-0.37786573,-0.94572324,0.0
0.19817562,-3.6045146622092403,0.26491816,-0.85955255,-0.37786573,-0.94572324,-0.054855657584494906
0.11416168,0.060636934,0.85097843,0.3674615,0.59083019,0.96785924,-0.98287075780346
0.069783348,-0.24459162,-0.36622367,-0.85955255,2.608468591718126,-0.94572324,0.0
0.65500141,-0.45250093,-0.095734317,-0.85955255,-0.37786573,-0.94572324,0.0
-0.16057745,-0.35075807,-0.0055711987,0.38729288,0.81857465,1.2969467,0.0
-0.24865658,-0.2743799171670341,0.039510361,-0.85955255,-0.6832722320037498,-0.94572324,0.0
-1.61386482798583,5.0371895,0.35508128,-0.85955255,-0.37786573,-0.94572324,0.0
-0.13364556,-0.16054318,0.76081531,0.41936065,-0.37786573,0.97395345,0.0
-0.78441482,-0.47019533,-0.59163147,-0.85955255,-0.37786573,10.006245889191648,0.0
0.056571479,-0.31536926,0.44524439,0.66535418,0.38616639,1.0897435,0.0
0.31589676,-0.11188355,0.17475504,-0.85955255,-0.37786573,-0.94572324,0.0
9.997237792011457,-0.43480652,2.0515550008549712,-0.85955255,-0.37786573,-0.94572324,0.798365936370952
0.2628799,1.1798083,0.039510361,-5.331009384753388,-1.306225544551578,-0.94572324,0.0
-0.042178776,-0.38172329,0.08459192,1.3923642,-0.37786573,1.0348956,0.0
-0.78441482,-0.47019533,-0.59163147,-0.85955255,-0.37786573,-0.94572324,0.0
0.74833141,1.5690853,0.30999972,0.75354054,0.60716115,0.62658339,0.0
0.41142874,0.31720586,0.80589687,1.7522827,-0.37786573,1.6636201844390048,0.0
0.20190204,-0.041105917,-0.32114211,1.6463747,2.7314371,1.2938996,-0.05755932632871467
0.025066252,-0.45250093,-0.27606055,-0.85955255,-0.37786573,-0.94572324,0.0
-0.78441482,-0.47019533,4.7123533814408205,-0.85955255,-0.37786573,-0.94572324,0.0
0.49527329,-1.580073257894847,-0.050652758,1.3379334,0.35956273,1.2116277,0.0
-0.78441482,-3.9050183037083297,-0.59163147,0.6593786903794566,-0.37786573,5.936692325729519,1.5306232895807108
-0.10857689,-0.45250093,0.26491816,2.3038079856142577,-0.37786573,0.54126442,0.0
1.0318784,1.5248493,-0.18589744,-0.85955255,-0.37786573,-0.94572324,0.0
0.58623193,0.36586549,-0.050652758,-0.85955255,-0.37786573,-4.6212987935188465,0.0
-0.41380495,-0.42153571,2.1583436,-0.019883376,0.1270441,1.3274177,0.0
-0.78441482,-0.22236076418093784,-0.59163147,-0.85955255,-0.37786573,-1.5494934535561389,0.0
6.225318914564414,0.6186993906465348,-0.50146835,-0.85955255,-3.447989612313722,-0.94572324,0.0
0.029639591,-0.29325125,1.301794,-0.85955255,-0.37786573,-0.94572324,0.0
9.997237792011457,-0.47019533,-0.59163147,-0.85955255,-0.37786573,-0.94572324,0.0
0.62959397,4.7142665,-0.45638679,0.71514361,-0.37786573,0.39805045,0.0
-0.31624037,-0.42595931,-0.095734317,-0.85955255,-0.37786573,10.006245889191648,0.0
0.24678852,-0.29767485,0.26491816,1.7607216,-0.37786573,0.93434108,-0.2063553022429849
0.50831578,1.7460294,0.26491816,0.77548164,-0.37786573,0.86730475,0.0
0.054200117,-0.32421646,-0.27606055,0.6417253,-0.37786573,1.3700772,0.0
-0.78441482,-0.47019533,-0.59163147,-0.85955255,-0.37786573,-0.94572324,0.0
0.7673023,-0.30209845,-0.41130523,1.0353993,2.2274163,1.2299103,1.0
0.93516079,-0.29767485,-0.27606055,1.5721125,-0.37786573,1.0105187,1.0
1.7732676,-0.31536926,-0.50146835,-0.85955255,-0.37786573,-0.94572324,0.9685996233668484
9.2051135,1.4584952,-0.54654991,6.3037959,5.0477994,2.4150960473992864,1.0
0.20274896,-0.33306367,-1.17069603999806,1.2235865,2.0105701,1.2085806,0.2347829915980908
0.19343289,-0.4038413,-0.41130523,10.004555584272547,4.2067221,4.190325795760364,1.0
0.047932949,-0.37729969,-0.230979,2.2645231,2.3665258,-0.43597142189285965,1.0
-0.23036322,-0.3949941,-0.36622367,1.6425772,6.6687789,1.104979,1.0
0.9234926670477722,-0.35518168,-0.36622367,-0.85955255,-0.37786573,-0.94572324,1.0
1.1465507,-0.2047792,-0.45638679,1.9143093,0.7835676346693545,1.2116277,1.0
0.48714291,-0.35518168,-0.50146835,2.1303448,14.320163,1.3243706,1.0
0.12280021,-0.37287609,0.08459192,1.0218971,0.92116996,1.3548417,1.0
-0.084185745,10.0000062172904,-0.18589744,1.1932065,3.6996392,1.2329575,0.8539782320769055
0.30725823,-0.29767485,-0.36622367,1.2991145,1.3428446,8.501267002524582,1.0
1.7014492,1.2063499,-0.27606055,-0.85955255,-0.37786573,-0.94572324,1.0
0.23882752,-0.14284877,-0.41130523,2.0695848,5.8929596,1.421878,1.0
0.004570916,-0.31536926,2.358098497491804,0.96662241,-0.37786573,1.8880852,0.9704002492469012
0.02150921,-0.26670963,-0.45638679,1.4054445,4.6050526,1.6107986,1.5306232895807108
0.092650045,-0.29325125,-0.27606055,0.9303352,3.5611553,5.066728336640772,1.0
0.13787529,-0.31979286,-0.45638679,1.5944755,6.6687789,1.3975012,1.0
9.997237792011457,-0.3994177,9.989496329427736,2.3273928,6.2721276,1.2329575,1.0
9.997237792011457,-0.35960528,4.194725486291218,1.3725328,1.4924902,1.4523491,1.0
0.60317023,-0.29325125,-0.45638679,1.4965845,10.95102966638276,1.4249251,1.0
1.8916663,-4.6587822113704584,-0.36622367,-0.85955255,-0.37786573,-0.94572324,1.0
-0.7647114156319371,-1.3075023979511775,-0.36622367,1.4564998,10.0049654879065,3.2159349727935207,1.0
0.15413605,-0.36845248,-0.41130523,1.3282287,-0.37786573,1.6047044,1.0
-0.78441482,-0.47019533,-0.59163147,-0.85955255,-0.37786573,-0.94572324,1.5306232895807108
0.022356125,-0.38172329,-0.050652758,1.3067095,0.65829418,1.2146748,-0.02350044505141825
-0.78441482,-0.47019533,-0.59163147,-0.85955255,1.7599491104528617,-0.94572324,0.0
9.997237792011457,10.0000062172904,0.039510361,0.25649015,-0.37786573,10.006245889191648,0.0
-0.78441482,-0.47019533,-0.59163147,-0.85955255,-0.37786573,-0.94572324,0.0
0.03014774,-0.32421646,2.293983463714543,10.004555584272547,-0.37786573,1.4249251,0.0
0.48612662,-0.094189144,-0.36622367,-0.85955255,-0.37786573,-0.94572324,0.0
0.55489609,0.27296984,0.5883773874210967,1.2754856,-0.37786573,0.88558738,0.0
-0.14499422,-0.30209845,0.85097843,1.2248523,0.037388443,1.1232616,0.0
-0.30201221,-0.41711211,-0.0055711987,-0.85955255,-0.37786573,-0.94572324,0.0
-0.78441482,-0.47019533,-0.59163147,-0.85955255,-0.37786573,-0.94572324,0.0
0.59503985,0.63128162,-0.14081588,1.5446861,-0.37786573,1.5407151,0.0
-0.44835907,-0.44807732,0.08459192,-0.85955255,-0.37786573,-0.94572324,0.0
0.59622553,2.4139933,-0.050652758,-0.85955255,-0.37786573,-0.94572324,0.0
0.25745965,-0.2136264,0.17475504,0.72737999,0.21297919,1.2634285,0.0
0.79779123,3.3252554,-1.4670137037189928,-0.85955255,-0.37786573,-0.94572324,0.0
0.21985663,-4.215947130318731,0.26491816,0.87759216,0.12971105,1.1080261,0.0
0.18428622,0.64455243,0.2198366,1.5396228,-0.37786573,1.104979,0.0
-0.45293241,-0.41268851,3.8714429,3.343005745275244,-0.053254971,1.047084,0.0
-0.45462624,-0.44365372,-0.59163147,-0.17600277,-3.9824522173901884,0.3736736,0.0
9.997237792011457,0.63128162,1.319322587400833,-0.85955255,-0.37786573,-0.94572324,0.0
0.056740862,-0.195932,0.039510361,1.1750629,-0.37786573,0.9983303,0.0
0.023372422,-0.44807732,0.2198366,10.004555584272547,-0.37786573,1.766201,1.5306232895807108
0.4415789,0.35259468,0.53540751,0.71387777,0.16645571,1.2634285,1.5306232895807108
0.63162656,0.65339963,-0.45638679,-0.85955255,-5.1069386562987535,-0.94572324,0.4797078263891602
0.10874142,-0.31536926,-0.32114211,-0.85955255,-0.37786573,-0.94572324,0.0
-0.23019384,-0.32864006,-0.36622367,0.46957202,-0.37786573,0.85511633,0.0
0.47664117,-0.44365372,-0.45638679,-0.85955255,-0.37786573,-0.48382876591238055,0.0
-0.78441482,-0.47019533,-0.59163147,-0.85955255,-0.37786573,-0.94572324,1.5306232895807108
-1.1650808343305772,0.29951146,-0.32114211,-0.85955255,-0.37786573,-0.94572324,0.0
0.063854945,-0.45250093,0.30999972,0.7414376204145519,-0.37786573,0.99223609,0.0
-1.4258466896835922,-0.4038413,0.30999972,6.805013622284508,0.38820776,1.1963922,0.0
-0.32979101,-0.31536926,7.7935386,-0.069672804,-4.821759554514945,0.84597501,0.0
-0.30726308,-0.44807732,1.7976912,0.25522431,-0.37786573,1.0806022,0.0
-0.20935974,-0.43923012,2.2552834068875645,0.065771319,-0.37786573,0.55040574,0.0
0.1566768,0.24200463,-0.18589744,-0.85955255,-0.37786573,-0.94572324,0.0
-0.78441482,-0.47019533,-0.59163147,-0.85955255,-0.37786573,-0.94572324,0.0
0.400927,-0.45250093,-0.27606055,0.95944936,1.2149297,0.66619576,0.0
0.8526713,0.40125431,9.989496329427736,1.0459479,10.0049654879065,1.1659211,0.19848561111155671
0.7146242,2.96252,0.08459192,0.55058533,0.74050871,0.80636263,0.0
-0.78441482,-0.47019533,-0.59163147,-0.85955255,-0.37786573,-0.94572324,0.0
-0.78441482,-0.47019533,-0.59163147,10.004555584272547,2.572456258019107,-0.94572324,0.0
-0.039129883,-0.27998044,1.1665493,1.1484804,-0.37786573,0.87644607,0.0
-0.24730152,-0.42595931,0.58048907,-0.85955255,-0.37786573,-0.94572324,0.0
0.41718776,10.0000062172904,0.71573375,2.3543972,-0.37786573,1.0105187,0.0
-0.054204964,-0.43480652,0.17475504,0.50121784,-0.37786573,10.006245889191648,0.041269227231627265
-0.78441482,-0.47019533,9.989496329427736,-0.85955255,-0.37786573,-0.94572324,0.0
-0.78441482,-0.47019533,-0.59163147,-1.2970775207582808,-0.37786573,10.006245889191648,0.07704437244322528
-0.78441482,-3.34655191425701,-0.59163147,3.443886744838756,-0.37786573,-0.94572324,0.0
-0.076902278,-0.22247361,0.49032595,0.12104602,1.1094699,1.1537327,0.0
-0.78441482,-0.47019533,-0.59163147,-0.85955255,-0.37786573,2.0951979857004686,0.0
0.48460217,10.0000062172904,-0.6887769411861976,1.3417309,0.37414864,0.977042224996431,0.0
-0.3745081,-0.43480652,1.7075281,0.93666437,-0.37786573,0.82159816,0.0
0.49493453,0.99844061,0.35508128,0.75185276,-0.37786573,1.6925611231050646,0.0
-0.29083293,-0.41711211,-1.3072174672542485,0.3598665,2.1339413,0.86730475,0.0
-0.78441482,-0.47019533,-0.59163147,-0.85955255,-0.37786573,-0.94572324,0.0
0.069105816,-4.690178550302962,0.2198366,-0.85955255,-0.37786573,-0.94572324,1.5306232895807108
-0.074192151,-0.35075807,0.40016284,0.94974464,-0.37786573,1.0745079,0.0
-0.78441482,-0.47019533,-0.59163147,-0.85955255,-0.37786573,-0.94572324,0.0
-0.78441482,-0.47019533,-0.59163147,-0.85955255,-0.37786573,-2.2967706770160734,0.0
0.966822552345633,-0.35075807,-0.27606055,-0.85955255,-0.37786573,-0.94572324,0.0
0.28303647,-0.17823759,0.12967348,0.73117749,0.61842161,1.0562253,0.0
0.085197196,-0.35075807,0.08459192,1.2231646,-0.37786573,1.1080261,0.0
0.67735995,0.29066425,1.0313047,10.004555584272547,0.41454802,0.54735863,0.0
-0.27067636,-0.35518168,0.62557063,1.2181012,0.21353892,1.2116277,0.0
-0.78441482,-0.47019533,-0.59163147,-0.3499305820856562,-0.37786573,-0.94572324,0.0
-0.082661298,0.056213332,5.202748501083142,0.34552039,0.81857465,1.306088,0.0
-0.16786092,-0.43480652,-0.36622367,2.113889,-0.37786573,0.07733846908473985,0.0
-0.4719033,-0.41268851,-0.59163147,0.6303328,-0.37786573,-3.332211231589102,0.0
-0.094687487,-0.31094565,0.44524439,1.0240068,0.037388443,1.1537327,0.0
0.29489328,-0.35075807,-0.18589744,-0.85955255,-0.37786573,-0.94572324,0.0
-0.78441482,-0.47019533,-0.59163147,-0.85955255,-3.0704391033835194,-0.94572324,0.5368241774616979
-0.78441482,-0.47019533,-0.59163147,-0.85955255,-0.37786573,10.006245889191648,0.0
0.35078965,0.43221952,-0.36622367,0.52104923,-0.37786573,0.73323209,0.0
0.25644335,0.1844978,-0.4588118861516449,1.4835042,0.542858,3.009078951541051,1.5306232895807108
0.10637006,-0.049953122,-0.230979,0.31134291,2.4959881,0.87035185,0.0
0.97496578,0.90554496,0.039510361,0.98856352,-0.37786573,0.76675026,0.0
0.57234253,-0.26670963,9.989496329427736,1.1615607,0.44490516,0.98918898,0.0
-0.27999242,-0.45250093,0.44524439,1.0273824,-0.37786573,0.74542051,0.0
0.017782785,-0.31979286,0.029426739631414983,0.12442158,-0.37786573,0.97395345,0.0
1.5363008,0.3646858083743041,-0.45638679,0.82527107,-0.37786573,0.62048917,0.0
0.19648179,0.26854624,-0.095734317,-0.85955255,-0.37786573,-0.94572324,0.0
3.8620996642459824,-0.049953122,2.326361859696842,1.4919431,-0.37786573,1.1537327,0.0
1.559583347829202,10.0000062172904,-2.1099315489426225,0.5083909,0.38850409,1.104979,0.0
1.071717861803182,-0.25343882,-0.18589744,-0.85955255,-0.37786573,0.08238739625279878,0.0
-0.42176594,-3.151042225213057,3.6460351,-0.85955255,-0.37786573,-0.94572324,0.0
-0.78441482,-0.47019533,-0.59163147,-0.85955255,-0.37786573,1.6505586390129179,0.0
-0.47630725,-0.41268851,1.3468756,0.60290642,2.5294732,0.68143129,0.0
-0.78441482,-0.47019533,-0.59163147,-0.85955255,-0.37786573,0.6818778889152639,0.0
0.9966468,2.4493821,-2.96585784965978,1.1092396,0.51391664,0.88863449,-0.26861609460443353
0.63569175,2.8386591,0.58048907,1.7117761,0.44609047,0.74846762,0.0
0.75866377,0.60474001,-0.095734317,1.3683134,-0.37786573,1.1080261,0.0
-0.48494578,-0.43480652,0.08459192,-0.15448361,1.2905921,1.2908525,0.0
0.77763466,-0.13842517,-0.18589744,1.3765377191806691,1.0099366,1.047084,0.0
0.9454754456502964,-0.47019533,-0.59163147,10.004555584272547,-0.37786573,-3.8746319629797807,0.0
-0.076224747,-0.4038413,-0.32114211,-0.85955255,-0.37786573,-0.94572324,0.0
-0.78441482,-0.47019533,-0.59163147,-0.85955255,-0.37786573,-0.94572324,0.0
9.997237792011457,-0.47019533,-0.59163147,-0.85955255,-0.37786573,-0.94572324,0.0
-0.31878112,-0.38614689,1.7976912,1.8548152,-0.37786573,0.25788358,0.0
-0.057084474,0.5310674557904301,0.89605999,0.72906777,-1.9334428684808265,0.84597501,0.0
-0.12128061,-0.45250093,-0.41130523,-0.85955255,-1.4149452699721627,-3.3539002150634225,-0.24617340916190747
-0.78441482,-0.47019533,-1.4243882611183094,-0.85955255,10.0049654879065,-0.94572324,0.0
-0.1263621,-0.12957796,0.26491816,0.074210205,1.2735697,1.1445914,0.0
0.14922395,-0.058800326,1.0763862,0.83328801,-0.37786573,1.1750624,-0.4402949953698998
1.1446875,0.94535738,-0.095734317,2.379803032466822,-0.37786573,0.6326776,0.0
3.0240623120628496,-0.17823759,0.30999972,0.30543568,1.1774607,0.97700056,0.0
-0.78441482,-0.47019533,-0.59163147,-0.85955255,-0.37786573,-0.94572324,0.0
-0.78441482,-0.47019533,-0.59163147,-0.85955255,-0.37786573,-0.94572324,1.5306232895807108
-0.19276021,-0.38614689,9.989496329427736,0.72062888,0.34204645,1.1811567,0.0
0.60012133,2.4007225,0.08459192,-0.85955255,-0.37786573,-0.94572324,0.0
-0.78441482,-0.47019533,-0.59163147,-0.85955255,-0.37786573,-0.94572324,1.5306232895807108
-0.78441482,2.539932459995729,-0.59163147,-0.85955255,-0.37786573,-0.94572324,0.0
-0.17514438,-0.41711211,-0.32114211,-0.85955255,-0.37786573,-0.94572324,0.0
0.14041603,-0.14727237,-0.41130523,0.8493219,2.210328,1.3487475,0.0
-0.27440279,-0.34633447,1.2567125,0.034125496,0.30997719,1.162874,0.0
-0.19767231,-0.37287609,-0.27606055,0.98012463,-0.37786573,0.98614188,-0.2697206442768806
0.32097825,0.48087915,9.989496329427736,0.31345263,-0.37786573,0.74237341,0.0
-0.78441482,-0.47019533,-0.59163147,-0.85955255,-0.37786573,-0.94572324,0.0
0.59283787,0.66667044,-0.050652758,0.2702359733850995,-0.37786573,-0.94572324,0.0
-0.36299006,-0.36402888,1.301794,0.49953007,-0.37786573,0.081151435,0.1255816729056555
-0.23307335,-0.43923012,0.49032595,1.1615607,0.44490516,1.1232616,0.0
-0.18056464,-0.44807732,1.5272018,-0.85955255,-0.37786573,-0.94572324,0.1012296644409914
-0.78441482,-0.47019533,1.2284073483335836,-0.85955255,-0.37786573,-0.94572324,-0.19283541260797044
0.0052484477,1.2639290712652005,-0.41130523,0.68602945,3.4006443,0.86425764,0.30414783496833775
-0.78441482,-0.47019533,-0.59163147,-0.85955255,-0.37786573,-0.94572324,-0.15120403908780303
3.1549242,5.0371895,-0.41130523,1.8923682,-0.37786573,0.37062649,-0.23821202931506172
9.997237792011457,-0.39057049,-0.050652758,0.93877409,1.5797752,0.88863449,0.0
-5.203440956576244,-0.47019533,-0.59163147,-0.85955255,-0.37786573,-0.94572324,0.0
-0.78441482,-0.47019533,-0.59163147,-0.85955255,-0.37786573,-0.94572324,0.0
-0.45581192,-0.41268851,2.017569786079121,1.1151468,-0.37786573,0.47118099,0.0
-0.78441482,-0.47019533,-0.59163147,-0.85955255,-0.37786573,-0.94572324,0.0
-0.21647382,-0.45250093,1.7955749419163474,-0.85955255,-0.37786573,-0.94572324,0.0
-0.78441482,-0.47019533,-0.59163147,-0.85955255,-0.37786573,-0.94572324,0.0
0.67515798,0.68436485,0.35508128,0.81894191,0.2754056,1.1445914,1.5306232895807108
1.4612642,-0.43923012,-0.50146835,-0.85955255,-0.37786573,-0.94572324,0.0
0.79050776,1.9716331,-0.41130523,-0.85955255,-0.37786573,-0.94572324,0.0
1.1084395,2.1530008,-0.41130523,1.3058656,10.0049654879065,0.96785924,0.0
-0.78441482,-0.47019533,-0.59163147,-0.85955255,-0.37786573,-0.94572324,0.0
-0.18158094,-0.43923012,-0.32114211,-1.6027302799140637,-0.37786573,-0.94572324,0.0
-0.16921598,2.820606951010223,-0.36622367,-0.85955255,-0.37786573,-0.94572324,0.0
0.025913166,-0.036682315,9.989496329427736,10.004555584272547,0.18298422,0.46203967,1.5306232895807108
0.18394745,-0.35960528,-0.32114211,2.54056698620284,-0.37786573,0.95871792,0.0
0.86283427,1.9672095,0.17475504,1.1552315,-0.37786573,0.74542051,0.0
-0.78441482,-0.47019533,-0.59163147,-0.85955255,-0.37786573,-0.94572324,0.0
0.36450966,0.10929656,-0.41130523,0.19994961,10.0049654879065,1.0623195,-0.30883979072448575
0.12296959,-0.21805001,-0.27606055,1.4075542,2.0977893,1.0166129,0.0
-0.29726948,-0.35518168,-0.230979,0.12990685,2.2472703,1.3396062,0.0
-0.78441482,-0.47019533,9.989496329427736,-0.85955255,-0.37786573,-0.94572324,0.0
-0.78441482,-0.47019533,-0.59163147,-0.85955255,-0.37786573,-0.94572324,0.0
0.039802568,-0.10303635,2.4739146,0.75396248,0.34079529,0.84597501,0.0
0.85504266,0.51184436,0.12967348,2.0624118,-5.7670624099485694,1.1567798,0.4160135821365746
0.58352181,-0.14284877,-0.36622367,0.47210369,-0.37786573,0.84902211,0.0
-0.78441482,-0.47019533,-0.59163147,-0.85955255,-0.37786573,-0.94572324,0.0
0.013548212,-0.2047792,9.989496329427736,0.22695404,-0.37786573,1.0988848,0.0
-0.78441482,10.0000062172904,-0.59163147,-0.85955255,-0.37786573,-0.94572324,0.0
9.997237792011457,0.45876114,0.35508128,0.15142601,-0.37786573,0.96785924,0.0
-0.78441482,-0.47019533,9.989496329427736,-0.85955255,-0.37786573,-0.94572324,0.0
-1.7754291580687789,-0.04552952,1.1214678,-0.85955255,-0.37786573,-0.94572324,0.0
-0.25763388,-0.33748727,0.30999972,0.30923318,0.67689699,1.2420988,0.0
0.029300825,-0.45250093,-0.27606055,-0.85955255,-0.37786573,-0.94572324,0.0
-0.78441482,-0.47019533,-0.59163147,-0.85955255,-0.37786573,-0.94572324,0.0
1.1606095,1.0471002,-0.32114211,0.51261034,1.5561019,0.63877181,0.0
0.79525048,0.038518923,-0.050652758,0.56197782,1.0816151,1.3761714,0.0
-0.42041088,-0.43480652,0.67065219,1.1548096,-0.37786573,0.75151473,0.0
-0.78441482,-0.47019533,-0.59163147,-0.85955255,-0.37786573,-0.94572324,0.0
1.2939139,2.9757908,-0.32114211,0.2809453955168114,-4.563677958708327,10.006245889191648,0.0
-0.78441482,-0.47019533,-0.59163147,-0.85955255,-0.37786573,-0.94572324,0.0
-0.51018384,10.0000062172904,0.58048907,-0.85955255,-0.37786573,-0.94572324,0.0
0.31081527,0.10487296,-0.0055711987,0.77759136,0.84419055,1.0623195,0.0
-0.78441482,-0.47019533,-0.59163147,-0.85955255,-0.8640647357191551,-0.94572324,0.0
-0.78441482,-0.47019533,-0.59163147,-6.102324351264912,-0.37786573,-0.94572324,1.5306232895807108
9.997237792011457,-0.31536926,0.35508128,0.42568981,1.2513451,1.0409898,0.0
0.032519101,5.4213068481953615,-0.095734317,-0.85955255,-0.37786573,-0.94572324,0.0
-0.41549878,-0.45250093,9.989496329427736,-0.85955255,-2.8110029401347294,-0.94572324,0.0
-0.10468108,-0.24016802,0.26491816,1.0594502,0.77610099,1.0257543,0.0
-0.78441482,-0.47019533,-0.59163147,-5.061270089053551,-0.37786573,-0.94572324,0.0
-0.78441482,-0.47019533,-0.59163147,-0.85955255,-0.37786573,-0.94572324,0.0
1.4746455,2.8784716,-0.230979,-0.85955255,-0.37786573,-0.94572324,0.0
0.093666343,0.1977686,9.989496329427736,7.202586984690763,1.0793103,10.006245889191648,0.0
-0.78441482,10.0000062172904,-0.59163147,-0.85955255,-0.37786573,-1.6350722099641541,0.0
-0.78441482,-0.47019533,-0.59163147,-3.563730901142058,-0.37786573,-0.94572324,0.0
-0.78441482,-0.47019533,-0.59163147,-0.85955255,-0.37786573,-0.94572324,-0.4367641686619355
-0.39720542,-0.33748727,0.12967348,2.6768186550839115,-0.37786573,0.94043529,0.0
0.17683337,-0.38614689,-0.36622367,-0.85955255,10.0049654879065,-0.94572324,0.0
-0.31014259,-0.42153571,-0.59163147,0.1598649,-0.37786573,0.6875255,0.0
0.0011832571,-0.35518168,9.989496329427736,-0.4768435298995971,-0.37786573,1.0653666,0.1056613376098965
9.997237792011457,-0.47019533,-0.59163147,-0.85955255,-0.37786573,-0.94572324,0.0
-0.14855126,-0.43923012,-0.095734317,-0.85955255,-0.37786573,-0.94572324,0.0
-0.051156071,-0.30652205,1.0763862,0.62231586,0.21669975,1.1872509,0.0
9.997237792011457,-0.47019533,-0.59163147,-0.85955255,-0.37786573,1.4071650484675113,0.0
-0.37925083,-0.44807732,-0.14081588,-3.3713041463867346,-0.37786573,-0.94572324,0.0
-0.78441482,-0.47019533,-0.59163147,-0.85955255,-0.37786573,-0.94572324,0.0
2.0986522,4.864669,-0.3746973527540798,-0.85955255,-0.37786573,-0.94572324,1.5306232895807108
-0.78441482,-0.47019533,9.989496329427736,-0.85955255,-0.37786573,-0.94572324,0.0
-0.78441482,-0.47019533,-0.59163147,-0.85955255,-0.37786573,-0.94572324,0.0
0.56353462,0.52069157,-2.698442710890062,-0.85955255,-0.37786573,10.006245889191648,0.0
0.034382313,-0.2003556,0.17475504,0.044674103,-0.37786573,0.87949317,0.0
-0.13771075,-0.34633447,0.039510361,0.84214884,10.0049654879065,1.1080261,0.0
-0.78441482,-0.47019533,-0.59163147,-0.85955255,-0.37786573,-0.94572324,0.0
-0.78441482,-0.47019533,-0.59163147,-0.85955255,-0.37786573,-0.94572324,0.0
0.33876346,10.0000062172904,9.989496329427736,-0.85955255,-0.37786573,-0.94572324,0.0
-0.78441482,-0.47019533,-0.59163147,-0.85955255,-0.37786573,-0.94572324,0.0
-0.78441482,-0.47019533,-0.59163147,-0.85955255,-0.37786573,-0.94572324,0.5788447768603645
1.4473748,0.41452511,0.039510361,0.63328641,0.47977308,1.0348956,0.0
0.35062026,-0.041105917,0.12967348,10.004555584272547,-0.37786573,-0.94572324,0.0
1.0393313,1.3080928,-0.32114211,0.96451269,-0.37786573,0.86425764,0.0
-0.78441482,-0.47019533,4.943342376278234,10.004555584272547,-3.800370711105957,-0.94572324,0.0
1.169248,2.7324927,0.039510361,2.7784513,-0.37786573,1.0531782,0.0
1.1296124,1.4201274723449144,-0.095734317,-0.85955255,-0.37786573,-1.4345423422094494,0.0
-0.78441482,-0.47019533,-0.59163147,2.1398987282712763,-0.37786573,-0.94572324,0.0
-0.78441482,-0.47019533,-0.59163147,-0.85955255,-0.37786573,-0.94572324,0.0
9.997237792011457,-0.47019533,-0.59163147,-0.85955255,-0.37786573,-0.94572324,0.0
0.39855564,0.01197731,-0.27606055,1.7463755,-0.37786573,1.2725698,0.0
0.75019462,5.0416131,0.12967348,-0.85955255,-0.37786573,-4.898355981510248,1.5306232895807108
0.6094374,0.14468538,-0.050652758,-0.85955255,-0.37786573,-0.94572324,1.5306232895807108
0.99122654,-0.44365372,-0.27606055,-0.85955255,-6.09769105748561,-0.94572324,1.5306232895807108
0.15159531,-0.12957796,-0.32114211,0.49615451,-0.28224640880804097,1.1598269,0.6262557215429969
0.14346493,-0.24901522,0.039510361,-0.85955255,-0.37786573,10.006245889191648,0.0
-0.072667705,-0.37287609,-0.27606055,0.29573097,-0.37786573,1.1567798,0.7176481007678278
4.744292973656185,-0.47019533,-4.910555185326209,-0.85955255,-0.37786573,-0.94572324,0.0
-0.21749012,10.0000062172904,-0.32114211,0.57969948,5.212099663656873,1.01966,0.0
-0.14008212,4.5904908625308565,0.35508128,0.7379286,0.73560284,0.99223609,1.5306232895807108
5.728393901487261,0.69763566,-0.27606055,1.0328677,0.70692488,0.69971393,0.0
-0.78441482,-2.98242039769308,-0.59163147,-0.85955255,-0.37786573,-0.94572324,0.0
-0.066739302,-0.39057049,-0.18589744,-0.85955255,-0.37786573,-0.94572324,0.0
0.1754783,-0.45250093,0.89605999,-0.85955255,-0.37786573,-0.94572324,0.0
0.022864274,-0.29767485,-0.0055711987,0.044674103,-0.37786573,1.0348956,0.0
0.51017899,3.1483113,-0.230979,1.2754856,10.0049654879065,1.0927906,0.0
2.0925544,-0.43038291,-0.12477152225189875,-0.85955255,-0.37786573,-0.94572324,0.0
1.4739679,1.7194878,-0.0055711987,10.004555584272547,-0.37786573,-0.94572324,-0.33019047424093806
2.1521772,3.1306169,-0.0055711987,2.5370991,4.3478557452589435,0.72104367,0.0
-0.063521026,-0.44807732,-0.6203552701454016,0.67083945,0.22947478,1.2360046,0.03384155680748128
4.079764613339198,-3.386180133811187,-0.59163147,-0.85955255,-0.37786573,-0.94572324,0.0
0.46681696,0.93651018,-0.14081588,0.80628358,-0.37786573,0.8916816,0.0
-0.11179516,-0.049953122,0.67065219,0.676413076204752,-0.37786573,0.78198578,0.0
0.35248348,3.0731101,0.62557063,2.1020176407165483,0.089937258,0.85816343,0.0
-0.41397433,-0.45250093,2.6091592,-0.11988418,-0.12091651,1.190298,-0.3086741610862017
9.997237792011457,0.087178548,0.53540751,0.70881444,0.51767013,0.95567082,0.0
4.366100485661286,-0.13400156,0.76081531,1.114898861999366,-0.37786573,1.2725698,0.0
9.997237792011457,-0.47019533,-0.59163147,-0.85955255,-0.37786573,-0.94572324,0.16322999776144403
1.1700949,0.21988661,-0.095734317,1.5965853,-0.37786573,-1.0506523295869075,0.0
-0.44768153,-0.37729969,1.5722834,0.34552039,-0.28301872291066826,1.306088,0.0
0.46258239,3.396033,-0.27606055,-0.85955255,-0.37786573,-0.94572324,-0.32354290053920565
1.0945501,1.1665375,-0.095734317,1.310507,0.4535316,0.98614188,0.0
9.997237792011457,-0.25343882,0.7497492763036736,1.0774597365112295,-0.37786573,-0.94572324,0.0
0.18852079,-0.18708479,0.30999972,-0.85955255,-0.37786573,-0.94572324,0.0
9.997237792011457,-0.43923012,9.989496329427736,0.35142761,-0.37786573,0.84597501,0.0
0.50543627,-0.45250093,-0.8288250130358347,-0.85955255,-0.37786573,-0.94572324,0.0
-0.78441482,0.20533594581282644,-0.59163147,-0.85955255,-0.37786573,-0.94572324,0.0
-0.78441482,-0.47019533,9.989496329427736,-0.85955255,-0.37786573,-0.94572324,0.0
-0.48816406,-0.45250093,0.89605999,1.9527063,-0.37786573,0.45899256,1.5306232895807108
-1.587718362339766,-0.47019533,-0.59163147,-0.85955255,-0.37786573,-0.94572324,0.0
-0.11467467,10.0000062172904,-3.8837556312686776,-0.85955255,-0.37786573,-0.94572324,0.0
-0.34639054,-0.42153571,-0.14081588,1.0839229,-0.37786573,1.1415443,0.0
9.997237792011457,-0.47019533,-0.59163147,-0.85955255,-0.37786573,-0.94572324,0.0
0.79863814,1.4009884,-0.36622367,1.0024877,-0.37786573,0.73323209,0.0
-0.2981164,-0.43923012,-0.050652758,10.004555584272547,-0.37786573,-0.94572324,0.0
-0.78441482,-0.47019533,-0.59163147,-0.85955255,-0.37786573,-0.94572324,0.0
-0.34469671,-0.43038291,0.67065219,0.46661841,0.37651927,1.0257543,0.0
-0.78441482,-4.666285511249111,-0.59163147,-0.85955255,-0.37786573,-0.94572324,0.0
-0.29862455,-0.45250093,0.039510361,0.3750565,-0.37786573,1.6443167,0.0
-0.78441482,-0.47019533,-0.59163147,-0.85955255,-0.37786573,-0.94572324,0.0
0.21579144,-0.17381398,-0.32114211,-2.1972294883704593,-0.37786573,-0.94572324,0.0
-6.349187176140837,10.0000062172904,-0.59163147,-0.85955255,-0.37786573,-0.94572324,0.0
0.42345493,0.003130105,0.53540751,-0.85955255,-0.37786573,-0.94572324,0.22104959018667875
0.19749808,0.003130105,-0.18589744,0.81345663,-0.37786573,1.0866964,0.0
-0.78441482,-1.7892367764146853,-0.59163147,-0.85955255,-0.37786573,0.8505650142492078,0.39569518106291174
-0.18835625,-0.30209845,0.12967348,10.004555584272547,-0.37786573,-0.94572324,0.0
-0.13212112,-0.35960528,2.1132621,-9.967393174082128,-0.37786573,-0.94572324,0.0
-0.12805593,1.0152041916930643,-5.35027437726608,0.73159943,-0.37786573,1.2268632,0.0
-0.091469211,-0.34633447,-0.0055711987,0.35142761,0.70455426,1.2512401,0.0
-0.78441482,-0.47019533,-0.59163147,-1.548854403230798,-0.37786573,-0.94572324,0.0
-0.42108841,-0.45250093,9.989496329427736,-1.7320545584823597,-0.37786573,-0.94572324,0.0
-0.19716417,-0.45250093,9.989496329427736,-0.85955255,-0.37786573,-0.94572324,1.5306232895807108
1.8440696,3.2323597,0.039510361,1.6358261,-0.37786573,0.91910555,0.0
-0.78441482,10.0000062172904,9.989496329427736,-0.85955255,-0.37786573,-0.18384526437829485,0.0
-0.78441482,-0.47019533,-0.59163147,-0.85955255,-0.37786573,-0.94572324,0.0
-0.25306054,-0.42153571,1.2567125,-0.85955255,-0.37786573,-0.94572324,0.0
-3.2508176568320617,10.0000062172904,0.35508128,0.26914847,0.64347778,-2.069199641094084,0.0
0.88299084,2.7811523,0.49032595,0.88012383,1.0349599,0.57478259,1.5306232895807108
0.24289271,-0.25786243,0.039510361,0.69278056,-0.37786573,1.0440369,0.0
-0.39263208,10.0000062172904,1.8427727,1.1830798,-0.041665257,0.80636263,0.45938168801761636
-0.5282488433409929,0.7249128573289286,-0.18589744,1.5602981,-0.37786573,1.2756169,0.0
-0.16159375,-0.076494735,0.08459192,1.7780213,0.68048585,0.97700056,0.0
0.20207142,10.0000062172904,0.71573375,2.719801,-0.37786573,1.2024864,0.0
9.997237792011457,-0.47019533,-0.59163147,-0.85955255,-0.37786573,-1.6825582941322694,0.0
-0.069957578,-4.605382887799053,3.713790651683169,0.6788564,-0.37786573,0.59915943,0.0
-0.78441482,-0.47019533,-0.59163147,-3.0420827725953363,1.4891360711998818,-0.94572324,0.0
0.29218315,1.4983077,-2.417889606871062,0.78138886,-0.086476622,1.1842038,0.0
0.081809537,-0.45250093,0.12967348,-0.85955255,-0.37786573,-0.94572324,0.0
-0.014061207,-0.41711211,0.26491816,2.1480665,-0.37786573,0.33101412,0.0
0.30353181,-0.063223929,0.49032595,0.81345663,-0.37786573,1.2268632,0.0
-0.78441482,-0.47019533,-0.59163147,-2.07170922360673,7.601266588743587,-0.94572324,0.0
1.7227915,-0.45250093,-5.484127331839589,-0.85955255,-0.37786573,-0.94572324,0.0
-0.11298084,-0.41711211,0.44524439,-0.85955255,-0.37786573,-0.94572324,0.0
-0.78441482,-0.47019533,-0.59163147,-0.85955255,-0.37786573,-0.94572324,0.0
0.066734455,-0.34191087,-0.27606055,1.1417293,1.6485562,1.1445914,0.0
0.99292037,4.9442938,-0.45638679,-0.85955255,-0.37786573,-0.94572324,0.0
-0.78441482,-0.47019533,2.3945900879170736,-0.85955255,-0.37786573,-0.94572324,0.0
-0.78441482,-0.47019533,-0.59163147,-2.934831169773614,-0.37786573,-0.94572324,0.0
0.48443279,1.42753,0.9354823664792811,0.94974464,-0.37786573,0.83683369,0.0
-0.78441482,-0.47019533,-0.59163147,-0.85955255,-0.37786573,-0.94572324,1.5306232895807108
0.48494093,0.016400912,-0.18589744,0.94425936,1.4697058,1.2360046,0.0
9.997237792011457,-0.44807732,0.23760932196799717,2.103311916852686,-0.37786573,0.85816343,0.0
0.029639591,-0.43923012,-0.36622367,10.004555584272547,-0.37786573,1.4401607,0.0
-0.034556543,-0.2047792,-1.1610833857728466,1.583505,0.6224385,1.1141203,0.0
-0.78441482,-0.47019533,0.9066594621613309,-0.85955255,-0.37786573,-0.94572324,0.0
-3.113427608042122,-0.33748727,0.40016284,0.8417269,-0.37786573,0.61439496,-0.8844577453910276
-0.78441482,-0.47019533,-0.59163147,-0.85955255,-0.37786573,-0.94572324,0.0
0.66685821,10.0000062172904,0.12967348,-0.85955255,-0.37786573,-0.94572324,0.0
-0.49426184,-0.44365372,0.26491816,0.51134451,-0.37786573,0.95871792,0.37381095847115325
-0.22341852,-0.43923012,0.85097843,-0.85955255,-0.37786573,-0.94572324,1.5306232895807108
-0.9416285093142976,-0.063223929,0.08459192,0.96704436,-0.37786573,0.50165204,0.0
0.29506266,10.0000062172904,0.2198366,0.28729208,10.0049654879065,0.70276103,0.0
-0.17226487,-0.35960528,0.85097843,-0.85955255,1.5662495096151785,-0.94572324,0.0
1.0743286353949877,0.67994125,0.039510361,2.1754929,-0.37786573,10.006245889191648,0.0
-0.26119092,-0.30209845,9.989496329427736,1.2337132,0.44977811,1.0288014,0.0
3.7613151,-0.44365372,-0.50146835,-0.85955255,-0.37786573,-0.94572324,0.0
9.997237792011457,-0.3949941,0.12967348,-0.85955255,-0.37786573,-0.94572324,0.0
-0.48833344,-0.42595931,1.7976912,0.25944376,1.2687955,1.1963922,0.0
-0.13855767,-0.45250093,0.26491816,10.004555584272547,-0.37786573,-0.94572324,0.0
-0.78441482,-0.47019533,-0.59163147,-0.85955255,-0.37786573,-0.94572324,0.0
0.51238097,1.3788704,-0.41130523,-0.85955255,-0.37786573,-0.94572324,0.0
3.955555280587703,-0.41711211,0.53540751,-0.85955255,-0.37786573,-0.94572324,0.0
-0.78441482,-0.47019533,-0.59163147,-0.85955255,-0.37786573,-2.7333601934760416,0.0
-0.78441482,-0.47019533,-0.59163147,-0.85955255,-0.37786573,-0.9043809313770005,0.0
0.32724542,1.2417387,-0.32114211,0.77632553,-0.37786573,1.01966,0.0
0.17959140207778623,-0.47019533,-0.59163147,-0.9690682459807927,10.0049654879065,-0.94572324,0.0
-0.78441482,-0.47019533,1.9365331660129204,-0.85955255,-0.7586045011966498,-0.94572324,0.0
-0.78441482,-0.47019533,9.989496329427736,0.19722180343375106,-0.37786573,-0.94572324,0.0
-0.030830119,-0.2003556,0.26491816,0.86830939,-0.37786573,10.006245889191648,0.0
-0.13669446,-0.28440404,-0.230979,0.40923398,-0.37786573,0.7804145018939793,0.0
0.24187642,1.0559474,0.44524439,0.68518556,-0.37786573,0.71799656,0.0
-0.014908122,-0.32421646,-0.32114211,1.2159915,-0.37786573,10.006245889191648,-0.11156838051392379
0.21731589,-0.33748727,-0.050652758,-0.85955255,-0.37786573,-0.94572324,0.0
1.5034406,5.0239186,0.12967348,0.50206173,-0.37786573,0.61439496,0.0
-0.068433131,0.6908704264050392,-0.50146835,-0.85955255,-0.37786573,-0.94572324,0.0
0.17361509,0.05178973,0.08459192,0.10627797,-0.37786573,0.61439496,0.0
-0.78441482,-0.47019533,9.989496329427736,-0.85955255,-0.37786573,-0.94572324,0.0
-0.78441482,-0.47019533,-0.59163147,-0.85955255,-0.37786573,2.880030536597995,0.0
0.14295678,10.0000062172904,-0.32114211,-0.074314191,10.0049654879065,1.3975012,-0.2945132165951448
0.11328066502895423,-0.42153571,0.40016284,0.38687094,-0.37786573,0.62353628,0.0
-0.78441482,-0.47019533,-0.59163147,-6.0215217633235,-0.37786573,-0.94572324,0.0
-0.78441482,-0.47019533,0.5070442380032392,0.427084833753519,-0.37786573,-0.94572324,0.0
-0.78441482,-0.47019533,9.989496329427736,-0.85955255,-0.37786573,-0.94572324,0.0
0.76645538,1.2505859,0.58048907,1.3600996976712296,-0.37786573,-0.94572324,0.0
-0.15278584,-0.32421646,-1.331393085446314,0.34003512,-0.37786573,1.0074716,0.0
9.997237792011457,-0.23132081,0.26491816,0.77716942,0.60218943,1.1354501,0.0
-0.78441482,-0.47019533,-0.59163147,-0.85955255,-0.37786573,-0.94572324,-0.09000272208808835
-0.78441482,-4.169108498592249,-0.59163147,-0.85955255,-0.37786573,-2.128653791488065,0.0
0.57996476,0.46760834,0.35508128,0.85185356,-0.37786573,1.4584433,0.0
0.14109357,-0.43038291,-0.27606055,1.5598761,-0.37786573,1.1080261,0.0
0.5653978715670317,2.808120141262357,-0.59163147,-0.85955255,-0.37786573,-0.94572324,0.0
0.058095925,0.33932388,1.7976912,0.56408754,0.28538197,1.0531782,0.0
-0.22494297,-2.2977427468080673,-0.0055711987,0.3068378272770514,0.77998617,1.3365591,1.5306232895807108
0.92635288,0.76398969,-0.32114211,1.4721117,-0.37786573,0.67838418,0.0
0.56167141,0.70205926,-0.32114211,-0.85955255,1.4949147454392664,-0.94572324,0.0
0.26728386,-0.22689721,-0.095734317,1.4062884,-0.37786573,1.1963922,0.0
-0.1024791,2.0932200002920993,9.989496329427736,-0.85955255,-0.37786573,-0.94572324,0.0
-0.78441482,-0.47019533,-0.59163147,-0.85955255,-0.37786573,-0.94572324,0.3777496159814518
0.032180335,-0.3994177,0.08459192,1.1109274,0.39732807,1.0318485,0.0
1.3328719,4.729218123713659,-0.095734317,-0.85955255,-0.37786573,-0.94572324,0.0
-0.031677033,-0.11188355,-0.36622367,-0.85955255,10.0049654879065,-0.94572324,0.0
-0.78441482,-0.47019533,-1.2581314639111376,-0.85955255,-0.37786573,-0.94572324,-0.28733711666310113
-0.78441482,-1.3341556660796146,-0.59163147,-0.85955255,-0.37786573,-0.94572324,0.0
0.75121092,3.6658728,-0.41130523,0.92991326,-0.37786573,0.60220654,0.0
0.45716213,0.4315328062532423,-0.14081588,0.49868618,-0.37786573,1.0013774,0.0
0.92787732,2.567607218418474,-0.14081588,-1.096971881959078,-4.232242387070409,1.0836493,0.0
0.2122344,0.5804233026638892,-0.230979,0.39446593,1.5245923,4.930826243051828,0.0
-0.13584754,-0.42153571,1.0313047,2.863625987859999,-0.37786573,0.77284447,0.0
-0.78441482,-0.47019533,-0.59163147,10.004555584272547,-0.37786573,-0.94572324,0.0
0.25474952,0.3259185917730264,0.94114155,0.4265337,0.37609124,1.1720153,0.0
-0.78441482,-0.47019533,-0.59163147,-0.85955255,-0.37786573,-0.94572324,0.0
-0.78441482,-0.47019533,9.989496329427736,-0.85955255,-0.37786573,-0.94572324,0.0
0.49764466,0.7772605,-1.9362444105038858,-0.85955255,-0.37786573,-0.94572324,0.0
-0.78441482,-0.47019533,-0.59163147,-0.85955255,-3.833482081248484,-0.94572324,0.0
-0.78441482,-0.47019533,-0.59163147,-0.85955255,-0.37786573,-0.94572324,0.0
0.63230409,1.2903984,0.2198366,0.64467891,-0.37786573,0.50469915,0.0
0.72715854,1.016135,-0.36622367,3.5513448730070554,-0.37786573,1.1402133372370815,1.5306232895807108
0.33808593,0.096025752,-0.36622367,10.004555584272547,1.108087,10.006245889191648,0.0
-0.78441482,-0.47019533,-0.59163147,-0.85955255,-0.37786573,-0.94572324,0.0
-0.78441482,-0.47019533,-0.59163147,10.004555584272547,-0.37786573,-0.94572324,0.0
-0.05047854,-0.22689721,0.35508128,0.86830939,-0.37786573,1.0927906,0.0
-0.78441482,-0.47019533,-0.59163147,-0.85955255,-0.37786573,-0.94572324,-0.0560533527766634
-0.030152587,1.2007365674277912,1.1214678,1.8012283,-0.37786573,1.0592724,0.0
-0.78441482,10.0000062172904,-0.59163147,-0.85955255,-0.37786573,-0.94572324,0.0
-0.12094184,-0.45250093,0.94114155,-0.85955255,-0.37786573,-0.94572324,0.8655887463657475
0.66330117,10.0000062172904,-0.0055711987,-0.85955255,-0.37786573,-0.94572324,0.0
-0.78441482,-0.47019533,-0.59163147,-0.85955255,-2.7592123741093513,-0.94572324,1.5306232895807108
-0.78441482,-0.47019533,-0.59163147,-0.85955255,-0.37786573,-0.94572324,0.0
0.34384495,-0.014564304,-0.27606055,-0.85955255,2.9246331432726627,-0.94572324,0.0
-0.78441482,-0.47019533,-0.59163147,-0.85955255,-0.37786573,-0.94572324,0.0
-0.11535221,-0.35960528,-2.052590196408095,10.004555584272547,-0.37786573,-0.94572324,0.0
-0.78441482,10.0000062172904,-0.59163147,-0.85955255,-0.37786573,-0.94572324,0.0
-0.78441482,-0.47019533,-0.59163147,-0.85955255,-0.37786573,-0.94572324,0.0
0.64551596,2.462653,0.85097843,0.4969984,-0.37786573,0.72409077,0.0
-0.078426725,-0.39057049,-0.27606055,0.4969984,-3.654100783308871,1.162874,0.0
0.21663836,-0.2003556,-0.8080568340757299,0.60332837,1.970928,1.0623195,0.0
9.997237792011457,-0.37729969,-0.050652758,-0.85955255,-0.37786573,-0.94572324,0.0
2.2212324892514097,-0.30209845,1.0313047,-0.85955255,-0.37786573,-0.94572324,0.0
-0.045227668,0.10487296,1.4821203,0.23328321,-0.37786573,0.14209355,1.5306232895807108
0.034551696,-0.2092028,0.08459192,10.004555584272547,0.93108048,1.2725698,0.0
1.7286747719584237,5.0416131,-0.45638679,0.72864582,1.095306339189674,0.032397741,0.0
9.997237792011457,10.0000062172904,1.0763862,1.0712646,-0.00034397732,1.2664756,0.0
-0.3418172,-0.45250093,0.039510361,1.0624038,-0.37786573,0.40719176,1.5306232895807108
0.30099106,10.0000062172904,0.039510361,1.3577648,1.3401118,0.76370315,0.4065498234165272
-0.21122295,-0.35075807,0.62557063,0.32990845,1.0501714,1.0227071,0.0
9.997237792011457,-0.47019533,-0.59163147,-0.85955255,-0.37786573,-0.94572324,0.0
-0.78441482,-0.47019533,-0.59163147,-0.85955255,-0.37786573,-0.94572324,0.0
-0.78441482,-0.47019533,-0.59163147,10.004555584272547,-0.37786573,-2.4244911503881585,0.0
9.997237792011457,0.087178548,0.26491816,-0.85955255,-0.37786573,-0.94572324,0.0
-0.78441482,-0.47019533,-0.59163147,-0.85955255,10.0049654879065,-0.94572324,-0.03679438995046946
2.7855,-0.45250093,-0.45638679,-2.3928739314242033,-0.37786573,-0.94572324,0.0
-0.085032659,-0.38614689,-0.36622367,-0.85955255,1.084473172451883,-1.6706920626427895,0.0
-0.078934874,-0.31979286,1.4821203,-0.85955255,0.7314181898617941,-0.94572324,0.0
-0.14380854,-0.35075807,2.7444039,-0.85955255,1.7962803688558409,-0.35469773634113344,0.0
0.79965444,4.5461696,2.7444039,0.41387537,-6.147878801153153,-0.089486494,0.0
-0.78441482,-2.42160840446064,-4.27345250069355,-0.85955255,-0.37786573,-0.94572324,0.0
9.997237792011457,-0.44807732,1.2116309,-0.041824479,0.59524219,1.0044245,1.5306232895807108
0.15176469,-0.16496678,1.2380085310895863,0.80122024,4.8947625,1.220769,0.0
-0.78441482,-0.47019533,-0.59163147,-0.85955255,-0.37786573,-0.94572324,0.3484089041870553
0.66380932,0.81264932,0.62557063,0.71050222,-0.37786573,1.0288014,0.0
-0.78441482,-0.47019533,-0.59163147,-0.85955255,-0.37786573,-0.94572324,0.0
-0.3695865506314454,-4.63830124188621,-2.535749595649838,-1.0814340637772912,-0.37786573,0.98309477,0.0
1.1560361,-0.42595931,-0.50146835,-0.85955255,-0.37786573,-0.94572324,0.0
-0.78441482,-0.47019533,-0.59163147,-0.85955255,-0.37786573,-0.94572324,0.0
-0.78441482,-0.47019533,-0.59163147,-0.85955255,-0.37786573,-0.94572324,0.0
2.4867085,-0.45250093,-0.54654991,-0.85955255,-0.37786573,-0.94572324,0.0
0.038447504,-0.39057049,-0.18589744,-0.85955255,1.336744752648277,-0.94572324,0.0
-0.78441482,-0.47019533,-0.59163147,-0.85955255,-0.37786573,-0.94572324,1.5306232895807108
0.67956193,1.3213636,1.3746426348339487,10.004555584272547,-0.37786573,0.88863449,0.0
0.39533736,0.37471269,-0.27606055,0.44931869,3.3353863,0.8429279,0.0
0.40329836,-0.3994177,-0.50146835,1.7138858,-0.37786573,0.91910555,0.0
-0.3368596913633929,0.034095321,1.5272018,0.70797055,0.22453598,1.2238161,0.0
-0.78441482,-0.47019533,-0.59163147,-0.85955255,-0.37786573,-0.94572324,0.0
-0.78441482,-0.47019533,-0.59163147,-0.85955255,2.2533229801047305,-0.94572324,0.0
0.51881752,0.29951146,3.692741360952305,-3.1185983778150623,-0.03531129019791307,1.2024864,0.0
-0.2474709,-0.37729969,0.71573375,0.40501454,10.0049654879065,-0.47112458073857055,0.0
5.9861601,-0.42595931,-0.50146835,-0.85955255,-0.37786573,-0.94572324,0.0
-0.78441482,-0.47019533,9.989496329427736,-0.85955255,-0.37786573,-0.94572324,0.0
0.082656451,-0.018987906,0.2198366,0.37168094,0.8490635,-1.4121687069333235,0.0
2.1020399,4.975259,-0.050652758,-0.85955255,-0.37786573,-0.94572324,0.0
-4.9974549978612695,-0.47019533,-0.59163147,-0.85955255,-0.37786573,-0.94572324,1.5306232895807108
-0.071651407,0.29066425,1.8427727,0.002901617,-0.37786573,4.375652883085194,0.0
3.5534273616854333,-0.47019533,-0.59163147,-0.85955255,-0.37786573,10.006245889191648,0.0
-0.032354565,-0.45250093,-0.36622367,1.174219,-0.37786573,10.006245889191648,0.0
-0.15973054,-0.24901522,1.0763862,0.10585603,0.039298111,1.3030409,0.0
-0.78441482,-0.47019533,-0.59163147,-0.85955255,-0.37786573,-0.94572324,0.0
-0.78441482,-0.47019533,-0.59163147,-0.85955255,-0.37786573,10.006245889191648,0.0
-0.78441482,-0.47019533,-0.59163147,-0.85955255,-2.1053067937695533,-0.94572324,0.0
0.59893565,0.55608039,0.26491816,-2.526365833884747,0.53561443,1.047084,0.0
-0.15702041,-0.45250093,1.301794,-0.10038290712950038,-0.37786573,-0.94572324,-0.30633198405299517
0.33402073,0.14468538,-1.5816156342129282,0.65353974,1.346631,1.2542872,1.5306232895807108
0.1924166,-0.24901522,9.989496329427736,0.71472166,-0.37786573,1.01966,0.0
-1.6078419177168137,-0.47019533,-0.59163147,-0.85955255,2.7739017303439075,-0.94572324,0.0
-0.78441482,-0.47019533,-0.59163147,-0.85955255,-0.37786573,1.6272185912750223,0.0
0.051659373,-0.34633447,-0.095734317,1.6991177,-0.37786573,0.96176503,0.0
-0.78441482,-0.47019533,-0.22544049357958723,-0.85955255,-0.37786573,-0.94572324,0.0
-0.78441482,-0.47019533,-0.59163147,-0.85955255,-0.37786573,-0.94572324,0.0
0.42108357,0.05178973,-0.41130523,1.083501,-0.37786573,0.90996423,0.0
0.44174828,-0.45250093,0.26491816,-0.85955255,-1.7876112767794834,-0.94572324,0.0
-0.28151687,-0.41268851,0.58048907,0.44974064,0.51872374,0.96785924,0.0
-0.78441482,-0.47019533,-0.59163147,-0.85955255,-0.37786573,-0.94572324,1.5306232895807108
1.6854927263483668,0.11372016,0.08459192,1.6117753,-0.37786573,1.220769,0.0
-0.78441482,-0.47019533,-0.59163147,-0.85955255,-0.37786573,-0.94572324,0.0
-0.073175854,-0.42595931,-0.14081588,-0.85955255,-0.37786573,-0.94572324,0.0
0.12601848,-0.195932,0.08459192,0.91303549,-3.588287732573039,1.4767259,0.0
1.5574737,4.9133286,-0.27606055,0.82020774,10.0049654879065,3.5801087490584553,0.0
-0.78441482,-0.47019533,-0.59163147,2.529132841160679,10.0049654879065,-0.94572324,0.0
1.3669179,1.9627859,-0.50146835,-0.85955255,-0.37786573,-0.94572324,1.5306232895807108
9.997237792011457,-0.47019533,9.989496329427736,-0.85955255,-0.37786573,-0.94572324,1.5306232895807108
9.997237792011457,0.44106673,0.35508128,-0.85955255,10.0049654879065,-0.94572324,0.0
-0.78441482,-0.47019533,-0.59163147,-0.85955255,-0.37786573,-0.94572324,0.0
-0.10840751,-0.43480652,-0.36622367,0.34341067,3.85264429574982,2.352064941604132,0.0
-0.78441482,-0.47019533,-0.59163147,-0.85955255,0.6769725827377914,3.4741131603509223,0.0
1.0769343,1.4186828,-0.14081588,0.94594714,-0.37786573,0.49860494,0.0
-0.78441482,-0.47019533,9.989496329427736,-0.85955255,-0.37786573,-0.94572324,0.0
0.23696431,-0.45250093,-0.45638679,0.54299033,-0.37786573,4.501836961207908,0.0
0.79270974,0.25085183,-0.230979,0.58476282,1.9527532,1.1263087,-0.023142283299049087
-0.014569356,-3.819129613259319,-0.27606055,1.0316018,-0.37786573,0.79417421,0.0
7.9518491,-0.43038291,-0.54654991,-0.85955255,-0.37786573,-0.94572324,0.0
1.1009867,2.6484442,-0.45638679,-0.85955255,-0.37786573,-0.94572324,0.0
-0.6481489267673012,-0.47019533,-0.59163147,-0.85955255,-0.37786573,-0.94572324,-0.6569695418830545
0.15193407,-0.37729969,-0.27606055,-0.85955255,1.4534107144918487,-0.94572324,0.0
2.0562310892462468,1.5646617,-0.32114211,1.3906764,1.2139749,1.1445914,0.0
-0.061149665,-0.45250093,9.989496329427736,-0.85955255,-2.5308616372833637,10.006245889191648,0.0
-0.18022587,-3.252626735228093,0.67065219,0.67379306,-0.37786573,7.435435301707551,0.0
-0.78441482,0.5625493738490251,-0.59163147,2.603104579621086,-0.37786573,1.4181526006079115,0.0
9.997237792011457,-0.31536926,-0.0055711987,-4.530039682108868,-0.37786573,-0.94572324,0.0
0.33232691,0.77283689,0.08459192,-0.85955255,-0.37786573,-0.94572324,0.0
-0.78441482,-0.47019533,-0.59163147,-0.85955255,-0.37786573,-0.94572324,0.0
-0.78441482,-0.47019533,-0.59163147,-0.85955255,-0.37786573,-0.94572324,0.0
-0.11823172,-0.38172329,0.30999972,1.4413098,-0.37786573,0.37062649,0.0
-0.78441482,-5.478122943920753,-0.59163147,-0.85955255,-0.37786573,1.0609168316776882,0.0
0.87638491,4.2409411,-0.050652758,10.004555584272547,-0.37786573,-0.94572324,-0.384022028385401
-0.4130352751725529,0.096025752,0.08459192,0.021045222,2.5206215812964956,1.0745079,0.0
-0.78441482,-0.47019533,-0.59163147,-0.85955255,-0.37786573,-6.788664265042453,0.0
0.48815921,3.9268653,0.35508128,0.74889915,-0.37786573,0.72104367,0.0
-0.78441482,-0.47019533,-0.59163147,10.004555584272547,-0.37786573,10.006245889191648,0.0
0.18902894,0.21546301,0.76081531,0.72906777,0.27639336,1.220769,0.0
2.4184702187064206,-0.30209845,0.85097843,0.31429652,6.376463703244741,0.92824687,0.0
0.22428491552122232,-0.2136264,9.989496329427736,-1.6889387756355847,-0.37786573,1.1872509,0.0
0.61926161,1.3346344,-0.18589744,-0.6855602533814557,-0.37786573,1.3152293,0.03623049524123195
-0.78441482,1.4253296385504841,-0.59163147,-0.85955255,-0.37786573,-0.94572324,0.0
0.35248348,0.53396237,0.12967348,0.87801411,0.7518569238246836,1.2146748,0.0
9.997237792011457,-0.44807732,-0.45638679,-0.85955255,-0.37786573,-0.7106724922785208,0.0
0.17717213,-0.41711211,-0.14081588,0.61936225,-0.37786573,0.78808,0.0
-0.27982304,10.0000062172904,-0.18589744,1.9594019742532114,-0.37786573,10.006245889191648,0.0
0.75561487,0.52069157,-0.27606055,-4.206658287379416,1.3624028885186128,0.75760894,-0.2797776655469465
-0.78441482,-0.47019533,-0.59163147,-0.85955255,-4.817102682426585,-0.94572324,0.0
-0.2395099,10.0000062172904,-0.0055711987,0.8932041,-0.37786573,-2.085456909799495,0.0
-0.78441482,-0.47019533,-0.59163147,-0.85955255,-0.37786573,-0.94572324,0.0
-0.78441482,-0.47019533,-0.59163147,-0.85955255,-0.37786573,-0.94572324,0.0
-0.78441482,-0.47019533,-0.59163147,-0.85955255,-0.37786573,-0.94572324,0.0
-0.22324914,-0.33306367,-0.41130523,0.50923478,-0.37786573,0.8429279,0.0
1.822318196835056,-0.41268851,0.35508128,0.21471766,-0.37786573,0.77893868,0.0
-0.0083021875,-0.28882764,-0.32114211,-0.85955255,10.0049654879065,-0.94572324,0.0
-0.78441482,-0.47019533,-0.59163147,-0.85955255,-0.37786573,-0.94572324,0.0
-0.077918576,-0.31979286,0.85097843,1.5012258,-0.37786573,0.90691713,0.0
-0.78441482,-0.47019533,-0.59163147,-0.85955255,-0.37786573,-1.385586721850866,0.0
-0.78441482,-0.47019533,-3.0628477003707912,-0.85955255,-0.37786573,-0.94572324,0.0
-0.21257801,10.0000062172904,-0.27606055,0.96155908,2.1256112,1.2908525,0.0
-0.78441482,-0.47019533,-0.59163147,-0.85955255,-0.37786573,-0.94572324,-0.1698627995978193
0.55980819,1.3395929975426863,-0.27606055,-0.85955255,-0.37786573,10.006245889191648,0.0
-0.78441482,-3.387576968748732,-0.59163147,-0.85955255,-0.37786573,-0.94572324,0.0
-0.11535221,-0.44807732,-0.36622367,-3.2702620087471175,10.0049654879065,0.76065604,0.0
-0.5709084638871171,4.833148907672429,0.08459192,-0.85955255,-0.37786573,-0.94572324,0.0
1.2529963497640644,3.5818243,4.373163081486524,-0.85955255,-0.37786573,-0.94572324,0.0
-0.33029916,-0.42153571,0.98622311,1.8459543,-0.37786573,0.8398808,0.0
-0.18632366,-0.39057049,0.58048907,0.7826547,0.27270572,1.2634285,0.0
-0.78441482,-0.47019533,-0.59163147,-0.85955255,-0.37786573,-0.94572324,0.0
-0.78441482,-0.47019533,-0.59163147,-0.85955255,-0.37786573,-0.94572324,0.0
-0.36044932,-0.45250093,0.08459192,0.82147357,10.0049654879065,1.1598269,0.0
-2.209471932677465,-0.24016802,-0.32114211,-0.85955255,10.0049654879065,-0.94572324,0.0
4.267210058259031,-0.45250093,1.7195426492211707,-0.85955255,-0.37786573,-0.94572324,0.0
0.34740199,-0.27998044,0.17475504,-0.85955255,-0.37786573,-0.94572324,0.0
-0.78441482,-5.8363564732888875,-0.59163147,-0.85955255,-0.37786573,-0.94572324,0.0
-0.78441482,-0.47019533,-6.8803523213392905,-0.85955255,-0.37786573,-0.94572324,0.0
-0.11907863,-0.43038291,0.26491816,1.2041771,-0.37786573,0.65096023,0.0
-0.78441482,-0.47019533,-0.59163147,-0.85955255,-0.37786573,10.006245889191648,0.0
9.997237792011457,-0.067647531,-0.36622367,-1.8833355321248337,-0.37786573,1.0653666,0.10581635898747752
-0.54406043,-0.45250093,1.0313047,0.19235461,0.12750505,10.006245889191648,0.0
0.36434028,0.34817108,0.35508128,0.89953327,-0.37786573,0.96481214,0.0
0.28693228,-0.2092028,-0.14081588,0.70290722,-0.37786573,1.1110732,0.0
-0.8259076104157562,-0.076494735,2.3837514,-0.85955255,-0.37786573,-0.94572324,0.0
-0.78441482,-0.47019533,-0.59163147,-0.85955255,-0.37786573,-0.94572324,1.5306232895807108
-0.78441482,10.0000062172904,-0.59163147,-0.85955255,-0.37786573,-0.94572324,0.0
-0.78441482,-0.47019533,-0.59163147,-0.85955255,-0.37786573,-0.94572324,0.0
0.016258339,-0.42153571,2.549289221354049,10.004555584272547,6.198854544182476,0.67228997,0.0
0.038955653,-0.35960528,-0.32114211,0.64130335,1.1084163,1.3457004,0.0
0.82269052,1.3744468,-0.230979,-0.85955255,-0.37786573,-0.94572324,0.0
0.29929723,-0.19150839,-0.27606055,-1.68917683939255,-0.37786573,-0.94572324,-0.198025553219557
-0.78441482,-0.47019533,-0.59163147,-0.85955255,-0.37786573,-0.94572324,0.0
-0.78441482,-0.47019533,-0.59163147,-0.85955255,-0.37786573,-0.94572324,0.0
-0.14567175,-0.42153571,0.12967348,0.27210208,0.2012907,0.8398808,0.0
-1.9442567872096346,0.060636934,-0.27606055,0.75733804,1.8604306,0.93434108,0.0
-0.78441482,-0.47019533,-0.59163147,-0.85955255,-0.37786573,-0.94572324,0.0
-0.056576325,-0.24459162,1.1214678,0.87379467,-0.37786573,0.8257808398267428,0.0
1.0193441,0.66667044,-0.0055711987,0.8750605,0.72855682,0.3376637085445475,0.0
-0.78441482,-0.47019533,-0.59163147,-0.85955255,-0.37786573,-0.94572324,0.0
0.86910144,1.9021778581788662,-0.050652758,-0.85955255,-0.37786573,-0.94572324,0.0
-1.4540646101615373,0.01197731,-0.054443831227562633,-0.85955255,-0.37786573,-0.94572324,0.0
1.3482858,1.8256542,-0.50146835,1.0801254,-0.37786573,0.63877181,0.0
-0.78441482,-0.47019533,-0.59163147,-0.85955255,-0.37786573,-0.94572324,0.0
-2.1671235702078784,-0.17381398,2.2034252,-0.85955255,-0.37786573,-0.94572324,1.5306232895807108
9.997237792011457,-0.43038291,2.6008257600535125,-0.85955255,-0.37786573,-0.94572324,0.0
0.41159812,4.5152044,-0.27606055,0.08644659,-2.9535418224298557,0.14514066,0.0
-0.049123476,-0.16496678,1.6173649,0.61007947,0.071071048,1.0044245,0.0
9.997237792011457,-0.17823759,0.039510361,0.61303308,1.0782237,1.1202145,0.0
-0.36146562,-0.43923012,-0.32114211,-0.85955255,-0.37786573,-0.94572324,1.5306232895807108
-0.049123476,-0.27555684,-0.27606055,-0.85955255,-0.37786573,-0.94572324,0.0
0.22629318,1.8176606177175962,1.4370387,1.3573428,-0.37786573,1.7022118,0.0
-4.904969836281121,-0.47019533,-0.5817787790908858,-0.85955255,-0.37786573,-0.94572324,0.0
0.18208424,-0.26228603,0.76081531,0.94890075,-0.37786573,0.97395345,0.0
9.997237792011457,-0.27555684,-0.050652758,0.44974064,-0.37786573,10.006245889191648,0.0
-0.78441482,-0.47019533,-0.59163147,10.004555584272547,-0.37786573,-0.94572324,0.0
-0.78441482,-0.47019533,-0.59163147,-0.85955255,-0.37786573,-0.94572324,0.0
-0.48020306,-0.45250093,0.58048907,1.1923626,-0.37786573,0.65096023,0.0
0.63315101,0.7861077,0.2198366,1.1948943,-1.2686807600120105,1.3304648,0.0
0.067242604,-0.29325125,9.989496329427736,0.024842721,0.51961272,0.17712613389644216,0.0
-1.878609128580253,-0.036682315,0.35508128,0.41767287,0.75499585,1.1842038,0.0
-0.78441482,-0.47019533,-0.59163147,-0.6942715745655655,-0.37786573,-2.81157609906663,0.0
-0.78441482,4.897746821988825,-0.59163147,-0.85955255,-0.37786573,-0.94572324,0.0
-0.065384238,-0.36402888,-0.45638679,-0.85955255,-0.37786573,-0.94572324,0.0
0.011176851,-0.21805001,0.26491816,-0.85955255,-0.37786573,-0.94572324,0.0
-0.035742224,-0.42153571,9.989496329427736,-0.85955255,-0.37786573,-0.94572324,-0.22068563447062287
-0.78441482,-0.47019533,-0.59163147,-0.85955255,-0.37786573,-0.94572324,0.0
0.36569534,0.1889214,-0.050652758,0.72569221,0.013649285,10.006245889191648,0.0
0.47020462,-2.1707169425716737,9.989496329427736,2.100991059033994,-0.37786573,-0.94572324,0.0
0.090278684,-0.28440404,0.26491816,0.7007975,-0.37786573,1.3517946,0.0
-0.27440279,-0.45250093,0.44524439,-3.128322531927921,-0.37786573,-0.94572324,0.8241243220690303
0.5269479,-0.11188355,9.989496329427736,0.40923398,-0.37786573,0.70580814,0.0
-0.017787632,-0.31536926,-0.27606055,0.72527027,2.4600995,1.3152293,0.0
-3.254031819988718,-0.45250093,-0.095734317,-0.85955255,3.235671664980171,-0.94572324,0.0
0.7235564366463221,-0.42153571,9.989496329427736,-0.85955255,-0.37786573,-0.94572324,-0.37371765841117605
0.026590698,-3.39566353337593,-0.41130523,-0.85955255,-0.37786573,-0.94572324,0.0
-0.11399714,-0.28882764,0.49032595,0.93919603,0.97473946,1.0379427,0.0
9.997237792011457,6.929325756171494,-0.59163147,-0.85955255,-0.37786573,-0.94572324,0.0
1.0706671,-2.208135107829099,-0.18589744,10.004555584272547,-0.37786573,0.87339896,0.0
-0.029136289,0.13141457,1.6173649,0.84974384,-0.37786573,0.90082291,0.0
-0.78441482,-0.47019533,-0.59163147,-0.85955255,10.0049654879065,-0.3374830146613217,0.0
-0.78441482,-0.47019533,-0.59163147,-0.85955255,-0.37786573,-0.94572324,0.0
0.62874705,10.0000062172904,0.44524439,2.030766,0.9983048473607606,1.01966,0.0
-0.27186204,-0.41711211,0.44524439,1.8223255,0.52102851,1.0501311,0.0
-0.30438357,-0.2136264,5.088645,-0.17473694,-0.37786573,1.0714608,0.0
0.72123014,10.0000062172904,-0.36622367,-0.85955255,3.0396852891140895,10.006245889191648,0.0
-0.16633647,-0.44807732,0.35508128,-0.85955255,-0.37786573,-0.94572324,0.0
-0.37992836,-0.39057049,9.989496329427736,-0.85955255,-0.37786573,-0.94572324,0.0
-0.58793061,-0.45250093,0.4409351417957099,-0.85955255,-3.768800277583067,-1.19453449283243,0.0
-0.2633929,-0.41268851,1.0763862,0.16914767,2.6716680320208623,1.4736788,0.0
-0.37501625,-0.31094565,1.4370387,0.20585683,0.59524219,1.4249251,0.0
-0.062674111,-0.43038291,9.989496329427736,-0.85955255,-0.37786573,-0.94572324,0.0
-0.78441482,1.705912706019343,-0.59163147,-0.85955255,-0.37786573,-4.226651233593095,0.0
-0.33097669,-0.44365372,3.960376363892578,1.2489032,-0.37786573,0.87339896,0.0
-0.78441482,-0.47019533,-4.858001833198703,-0.85955255,-0.37786573,-0.94572324,0.0
-0.17954834,-0.38172329,0.85097843,0.98856352,-0.37786573,0.5839239,0.0
1.3413411,1.0426766,-0.50146835,1.2391984,3.1144903,0.91605844,0.0
0.9398851551053199,-0.45250093,-0.45638679,-0.85955255,-0.37786573,-0.94572324,0.0
-0.20800467,-0.44365372,0.67065219,-0.85955255,-2.2174619153409116,-0.94572324,0.0
-0.78441482,-6.554096526965059,-0.59163147,-0.85955255,-0.37786573,-0.94572324,0.0
-0.5503276,-0.45250093,1.301794,-0.85955255,-0.37786573,-0.94572324,0.0
0.69954912,2.0025983,-0.41130523,0.42147037,4.1632606,-0.3818916498623096,0.0
0.86791576,1.6398629,-0.14081588,-0.85955255,-0.37786573,-0.94572324,0.0
-0.78441482,-0.47019533,-0.59163147,-0.85955255,-0.37786573,-0.94572324,0.0
-0.39314023,-0.30652205,-0.050652758,0.27547764,1.7706104,10.006245889191648,1.5306232895807108
0.64551596,-3.0769767601375735,-0.50146835,10.004555584272547,-0.37786573,-0.94572324,0.0
-1.1407861179087093,-4.144667411169714,-2.9257023164949842,-0.85955255,10.0049654879065,10.006245889191648,0.0
-0.8040738368534701,-0.47019533,-0.59163147,-0.85955255,-0.37786573,-0.94572324,0.0
1.3809767,3.829546,9.989496329427736,3.0499138510724575,-0.37786573,-0.94572324,0.0
9.997237792011457,-0.47019533,-0.59163147,-0.85955255,-0.37786573,-0.94572324,0.0
0.25458014,-0.2003556,0.30999972,0.86198022,0.37484008,1.6168928,0.0
-0.42396792,10.0000062172904,2.2034252,-0.85955255,-0.37786573,-4.286695879905037,0.0
2.3782296013379907,-0.47019533,9.989496329427736,-0.85955255,-0.37786573,-0.94572324,0.0
-0.78441482,-0.47019533,-0.59163147,-0.85955255,-0.37786573,-0.94572324,0.0
-1.908613911140085,-1.9585453082195206,-0.59163147,-0.85955255,-0.31869297274099145,-0.94572324,0.0
-1.2075605083738314,-0.47019533,-0.59163147,-0.85955255,-0.37786573,-0.94572324,0.0
-0.78441482,10.0000062172904,-0.59163147,4.15598453131297,-0.37786573,-0.94572324,0.0
0.49036119,0.060636934,-0.32114211,1.0316018,-0.37786573,1.0958377,0.0
0.85419574,4.541746,-0.50146835,2.2603037,-0.37786573,-0.6496076391229724,0.0
-0.78441482,-0.47019533,-0.59163147,-0.85955255,-0.37786573,10.006245889191648,0.0
-0.78441482,-0.47019533,-0.59163147,-0.85955255,-0.37786573,-0.94572324,0.0
0.13635084,-0.35518168,-0.27606055,-0.85955255,-0.37786573,-0.94572324,0.0
-0.15820609,-0.37287609,-0.36622367,-0.85955255,0.07453290793101369,-0.94572324,1.5306232895807108
-0.19818046,-0.43923012,0.039510361,0.68349778,-0.37786573,1.4279722,0.0
-0.78441482,-0.47019533,-0.59163147,-0.85955255,-0.37786573,0.33762716980059504,0.0
-0.29455936,-0.16054318,0.58048907,-2.7517939773126905,0.97974411,0.80636263,0.0
1.3027218,2.2547436,-0.45638679,1.969584,2.2694619,1.2695227,1.5306232895807108
0.20816921,-0.063223929,0.26491816,1.3651003114626699,0.40279368,1.3030409,0.0
0.28947302,0.087178548,0.35508128,-0.28570829,1.6575410839603584,0.74846762,0.0
-0.050647923,-3.853135605071003,0.30999972,0.86999717,0.97931608,1.1506856,0.0
-0.78441482,-0.47019533,-0.59163147,-0.85955255,-0.37786573,-0.94572324,0.0
1.1729744,5.0548839,-0.27606055,1.7480633,-0.37786573,0.24264805,0.0
1.9645009,5.0504603,-0.32114211,2.3746506,-0.37786573,0.82464527,0.0
-0.78441482,-0.47019533,-0.59163147,-0.85955255,-0.37786573,-0.94572324,0.32760140246622194
0.21155687,-0.28882764,0.26491816,-0.85955255,-0.37786573,-0.94572324,0.0
0.8321100107227508,0.52511517,0.5069065330767626,0.5062420744202472,1.0224483,0.66010155,0.0
-0.78441482,-0.47019533,9.989496329427736,-0.85955255,-0.37786573,-0.94572324,0.0
0.38212549,0.89669776,0.49032595,1.0725304,0.043545478,1.5254796,0.0
0.092141896,0.082754945,0.2198366,1.6126191,0.84669288,1.3975012,0.0
1.2483498,3.9622541,-0.45638679,-0.85955255,-0.37786573,-0.94572324,0.0
-0.78441482,-0.47019533,-0.59163147,-0.85955255,-0.37786573,-0.94572324,0.0
-0.4165636195809562,-0.47019533,-0.59163147,-0.85955255,-0.37786573,-0.94572324,0.0
-0.78441482,-0.47019533,-0.59163147,-0.85955255,-0.37786573,-0.94572324,1.5306232895807108
-0.11890925,-0.42153571,0.6206763075319559,-6.5742340543625675,-0.37786573,-0.94572324,0.0
0.48748168,1.9495414544658096,0.08459192,-0.85955255,-0.37786573,-0.94572324,0.0
-0.17236120486476314,-0.47019533,-0.59163147,-0.85955255,-0.37786573,-0.94572324,0.0
-5.468703655135948,10.0000062172904,-0.59163147,-0.85955255,-0.37786573,-0.94572324,0.0
0.39432106,-0.24901522,-0.27606055,1.3624062,-0.37786573,1.3792185,0.0
9.997237792011457,0.1889214,9.989496329427736,1.5788636,-0.37786573,1.2908525,0.0
0.040141333,0.83476733,0.89605999,1.3290726,-0.37786573,1.1811567,0.0
2.170454654567642,0.36144189,-0.050652758,0.074632149,-0.37786573,1.1476385,0.0
-4.164050873872212,1.2240443,-0.50146835,1.5083989,2.8370945,0.57478259,0.0
0.17395386,-0.45250093,9.989496329427736,1.2282279,-2.6786309768272623,0.72409077,0.0
-0.78441482,-0.47019533,-0.59163147,-0.85955255,-0.37786573,-0.94572324,0.0
-0.14770435,-0.34191087,-0.230979,-1.5492303880932032,1.5145172,4.994383819137055,0.6035424985652145
-0.78441482,-0.47019533,-0.59163147,-0.85955255,-0.37786573,-0.94572324,0.0
0.38263364,1.2151971,-0.0055711987,0.49995201,-0.37786573,0.74237341,0.0
-0.78441482,10.0000062172904,-1.1724651825778576,-0.85955255,-3.6714649407287374,-0.94572324,0.0
-0.78441482,-0.47019533,-0.59163147,-0.85955255,-0.37786573,-0.7163562870429906,0.0
-0.78441482,-0.47019533,-0.59163147,-0.85955255,-0.37786573,2.5545034632765247,0.0
-0.78441482,10.0000062172904,-0.59163147,-0.85955255,-0.37786573,-0.94572324,0.0
9.997237792011457,-0.47019533,-0.59163147,-0.85955255,-0.37786573,-0.94572324,0.0
0.18123732,-0.13400156,-0.0055711987,0.76957442,1.8417291,1.0105187,0.0
1.9943123,3.8162752,-0.18589744,1.2510129,-0.37786573,0.39195623,0.0
1.1306287,3.8605113,-0.18589744,-0.85955255,-0.37786573,-0.94572324,0.0
0.7321932176036536,-0.24016802,-0.41130523,0.36239817,-0.37786573,0.87644607,0.0
-0.78441482,-0.47019533,-0.59163147,-0.85955255,10.0049654879065,-0.94572324,0.0
0.48544908,0.29951146,0.40016284,0.30037235,-0.37786573,0.92519976,0.0
0.85521204,2.5157362,-0.36622367,1.0050193,-0.37786573,0.7393263,0.0
-0.78441482,-0.47019533,1.77381327969027,-0.85955255,-0.37786573,-2.53938075727496,0.0
-3.3706358668212855,-0.45250093,-0.41130523,-2.912694267182926,-0.37786573,-0.94572324,1.5306232895807108
0.32910863,10.0000062172904,-0.14081588,-0.85955255,-0.37786573,-0.94572324,0.0
-0.78441482,-0.47019533,-0.59163147,-0.85955255,-0.37786573,-0.94572324,0.0
0.182423,0.36586549,0.49032595,1.1729532,-2.2700858118039826,10.006245889191648,0.0
6.462475148104086,-0.29767485,-0.14081588,-0.85955255,-0.37786573,-0.94572324,0.0
0.60571097,1.1134543,-0.27606055,-0.85955255,-0.37786573,-0.94572324,0.0
0.42023665,0.25969903,-0.36622367,10.004555584272547,-0.37786573,1.0044245,-0.10873051683195686
1.0312009,0.95862819,-0.230979,10.004555584272547,-0.37786573,-0.94572324,0.0
-0.33622756,-0.45250093,-1.4503669458975708,1.4649386,-0.37786573,0.56564127,0.0
0.91500422,0.21988661,0.039510361,0.53159783,-0.37786573,0.87949317,0.0
-0.27372525,-0.35075807,-2.1932361674272434,-0.85955255,-0.37786573,-0.94572324,0.0
-0.20986789,-1.3647055809746258,1.622786778195277,0.018935501,0.34346224,1.0013774,0.0
-0.78441482,-0.47019533,-0.59163147,-0.8703932681236682,-0.37786573,-0.94572324,0.0
-0.78441482,-0.47019533,-0.59163147,-0.85955255,-0.37786573,-0.94572324,0.0
-0.1034954,-0.34633447,-0.14081588,1.6615647,2.687422749845227,0.73323209,0.0
-0.78441482,-0.47019533,-0.5037753260105873,-0.85955255,-0.37786573,-0.94572324,0.0
-0.78441482,-0.47019533,-0.59163147,10.004555584272547,-0.37786573,-0.94572324,0.0
-0.33419496,10.0000062172904,3.150138,-3.8903355106020667,-0.37786573,1.2908525,0.0
-0.78441482,-0.47019533,-0.59163147,-0.85955255,-0.37786573,4.076024967947191,0.0
-0.23019384,-0.38614689,1.4370387,0.64678863,0.15993649,1.0501311,0.0
0.16683977,-0.12957796,0.26491816,0.40121704,-0.37786573,0.90387002,0.0
-0.097566997,-0.3949941,-0.32114211,-0.85955255,-0.37786573,1.6148348531728711,-0.03196683709396981
-0.036589139,-0.37287609,0.44524439,0.19277655,-0.37786573,1.0531782,0.0
-0.78441482,-0.47019533,0.05322919178283103,-0.85955255,10.0049654879065,-0.94572324,0.0
0.043190226,-0.38172329,-0.14081588,0.57969948,0.9790856,1.4157838,0.0
-0.41787014,-0.44365372,3.150138,-0.85955255,-0.37786573,-0.94572324,0.0
0.78576504,1.0913363,0.71573375,0.52611256,-0.37786573,0.76979736,0.0
0.87604614,5.0416131,3.273285141549303,-0.85955255,-4.436615463568541,0.7922677952726638,0.0
-0.14160656,-0.35075807,1.0515977675190136,-0.85955255,-2.2590110633550458,-0.94572324,0.0
-0.001357487,-0.34633447,0.08459192,-0.85955255,-0.37786573,-2.723925704417326,0.0
1.3084808,3.0377212,5.185169385871346,-0.85955255,-0.37786573,-0.94572324,0.3532319758910989
-0.78441482,5.197451717530253,-0.59163147,-0.85955255,-0.37786573,-0.94572324,0.0
1.838614814926185,-0.47019533,9.989496329427736,10.004555584272547,1.0783603089574791,-0.94572324,0.0
-0.78441482,-0.47019533,-0.59163147,-0.85955255,10.0049654879065,-0.94572324,0.0
0.75307413,-0.44365372,2.4491290648118036,-0.85955255,-3.5801465888701753,-0.94572324,1.5306232895807108
-0.78441482,-0.47019533,-0.59163147,-0.85955255,-0.37786573,-0.94572324,0.0
0.30861329,-0.31536926,-0.0055711987,-0.85955255,-0.37786573,-0.94572324,0.0
0.8010095,1.1842319,-0.36622367,-0.85955255,-0.37786573,-0.94572324,0.0
-0.7482925344752698,10.0000062172904,0.2198366,4.93019477403091,-0.37786573,0.77589157,0.0
0.33571456,0.7775485671995881,-0.14081588,0.58054337,-0.37786573,0.81245684,0.0
0.45479077,0.18007419,-0.0055711987,0.6391510633495785,-0.37786573,1.1963922,0.0
0.34553877,10.0000062172904,0.08459192,-0.85955255,-0.37786573,-0.94572324,0.0
0.29878908,-0.15611958,1.0763862,-0.85955255,-0.37786573,-0.94572324,0.0
-0.42871065,1.6356905698856408,1.2567125,0.42779953,-0.37786573,0.69361971,1.5306232895807108
-0.78441482,-0.47019533,-0.59163147,-0.85955255,10.0049654879065,-0.94572324,-0.3611093079985356
0.004401533,-0.14727237,0.58048907,1.1569193,0.5306427,1.1263087,0.0
-0.39991555,-0.32864006,-0.391135139458228,-0.5827512065434614,-0.37786573,0.76370315,0.0
0.20562847,-0.18708479,1.2567125,0.76155748,-0.14310818,1.2299103,0.0
-0.78441482,-0.47019533,-0.59163147,-0.85955255,-0.37786573,-0.94572324,0.0
1.2405582,1.7371822,-0.095734317,1.5273864,-0.37786573,1.0745079,0.0
-0.78441482,-0.47019533,-0.59163147,-0.85955255,-0.37786573,-0.94572324,1.5306232895807108
0.0018607889,-0.17381398,-0.14081588,0.38982455,10.0049654879065,1.1842038,0.0
9.997237792011457,-0.44807732,-0.41130523,-0.85955255,-0.37786573,-0.94572324,0.0
-0.78441482,-0.47019533,-0.59163147,-0.85955255,-0.37786573,-0.94572324,0.0
9.997237792011457,-0.47019533,-0.59163147,-0.85955255,-0.37786573,-0.94572324,0.7046149099336589
-0.78441482,-0.47019533,-0.59163147,-0.85955255,-0.37786573,-0.94572324,0.0
-0.57421059,-0.44365372,9.989496329427736,5.156321658745127,0.51174357,0.70885524,0.0
0.48798983,0.48530275,-0.14081588,10.004555584272547,0.2950070665961519,1.2512401,0.0
-0.78441482,-0.47019533,-0.59163147,-0.85955255,-0.37786573,-0.94572324,0.0
-0.011181697,0.20661581,1.8427727,0.20332516,-0.032577868,0.76370315,0.0
-0.20190689,-0.45250093,0.89605999,-1.5844165114992612,0.38616639,-0.22412290573814697,0.0
-0.54626241,-0.45250093,-0.59163147,-0.85955255,-0.37786573,-0.94572324,0.0
-0.31369963,-0.41711211,0.67065219,-0.85955255,-0.37786573,-0.94572324,0.0
-0.78441482,-0.47019533,-0.59163147,-4.733335474712454,-0.37786573,-1.017966115957397,0.0
-0.24933411,-0.39057049,-0.18589744,-0.85955255,-0.37786573,-0.94572324,0.0
-1.7257382868398867,-4.277703596459068,0.12967348,0.62780113,0.5962958,1.0775551,0.0
0.098747831,-0.35960528,-0.32114211,-0.85955255,-4.000415126385999,-0.94572324,0.3653151968109579
0.023711188,-0.35518168,-0.18589744,0.53328561,1.384989,4.17841179017339,0.0
-1.4864288874316398,-0.37287609,-1.9434724146606406,-0.85955255,-0.37786573,-0.94572324,1.5306232895807108
-0.078087959,-0.37729969,-0.32114211,0.40923398,-0.37786573,1.2664756,0.0
-0.78441482,-0.47019533,9.989496329427736,0.9031933864807066,10.0049654879065,-0.94572324,0.0
0.23764184,10.0000062172904,-0.14081588,0.71387777,0.96097667,1.162874,0.0
-0.78441482,-2.019805869192259,9.989496329427736,-0.85955255,10.0049654879065,-0.94572324,0.0
-0.58894691,-1.097291811314425,-0.59163147,0.4818084,-0.37786573,1.6660266338063514,0.0
0.60266208,4.3028715,-0.27606055,-0.85955255,10.0049654879065,-0.94572324,0.0
0.36467905,-0.13842517,-0.230979,-0.85955255,0.5338788450700915,-0.94572324,1.5306232895807108
-0.78441482,-0.47019533,-0.59163147,-0.85955255,-0.37786573,-0.94572324,-0.6492747036541076
-0.78441482,-0.47019533,-0.59163147,-0.85955255,-0.37786573,-0.94572324,0.0
2.7790635,-0.34191087,9.989496329427736,10.004555584272547,-0.37786573,-0.94572324,0.0
-0.78441482,-2.448384608191949,-0.59163147,-0.85955255,-0.37786573,-0.94572324,0.0
-0.78441482,10.0000062172904,-0.59163147,-5.341006452478676,10.0049654879065,-0.94572324,0.0
-0.54287475,-0.43480652,0.49032595,0.50121784,-0.37786573,0.4254744,-0.6343515223633744
-0.041162478,-0.3949941,-0.095734317,-2.7379067864323208,1.2160491,0.70885524,0.0
0.59063589,0.3835599,-0.095734317,10.004555584272547,0.52754772,1.0806022,-0.22294332566060537
-0.78441482,-0.47019533,-0.59163147,-0.85955255,-0.37786573,-0.94572324,0.0
-0.78441482,-6.2872425824597,-0.59163147,-0.85955255,-0.37786573,-0.94572324,-0.6571645995523356
-0.33029916,-0.45250093,0.12967348,-5.4929871925751055,-0.37786573,-0.94572324,0.0
-0.78441482,-0.47019533,-0.59163147,-0.85955255,-0.37786573,-0.94572324,0.0
0.23865814,-0.402124047565442,-0.50146835,1.3143045,5.4315441,1.7418241,0.0
-0.055898794,-0.22689721,0.30999972,0.66282251,-0.37786573,10.006245889191648,0.0
0.15210346,-0.13842517,0.39308817519648137,-0.85955255,-0.37786573,-0.94572324,0.0
-0.78441482,-0.47019533,-0.59163147,-0.85955255,-0.37786573,-0.94572324,0.0
9.997237792011457,0.056213332,1.0763862,4.983320120022301,0.67679821,0.57782969,0.0
0.66482562,2.1883896,0.53540751,2.3729628,0.72365095,0.7362792,0.0
-0.78441482,-0.45250093,2.023099,10.004555584272547,-0.37786573,-0.94572324,0.0
-0.78441482,-0.47019533,-0.59163147,-0.85955255,-0.37786573,-0.94572324,0.0
0.1109434,-0.12073076,0.12967348,-1.3013383228911308,0.41385658,1.0409898,0.0
-0.42379854,-0.45250093,-0.14081588,-0.85955255,-5.87773433398981,-0.94572324,0.0
2.4557114,-0.44365372,-0.41130523,-0.85955255,-0.37786573,-0.94572324,0.0
-0.080628703,-0.32864006,1.1665493,0.81303469,-0.37786573,1.0440369,0.0
-0.20614146,-0.42153571,-1.0098555049139835,10.004555584272547,-0.37786573,10.006245889191648,0.0
-0.78441482,-0.47019533,-0.59163147,-0.85955255,-0.37786573,-0.94572324,-0.8309133697689208
0.4912081,-0.27998044,-0.32114211,0.85522912,1.6737441,1.1720153,1.5306232895807108
-0.78441482,-0.47019533,-0.59163147,-0.85955255,-0.37786573,-0.94572324,0.0
0.3333432,0.971899,0.49032595,0.69573417,10.0049654879065,1.0257543,0.0
0.042682078,-0.34633447,1.2116309,-0.85955255,-0.37786573,-0.94572324,0.0
0.3456752559964331,10.0000062172904,-0.14081588,0.71219,0.81491994,1.0257543,-0.8039876078458151
-0.48088059,-0.39057049,1.3468756,10.004555584272547,-5.489068050315314,0.90387002,0.0
-0.35401277,-0.36845248,0.039510361,0.58096532,0.75921029,1.1506856,0.0
-0.78441482,-0.47019533,-0.59163147,-0.85955255,-0.37786573,-0.94572324,0.0
0.3909334,-0.14727237,-0.41130523,0.83455385,6.3690597,0.87644607,0.0
0.17209064,-0.32421646,0.039510361,0.54763172,1.4032625,1.220769,0.0
-0.78441482,-0.47019533,-0.59163147,0.24568982991381383,-0.37786573,-0.94572324,0.0
0.041327014,-0.24016802,1.5722834,1.8687393,0.56307415,1.2999938,0.0
0.13008367,-0.16939038,-0.41130523,1.2742198,-4.285741772790324,-2.75519587812943,0.8818588216576673
9.997237792011457,-0.43923012,5.8550315,-0.85955255,-0.37786573,-0.94572324,0.0
-0.087404021,-0.2092028,-0.14081588,0.17336712,2.126599,10.006245889191648,0.0
-0.29964084,-0.45250093,-0.394924692437748,-0.85955255,-3.460885741403818,-0.94572324,0.0
-0.13788014,-0.43480652,0.30999972,-0.85955255,-0.37786573,-0.94572324,0.0
-0.14634928,-0.054376724,1.9780174,1.136244,-0.0042620907,1.104979,0.27979038942953965
2.3112278,0.17565059,-0.230979,0.84636829,-2.3534531322743084,0.87339896,0.0
0.12534095,-0.17823759,0.44524439,4.11155026844078,0.52850256,1.1263087,0.0
-0.15973054,-0.18708479,0.2198366,1.455624886929657,10.0049654879065,-0.94572324,0.0
0.12771231,-0.42595931,0.26491816,0.91092576,-0.37786573,1.6565052,0.35657568337487305
-0.78441482,-0.47019533,-0.59163147,-0.85955255,-2.3283024139361816,-0.94572324,0.0
-0.78441482,-0.47019533,-0.59163147,-0.85955255,-0.37786573,-4.263856358972375,0.0
-0.0973288136878156,0.70205926,-0.41130523,0.68813917,-0.37786573,1.1019319,0.0
-0.78441482,-0.47019533,-0.59163147,-0.85955255,-0.37786573,-7.094757413921407,0.0
-0.78441482,-0.47019533,-7.632149935956278,-0.85955255,-0.37786573,10.006245889191648,0.0
0.10044166,-0.13400156,0.30999972,0.078007704,0.45109512,1.1842038,0.0
0.11026587,0.32619769423075906,0.67065219,0.049737435,0.0036399867,0.90996423,0.0
-0.78441482,-0.47019533,-0.59163147,10.004555584272547,-0.37786573,-0.94572324,0.0
9.997237792011457,-0.47019533,2.0203924525772763,-0.85955255,-0.37786573,-0.94572324,0.0
-0.78441482,-0.47019533,9.989496329427736,-0.85955255,-0.37786573,-0.94572324,0.0
-0.78441482,-0.47019533,-0.59163147,-0.85955255,-0.37786573,10.006245889191648,0.0
0.10941896,-0.25786243,-0.32114211,-0.85955255,-0.37786573,-0.7369350402641901,0.0
-0.33842954,-0.24901522,2.6542408,0.03750105,-0.37786573,1.3517946,0.0
-0.78441482,-0.47019533,-0.59163147,-0.85955255,-0.37786573,-0.94572324,0.0
-0.35773919,-2.219333595692713,0.039510361,-0.26461107,3.1894284,0.65096023,0.0
-0.27169266,-0.36845248,0.40016284,0.017669668,1.0111219,1.4432078,0.0
0.25712088,-0.32864006,9.989496329427736,0.17173661785151173,-0.37786573,-0.94572324,1.5306232895807108
-0.059794601,-0.45250093,-0.0055711987,2.0096687,-0.37786573,0.86121054,0.07003625129823313
-0.23493656,-0.43480652,-0.18589744,0.48223035,-0.37786573,1.1445914,0.0
1.2310728,0.76398969,5.095647421550863,0.97295158,-0.37786573,0.88863449,0.0
-0.35621475,-0.3994177,1.1214678,1.0877204,1.2326106,0.46203967,0.0
-0.0093184852,-0.45250093,-0.0055711987,0.88349938,0.76875864,1.0501311,0.0
-0.78441482,-0.47019533,-0.59163147,-0.85955255,-0.37786573,-0.94572324,0.0
-0.78441482,-0.47019533,-0.59163147,-0.85955255,-0.37786573,-0.94572324,0.0
-0.0083021875,10.0000062172904,-0.36622367,1.4662045,-0.37786573,1.0806022,-0.12427900797344126
-0.32013618,-1.9165428342366302,-0.36622367,0.12146797,-0.37786573,1.2390517,0.0
-0.17801740555837653,-0.45250093,9.989496329427736,10.004555584272547,-0.37786573,10.006245889191648,0.0
9.997237792011457,-0.17381398,-0.32114211,0.44003592,-0.37786573,1.1506856,0.0
0.35807311,0.060636934,0.62557063,0.68813917,-0.029384112,1.3548417,0.0
5.7285989250476215,0.01197731,1.0763862,2.2012315,0.39693297,1.1933451,0.0
-0.24476077,-0.38172329,-0.32114211,0.80712747,3.6836045,0.85816343,1.5306232895807108
0.23103591,0.20661581,9.989496329427736,2.552265167060945,0.21370355,1.2817111,0.0
0.70479999,-0.10745995,-0.095734317,1.2316034,-0.37786573,1.0684137,0.0
-0.78441482,-0.47019533,-0.59163147,-0.85955255,-0.37786573,-0.94572324,0.0
9.997237792011457,0.020824514,2.3837514,0.30881124,-0.37786573,0.9983303,0.0
-0.78441482,-0.47019533,9.989496329427736,0.7729816016799586,-0.37786573,-0.94572324,0.0
-3.0856359032381997,0.073907741,-0.27606055,-0.85955255,-0.37786573,-0.94572324,0.0
9.997237792011457,-0.43480652,-0.45638679,-0.85955255,-0.37786573,-0.94572324,0.0
-0.78441482,-0.47019533,-0.59163147,10.004555584272547,-0.37786573,-0.94572324,0.0
-2.5587737325479907,-0.45250093,-0.230979,-0.85955255,-0.37786573,-0.94572324,0.0
0.55252473,0.86573254,-0.095734317,0.6265353,-0.37786573,10.006245889191648,0.0
-0.78441482,-0.47019533,-0.5239148790804996,-0.85955255,-0.37786573,-0.94572324,0.0
0.25847594,0.29508785,9.989496329427736,0.41851676,0.81491994,0.9434824,1.5306232895807108
-0.78441482,-0.47019533,-0.59163147,-0.85955255,-0.37786573,-0.94572324,0.0
0.67329476,0.81707292,-0.27606055,0.77759136,1.8190764,-0.671934305264247,0.0
-0.78441482,-0.47019533,-0.59163147,-0.85955255,-0.37786573,-0.94572324,0.0
0.19021462,-0.45250093,-0.230979,1.3189459,1.3572988,0.88863449,0.0
-0.78441482,-0.47019533,9.989496329427736,-0.85955255,-0.37786573,1.9174732121473381,0.0
9.997237792011457,-0.34191087,2.6542408,0.87252883,-0.37786573,5.594868431575023,0.0
-6.537838633869742,-0.47019533,-0.59163147,-0.85955255,-0.37786573,-0.94572324,0.0
1.0630037712345828,10.0000062172904,0.44524439,1.5847708,-0.37786573,0.98309477,0.0
-0.78441482,10.0000062172904,-0.59163147,-0.85955255,-0.37786573,-0.94572324,0.0
0.93075683,3.1571585,0.58048907,1.848486,0.069655259,0.9441279599430001,-0.5218823747305499
2.1338839,2.6130554,-0.41130523,-0.85955255,-0.37786573,-0.94572324,0.0
-0.78441482,10.0000062172904,-0.59163147,-0.85955255,-0.37786573,-0.94572324,0.0
-0.11772357,10.0000062172904,-0.0055711987,-0.85955255,-0.37786573,-0.94572324,0.0
9.997237792011457,-5.969918425630432,0.12967348,0.17632419049135117,-0.37786573,-0.6688859062100232,1.5306232895807108
-0.78441482,-0.47019533,-0.59163147,-0.85955255,-0.37786573,-0.94572324,0.0
-0.44886722,-0.3949941,0.44524439,0.19731654813511235,-0.37786573,1.1415443,0.0
0.066056923,-0.31094565,0.12967348,0.64383502,-0.37786573,0.62048917,0.0
-0.052341752,-0.44807732,0.12967348,0.87379467,0.88452407,0.76675026,0.0
0.0050790648,-0.35075807,-0.050652758,0.46661841,-0.37786573,1.4096896,0.528052055971086
0.57420574,0.89227416,-1.4743271603469046,1.2927854,0.7501171094232881,1.2390517,1.5306232895807108
0.071307794,-0.18266119,1.12152782804423,0.4303312,0.28231992,1.3944541,0.0
0.018799083,-0.24016802,1.0313047,0.77252803,0.15384531,1.2908525,0.0
1.5305418,4.2542119,0.35508128,10.004555584272547,-0.37786573,-0.94572324,0.0
0.074356687,-0.45250093,-0.27606055,0.5565461011621385,-0.37786573,-0.94572324,0.0
0.94481562,-0.076494735,2.2017964964046257,0.80754941,0.31537694,2.252398261879896,0.0
-0.78441482,-0.47019533,-0.59163147,-0.85955255,-0.37786573,-0.94572324,-0.04550539644675079
-0.42142718,-0.44365372,1.3919571,10.004555584272547,-0.030108469,0.78808,0.0
9.997237792011457,-0.42595931,-0.230979,0.98012463,-0.37786573,1.1384972,0.0
-0.15668164,-0.3994177,0.2198366,0.86029245,0.59033631,1.2177219,0.0
-0.78441482,-0.47019533,-0.59163147,-0.85955255,-0.37786573,-0.94572324,0.0
0.50865455,2.9757908,-0.14081588,1.0590282,-0.48747360831536235,0.30359016,0.0
0.13652023,-0.089765542,-0.095734317,-0.85955255,-0.37786573,-0.94572324,0.0
-0.21545752,-0.4038413,0.49032595,0.7265301866561086,-0.37786573,-0.94572324,-0.17954220481450994
-0.28371885,-0.44807732,0.40016284,10.004555584272547,-0.37786573,0.79417421,0.0
0.3939823,0.68436485,-0.0055711987,1.0261166,-0.37786573,1.4157838,0.3544273784137185
-0.4271862,-0.39057049,1.6624465,-0.85955255,-0.37786573,-0.94572324,0.0
9.997237792011457,1.6543183332301592,0.014442578253266447,-0.85955255,-0.37786573,-0.94572324,1.5306232895807108
1.0152789,5.0770019,-0.15283032686156495,1.1463707,2.217407,0.62353628,0.0
0.41532455,-0.45250093,-1.4049668442001104,-0.85955255,-0.37786573,-0.94572324,0.0
0.52813358,-0.12515436,9.989496329427736,1.6754888,-0.37786573,1.0013774,0.0
-0.78441482,-0.9728153333886067,-0.59163147,-0.85955255,-0.37786573,-0.94572324,0.0
0.026760081,-0.42153571,-1.3216646777363654,-0.85955255,-0.37786573,-1.6627133538492866,0.0
-0.15058386,-0.36402888,0.49032595,5.86033502611457,-0.37786573,1.2390517,0.0
0.14397308,-0.23132081,-0.050652758,0.76451109,-0.37786573,1.4630050152681586,0.0
-0.78441482,-0.47019533,-0.59163147,-0.85955255,-0.37786573,-0.94572324,0.0
9.997237792011457,0.10044935,-0.27606055,0.73877249,2.506746310500052,1.0684137,0.0
0.82116607,6.04872829950276,-0.41130523,1.6231678,1.4062258,0.48641652,0.0
0.83437794,10.0000062172904,-0.230979,-0.85955255,-0.37786573,-0.94572324,0.0
0.1844556,-0.45250093,-0.32114211,-0.85955255,-0.37786573,-0.94572324,0.0
-0.78441482,-0.47019533,-0.59163147,-0.85955255,-0.37786573,-0.94572324,0.0
-0.78441482,-0.47019533,9.989496329427736,10.004555584272547,-0.37786573,-0.94572324,0.0
1.5108934,1.5558145,-0.50146835,10.004555584272547,1.9430403,0.62353628,-0.0021427934878313483
-0.78441482,-0.47019533,-0.59163147,-0.85955255,-0.37786573,-0.94572324,0.0
9.997237792011457,-0.44365372,0.35508128,0.69868778,0.97974411,0.71799656,0.0
0.99156531,2.161848,0.12967348,1.7020713,-0.37786573,10.006245889191648,0.0
-0.091638594,0.13141457,-0.34659091003566955,0.32568901,0.28041025,1.2360046,0.0
-1.163661628781846,10.0000062172904,9.989496329427736,0.43961397,-0.37786573,1.1781095,-0.6904649706474144
-0.78441482,-0.47019533,-0.59163147,-0.85955255,-0.37786573,-0.94572324,0.0
-0.39991555,-0.43923012,0.12967348,-0.85955255,-0.37786573,-0.94572324,0.0
4.3353539,-0.45250093,-0.41130523,-0.85955255,-0.37786573,-0.94572324,0.0
-0.38111404,-0.45250093,0.58048907,10.004555584272547,-0.37786573,-0.94572324,0.0
-0.40482765,-0.43480652,0.26491816,0.71472166,-0.37786573,0.6317867759693394,0.0
9.997237792011457,-0.47019533,0.9425408680290326,-2.124067924140428,-0.37786573,-0.94572324,0.0
-0.34266411,-0.42595931,9.989496329427736,0.13117269,0.61104634,1.7258843206335812,0.0
0.25017618,-0.13400156,0.26491816,0.36703955,1.0099366,1.3609359,0.0
-0.78441482,1.7977700308890832,-0.59163147,-0.85955255,-0.37786573,-0.94572324,0.0
0.2718572,10.0000062172904,-0.050652758,1.1510121,0.94546885,1.2268632,0.0
-0.78441482,-0.47019533,-0.59163147,-0.85955255,-0.37786573,-0.94572324,0.7768714428526229
-1.4702220373798889,1.5174488931257337,-0.59163147,-0.85955255,-0.37786573,-0.94572324,0.0
0.73782966,3.5597063,-0.36622367,0.69573417,-0.37786573,0.2213183,-0.18846825208329016
0.35349977,0.13141457,-0.41130523,-0.3412629783428106,-0.37786573,-0.94572324,0.0
1.3450675,0.43664312,9.989496329427736,1.5138842,1.0499738,1.1933451,0.0
0.04888305008385274,-0.47019533,-0.59163147,-0.85955255,-0.37786573,10.006245889191648,-0.8501605206627345
-0.78441482,10.0000062172904,-0.59163147,-0.85955255,-0.37786573,-0.94572324,0.0
-0.78441482,-3.5634358180424157,9.989496329427736,-0.85955255,-0.37786573,-0.94572324,0.0
-0.45632006,-0.43923012,9.989496329427736,0.55733644,1.4803960730467987,0.78503289,0.0
1.6955847693059145,0.0075537073,0.26491816,1.8235913,2.614880650221248,1.3548417,0.0
0.90365556,3.4756579,-0.050652758,1.234979,0.10346957,0.55345284,0.0
0.23577863,-0.31979286,0.17475504,-0.85955255,-0.37786573,-0.94572324,0.0
1.0386538,-0.21805001,-0.0055711987,0.97295158,-0.37786573,0.69361971,0.0
0.62603692,0.26412264,-0.18589744,0.83202218,-0.37786573,1.1872509,0.0
1.3755564,2.6661387,-0.18589744,1.2370887,-0.37786573,0.77284447,0.0
-0.28270255,-0.26228603,2.7444039,2.4430055,-0.37786573,0.60830075,0.0
-0.043364456,-0.3949941,-0.27606055,0.47843285,2.5143276,0.94957661,0.0
-3.6019911403065468,-0.47019533,-0.59163147,-0.85955255,-0.37786573,-0.94572324,0.0
0.11450044,-0.21379707441300844,9.989496329427736,0.80965913,0.41369196,1.4675846,1.5306232895807108
1.6384388,-0.45250093,-0.54654991,-0.85955255,-0.37786573,-0.94572324,0.0
0.12313897,0.020824514,-0.230979,-0.85955255,0.9871605298936555,-0.94572324,0.0
-1.0938637403538083,-0.17823759,0.71573375,1.2780173,-0.37786573,1.2116277,0.0
0.6986286584462742,-0.41711211,0.12967348,0.53244172,2.3778521,0.92215265,0.0
1.1013692314293144,-0.4082649,2.3386699,1.0185216,-0.37786573,10.006245889191648,0.0
-0.033709629,-0.44365372,-0.36622367,-0.85955255,-0.37786573,-0.94572324,0.0
0.29811155,-0.15169597,-0.9848612003604258,-0.85955255,-0.37786573,-0.94572324,0.0
0.53050495,-0.26228603,0.17475504,1.1999576,-0.37786573,1.1110732,-0.41800874656271436
9.997237792011457,-0.45250093,-0.59163147,0.029906053,-0.37786573,0.71799656,-0.7048781871738733
0.94481562,2.55690690384354,0.40016284,2.1463787,0.0763391,1.0288014,0.0
9.997237792011457,0.95862819,0.30999972,-0.85955255,-0.37786573,-0.94572324,0.0
0.0081279577,-2.564617458514407,0.26491816,0.91514521,0.63419284,1.0318485,0.0
0.38652945,-0.39057049,-0.32114211,-0.85955255,-0.37786573,-0.94572324,0.0
9.997237792011457,-0.29325125,0.67065219,1.0569185,-0.37786573,1.391407,0.0
9.997237792011457,10.0000062172904,-0.59163147,10.004555584272547,-0.37786573,-0.94572324,0.0
-0.78441482,-1.1729477637655485,-0.59163147,1.1867267865512292,-1.6349051424206813,10.006245889191648,0.0
-0.027273077,-0.37287609,0.76081531,0.44045786,0.31083325,1.4919615,0.0
-0.052511135,-0.13400156,-3.018687682069391,-3.492654430141225,-0.37786573,-1.1369491236331237,0.2891070785120062
-0.78441482,-0.47019533,-0.59163147,-0.85955255,-0.37786573,-0.94572324,0.0
0.65093622,5.138573469044947,0.80589687,-3.4058314486068246,-0.37786573,1.4584433,0.0
0.40397589,-0.32864006,-0.32114211,-0.85955255,-0.37786573,-0.94572324,0.0
-0.23527533,-0.37287609,0.89605999,0.85058773,1.2466914803083553,1.2299103,0.0
-0.78441482,-0.43923012,5.8550315,-0.85955255,-0.37786573,-0.94572324,0.0
2.0889071002668715,-0.13842517,-5.536967607284002,0.7493211,1.0299552,4.8638970612817065,0.0
0.8794338,1.9008555,-0.32114211,0.80332997,-0.37786573,2.5423916125789314,0.0
-0.78441482,-0.47019533,-0.59163147,-0.85955255,-0.37786573,-0.94572324,0.0
-0.19174391,-0.7266999949925903,0.35508128,0.6303328,-0.37786573,1.4401607,1.5306232895807108
1.2198935,0.44106673,9.989496329427736,1.3915203,-0.37786573,1.1537327,0.0
0.52186642,0.57377479,-0.41130523,-0.85955255,-0.37786573,1.1685873341258657,0.0
0.3409737054042406,0.5475155747529004,1.2116309,10.004555584272547,-0.37786573,0.96176503,0.0
0.11128217,-0.34191087,1.1665493,1.8986906085195707,-0.37786573,1.01966,0.0
-0.02456295,0.042942525,1.2567125,0.90797215,10.0049654879065,1.2603814,0.0
-0.78441482,0.797430433748532,-0.59163147,-0.85955255,-0.37786573,-0.94572324,0.0
-0.061657814,0.20219221,0.039510361,1.749597809803788,1.3515369,0.86730475,-0.0362791951940914
9.997237792011457,0.35259468,1.8734466989094192,1.4379342,0.37856064,0.92215265,0.7154416772628095
2.1236887568175047,10.0000062172904,0.85097843,4.503953189612878,0.28768675,1.1842038,-0.21693438897128833
0.24289271,0.75071888,0.76081531,-0.85955255,-0.37786573,-0.94572324,0.0
-0.78441482,-0.47019533,-0.59163147,-0.85955255,-0.37786573,-0.94572324,0.0
0.19947017556011604,1.7769946,-0.095734317,0.58729448,1.1162196,0.5321231,0.0
-0.041331861,-0.41711211,-0.0055711987,-0.85955255,-0.37786573,-0.94572324,1.5306232895807108
-0.78441482,-0.47019533,-0.59163147,-0.85955255,-0.37786573,-0.94572324,0.0
0.19173906,-0.37729969,-0.27606055,0.63370836,-3.803629875731361,4.720699136381712,0.0
0.39228847,-0.010140702,0.039510361,10.004555584272547,-0.37786573,0.87339896,-0.07925816159744366
-0.089944765,0.5822115133523698,-0.050652758,-0.85955255,-0.37786573,-0.94572324,-0.30504157103495777
0.26474311,-0.27998044,0.12967348,0.034125496,-0.37786573,1.2055335,0.4526679630704278
2.686847187961785,-0.47019533,-0.59163147,-0.85955255,-0.37786573,-0.94572324,0.45386652361380725
0.34655507,-0.41711211,0.17475504,3.0819841577268097,0.25416877,0.86425764,0.0
9.997237792011457,-0.47019533,-0.59163147,-0.85955255,-0.37786573,-0.94572324,0.0
0.24340086,0.37028909,1.7526096,4.826534975028657,-0.058885201,0.57478259,0.3106274959939209
-0.28863095,-0.43480652,-0.5319167575486864,-1.7713603933393174,-0.37786573,-0.94572324,0.0
-0.78441482,-0.47019533,-0.59163147,-0.85955255,-0.37786573,-0.94572324,0.0
9.997237792011457,-0.36402888,-0.27606055,-0.85955255,-0.37786573,-0.94572324,0.028314060384805346
9.997237792011457,10.0000062172904,-0.230979,2.0463779,1.4839625,10.006245889191648,0.0
-0.31183642,-0.31979286,0.30999972,0.21809321,0.49103354,1.3274177,0.0
-0.001188104,-0.35960528,0.2198366,1.0360668534811648,-0.37786573,1.1567798,1.5306232895807108
-0.19208268,-2.82998793599035,-0.14081588,-0.85955255,-0.37786573,-0.94572324,0.0
9.997237792011457,-0.30209845,0.30999972,0.79657886,-0.37786573,1.0562253,0.0
-0.78441482,-0.47019533,-0.59163147,-0.85955255,-0.37786573,-0.94572324,0.0
-0.25187486,-0.3949941,1.4821203,0.61050142,-0.8119097147784959,1.0348956,0.0
0.39144155,-0.13400156,-0.41130523,1.674645,-0.37786573,1.1384972,1.5306232895807108
-0.78441482,-0.47019533,-0.59163147,-0.85955255,-0.37786573,-0.94572324,0.0
-5.143939977128448,0.18007419,0.26491816,0.87927994,2.1121447,0.98614188,0.0
-0.084355128,-0.45250093,0.62557063,-0.85955255,3.4694781049287213,-0.94572324,0.0
-0.78441482,-0.47019533,-0.59163147,-0.85955255,-0.37786573,-0.94572324,0.0
-0.15160016,10.0000062172904,-0.14081588,1.0024877,10.0049654879065,0.57478259,0.0
-0.78441482,-0.47019533,-0.59163147,-0.85955255,-0.37786573,-0.94572324,0.0
-0.0059308263,-0.31979286,-0.230979,-5.220823340261312,-0.37786573,-0.94572324,0.0
-0.32437075,-0.4038413,-0.59163147,0.25775598,-0.37786573,0.56259416,0.0
0.11704119,-0.43038291,-0.41130523,-4.713785292494501,-0.37786573,-0.94572324,0.0
-0.78441482,0.7611911876144032,-0.59163147,10.004555584272547,10.0049654879065,-0.94572324,0.0
0.21748527,-0.32864006,0.08459192,0.31935985,0.6271139,1.104979,0.0
-0.78441482,-0.47019533,-0.59163147,-0.85955255,1.691683527539937,10.006245889191648,0.0
0.34675823810493756,-0.47019533,-0.59163147,-0.85955255,10.0049654879065,-0.94572324,0.0
3.0167077,-0.44365372,-0.45638679,0.05437205210597551,1.737767134485774,-0.94572324,0.0
1.0510033641897203,-0.45250093,-0.14081588,-4.490598328285728,-0.37786573,-0.94572324,0.0
-0.78441482,10.0000062172904,-0.59163147,-0.85955255,-0.37786573,-0.94572324,0.0
-0.78441482,-0.47019533,-2.4808784587126653,-0.85955255,-0.37786573,-0.94572324,0.0
0.4025161655631968,2.391878131376193,0.2198366,0.88645299,3.4377642152475656,0.7911271,0.0
-0.19343774,-0.25343882,1.4370387,1.0851888,0.81613818,-3.558294294371339,0.0
-0.78441482,-0.47019533,9.989496329427736,-0.85955255,-0.37786573,-0.94572324,0.0
2.768777765776492,-0.43480652,0.08459192,-1.6705121868424078,10.0049654879065,0.50774626,0.016613475423734238
0.025235635,0.065060536,0.35508128,1.1092396,0.6064368,1.3121822,0.0
0.093158194,-0.31094565,-0.095734317,0.3350480393477665,10.0049654879065,-0.94572324,0.0
0.33740839,-0.25786243,1.0313047,10.004555584272547,3.81360354576002,3.570854239805915,0.0
-0.78441482,-0.47019533,-0.59163147,10.004555584272547,-0.37786573,-0.94572324,0.0
-0.78441482,-0.47019533,-0.59163147,-0.85955255,-0.37786573,-0.94572324,0.0
0.18987585,-0.45250093,-0.0055711987,-0.85955255,-0.37786573,-0.94572324,0.0
9.997237792011457,-0.47019533,1.7538802468301975,-1.6576953746444172,-0.37786573,-0.94572324,0.0
-0.78441482,-0.47019533,-0.59163147,-0.85955255,-0.37786573,-0.94572324,0.0
1.2241281,2.0158691,-0.095734317,0.85565106,0.33812834,0.71494946,0.0
-0.78441482,-0.47019533,-0.59163147,-0.85955255,-0.37786573,3.025408675012864,0.0
0.33266567,-0.094189144,0.40016284,1.151856,-0.37786573,1.2664756,0.0
-0.21291678,-0.24016802,1.6624465,0.26070959,-0.37786573,0.95262371,0.0
1.1461284053361207,-0.47019533,-0.59163147,10.004555584272547,-0.37786573,-0.94572324,0.0
-0.12094184,-0.34633447,0.62557063,0.64636668,0.27211307,1.2390517,0.0
2.265325,2.9492492,-0.36622367,-0.85955255,-0.37786573,-0.94572324,1.3310541636589643
0.1685336,-0.30652205,0.26491816,0.77084025,-0.37786573,0.84597501,0.0
-0.78441482,-0.47019533,9.989496329427736,-0.85955255,-0.37786573,-0.94572324,0.0
-0.15786732,-0.38614689,-0.14081588,0.23454904,1.5363138,1.0745079,0.0
9.997237792011457,-0.2136264,0.76081531,0.90248688,-0.37786573,1.3731243,0.0
0.45868658,-0.023411508,-0.32114211,-0.85955255,-0.37786573,-0.94572324,0.0
0.081470771,-0.067647531,0.76081531,0.70712666,-0.37786573,1.0745079,0.0
-0.78441482,-0.47019533,-0.59163147,-4.032508975387971,-0.37786573,-0.94572324,0.0
2.137949,-0.45250093,-0.54654991,10.004555584272547,10.0049654879065,-0.94572324,0.0
-0.22172469,-0.3994177,0.85097843,7.5710476850392485,-0.37786573,1.1963922,0.0
-0.78441482,-0.47019533,-0.59163147,-0.85955255,-0.37786573,-0.94572324,0.0
0.79829937,0.54280958,-0.41130523,0.93075715,6.338864791924565,0.86730475,0.0
-0.78441482,10.0000062172904,-0.59163147,-0.85955255,-0.37786573,-0.94572324,0.0
-0.17141796,-0.45250093,-0.0055711987,-0.85955255,-0.37786573,-0.94572324,0.0
0.45411324,-0.16939038,-0.0055711987,1.060294,-0.37786573,0.46813388,0.0
-0.78441482,-0.47019533,-0.59163147,-0.85955255,-0.37786573,-0.94572324,0.0
-0.17480562,-0.30652205,-0.14081588,-0.85955255,-0.37786573,-0.94572324,1.5306232895807108
0.28794858,6.263941353497256,0.30999972,0.62400364,-0.37786573,0.87339896,0.0
1.8256069,1.0072878,-0.27606055,1.1683118,1.2208562,0.98614188,1.5306232895807108
-0.58826938,-0.38172329,1.9329359,-0.85955255,-0.37786573,-0.94572324,0.0
0.40668602,1.2151971,0.039510361,-0.11017946,-0.37786573,1.0379427,0.0
-0.78441482,-0.47019533,-0.59163147,-0.85955255,-0.37786573,-0.94572324,0.0
-0.78441482,-0.47019533,-0.59163147,-0.85955255,-0.37786573,-0.94572324,0.0
0.19292475,-0.0012934972,0.62557063,1.0269604,0.45425595,1.2360046,0.0
-0.2335815,10.0000062172904,0.30999972,1.5071331,10.0049654879065,0.87339896,-0.22311932288443934
0.095190789,10.0000062172904,-0.32114211,0.75396248,1.8095939,1.1293559,0.0
-0.78441482,-0.47019533,-0.59163147,-0.85955255,-1.0396693813985105,-0.94572324,0.0
1.2964546,4.4444268,-0.50146835,-0.85955255,-0.37786573,-0.94572324,0.0
1.4322997,7.574876183291011,-0.0055711987,-0.85955255,-0.37786573,-0.94572324,0.0
1.401472,-0.45250093,9.989496329427736,10.004555584272547,-0.37786573,-0.94572324,0.0
-3.492184128373193,-0.24016802,1.0313047,0.73877249,0.59856764,0.91605844,0.4436266561485206
9.997237792011457,0.22873382,9.989496329427736,-0.85955255,-0.37786573,-0.5882381475364027,0.0
-0.16396511,-7.746683881124836,-0.18589744,-0.85955255,-0.37786573,-0.94572324,0.0
-0.78441482,-0.47019533,-0.59163147,-0.85955255,-0.37786573,-0.94572324,0.979860918811961
2.3559449,2.851286959691449,-0.54654991,-0.85955255,-0.37786573,-0.94572324,0.0
0.25966162,-0.26670963,0.26491816,1.0434163,0.6488370258913466,1.1720153,0.0
0.6099464286632624,-0.47019533,-0.59163147,-4.311165366691864,-0.37786573,-0.94572324,0.0
2.1990701744669297,-0.29767485,0.35508128,1.8662077,-0.37786573,1.047084,0.0
-0.069110663,-0.31536926,-0.32114211,-0.85955255,-0.37786573,-0.94572324,0.0
-0.32521767,-0.44365372,0.40016284,-0.85955255,-0.37786573,-0.94572324,0.0
1.0432271,1.0117114,-0.230979,-0.85955255,-0.37786573,-0.94572324,0.0
0.41871221,0.32162947,-0.095734317,0.64045946,1.0816151,1.7355534031434345,0.0
0.16311335,0.35701828,1.0763862,-0.85955255,-0.37786573,-0.94572324,1.5306232895807108
0.98140233,5.0770019,-0.0055711987,10.004555584272547,-0.37786573,10.006245889191648,0.0
1.3697974,1.1798083,-0.095734317,1.7134638,0.089805557,0.86730475,0.0
-0.78441482,-0.47019533,-0.59163147,-0.85955255,-0.37786573,-0.94572324,0.0
-0.58708369,-0.45250093,0.80589687,-0.21904109,0.26852421,0.95871792,0.0
0.28896487,-0.14727237,-0.36622367,1.63667,-0.37786573,1.1750624,0.0
-0.78441482,-5.17300236557167,-0.59163147,-0.85955255,-0.37786573,-0.94572324,0.0
-0.78441482,-0.47019533,-0.59163147,-0.85955255,-0.37786573,-0.94572324,0.0
-0.011181697,-0.15611958,1.301794,0.8303344,10.0049654879065,1.2299103,0.3355938048322284
-0.78441482,-0.47019533,-0.59163147,-0.85955255,-0.37786573,-0.94572324,0.0
-0.78441482,-0.47019533,-0.59163147,-0.85955255,-0.37786573,-0.94572324,0.0
0.68345774,1.1046071,0.80589687,-0.85955255,-0.37786573,-0.94572324,0.0
5.8183162814786975,-0.29767485,9.989496329427736,1.4552339,-0.37786573,1.6077515,1.0
2.5654716,0.11814376,-0.50146835,4.3341599,10.0049654879065,0.88254028,1.0
1.2361543,-0.058800326,2.0571866734111808,1.5569225,7.5119306,10.006245889191648,1.0
0.23323789,-0.31094565,-0.230979,1.537935,3.703261,1.4614904,1.0
1.2596985,0.13546816816397053,-0.54654991,1.8628321,8.2156435,1.2847583,1.0
0.1605726,-0.27998044,-0.27606055,1.0970032,-0.37786573,1.8576142,1.0
2.33257,2.5313118719505434,-0.45638679,2.1143109,-0.37786573,0.64486602,1.0
0.36061386,-0.27555684,-0.41130523,1.2691565,2.7012117,1.5864217,0.886318991915889
-0.10569738,-0.44365372,-0.27606055,0.88603105,2.4836412,-6.048128638794365,1.2665209507061066
0.19749808,-0.33306367,-0.12219083281913165,1.0813913,-0.37786573,1.8088605,1.0
0.36230769,-0.31536926,-0.41130523,1.439622,4.628901349137206,1.1506856,1.0
-0.34994758,-0.44365372,1.819043714078374,10.004555584272547,1.0804627,1.3335119,1.0
4.6939376,1.1665375,-0.32114211,4.5615879,0.98178548,1.1567798,1.0
1.7089021,0.61801082,-5.669859134378326,-0.85955255,-0.37786573,-0.94572324,1.568495101695468
-0.055390645,-0.2003556,-0.45638679,1.5404667,8.3833322,0.6210814026921666,1.0
0.17920473,-0.42595931,0.6657639365445001,0.75396248,2.4701088,1.2542872,1.0
0.3743767810116449,-0.35518168,-0.36622367,1.8117769,4.3715462,1.5193854,1.0
0.69243504,-0.36845248,-0.32114211,1.4417317,10.0049654879065,1.3792185,1.0
1.1086089,-0.14284877,-0.14081588,3.7974468,0.46894065,1.2603814,1.0
1.3515041,-0.37729969,-0.50146835,1.6240116,4.6603013,1.306088,1.0
0.54202299,-0.30209845,-1.9549363028682816,1.568315,10.0049654879065,1.5011028,1.0
0.064363094,-0.42595931,-0.36622367,0.23320305821262788,4.2067221,1.3548417,1.0
3.7918041,1.2019263,-0.50146835,4.0645375,-0.9577013273439676,0.55040574,1.0
0.73105435,-0.26670963,-0.230979,1.2666248,0.69586197,1.2969467,1.0
0.24492531,-0.5935239315692882,-0.41130523,0.8750605,-0.37786573,10.006245889191648,1.0
3.7801167,0.7816841,-0.54654991,4.3434427,-0.37786573,3.639107327971261,1.0
1.0620286,10.0000062172904,-0.14081588,0.49109118,0.25341149,0.74846762,0.0
0.015072658,0.33932388,-0.14081588,0.18433767,-0.37786573,0.91301134,0.0
-0.78441482,-0.47019533,-4.367125614452854,-0.85955255,-0.37786573,-0.94572324,0.0
0.051828756,-0.12073076,-0.14081588,-0.85955255,-0.37786573,-0.94572324,0.0
3.7841403190228062,-0.4082649,-0.0055711987,-0.85955255,-0.37786573,-0.94572324,0.0
7.7264004,-0.44365372,0.0062224254932484735,-0.85955255,-0.37786573,-0.94572324,0.0
-0.19021947,-0.32864006,0.35508128,2.4860439,-0.37786573,10.006245889191648,0.0
0.13550393,0.18007419,-0.32114211,0.89362605,-0.37786573,0.72713788,0.0
-0.096550699,-0.43923012,-0.41130523,2.98003554908857,3.5098905,0.95262371,0.0
-0.079951171,-0.43038291,0.039510361,0.86155828,-0.37786573,0.77589157,0.0
-0.759094738071519,-0.37287609,-0.36622367,-0.85955255,-0.37786573,-0.94572324,0.0
-0.78441482,-0.47019533,-0.59163147,-0.85955255,-0.37786573,-0.94572324,0.0
0.30725823,-0.45250093,-0.41130523,-0.85955255,-0.37786573,-0.94572324,0.0
0.02867579142952259,0.3791363,-0.095734317,0.9341327,0.95508304,1.0714608,0.0
-0.78441482,-0.47019533,-0.59163147,0.3332713964928117,-0.37786573,-0.94572324,0.0
-0.20021306,-0.4082649,0.49032595,0.050581324,-1.7905621758754897,1.2146748,0.0
-0.14922879,-0.3949941,0.40016284,2.2177216097868895,0.11874692,1.278664,0.0
-0.78441482,-0.47019533,-0.59163147,-0.85955255,-0.37786573,0.37902063392799135,0.0
-0.22833063,-0.34633447,-0.59163147,0.90586243,-0.37786573,0.49251073,1.5306232895807108
9.997237792011457,-0.4038413,0.62557063,0.6537835150839236,-0.37786573,-0.94572324,0.0
-6.958032401359706,-0.23132081,-0.0055711987,1.2683126,-0.37786573,1.6047044,0.0
-0.7285864699837038,-0.47019533,9.989496329427736,-0.85955255,-0.37786573,-0.94572324,0.0
0.20850798,-0.45250093,-0.18589744,-0.85955255,-0.37786573,-0.94572324,0.0
-0.78441482,-0.47019533,-0.59163147,-0.85955255,-0.37786573,-0.94572324,0.0
9.997237792011457,-0.17381398,0.98622311,0.19235461,-2.6080606532839954,1.2664756,1.5306232895807108
-0.5783042089924315,-0.45250093,-0.32114211,-0.85955255,-0.37786573,-0.94572324,0.0
-0.15397152,-0.37287609,0.08459192,1.5408886,-0.37786573,0.91605844,0.0
-0.40940099,-0.4082649,1.4370387,-0.85955255,-0.37786573,-0.94572324,0.0
0.37670524,6.278633681902999,-0.41130523,0.67801251,-0.37786573,0.65705444,0.0
-0.51966928,-0.35075807,2.1583436,0.55142922,0.34738036,1.1781095,0.0
0.31030712,-0.195932,0.26491816,0.79742275,-0.37786573,1.3365591,0.0
9.997237792011457,-0.47019533,-0.59163147,-0.85955255,-0.37786573,-0.94572324,0.0
-0.05623756,-0.31094565,0.89605999,0.73539693,-0.37786573,10.006245889191648,-0.27102347247748043
-0.78441482,-0.47019533,-3.607008247583262,-0.85955255,-0.37786573,-0.94572324,0.0
9.997237792011457,-0.47019533,9.989496329427736,-0.85955255,-0.37786573,-0.94572324,0.5125589786704727
-3.5945310441883302,-0.47019533,-0.59163147,-0.85955255,3.4672286106218007,-0.94572324,0.0
0.56302647,2.9492492,0.49032595,0.20965433,-0.37786573,0.0049737879,0.0
-0.78441482,-0.47019533,-0.59163147,-0.85955255,-0.37786573,-0.94572324,0.0
9.997237792011457,-0.36845248,-1.1862529471926084,0.44383342,10.0049654879065,1.4188309,0.0
-0.78441482,-0.47019533,-0.59163147,-2.062032959875478,-0.37786573,-0.94572324,0.0
-0.42633928,-0.44807732,1.4305521479732466,-0.85955255,-0.37786573,-0.94572324,1.5306232895807108
-0.78441482,-0.47019533,-0.59163147,-0.85955255,-0.37786573,-0.94572324,0.0
0.33266567,0.76841329,-0.45638679,0.8982111713340015,-0.37786573,0.92519976,0.0
-0.12551518,-0.39057049,-0.14081588,0.75565026,0.8875532,1.2451459,0.0
1.1318606138736218,-0.16054318,0.94114155,1.1754848,0.017896652,1.1263087,0.0
1.2734185,3.8162752,-0.36622367,0.84594634,2.6371760006198475,0.38281492,0.0
10.706863,-0.45250093,-0.54654991,-0.85955255,-0.37786573,-0.94572324,0.0
1.741263676774155,-0.28440404,0.17475504,0.87295078,1.2890775,1.1141203,0.0
-0.021852823,-0.8532782397479888,-0.230979,0.48771563,-0.37786573,1.4401607,0.0
-0.78441482,-0.47019533,-0.59163147,-0.85955255,-0.37786573,10.006245889191648,0.0
0.099933511,-0.31536926,-0.050652758,0.96240297,-0.37786573,1.4858672,0.0
0.040988248,-4.608031727449822,0.35508128,-0.85955255,-0.37786573,-0.94572324,0.5288678129069968
-0.78441482,-0.47019533,-0.59163147,-0.85955255,-0.37786573,-0.94572324,0.0
-0.78441482,-0.47019533,9.989496329427736,-0.85955255,-0.37786573,-0.94572324,0.0
-0.654450016253277,1.9539387,-0.45638679,0.21629435246350337,-0.37786573,10.006245889191648,0.0
-0.78441482,-0.47019533,-0.59163147,-0.85955255,-0.37786573,10.006245889191648,0.48424664556258995
-0.17514438,2.0075439382662763,1.3468756,-0.85955255,-0.37786573,-0.94572324,0.0
-0.36654711,-0.42595931,0.67065219,10.004555584272547,0.23118689,1.1689682,0.0
-2.601075022008733,-0.47019533,-0.59163147,-0.85955255,-0.37786573,-0.94572324,0.0
-0.32826656,-0.44365372,0.039510361,1.068311,1.7432165,0.81245684,0.3445831470370438
0.90501063,2.6130554,-0.36622367,-0.85955255,-0.37786573,-0.94572324,0.0
-0.17209549,-0.35518168,6.773304309201802,0.96577852,10.0049654879065,1.3457004,0.0
-0.78441482,-0.47019533,-0.59163147,-0.85955255,-0.37786573,-0.94572324,0.0
0.85944662,0.64455243,-0.095734317,1.0944715,0.77623269,1.1506856,0.0
0.377044,-0.32421646,2.017537708282701,-0.85955255,-0.37786573,-0.94572324,0.0
0.4195251153396483,-0.45250093,-0.45638679,1.1948943,-0.37786573,0.98004767,0.0
0.49069995,0.32605307,-0.36622367,1.3083973,-0.37786573,1.3883599,0.0
-0.78441482,-0.4580309500515794,-0.59163147,-0.85955255,-0.37786573,-0.94572324,0.0
-0.78441482,-0.47019533,-0.59163147,-0.85955255,-0.37786573,-0.94572324,0.0
-0.78441482,-0.47019533,-0.59163147,-0.85955255,-0.37786573,-0.94572324,0.0
-0.78441482,-0.47019533,-0.59163147,0.7510369766190391,-0.37786573,-0.94572324,0.0
0.44039322,0.32162947,0.71573375,1.1906748,-0.37786573,1.0501311,0.0
9.997237792011457,-0.47019533,-0.59163147,-0.85955255,-0.37786573,-0.94572324,0.0
-0.78441482,-0.47019533,-0.59163147,-0.85955255,-0.37786573,-0.94572324,0.0
-0.78441482,-0.14425261618689988,-0.59163147,10.004555584272547,-0.37786573,-0.94572324,0.0
1.0696508,5.445016156390626,0.12967348,1.9906812,0.22733463,1.1506856,0.0
5.2112331,-0.45250093,-0.54654991,-0.85955255,1.45972978303704,-0.94572324,0.0
0.36247707,-0.2047792,-0.36622367,0.99911212,1.8078818,1.5041499,0.0
0.14481999,-0.38614689,-0.27606055,0.96198103,-0.37786573,-3.443103612125988,0.0
0.68921676,4.0330317,1.2567125,1.083501,-0.37786573,0.44985124,0.0
-0.78441482,-0.47019533,-0.59163147,10.004555584272547,10.0049654879065,-0.94572324,0.0
0.042173929,-0.39057049,0.2198366,1.2522787,-0.37786573,1.5498565,0.0
-0.26407043,-0.3949941,4.870052156837366,0.73877249,1.127513,1.3152293,0.0
-0.24103435,0.2859171095890185,0.17475504,-2.9218594072591513,-0.37786573,-0.4034156090293606,0.0
9.997237792011457,3.0392963337788137,0.12967348,-0.85955255,-0.37786573,-0.94572324,0.9404359203360563
-0.049123476,-0.3994177,1.0313047,10.004555584272547,-0.37786573,-0.94572324,0.0
0.69616146,-0.39057049,-0.32114211,1.0877204,1.0350257,1.1263087,0.0
-0.78441482,-0.47019533,-0.59163147,10.004555584272547,-0.37786573,-0.94572324,0.0
1.4856553,-0.45250093,-0.14081588,-0.85955255,-3.285410425215895,-0.94572324,0.0
0.94989711,2.4677910910962297,-0.27606055,-0.85955255,-0.37786573,-0.94572324,0.0
-0.28050057,-0.44365372,0.6822003037573401,-3.6268551576533197,2.6000651,-2.671746881050564,0.0
0.069952731,-0.14727237,-0.45638679,1.1881432,3.2526121,1.4096896,0.0
-0.27982304,-0.41711211,-0.14081588,0.61809642,1.6319948,2.508593210397147,0.0
-4.102428540432979,-0.47019533,-0.59163147,-0.85955255,-0.37786573,-0.94572324,0.0
-0.78441482,-0.47019533,-1.1389992780365368,-0.85955255,-0.37786573,-0.94572324,0.0
-0.022530354,-0.35518168,-0.050652758,0.42315815,1.4927865,1.2024864,0.0
-0.78441482,-0.47019533,-0.59163147,-0.85955255,-0.37786573,-0.8969270651906218,0.0
-0.78441482,-0.47019533,-0.59163147,-0.85955255,10.0049654879065,-0.94572324,0.0
1.5010692,1.7548766,0.17475504,-2.8365784520638035,-0.37786573,0.55040574,0.0
-0.78441482,-0.47019533,-0.59163147,-0.85955255,-0.37786573,-0.94572324,0.0
3.217442565099539,-0.45250093,-0.54654991,-0.85955255,-0.37786573,-0.94572324,0.3587339995245409
-0.78441482,0.5503783715211804,-0.59163147,-0.85955255,4.537663341002321,-0.94572324,1.5306232895807108
0.32131701,-0.0057170995,0.17475504,0.52442478,0.4228452,-2.1711263577586033,0.0
-0.78441482,-1.4816161026423829,-0.59163147,-0.85955255,-0.37786573,-0.94572324,0.0
0.98258801,-0.44365372,-0.54654991,-0.85955255,2.772172838381948,-0.94572324,0.0
-0.53220362,-0.43038291,2.2485068,1.1771726,10.0049654879065,1.1019319,0.0
-0.78441482,10.0000062172904,-0.59163147,-0.85955255,-0.37786573,-0.94572324,0.0
-3.932693448985555,-0.42595931,0.26491816,0.2834406945530257,-0.37786573,0.71799656,0.0
-0.78441482,-0.47019533,-0.59163147,-0.85955255,-0.37786573,-0.94572324,0.0
-0.17074043,10.0000062172904,0.76081531,0.40290482,1.249898258581715,1.278664,0.0
0.11043525,0.29508785,0.89605999,3.7730592086264534,0.84389422,10.006245889191648,0.0
-0.31048135,-0.43480652,0.62557063,0.49742034,0.89937339,0.84597501,0.0
0.17141311,-0.36845248,-0.18589744,0.73117749,10.0049654879065,0.99223609,0.0
0.56099387,1.5381201,0.58048907,0.69446834,-0.37786573,0.69666682,0.0
0.6916457304193049,-0.42153571,0.85097843,1.4071323,-5.303525609370491,0.5808768,-0.3729928589881805
0.083672749,10.0000062172904,0.08459192,1.3299165,-0.37786573,1.0227071,-0.0333266891953735
-0.78441482,-0.47019533,-0.59163147,-0.85955255,1.006475953791294,-0.94572324,0.0
9.997237792011457,0.75071888,0.53540751,0.11809241,-0.37786573,0.74237341,-0.18183814839923768
0.2251075,0.81264932,-0.3103994060064707,0.59151392,-0.37786573,0.5808768,0.0
0.16396026,-0.30209845,-0.41130523,1.3970056,-0.37786573,1.0409898,0.0
-0.081983767,4.839517315635812,1.0763862,10.004555584272547,-0.37786573,-0.94572324,0.05990245061741013
-0.78441482,-0.47019533,-0.59163147,-0.85955255,-0.37786573,-0.94572324,0.0
0.19190845,10.0000062172904,2.1583436,0.13243852,-0.37786573,0.86121054,0.0
-0.78441482,-0.47019533,-0.59163147,-0.85955255,-0.37786573,-0.94572324,0.0
0.42650382,-1.1282069923253049,9.989496329427736,0.4712598,0.42452439,0.90996423,0.0
0.40888799,0.34374748,-0.41130523,-0.85955255,-0.37786573,-0.94572324,0.0
-0.78441482,-0.47019533,0.9426152140686654,-0.85955255,-0.37786573,-0.94572324,0.3078827534055249
0.3184375,1.4983077,0.49032595,-2.6369417853891592,-0.37786573,-0.94572324,0.0
0.25339446,-0.25786243,0.94114155,-0.85955255,-0.37786573,-0.94572324,0.0
-0.78441482,-2.92790246144088,-0.59163147,-0.85955255,-0.37786573,7.9744807064429395,0.0
4.7908247,-0.42595931,-0.54654991,-0.85955255,-0.37786573,-0.94572324,0.0
0.63094903,-0.018987906,0.44524439,0.65100807,-0.37786573,1.1994393,0.0
1.5879626,-0.45250093,-0.32114211,-0.85955255,-0.37786573,-0.94572324,0.0
0.0088054895,-0.26228603,-0.32114211,-0.85955255,4.486160039998697,-0.94572324,0.0
0.15481358,-0.23132081,0.30999972,1.4328709,0.28248455,1.190298,0.0
9.997237792011457,-0.18708479,-0.41130523,10.004555584272547,10.0049654879065,-0.94572324,0.33125513514355387
-0.78441482,-0.47019533,-0.59163147,-0.85955255,-0.37786573,-0.94572324,0.0
-0.78441482,3.0252718809962853,-0.59163147,-0.85955255,-0.37786573,-0.94572324,0.0
0.51102591,3.4225746,0.40016284,-0.85955255,-0.37786573,-0.94572324,0.0
-0.011520463,-0.3994177,-0.050652758,2.1219059,-0.37786573,0.91301134,0.0
-0.78441482,-0.47019533,-0.59163147,-0.85955255,-0.37786573,-0.94572324,0.0
0.78728948,-0.43038291,-0.18589744,-0.85955255,-0.37786573,-0.94572324,0.0
0.049965544,-0.43038291,2.0681805,0.76577692,-0.37786573,1.6686936,1.5306232895807108
0.15413605,-0.24459162,0.76081531,1.8324521,2.4771561730986007,1.2999938,0.0
-0.19106638,-0.42595931,2.367676385619247,-0.85955255,-0.37786573,-0.94572324,0.0
-0.23646101,-0.43923012,2.6993540776568556,-0.85955255,-0.37786573,-0.94572324,0.0
0.061483584,-0.4038413,-0.18589744,1.1649362,-0.37786573,1.4005483,0.0
0.62806952,0.20661581,0.76081531,0.94763492,0.21284749,1.01966,0.0
0.0093136383,-0.29767485,-0.0055711987,1.6759108,-0.37786573,0.9434824,0.0
-0.12365197,-0.43923012,-0.230979,0.69404639,1.5178097,1.2085806,0.0
-1.8181883589177874,-0.37287609,0.76081531,-0.85955255,-0.37786573,-0.94572324,0.0
0.52813358,0.37471269,-0.45638679,2.5417405,-0.37786573,0.85511633,0.0
0.20197507632103315,-0.36845248,0.30999972,-0.85955255,-0.37786573,-0.94572324,0.0
-0.78441482,-0.47019533,-0.59163147,-0.85955255,-0.37786573,-0.94572324,0.9703035529585676
3.5299869211092987,2.7280691,0.49032595,1.4151492,-0.37786573,1.4005483,0.0
-0.16227128,-0.17381398,0.85097843,1.1636704,0.3213035,4.563993378998918,0.0
1.1263941,2.6794095,-0.0055711987,1.2202109,0.7625036035313321,0.41023887,0.0
0.87960319,2.3830281,0.5167489328674272,-0.85955255,-0.37786573,-0.94572324,0.0
-0.78441482,-0.47019533,-0.59163147,-0.85955255,-0.37786573,-0.94572324,0.0
5.67913902232738,0.55608039,-0.27606055,-0.85955255,10.0049654879065,-0.94572324,1.5306232895807108
9.997237792011457,-0.47019533,-0.59163147,-0.85955255,-0.37786573,-0.94572324,0.0
0.098409065,-0.45250093,-0.36622367,-0.85955255,-0.37786573,-0.94572324,0.0
0.16683977,-0.04552952,-0.050652758,1.0826571,-0.37786573,1.0440369,0.0
-0.029475055,-0.26670963,2.5640777,0.21092016,-0.37786573,0.97090635,0.0
0.032010952,-0.24016802,-0.050652758,0.21809321,0.58724133,10.006245889191648,0.0
-0.78441482,-0.47019533,-0.59163147,-0.85955255,-0.37786573,-0.94572324,1.5306232895807108
-0.027781226,-0.34191087,0.17475504,0.71345583,0.57275419,1.3091351,0.0
0.10044166,0.15795618,1.2116309,-0.21904109,0.26852421,1.721398191134381,0.3846022850241439
1.8860427417190437,10.0000062172904,9.989496329427736,-2.2648014569811625,0.41201277,0.65400734,0.0
-0.78441482,-0.47019533,-0.59163147,-0.85955255,-0.37786573,-0.94572324,0.0
-0.78441482,-0.47019533,-0.59163147,-0.85955255,-0.37786573,-0.94572324,1.5306232895807108
-0.78441482,-0.47019533,-0.59163147,-0.85955255,-0.37786573,-0.94572324,0.0
0.3402879,-0.23574442,0.2198366,-0.85955255,-0.37786573,-0.94572324,0.0
-0.78441482,-0.47019533,-0.59163147,-0.85955255,-0.37786573,-0.94572324,0.0
0.2281564,-0.45250093,-0.41130523,-0.85955255,-0.37786573,-0.94572324,0.0
9.997237792011457,-0.41711211,-0.14081588,-0.85955255,-0.37786573,-0.94572324,0.0
0.0011832571,-0.42153571,-0.230979,-1.013253532811704,-0.37786573,0.95871792,0.0
-0.78441482,-0.47019533,-0.59163147,-0.85955255,-0.37786573,-0.94572324,0.0
0.5786097,0.82592012,0.40016284,1.4493267,-0.37786573,10.006245889191648,0.0
-0.78441482,-0.47019533,-0.59163147,-0.85955255,-0.37786573,-0.94572324,0.0
0.22663195,-0.2047792,0.35508128,-0.85955255,-0.37786573,-0.94572324,0.0
0.89484765,1.7327586,-0.41130523,0.77632553,-0.37786573,0.91605844,1.1657759949144106
-0.30980382,-0.41268851,0.35508128,0.67759056,0.029782693,10.006245889191648,-0.10559137268835296
-0.78441482,-0.47019533,-0.59163147,-0.85955255,-0.37786573,-0.94572324,0.0
-0.78441482,-0.47019533,-0.59163147,-0.85955255,-0.37786573,-0.94572324,0.0
-0.78441482,-0.47019533,-0.59163147,-0.85955255,-0.37786573,-0.94572324,0.0
-0.024224184,-0.16054318,1.8427727,10.004555584272547,-0.37786573,10.006245889191648,0.0
5.4392226,-0.45250093,-0.54654991,-0.85955255,-0.37786573,-0.94572324,0.0
-0.099938358,-0.28882764,0.44524439,0.2780093,1.1705793,1.3243706,0.0
-0.45818328,-0.44807732,0.71573375,-0.15701528,-0.37786573,0.82159816,0.11461846734743124
0.037261823,-0.12515436,1.3468756,0.56408754,0.080948645,1.1019319,0.0
-0.78441482,-0.47019533,-2.9789484644662325,-0.85955255,-0.37786573,-0.94572324,0.0
-0.78441482,-0.47019533,-0.59163147,-0.85955255,2.9136579977112143,-0.94572324,0.0
-0.22392667,-0.42595931,0.17475504,-0.85955255,-0.37786573,-0.94572324,0.0
-0.78441482,-0.47019533,-0.59163147,-0.85955255,-0.37786573,3.1696577776556825,0.19747361298807214
0.2857466,-0.45250093,-0.230979,0.60375031,-0.37786573,0.6844784,0.0
-0.78441482,-0.47019533,9.989496329427736,-0.85955255,-0.37786573,-0.94572324,0.0
-0.78441482,-0.47019533,-0.59163147,-0.85955255,-0.37786573,-0.94572324,0.0
0.037769972,-0.30209845,0.30999972,0.79151553,0.40865438,1.1598269,0.0
-0.14905941,-0.27113323,-0.27606055,-0.85955255,-0.37786573,-0.94572324,0.0
0.2479742,0.31720586,-0.41130523,-0.85955255,-0.37786573,-0.94572324,0.0
0.11958193,-0.30209845,-0.230979,0.25775598,-0.37786573,-2.423230649856822,0.0
-0.026000497592355898,-0.37287609,-0.14081588,0.89657966,0.3964995246547307,1.0074716,0.0
0.83844313,0.48972635,0.2198366,-0.85955255,-0.37786573,-0.94572324,0.0
-0.78441482,-0.47019533,-0.59163147,-0.85955255,-0.37786573,-0.94572324,0.0
-0.24611584,10.0000062172904,-0.14081588,0.689405,10.0049654879065,1.2085806,0.0
-0.78441482,-0.47019533,2.422470488450581,-0.85955255,-0.37786573,10.006245889191648,-0.035438072985487616
0.38534377,-1.8291764153329528,0.12967348,0.6455228,0.27968589,1.0440369,0.0
0.72817484,1.5027313,-0.40211036704530684,-0.85955255,-0.37786573,-0.94572324,0.0
9.997237792011457,-0.4082649,-0.050652758,1.9210604,-0.37786573,0.85816343,0.0
2.340003971980415,-0.17823759,0.53540751,-0.85955255,-0.37786573,-0.94572324,0.0
0.20444279,-0.014564304,-0.41130523,0.47716702,3.8514908,0.46203967,0.0
-0.1253458,-4.04647129950802,-0.050652758,0.36071039,-0.37786573,3.17393933872778,0.0
-0.78441482,-0.47019533,-0.59163147,-5.969216849205545,-1.5765524618189493,-0.94572324,-0.4298921612733399
-0.78441482,-0.47019533,-0.59163147,-0.85955255,-0.37786573,-0.94572324,0.0
-0.78441482,-0.47019533,-0.59163147,-0.85955255,-0.37786573,3.6599285241462822,0.0
0.13939974,-0.24459162,0.35508128,-2.6248490666859285,-0.37786573,-0.94572324,0.0
0.24018259,-0.049953122,0.85097843,1.0176777,-0.37786573,1.2451459,0.0
-0.035403458,-0.094189144,1.0313047,0.80797135,0.49476877127514907,1.1537327,0.0
-0.78441482,-0.47019533,0.8723480899053253,-0.85955255,-0.37786573,-0.94572324,0.0
2.2485561,-0.45250093,-0.45638679,0.6190187084690529,-0.37786573,-0.94572324,0.0
-0.78441482,-0.47019533,-0.59163147,-2.487226333963593,-0.3997853589438277,-0.94572324,0.0
0.031672186,-0.4082649,-0.27606055,10.004555584272547,-0.37786573,10.006245889191648,0.7880447246363663
-0.78441482,-0.47019533,-0.59163147,-0.85955255,-0.37786573,-5.601309887461337,0.0
-0.78441482,-0.47019533,-0.59163147,-0.85955255,-0.37786573,-0.94572324,0.0
0.36840547,10.0000062172904,0.49032595,0.57168254,0.35910177,5.9023028459259965,0.0
-0.78441482,-0.47019533,-0.59163147,-0.85955255,-0.37786573,-0.94572324,-0.21286314450479074
9.997237792011457,-0.47019533,-0.59163147,-0.85955255,-0.37786573,10.006245889191648,1.5306232895807108
0.36789732,0.01197731,9.989496329427736,-0.85955255,-0.37786573,-0.94572324,1.5306232895807108
1.153326,1.2771276,-0.45638679,1.4105078,-0.37786573,0.38890913,0.0
-0.076563512,-0.36845248,0.039510361,1.0666232,1.4168934451814124,0.74237341,0.0
-0.78441482,-0.47019533,1.176037932040666,-0.85955255,-0.37786573,-0.94572324,0.0
0.7652697,3.7985808,-0.095734317,0.537927,-0.37786573,0.45289835,0.0
9.997237792011457,-0.47019533,-0.59163147,-0.85955255,10.0049654879065,-0.94572324,0.0
-2.0822851495074617,-0.43923012,-0.32114211,-0.85955255,-0.37786573,-0.94572324,0.0
0.3433368,10.0000062172904,1.2762991921750704,-0.85955255,-0.37786573,-0.94572324,0.0
-0.2166432,-0.38614689,9.989496329427736,1.5278083,0.27138871,0.2213183,1.5306232895807108
-0.78441482,-0.47019533,-0.59163147,-0.85955255,-0.37786573,-0.94572324,0.0
0.38331117,0.16680339,-0.050652758,0.75269665,1.0121426,1.2542872,1.5306232895807108
0.4058391,0.48087915,1.301794,-0.85955255,0.8202047376545542,-4.097382114260931,0.0
9.997237792011457,-0.45250093,-0.41130523,10.004555584272547,-0.37786573,-0.94572324,0.0
-0.78441482,-0.47019533,-0.59163147,-0.85955255,-0.37786573,-0.94572324,0.0
-0.1253458,-0.3949941,0.12967348,10.004555584272547,10.0049654879065,-0.94572324,1.5306232895807108
0.15024024,0.13141457,3.3755458,0.87252883,0.37665097,0.7393263,0.0
1.2483280520300688,-0.28440404,-0.18589744,0.33539373,-0.37786573,1.4858672,0.0
-0.046582732,-0.43480652,-0.9089702704427862,1.8881488,-0.37786573,0.9434824,0.0
-0.78441482,-0.47019533,-0.59163147,-0.85955255,-0.37786573,-0.94572324,0.0
-0.78441482,-0.47019533,-0.59163147,-0.85955255,10.0049654879065,-0.94572324,0.0
3.0116263,-0.45250093,9.989496329427736,-0.85955255,-0.37786573,3.5950151000264152,0.0
0.21189563,-0.31979286,-0.18589744,-0.85955255,-0.37786573,10.006245889191648,0.0
-0.78441482,-0.47019533,-0.59163147,-0.85955255,10.0049654879065,-0.94572324,-0.05736277363316249
-0.065553621,0.02914038648920056,1.8729426175825363,0.33159623,0.42096845,-1.324795247936384,0.5674198765231672
-0.78441482,-0.47019533,1.7112877087499025,-0.85955255,-0.37786573,-0.94572324,0.0
-0.17345055,10.0000062172904,0.62557063,10.004555584272547,0.22476645,0.85816343,0.0
-0.35926364,-0.43923012,-0.0055711987,3.299108123772882,-0.37786573,1.0623195,0.0
0.9151736,1.794689,0.30999972,1.4957406,-7.9961614923635995,0.82464527,0.0
0.27067152,-0.14284877,-0.36622367,-0.85955255,-0.37786573,-0.94572324,0.0
-0.78441482,-0.47019533,-1.5363558452396662,-0.85955255,-0.37786573,-0.94572324,0.0
1.5235971,2.6749859,-0.36622367,0.83286607,1.3917057,0.67533708,0.0
-0.50476359,-0.4082649,1.4370387,0.16281851,-0.37786573,0.85206922,0.0
-0.78441482,-0.47019533,-0.59163147,-0.85955255,-0.37786573,-0.94572324,1.5306232895807108
-0.3467293,-0.43923012,1.0279136291082527,1.6986958,-0.37786573,0.27616621,0.0
-0.78441482,-0.47019533,-0.59163147,-0.85955255,-0.37786573,-0.8440285574547264,0.0
-0.78441482,-0.47019533,-0.59163147,-0.85955255,-0.37786573,-0.94572324,0.0
-0.2405262,10.0000062172904,-0.27606055,-0.28570829,-0.37786573,1.0653666,0.0
0.17818843,0.16237979,-4.763538857422916,0.92358409,-0.37786573,0.39500334,0.0
0.10653945,-0.44807732,0.35508128,0.54256838,0.48533746,0.9952832,0.16772417895914352
5.124678904541632,-0.4038413,0.76081531,10.004555584272547,0.071071048,0.7911271,0.0
0.92042447,2.2193548,0.039510361,10.004555584272547,0.4257097,0.96176503,0.0
0.65025868,2.1485772,0.039510361,0.37632233,-0.37786573,0.63877181,0.0
-0.78441482,-0.47019533,3.438990011654414,-0.85955255,-0.37786573,-0.94572324,0.0
-0.25187486,-0.4038413,-0.41130523,0.59953087,-0.37786573,1.5894688,0.0
-0.078426725,-0.26228603,-0.27606055,-0.85955255,-0.37786573,-0.94572324,0.0
-0.18564613,-0.2003556,-0.18589744,0.99911212,1.8078818,1.4279722,0.0
0.15498297,10.0000062172904,0.53540751,0.39446593,-0.37786573,0.90387002,0.0
-0.45869143,-0.44807732,-0.050652758,1.1349782,-0.37786573,0.64486602,0.0
-1.334260935873887,-0.19150839,0.08459192,1.9261238,-0.37786573,1.5925159,0.0
-0.18818687,-3.960749176679614,0.44524439,-0.85955255,-0.37786573,-0.94572324,0.0
-0.78441482,-0.47019533,-0.59163147,-0.85955255,-0.37786573,-0.94572324,0.0
0.17361509,1.933725628750737,0.2198366,10.004555584272547,0.48484358,1.2268632,0.0
-0.40702963,-0.41711211,-0.32114211,-0.1696736,4.8789913,1.3304648,0.0
-0.15143077,-0.27555684,1.833472839082356,1.0687329,-0.37786573,1.0440369,0.0
0.41549393,-0.25786243,-0.095734317,5.118564270020402,0.60120167,1.1933451,0.0
9.997237792011457,-0.39057049,0.98622311,2.1765723226896667,0.35024486,1.3213235,-0.5676772513722976
-0.78441482,-0.47019533,-0.59163147,-0.85955255,-0.37786573,-0.94572324,0.0
1.3940192,9.679702517997935,-0.50146835,-0.85955255,1.5890797100385217,-0.94572324,0.0
0.075711751,-0.37287609,0.12967348,0.51598589,0.52326743,1.3304648,1.5306232895807108
-0.78441482,-0.47019533,-0.59163147,-0.85955255,-0.37786573,-0.94572324,0.0
-0.52898535,-0.42153571,2.023099,4.473453761381692,2.8903590207349446,0.59915943,0.0
0.59317663,1.9450915,-0.230979,-0.85955255,-0.37786573,-3.4005719802255006,0.0
-0.14702682,-0.31979286,0.44524439,0.77716942,0.60218943,1.1781095,0.0
-0.15888362,-0.42153571,-0.050652758,0.70375111,-0.37786573,1.2512401,0.0
0.10162734,10.0000062172904,-0.14081588,0.50881284,6.935131795581839,1.3548417,0.0
-0.092824275,-0.44365372,-0.18589744,-0.85955255,-0.37786573,-0.94572324,0.0
2.0610492,4.9177522,-0.18589744,1.2737979,0.26411222,0.49251073,0.0
-0.78441482,-0.47019533,-0.59163147,-0.85955255,-0.37786573,-0.94572324,0.0
9.997237792011457,-0.45250093,0.08459192,0.35438122,1.7419324,0.4287872906091087,0.0
-0.78441482,-0.47019533,1.25448862835361,-0.85955255,-0.37786573,1.6604797728210223,0.0
0.27117966,-0.21805001,0.9145859214679632,0.51345423,0.23026498,0.83683369,0.0
-0.78441482,-0.47019533,-0.59163147,-0.85955255,-0.37786573,-0.94572324,0.0
0.27727745,-0.16496678,-0.18589744,1.1054421,10.0049654879065,1.1567798,0.0
0.13025306,-0.38614689,9.989496329427736,10.004555584272547,-0.37786573,1.1811567,0.0
-0.78441482,-0.47019533,-0.59163147,-0.85955255,-0.37786573,-0.94572324,0.0
0.088754237,-0.080918338,0.009538506552860426,1.3987781421807903,2.326752,1.2390517,0.0
0.92686103,-0.014564304,-5.690021309029618,-2.3148697361913566,2.1256112,0.75456183,0.0
1.5168209408971545,-0.25786243,1.3919571,0.80501774,-0.37786573,1.2938996,0.0
-0.78441482,-0.47019533,-0.59163147,-0.85955255,-0.37786573,-0.94572324,0.7564201782573517
-0.27948427,-0.37729969,0.40016284,0.25775598,-0.37786573,0.91301134,0.0
9.997237792011457,-0.47019533,-0.59163147,-0.85955255,-0.37786573,-7.973549884341507,0.0
1.5990386427114727,-0.27998044,9.989496329427736,1.0058632,-0.5522784886342404,1.2603814,0.0
-0.24425262,-0.41268851,-0.095734317,0.42020454,2.1114533,1.4858672,0.0
0.67380291,5.0018006,-0.32114211,0.61092336,-0.37786573,0.93129397,0.0
0.20241019,-0.26228603,5.8907715652461485,1.1662021,-0.37786573,1.6351754,0.0
0.01287068,-0.14727237,1.1214678,-5.634405295930118,-0.37786573,-0.94572324,-0.11016769743102456
-0.29388182,-0.38614689,0.35508128,0.9083941,0.74923392,-2.5480482613850937,0.0
9.997237792011457,-0.47019533,-0.59163147,0.055951691677452176,-0.37786573,-3.9717419760533823,0.0
0.40465342,-0.17823759,-0.32114211,-0.85955255,-0.37786573,-0.94572324,0.0
0.42311616,1.0515238,0.80589687,2.5370991,-0.37786573,0.88254028,0.0
0.20749168,0.77283689,0.35508128,1.2092404,5.902037182697542,1.5039613147875301,0.0
-0.78441482,-0.47019533,9.989496329427736,-0.85955255,-0.37786573,10.006245889191648,0.7442532193883341
0.29421574,0.21988661,-0.230979,10.004555584272547,-0.37786573,-0.94572324,0.0
-0.058439538,-0.15611958,0.62557063,0.29277736,-0.37786573,1.1598269,0.0
0.17276818,-0.0012934972,9.989496329427736,0.41429732,1.2063691,0.6357247,0.0
-0.78441482,-0.47019533,-0.59163147,-0.85955255,-0.37786573,-1.0884909111320171,0.0
0.47223721,0.49857356,0.62557063,-0.85955255,-4.840735993963956,-0.94572324,0.0
9.997237792011457,-0.27998044,-0.050652758,-0.85955255,-0.37786573,-0.94572324,0.0
0.46088856,0.63570523,-0.32114211,0.54931949,-0.37786573,0.87339896,0.0
0.20783044,-0.28440404,0.12967348,0.99025129,0.31373068,-1.512929089379811,0.0
-0.78441482,-0.47019533,-0.59163147,-0.85955255,-0.37786573,-0.94572324,0.0
-0.78441482,-0.47019533,-0.59163147,-0.85955255,-0.37786573,-0.94572324,1.5306232895807108
-0.51645101,2.0131229670406805,0.2198366,-0.85955255,-3.6179822417132494,-0.94572324,-0.19804188355211685
-0.34097028,-0.42595931,0.62557063,0.52526867,0.54743462,1.1872509,0.0
-0.78441482,-0.47019533,-0.59163147,-5.930265244631218,-0.37786573,-0.94572324,0.0
0.42904456,-0.094189144,-0.050652758,-0.85955255,-0.37786573,-0.94572324,0.0
-0.15718979,-0.14727237,0.2198366,0.31935985,0.6271139,1.0318485,1.5306232895807108
2.0532592045669897,0.48530275,0.53540751,-0.85955255,-0.37786573,-0.94572324,0.0
-0.30133467,-0.3949941,-3.784588386113949,1.1311807,-0.37786573,0.3767207,0.0
-1.3501420549091434,0.01197731,0.44524439,0.69404639,0.20748066,0.96785924,0.0
-0.78441482,-0.47019533,-0.59163147,-0.85955255,-0.37786573,-0.94572324,0.0
-0.78441482,-0.47019533,-0.59163147,0.9117967085082331,-0.37786573,-0.94572324,0.0
9.997237792011457,-0.42595931,1.6624465,0.41049982,0.44576122,0.40109755,0.0
0.23459295,-0.14284877,0.17475504,2.6062999558139976,0.97319197,1.1354501,0.0
-3.012023188414633,-0.45250093,-0.864137355212412,1.3387773,-0.37786573,0.96785924,0.0
-0.24967288,-0.39057049,-0.230979,-0.85955255,-0.37786573,-0.94572324,0.0
0.23374603,4.775441873136768,-0.18589744,0.48138646,2.0415858,1.2938996,0.0
-0.78441482,-0.47019533,-0.59163147,-0.85955255,-0.37786573,-0.94572324,0.0
-0.19005008,-2.326213974467985,1.5272018,0.53201978,-0.37786573,-0.9191704921282113,0.0
-5.3469469368719835,-0.2003556,-0.09706709295249871,1.5311839,0.33964291,10.006245889191648,0.0
-0.010334783,-0.4038413,-2.069744286849601,2.6988785425028987,-0.37786573,0.98918898,0.0
0.15532173,-0.10745995,-0.18589744,0.80122024,0.57127255,0.90387002,0.0
0.29082809,-0.16496678,0.17475504,-0.85955255,-0.37786573,-0.94572324,0.0
2.9921038879329296,-0.47019533,-0.59163147,-0.47153115839584336,-0.37786573,-0.94572324,0.0
-0.78441482,-0.47019533,-0.59163147,10.004555584272547,-0.37786573,-0.94572324,0.0
1.3572631,10.0000062172904,-0.18589744,0.75016498,0.68641241,0.69361971,0.0
0.058434691,-0.36845248,-0.095734317,-0.85955255,-0.37786573,-0.94572324,0.0
-0.78441482,-0.47019533,-0.59163147,-0.85955255,-0.37786573,-0.94572324,0.0
9.997237792011457,-0.47019533,-0.59163147,-0.85955255,-0.37786573,-0.94572324,0.0
-0.78441482,-0.47019533,-0.59163147,-0.85955255,-0.37786573,-0.94572324,0.0
0.098747831,0.193345,0.62557063,1.5223010970698794,0.6042452279922801,1.5315738,0.0
0.1566768,0.41452511,-0.050652758,1.0113485,0.7688189274471683,1.1872509,0.2806601652299975
2.075108,-0.42595931,-0.36622367,-0.85955255,-0.37786573,-0.94572324,0.0
-0.21799827,-0.43923012,0.12967348,1.1792823,1.6725721386374426,3.992657575881754,1.5306232895807108
0.30014415,0.1889214,-0.095734317,0.181806,-0.37786573,1.0318485,0.0
0.38669883,0.16237979,-0.095734317,-0.85955255,-0.37786573,-0.34532971759798636,0.21819996750802054
-0.063351643,-0.45250093,0.62557063,1.6278091,-0.37786573,1.162874,0.0
-0.18733996,-0.36845248,-0.14081588,0.82442718,4.1786697,1.3670301,0.0
-0.02862814,-2.1224384500367606,-0.27606055,-0.85955255,-0.37786573,-0.94572324,0.0
0.3316732861403332,0.11814376,-0.18589744,1.0725304,0.85031466,0.87339896,0.0
-0.78441482,-0.018360120938520075,-0.59163147,-0.85955255,-0.37786573,-0.94572324,0.0
-0.78441482,-0.47019533,0.6798813699216444,-0.85955255,-0.37786573,-0.94572324,0.0
9.997237792011457,-0.15169597,-0.36622367,0.9531202,-0.37786573,0.48946362,-0.06478918669615807
9.997237792011457,-0.47019533,-0.59163147,-0.85955255,-0.37786573,-0.94572324,0.0
-0.78441482,-0.47019533,-0.59163147,-0.85955255,-0.37786573,-0.94572324,0.0
0.15498297,-0.27998044,-0.41130523,10.004555584272547,10.0049654879065,0.34015543,0.0
0.11636366,-0.23574442,0.17475504,-0.85955255,-0.37786573,-0.94572324,0.0
0.30912144,0.36144189,0.76081531,0.85776078,0.086842277,0.96176503,0.0
0.78695072,5.0283423,-0.0055711987,1.0240068,-0.37786573,0.51384047,0.0
-0.78441482,-0.47019533,-0.59163147,-0.85955255,-0.37786573,-0.94572324,0.0
-0.035064692,2.8557013557460724,0.08459192,1.1476365,-0.37786573,10.006245889191648,0.0
0.34827701217462204,-0.47019533,-0.59163147,-0.85955255,-0.37786573,-0.94572324,0.0
-0.78441482,-0.47019533,-0.59163147,-0.85955255,-0.37786573,-0.94572324,0.0
-0.13533939,-0.38172329,-1.2574054313826586,0.66830779,1.4310186,1.2634285,0.0
0.45580707,-0.12515436,-0.36622367,1.7771774,5.76007561501004,0.76979736,0.0
7.034245068861071,-0.04552952,-0.038586140394521296,-4.002935529448947,10.0049654879065,1.1781095,0.0
9.997237792011457,-0.24016802,1.7526096,0.19235461,-0.37786573,1.162874,0.0
-0.23341212,-0.43038291,0.76081531,10.004555584272547,-0.37786573,-0.94572324,0.0
0.12822046,-0.054376724,0.26491816,1.113881,0.55885971,1.0684137,0.0
-0.032015799,0.4599307319037595,-0.050652758,0.24931709,1.1705793,1.3152293,0.0
-0.17887081,10.0000062172904,0.12967348,0.88518716,1.9156064259295595,1.2847583,0.2809259807203796
-0.19530095,-0.45250093,0.40016284,0.9970024,-0.37786573,0.95262371,0.0
3.236228,-0.4038413,-0.54654991,-0.85955255,-0.37786573,-0.94572324,0.0
1.6953514,0.7816841,-0.32114211,1.394052,1.2653713,1.0623195,0.0
-0.11331961,10.0000062172904,1.0763862,-0.85955255,-0.37786573,-0.94572324,0.0
0.031333421,-0.25343882,1.8427727,0.60164059,10.0049654879065,1.1842038,0.0
-0.25695634,-0.42153571,1.0313047,0.4560698,0.10060506,0.99223609,0.0
9.997237792011457,-0.47019533,2.526844794780933,-0.85955255,-0.37786573,-0.94572324,0.0
-0.78441482,-0.47019533,-0.59163147,-0.85955255,-3.6304884847308063,-0.94572324,0.0
-0.31082012,-0.36402888,0.26491816,-1.5528823975370214,-0.3382022761429943,-0.94572324,0.0
-0.78441482,-0.47019533,-0.59163147,10.004555584272547,-0.37786573,-0.94572324,0.0
0.20884674,-0.072071133,-0.41130523,10.004555584272547,2.210328,1.4035954,0.0
-0.29964084,-0.30209845,-0.27606055,-0.1696736,4.8789913,1.1537327,0.0
9.997237792011457,-0.42595931,1.2567125,1.5261206,-0.37786573,0.72409077,1.5306232895807108
0.65042807,2.1308828,-0.7579412996512265,1.0324457,0.8496673991242011,0.49251073,0.0
1.4250163,4.7009957,-0.0055711987,10.004555584272547,-0.37786573,0.64791313,0.0
-0.41007852,-0.45250093,0.12967348,-0.85955255,-0.37786573,-0.94572324,0.0
0.26050854,-0.16054318,0.49032595,0.36028844,-0.37786573,1.0562253,0.0
-1.387080333642944,-2.964031550117215,0.44524439,7.8036656838463605,-0.37786573,0.96176503,0.0
-0.78441482,-0.47019533,-0.59163147,-0.85955255,-0.37786573,-0.94572324,0.0
-0.23137952,-0.28882764,-0.18589744,-0.85955255,-0.37786573,-0.94572324,0.0
0.28134264,-0.2092028,0.12967348,-2.066847597172403,-0.37786573,0.9549607565953714,0.0
-0.78441482,-0.47019533,-0.59163147,-0.85955255,-0.37786573,-0.94572324,0.0
9.997237792011457,10.0000062172904,0.30999972,1.0341335,-0.37786573,0.37062649,0.0
0.23424168763979825,-0.47019533,-0.59163147,-0.85955255,-0.37786573,-0.94572324,0.0
-0.33148484,-0.24016802,0.58048907,0.95860547,-0.44879521570716374,1.1659211,0.0
0.84216956,-0.42153571,-0.36622367,-0.85955255,-0.37786573,-0.94572324,0.0
-0.78441482,-0.47019533,-0.59163147,-0.85955255,-0.37786573,-0.94572324,0.0
-0.78441482,-0.47019533,-0.59163147,-0.85955255,-3.955475680416502,-0.94572324,0.0
-0.43040447,-0.45250093,-0.41130523,10.004555584272547,3.950168,-2.6290181752614363,0.0
0.64619349,0.15353258,-0.0055711987,1.0645135,-0.37786573,1.3335119,0.20653159597312368
-0.78441482,-0.47019533,9.989496329427736,-0.85955255,10.0049654879065,-0.94572324,0.0
-0.25509313,-0.44807732,0.17475504,-0.85955255,-0.37786573,-0.94572324,0.0
-0.78441482,-0.47019533,-0.59163147,-0.85955255,-0.37786573,-0.94572324,0.0
0.82048854,-0.45250093,-0.18589744,-3.426545970821257,-0.37786573,-0.94572324,0.0
-0.22883878,-0.32864006,-0.32114211,0.40037315,1.7676142,1.5011028,0.0
9.997237792011457,-0.35075807,-0.0055711987,-0.85955255,-0.37786573,-0.94572324,0.0
-0.20004368,-0.44365372,9.989496329427736,-0.85955255,2.0289619443697458,-0.94572324,0.0
0.040141333,-0.34191087,-0.36622367,-0.85955255,1.7716044184292836,-0.94572324,0.0
0.18310054,-0.41711211,-0.27606055,-0.85955255,-0.37786573,0.7635038295332073,0.0
-0.78441482,-0.47019533,-0.5114808298647375,-0.85955255,-0.37786573,-0.94572324,0.0
0.93922598,1.5735089,0.26491816,-0.85955255,-0.37786573,2.069529018448712,0.0
0.37975413,1.728335,-0.32114211,0.18391572,10.0049654879065,0.50774626,0.0
0.4415789,0.193345,0.49032595,0.90712827,-0.0050852238,10.006245889191648,0.0
-0.0016962528,-0.37729969,0.35508128,-3.827462620457047,-0.37786573,-0.94572324,0.0
-0.78441482,-0.8665934957297339,-0.59163147,-0.85955255,-1.0117705931115395,-0.94572324,0.0
-0.78441482,-0.47019533,-0.59163147,-0.85955255,-0.37786573,-0.94572324,0.0
0.16243582,0.05178973,-0.18589744,1.1543876,-0.37786573,0.92519976,0.0
0.052675671,-0.37729969,-0.27606055,0.4189387,2.6291711,0.87644607,0.0
-0.33707447,-0.45250093,-0.050652758,0.82738079,2.2466776,10.006245889191648,0.0
0.73715213,5.0327659,0.26491816,1.4721117,-0.37786573,1.207118705640244,0.0
0.17869658,-0.41268851,-0.08795232659001317,-0.85955255,-0.37786573,-0.94572324,0.0
-0.25509313,-0.43038291,-0.050652758,-0.85955255,-0.37786573,-0.94572324,1.5306232895807108
-0.78441482,-0.47019533,-0.59163147,-0.85955255,-0.37786573,-0.94572324,0.0
0.52559284,0.32162947,-0.0055711987,0.39868538,0.5409154,1.2024864,0.0
-0.78441482,-0.47019533,9.989496329427736,-0.85955255,-0.37786573,-0.94572324,0.0
-0.17937896,-0.30652205,0.17475504,0.43623842,0.4461234,1.3822656,0.0
-0.78441482,-0.47019533,-0.59163147,-0.85955255,-0.37786573,-0.94572324,0.0
0.8805868080464019,0.77283689,-0.095734317,0.069146873,-0.37786573,10.006245889191648,0.0
-0.78441482,-0.47019533,-0.59163147,-0.85955255,1.057969890901282,-0.94572324,0.0
0.15498297,-0.2047792,9.989496329427736,-0.85955255,-0.37786573,-0.94572324,0.0
-0.78441482,-0.47019533,-0.59163147,-0.85955255,-2.9020394299571786,-0.94572324,0.0
0.062161116,-0.2003556,-0.36622367,1.3868789,1.8890098,1.2329575,0.0
1.3631915,10.0000062172904,0.039510361,2.2181092,0.25742837,10.006245889191648,0.0
9.997237792011457,-2.2046519950650807,-0.50146835,-0.85955255,-0.37786573,-0.94572324,0.0
2.9455669,-0.45250093,-0.54654991,-0.85955255,-0.37786573,-0.94572324,0.0
0.41651023,-8.07999946402905,-0.095734317,1.4563349499106377,-0.37786573,-0.94572324,0.0
1.1011561,3.8560877,2.257440528560025,-0.85955255,-3.0091282941546784,-0.94572324,0.37475645806010244
2.6444248006802957,1.6310157,-0.230979,1.0033316,-0.37786573,0.66010155,0.0
0.10653945,-0.067647531,0.12967348,-1.8583599069420305,0.8945663,4.901877093062931,0.0
0.37789092,0.33490027,1.1214678,1.1231638,-0.37786573,10.006245889191648,0.0
-0.12805593,-0.32421646,1.301794,1.1265393,-0.37786573,0.92215265,0.0
-0.15007571,-0.31094565,0.039510361,0.65649335,0.75018876,1.6595523,0.0
0.57335883,0.51184436,-0.095734317,1.4181028,-0.37786573,1.6747878,0.0
-0.78441482,-0.47019533,-0.59163147,-0.85955255,-0.37786573,-0.94572324,0.0
0.16514594,10.0000062172904,-0.14081588,1.3548112,-0.37786573,1.4401607,0.0
-0.05166422,4.137631696983102,-0.18589744,0.14720657,-0.37786573,-0.49779868,0.8002624047219684
-0.2027538,-0.44807732,-0.32114211,-1.3345989137657066,-0.37786573,-0.94572324,0.0
0.4724066,0.87457975,0.039510361,-0.85955255,-0.37786573,-0.94572324,0.0
1.1541729,1.038253,-5.4617856642372535,2.064400216586069,-0.37786573,0.36650613762124074,0.5729902263116319
-0.07063511,-0.13842517,-0.32114211,0.58096532,2.3094333,0.5100048720058784,0.0
1.5381641,0.72417727,0.08459192,1.401225,0.051381705,0.70580814,0.0
3.358655529365662,-0.45250093,-0.27606055,-0.85955255,-0.37786573,-0.94572324,0.0
-0.78441482,-0.47019533,-0.59163147,-0.85955255,-0.37786573,-0.94572324,0.0
-0.78441482,1.4646367470994601,-0.59163147,-0.85955255,-0.37786573,-0.94572324,0.0
0.369083,1.088381743921494,0.2198366,-0.85955255,-0.37786573,-0.94572324,0.0
-0.78441482,-0.47019533,-0.59163147,-0.85955255,-0.37786573,-0.94572324,0.0
-0.78441482,-0.47019533,-0.59163147,-0.85955255,-0.37786573,-0.94572324,0.0
-0.78441482,4.608402240930245,-0.59163147,-0.85955255,-0.37786573,-0.94572324,0.0
1.4197654,1.2859748,-0.27606055,0.1522699,1.9505143,0.89777581,0.0
-0.11162578,-0.43480652,1.9513003238569164,0.94847881,-0.37786573,1.6138457,0.0
0.57234253,0.71975367,0.26491816,-0.85955255,-0.37786573,0.5601775209427928,0.0
-0.78441482,-0.47019533,-0.59163147,-0.85955255,-0.37786573,-7.161586411700185,1.5306232895807108
0.004570916,-0.3949941,0.2198366,0.42231426,0.40532893,1.1110732,0.0
4.3024936,-0.45250093,-0.45638679,-0.85955255,-0.37786573,-0.94572324,0.0
-0.31319148,-0.3994177,-0.731391056469521,0.93919603,0.12710995,0.90691713,0.0
0.12280021,-0.32421646,-0.050652758,1.242574,1.4009578,1.0684137,0.0
-0.036758521,-0.44365372,-0.050652758,-0.85955255,-0.37786573,-0.94572324,0.0
-0.12670086,-0.4038413,0.039510361,-9.386098235157055,-0.37786573,-0.94572324,0.0
-0.78441482,-0.47019533,-0.59163147,10.004555584272547,-0.37786573,-0.94572324,0.0
-0.17531377,-0.45250093,-0.050652758,1.0577624,-0.37786573,0.77589157,0.0
-0.10078527,-0.4038413,-0.230979,0.48771563,-0.37786573,1.4706317,0.0
-0.044905712664814135,0.94978098,0.08459192,1.659033,0.26888639,0.91301134,0.0
-0.78441482,-0.47019533,-0.59163147,-0.9108711236083733,-0.37786573,-3.031382626186786,0.0
-0.33588879,-0.44807732,0.67065219,0.46788424,-0.37786573,1.6473639,0.0
9.997237792011457,10.0000062172904,-1.3868750086064237,-0.85955255,-0.37786573,-0.94572324,0.0
0.32233331,-0.12073076,-0.32114211,-0.85955255,-0.37786573,-0.94572324,0.0
2.2641393,3.7012616,-0.41130523,0.51725173,-0.37786573,0.34015543,0.0
-0.78441482,-0.47019533,-5.371042232104515,10.004555584272547,-0.37786573,10.006245889191648,0.0
9.997237792011457,-0.47019533,-0.59163147,-0.85955255,-0.37786573,-0.94572324,0.13950075296100545
-0.023885418,-0.30209845,9.989496329427736,-0.2515939606539943,0.32858,1.2573343,0.0
0.12161453,0.025248116,-0.095734317,0.9379302,-0.37786573,0.91605844,0.0
0.2191791,0.16237979,0.039510361,-4.8767854669591,-0.37786573,0.56868837,0.0
-0.78441482,-0.47019533,-0.59163147,-0.85955255,-0.37786573,-0.94572324,0.0
-0.78441482,-2.975658060083151,-0.59163147,10.004555584272547,-0.37786573,-0.94572324,-0.44525737929895015
1.2007532,4.8779398,0.26491816,10.004555584272547,-0.10663402478318984,0.32796701,0.0
-0.41583754,-0.44365372,0.26491816,-0.85955255,-0.37786573,-0.94572324,0.0
-0.20309257,2.2091206378676467,-2.609460567849554,0.41176565,-0.37786573,1.6443167,0.0
-0.27779045,-0.44365372,-0.27606055,-0.85955255,-0.37786573,-0.94572324,0.28764090675193976
-0.78441482,-0.47019533,9.989496329427736,-0.85955255,-0.37786573,-0.94572324,0.0
0.5518472,4.3648019,1.6297266480457127,0.50501534,-0.3342499002045694,0.25483647,0.0
-0.15109201,-0.44365372,0.039510361,0.81430052,-0.37786573,1.3365591,0.0
-0.27711291,-0.42153571,0.40016284,0.4189387,-0.37786573,0.82769237,0.0
-0.78441482,-0.47019533,-0.59163147,-3.6325808596370672,-0.37786573,-0.94572324,0.0
-0.78441482,-0.47019533,-0.59163147,-0.85955255,-0.37786573,-0.94572324,0.0
-0.27253957,-0.27998044,0.17475504,1.1033324,10.0049654879065,0.80026842,0.0
1.2092158054898463,-0.45250093,-0.45638679,-0.85955255,-0.37786573,10.006245889191648,1.5306232895807108
-0.78441482,10.0000062172904,-0.59163147,-2.550384491091702,-0.37786573,-0.94572324,0.0
0.037431206,-0.21805001,0.89605999,0.89911132,0.55388798,10.006245889191648,0.0
-0.78441482,-0.47019533,-0.59163147,-0.85955255,-0.37786573,-0.94572324,1.5306232895807108
-0.0101654,-0.35518168,-0.36622367,3.387518660215467,-0.37786573,1.5559507,0.0
0.011007468,-0.33306367,9.989496329427736,1.1906748,0.8545291,1.0409898,0.0
-0.13601692,-0.41268851,-0.36622367,0.14720657,-0.37786573,0.64181891,0.0
-0.78441482,-0.47019533,-0.59163147,-0.85955255,-0.37786573,5.247565553174626,0.0
-0.78441482,0.732009383920725,9.989496329427736,-0.85955255,-0.37786573,-0.94572324,0.0
-0.78441482,2.7159643416371755,-0.59163147,-0.85955255,-0.37786573,-0.94572324,0.17149291750322698
-0.78441482,3.8004730849768933,-0.59163147,-0.85955255,-0.37786573,-0.94572324,0.0
0.25847594,-0.6946875432200832,-0.36622367,0.93835214,2.0977893,1.2146748,0.0
-0.21020665,-0.22247361,1.3919571,0.46535258,-0.37786573,0.8947287,0.0
-0.78441482,0.1613739884870684,-3.3904217925589286,-0.85955255,-0.37786573,1.0087785333946442,0.0
0.57488328,0.28181705,0.17475504,-0.85955255,-0.37786573,-0.94572324,1.5306232895807108
-0.13262927,-0.43923012,-0.050652758,-0.85955255,-0.37786573,-0.94572324,0.0
-0.78441482,-0.47019533,-0.59163147,-0.85955255,-0.37786573,10.006245889191648,0.0
-0.16582832,-0.43038291,1.1246649111655032,0.26281931,0.67294595,5.2893040008109375,0.0
-0.38788936,-0.3994177,-0.14081588,0.89109438,2.016332,1.1963922,0.0
0.054538883,-0.072071133,0.039510361,-0.028744206,-1.7424433777366883,10.006245889191648,0.574803979377478
0.67532736,3.6791436,0.53540751,-0.85955255,-0.37786573,-0.94572324,0.0
-0.78441482,-0.47019533,-0.59163147,-0.4101719948683249,-0.37786573,-0.94572324,0.0
0.23340727,10.0000062172904,-0.32114211,-0.85955255,2.381049042448818,10.006245889191648,0.0
1.6001582,2.6484442,4.576163399463714,-0.85955255,-0.37786573,1.8573717416671043,0.0
-0.78441482,-0.47019533,-0.59163147,-0.85955255,-0.37786573,-0.94572324,0.0
-0.78441482,10.0000062172904,-0.59163147,-0.85955255,-0.37786573,10.006245889191648,0.0
1.3570937,1.1532667,-0.41130523,0.92105243,-0.37786573,1.0105187,0.0
6.085271875271546,-0.16054318,0.71573375,1.143839,0.55978161,10.006245889191648,0.0
3.077255408345655,-0.47019533,-0.59163147,-0.85955255,-0.37786573,-0.94572324,0.0
2.4458872,-0.45250093,-0.50146835,10.004555584272547,0.584965304847363,-0.94572324,0.0
-0.45123858,-3.656721078580286,1.3468756,0.30332596,0.50864859,0.3736736,0.0
-0.78441482,10.0000062172904,-0.59163147,-0.85955255,-0.37786573,-0.94572324,0.0
-0.78441482,-0.47019533,-0.59163147,-0.85955255,-0.37786573,-2.0172144769056635,0.0
-0.78441482,10.0000062172904,-0.59163147,-0.85955255,-0.37786573,-2.5606177896680378,0.0
1.1562055,10.0000062172904,-0.095734317,-0.85955255,-0.37786573,-4.0305957793161244,0.0
0.25017618,10.0000062172904,0.26491816,0.66071279,-0.37786573,1.1872509,-0.39288869924003905
7.439833540546732,-0.33748727,-0.41130523,10.004555584272547,-0.37786573,-0.94572324,0.0
-0.78441482,-0.47019533,-0.59163147,-0.85955255,-0.37786573,-0.94572324,0.0
-0.13449248,-0.35518168,0.26491816,1.757768,1.2547035,0.60830075,0.0
-0.21223925,-0.42595931,0.12967348,-0.12410362,0.72016086,0.91605844,0.0
-0.78441482,-0.47019533,-0.59163147,-0.85955255,-0.37786573,1.44616864784737,0.0
1.7824143,10.0000062172904,-0.18589744,1.3586087,0.47114665,0.54126442,0.0
0.9797085,2.6971039,-0.18589744,1.2759076,-0.37786573,0.45899256,0.0
1.9813487481839651,-0.47019533,-0.59163147,-0.85955255,-0.37786573,4.340480345316932,0.0
0.011007468,-6.1017140772645,0.71573375,0.38855871,0.15397701,1.2634285,0.0
-0.78441482,-0.47019533,-0.59163147,-0.85955255,-0.37786573,-0.94572324,0.0
0.077574963,-0.37729969,-0.230979,-0.85955255,-0.37786573,-0.94572324,0.0
-0.35147202,-0.44807732,0.40016284,0.55818032,-0.37786573,0.65400734,0.2842577382529947
-0.78441482,-0.47019533,-0.59163147,-0.85955255,-0.37786573,-0.94572324,0.0
0.29235253,-0.45250093,0.039510361,-0.85955255,10.0049654879065,-0.94572324,0.0
-1.0762527126152301,-0.47019533,-0.59163147,-0.85955255,-0.37786573,10.006245889191648,0.0
-2.6263879028652912,-2.253038101930027,-0.59163147,-2.44083175648577,-0.37786573,-0.94572324,0.0
0.49544268,1.1046071,0.62557063,1.6092436,-0.37786573,1.2024864,0.0
0.4763024,0.17565059,-0.27606055,-0.85955255,0.647515717387159,-0.94572324,0.0
-0.78441482,-0.47019533,-0.59163147,10.004555584272547,-0.37786573,-0.94572324,0.024473202997610077
1.5493433,1.5210314874815647,-0.41130523,-0.3063780483064893,-0.37786573,0.74542051,0.0
-0.78441482,-0.47019533,-0.59163147,-1.8243438082903585,-0.37786573,-0.94572324,0.0
-0.19631725,-0.35518168,1.301794,-0.85955255,-0.37786573,-0.94572324,0.0
0.12838985,-0.41268851,0.17475504,1.1974259,0.43904446,1.2817111,0.0
0.32080887,-0.2092028,-0.41130523,0.93919603,3.5509813,1.104979,0.0
-0.78441482,-0.47019533,-0.59163147,-0.85955255,-0.37786573,-0.94572324,0.0
0.75527611,3.8870529,-0.230979,-2.5064836459430895,-0.37786573,0.71799656,0.0
0.20088574,-0.195932,-0.095734317,1.2100843,-0.37786573,1.0501311,0.0
0.089262386,-0.37729969,-0.04462397395312623,1.1121932,1.6121408,1.650411,-0.7540273045114745
2.7627630897012194,0.32162947,-0.41130523,-0.85955255,-0.37786573,-0.94572324,0.0
0.60079887,10.0000062172904,-0.41130523,-0.8753389222503254,-0.37786573,0.52602889,0.0
9.997237792011457,-0.41711211,-0.0055711987,10.004555584272547,-0.37786573,0.9465295,0.0
1.044074,0.99844061,-0.14081588,-0.85955255,-0.37786573,-0.94572324,0.0343495068478488
-0.040315563,-0.3949941,0.2160796765428363,-0.85955255,-0.37786573,-0.94572324,0.0
0.39618427,0.065060536,-3.43575340881156,0.85691689,-0.37786573,1.0288014,-0.30678488696232176
-0.16870783,-0.37287609,0.2198366,1.1413074,-0.37786573,0.93738818,0.0
0.010838085,0.30393506,1.0763862,0.49826423,0.34323177,0.90082291,0.0
3.3729201,2.6528678,-0.45638679,0.87084106,2.3305384,5.986406144641204,0.0
-0.78441482,10.0000062172904,-0.59163147,-0.85955255,-0.37786573,10.006245889191648,0.0
0.017274636,-0.35960528,-0.32114211,-0.85955255,-0.37786573,-0.94572324,0.0
1.2862916,1.8654666,0.039510361,-0.85955255,-0.37786573,-0.94572324,0.0
-0.78441482,-0.5321362448295781,-0.59163147,-0.85955255,-0.37786573,-0.94572324,0.0
-0.78441482,-0.47019533,-0.59163147,-0.85955255,-0.37786573,-0.94572324,0.0
3.5116447,2.7369163,0.039510361,-0.85955255,-0.37786573,-0.94572324,0.0
-0.78441482,-0.47019533,-0.59163147,10.004555584272547,10.0049654879065,-0.94572324,0.0
-0.17514438,-0.36845248,-0.14081588,-1.454984038768598,1.0909329,0.96481214,0.0
-0.32047495,-0.43038291,0.80589687,0.9007991,0.11048266,0.99223609,0.0
9.997237792011457,-0.35960528,2.2485068,-0.18528554,0.36288818,1.2329575,0.0
-0.2911717,1.9620055844874393,-0.18589744,-0.85955255,-0.37786573,-0.94572324,-0.09524235481161299
-3.9162571881768473,-0.47019533,-0.59163147,-0.85955255,-0.37786573,10.006245889191648,-0.17255053556994968
1.8488124,4.8956342,0.039510361,2.0501754,-0.37786573,0.61439496,1.5306232895807108
-0.78441482,-0.47019533,-0.59163147,-0.85955255,-0.37786573,-0.94572324,0.0
-0.78441482,-0.47019533,-0.59163147,-0.85955255,10.0049654879065,-0.94572324,0.0
0.1397385,-0.28440404,-0.050652758,0.95776158,0.91020582,1.1750624,0.0
0.68328836,-0.45250093,-0.45638679,-0.85955255,-0.37786573,10.006245889191648,0.0
-0.78441482,-0.47019533,-0.59163147,-0.85955255,-0.37786573,-0.94572324,-0.16178562041866695
0.095868321,5.677335193529432,-0.095734317,-0.8616698001948541,-2.5588396814433585,1.1263087,0.0
-0.16413449,-0.4082649,0.80589687,0.99573657,10.0049654879065,0.97395345,1.5306232895807108
-0.52085496,-4.5014140629405555,6.0804393,1.0805474,0.12645144,0.62353628,-0.5842445717905098
-0.30946506,-0.41268851,-0.14081588,0.54763172,2.5874547,10.006245889191648,0.0
4.697726734697168,-0.45250093,5.719564842384983,-0.85955255,-0.37786573,-0.94572324,0.0
0.12364712,0.66667044,0.80589687,0.4560698,0.089015349,0.62658339,0.0
-0.17192611,-0.4082649,0.2198366,-0.85955255,-0.37786573,-0.94572324,0.0
0.065718157,0.047366127,-0.230979,0.64678863,3.0162741,0.84902211,1.5306232895807108
-0.39889925,-0.41139153303313314,1.7075281,-0.85955255,-0.37786573,-0.94572324,0.0
-0.78441482,-0.47019533,-0.59163147,-0.85955255,-0.37786573,-0.94572324,0.0
-4.600193676580628,-0.47019533,-0.59163147,-0.85955255,-0.37786573,-0.94572324,0.0
-0.40872346,-0.35518168,2.428833,4.097342100038784,-0.37786573,0.99223609,0.0
0.24882112,-0.31094565,0.039510361,1.1510339213521208,-0.37786573,-1.6588548961757803,0.0
9.997237792011457,-0.04552952,-9.058443877923507,10.004555584272547,1.2817352,1.0684137,0.0
-0.78441482,-0.47019533,-0.59163147,-0.85955255,-0.37786573,-0.94572324,0.0
0.14431184,-0.17823759,-0.0055711987,-0.85955255,3.066451151827192,-0.94572324,0.0
-0.32437075,-0.44365372,0.85097843,1.2590298,-0.37786573,0.19893610527111738,0.0
0.12178391,0.29066425,5.161964682702546,0.62991086,0.85018296,1.047084,0.0
9.997237792011457,-0.42153571,-0.54654991,-0.85955255,-0.37786573,-0.94572324,0.0
-0.39212393,-0.43038291,0.35508128,0.70543889,2.279276037921651,0.86121054,0.0
0.26660632,0.11372016,-4.313936845202087,0.83624162,-0.37786573,1.2756169,0.2515844345155808
-0.016093803,-0.24901522,-0.050652758,0.67337112,-0.37786573,1.2024864,0.0
0.43971569,-0.45250093,-0.45638679,-0.85955255,-0.37786573,-0.94572324,0.0
0.090786833,-0.35960528,0.85097843,10.004555584272547,-0.37786573,0.90387002,0.0
-0.29997961,-0.4082649,0.67065219,5.815654217947065,-0.37786573,1.132403,0.0
0.25441075,-0.018987906,0.26491816,1.151434,-0.37786573,10.006245889191648,0.0
-0.78441482,-0.47019533,-0.59163147,-0.85955255,-0.37786573,-0.94572324,0.0
0.55489609,0.042942525,-0.18589744,1.1476365,-0.37786573,0.95262371,0.0
0.30183798,-0.44365372,-0.32114211,0.54763172,2.6000651,1.0714608,0.0
-0.78441482,-0.47019533,-0.59163147,-0.85955255,-0.37786573,-0.94572324,0.0
0.69057182,1.6398629,0.67065219,1.2231646,0.11048266,0.80636263,0.0
1.800895877920907,-0.45250093,-0.230979,0.50037395,-0.37786573,1.2756169,0.0
1.374404404847948,-0.30209845,1.7075281,0.27632153,0.12075536,1.4432078,0.0
6.9242028,-0.45250093,-0.54654991,-0.85955255,-0.37786573,-0.94572324,0.0
0.17344571,-0.27555684,-0.095734317,1.0877204,0.8877199174493687,-3.0446889025739523,0.0
-0.78441482,-0.47019533,-0.59163147,-0.85955255,-0.37786573,-0.94572324,0.0
0.21714651,-0.14727237,1.6624465,1.121476,0.13530835,2.899776027208362,-0.29799211557157074
5.2014089,-0.44807732,9.989496329427736,-0.85955255,-0.37786573,-0.94572324,0.0
0.71394667,-0.44807732,0.12967348,-0.85955255,-0.37786573,-0.94572324,0.0
-0.045397051,10.0000062172904,-0.27606055,0.050581324,-0.37786573,10.006245889191648,0.0
0.75425981,1.0249822,-0.27606055,0.045939936,2.0705271,0.82159816,0.0
-0.42058026,-0.45250093,0.08459192,-0.85955255,-0.37786573,-2.959995032577961,0.0
-2.6984851994507455,1.9097027,-0.230979,0.0071210601,3.3353863,1.3855918152745716,0.0
-0.019312079,-0.29767485,0.58048907,-0.85955255,7.050820576866893,-0.94572324,1.5306232895807108
0.80626037,2.3520629,0.35508128,-0.85955255,-0.37786573,-0.94572324,0.0
-0.78441482,-0.47019533,2.0114028992487274,-0.85955255,-0.37786573,-0.94572324,1.5306232895807108
-0.076224747,-0.42153571,1.83167309025262,3.1022096920714115,2.1947214,1.2999938,0.0
0.21579144,-0.19150839,-0.18589744,-0.85955255,-0.37786573,-0.94572324,0.0
0.80067074,1.2284679,-0.27606055,3.0725962090071812,0.9991042,1.1019319,0.0
-0.0066083581,-0.10745995,0.2198366,1.4206345,0.4540584,1.2146748,0.0
-0.78441482,-0.47019533,-0.59163147,-0.85955255,-0.37786573,-0.94572324,0.0
-0.78441482,-0.47019533,-0.59163147,2.167840033533361,-0.37786573,-2.0754309854500157,0.0
-0.78441482,-0.47019533,-5.811763108543015,10.004555584272547,-0.37786573,-0.94572324,0.0
-0.78441482,-0.47019533,-0.59163147,-0.85955255,-0.37786573,5.031699431379403,-0.35447611030285175
-0.78441482,-7.979274512204954,-0.59163147,-0.85955255,-0.37786573,-1.2018737704891642,0.0
1.0688039,-0.45250093,-0.50146835,-0.85955255,1.1624087998531838,-0.94572324,0.0
-0.54151968,-0.37729969,-2.837156449732267,0.029906053,-3.8105591203939504,1.1811567,0.0
-0.78441482,2.9077867850596366,-0.59163147,-0.85955255,-0.37786573,-0.94572324,0.0
-3.313439444734556,-0.30209845,1.0763862,0.41978259,0.37273286,0.76675026,0.0
9.997237792011457,-0.24016802,-0.14081588,-0.85955255,-0.37786573,-0.94572324,0.0
-0.78441482,-0.47019533,-0.59163147,-0.85955255,-0.37786573,-0.94572324,0.0
-0.037944202,0.1971445775866864,0.17475504,0.56915088,-0.37786573,1.5864217,0.0
-0.24238941,-0.42595931,0.26491816,1.2282279,0.44628803,0.78198578,0.0
0.64822609,-0.9041589627959341,-0.36622367,0.3598665,2.1339413,0.67228997,0.0
0.055385798,-0.27113323,0.85097843,-0.85955255,-0.37786573,0.40866177201298326,0.0
-0.21020665,-0.34633447,1.4370387,0.50290562,0.52860133,1.1994393,0.0
-0.78441482,-0.47019533,2.075159831564874,-0.85955255,-0.37786573,-0.94572324,0.0
9.997237792011457,1.6531337,-0.32114211,-0.85955255,-0.37786573,0.4257649031493811,0.0
-0.78441482,-0.47019533,-0.59163147,10.004555584272547,-0.37786573,-0.94572324,0.0
9.997237792011457,-0.5502107706626457,-0.59163147,-0.85955255,0.15887287757903712,-0.94572324,0.0
-0.78441482,-0.47019533,-0.59163147,-0.85955255,-0.37786573,-0.94572324,1.5306232895807108
-0.78441482,-0.47019533,-0.59163147,-0.85955255,-0.37786573,-0.94572324,-0.5749333004264614
-0.43108201,-0.42153571,0.76081531,-0.85955255,-0.37786573,-0.94572324,0.6957943868153964
0.30776638,-0.041105917,-0.27606055,-0.85955255,-0.37786573,-0.94572324,0.1072737722549244
-0.78441482,10.0000062172904,-0.59163147,-2.3515576482731295,-0.37786573,-0.94572324,1.5306232895807108
0.38974772,1.1753847,-0.50146835,0.67379306,-0.37786573,0.65096023,-0.1595757685533875
-0.28964725,-0.34633447,0.42627914212660944,1.3531234,0.47717198,0.8916816,0.0
0.051828756,1.0160432809977826,0.58048907,-0.054904753,-0.37786573,1.2938996,0.0
1.6400438650335811,10.0000062172904,-2.517899957030817,1.4501930225316992,-0.37786573,-2.104770492185371,0.0
-2.6416558679160476,-0.10303635,0.89605999,0.94805686,-0.37786573,0.85511633,-0.7723836204000267
0.046408502,-2.1308589742629693,0.40016284,1.4932089,-0.37786573,1.0318485,0.0
0.9443313546899506,3.4535399,-0.41130523,1.356077,-0.37786573,10.006245889191648,0.0
-0.15431028,-0.4038413,0.17475504,0.61429892,0.1855524,0.43461572,0.0
1.6653098116453076,-0.27555684,9.989496329427736,0.83497579,-0.37786573,1.8820150627706078,0.0
-0.34334164,-0.42153571,0.26491816,-0.7472657304123502,0.92459419,1.0409898,0.0
-0.055051879,-0.3949941,-0.32114211,-0.85955255,-0.37786573,-0.94572324,0.0
-0.39720542,-0.38614689,2.0681805,1.7548144,0.61140852,0.7393263,0.0
0.61146999,-0.058800326,-3.4614481795029213,0.97759296,-0.37786573,1.3761714,0.0
-0.78441482,-0.47019533,-0.59163147,-0.85955255,-0.37786573,-0.94572324,0.0
-0.26220722,-0.41711211,0.35508128,0.36830539,-0.37786573,1.3335119,0.0
-0.78441482,10.0000062172904,-0.59163147,-0.85955255,-0.37786573,-0.94572324,0.18127604350828908
-0.36807155,-0.4082649,3.0109317959479873,0.75269665,-0.37786573,10.006245889191648,0.0
0.5299968,0.6106773174464596,-0.27606055,2.2842874245371343,-0.37786573,-0.94572324,0.0
0.75222721,0.7861077,0.12967348,1.0543868,0.6832845,1.2390517,0.0
-2.3653957358098263,-0.24901522,0.2198366,0.69362445,0.4185649,0.98004767,0.0
-0.78441482,-0.47019533,-0.59163147,-0.85955255,1.883768852013206,-0.94572324,0.0
-0.036250373,-0.24016802,1.2567125,1.3691573,-0.37786573,1.3487475,0.19492077037183794
-0.011181697,10.0000062172904,-0.32114211,0.9045966,4.7534471,-1.972519478259604,0.0
5.9832806,-0.45250093,-0.54654991,-0.85955255,-0.37786573,-5.44712957269809,0.0
0.97649023,1.5027313,-0.32114211,1.3569209,-0.37786573,0.35843807,0.0
-1.4586248636930654,-0.4038413,2.6215529010337644,0.90206493,-0.37786573,1.3152293,0.0
2.51923,-0.44365372,-0.54654991,-0.85955255,-0.37786573,-0.94572324,0.0
-0.78441482,-0.47019533,-0.59163147,-0.85955255,-0.37786573,-0.94572324,0.0
-0.78441482,-0.47019533,-0.59163147,-0.85955255,-0.37786573,-0.94572324,-0.09309667479343307
-0.40940099,0.20661581,5.1337266,-0.85955255,-2.446851791256638,-0.94572324,0.0
-0.30878752,-0.44365372,0.49032595,0.39573177,0.33085184,0.98004767,0.0
1.0611309350700289,-0.42595931,-2.5833426430924478,0.62822308,-4.090689737391875,10.006245889191648,0.0
-0.30218159,-0.3949941,-0.095734317,0.41640704,1.5996292,0.88254028,0.4927595409873158
-0.78441482,-0.47019533,-0.59163147,-0.6062748799495165,-0.37786573,-0.94572324,0.0
0.50899331,1.0736418,-3.240568680980232,1.9029168,-0.37786573,0.92519976,0.0
-0.48003368,-0.45250093,1.301794,10.004555584272547,-0.37786573,-0.94572324,0.0
-0.78441482,-0.47019533,-0.59163147,-0.85955255,-0.37786573,-0.94572324,0.0
-0.78441482,-0.47019533,-0.59163147,-0.85955255,-0.37786573,-0.94572324,0.0
1.3977456,0.06291584054974786,9.989496329427736,0.92105243,3.6993758,4.260888413573866,0.19845132316227582
-0.35147202,-0.45250093,0.76081531,-0.85955255,-0.37786573,-0.94572324,0.08990107964567437
-0.14330039,-0.43480652,-0.18589744,0.8045958,-0.37786573,1.5224325,0.0
0.050473693,-0.33306367,-1.128284965257393,0.62737919,-0.37786573,1.3152293,0.0
-0.35181079,1.7364979093307271,-0.230979,1.0210532,-0.37786573,0.88863449,0.0
9.997237792011457,-0.33306367,0.67065219,0.13117269,1.3770869,0.95871792,0.0
-0.78441482,-0.47019533,1.5828436349430886,-0.85955255,-0.37786573,-0.94572324,0.0
-0.20800467,-0.29325125,0.30999972,1.3683134,0.50446707,10.006245889191648,0.0
-0.023377269,-0.28440404,-0.27606055,1.2898318,-0.37786573,0.86730475,0.0
0.038278121,-0.24901522,0.35508128,1.4155712,0.65862343,1.2451459,0.0
0.32250269,0.9763226,0.80589687,0.63919363,2.0538669,0.65096023,1.5306232895807108
2.2102756,2.2547436,-0.41130523,1.8349838,-0.37786573,0.71494946,0.0
2.1096621,0.193345,-0.18589744,-0.85955255,-0.37786573,-0.94572324,0.0
-0.20105997,-0.25343882,1.4370387,1.0214752,10.0049654879065,0.34041882209998053,1.5306232895807108
-0.78441482,-0.47019533,-0.59163147,-0.85955255,-0.37786573,-0.94572324,0.0
-0.31183642,-0.42153571,0.17475504,0.67548084,10.0049654879065,1.306088,0.0
-0.78441482,-0.47019533,-0.59163147,-0.85955255,-0.37786573,-0.94572324,0.0
-0.78441482,-0.47019533,-0.59163147,-0.85955255,-0.37786573,-0.94572324,0.0
9.997237792011457,0.16680339,-0.18589744,0.8400412528268869,-0.37786573,1.1202145,0.0
-0.78441482,-0.47019533,-0.59163147,10.004555584272547,10.0049654879065,-0.94572324,0.0
-0.25610943,-0.43480652,0.94114155,0.41640704,0.50114161,0.92215265,0.0
-0.5472787,-0.42153571,23.977818,-0.11988418,10.0049654879065,0.90691713,0.0
-0.78441482,-0.47019533,-0.8949814626922392,-0.85955255,-0.37786573,-0.94572324,0.0
0.83691868,5.0770019,-0.14081588,-0.85955255,-0.37786573,-2.4216800352280803,0.0
-0.18877537842631187,-0.36402888,-0.18589744,0.40163899,-0.37786573,-0.606016996276307,0.0
-0.78441482,-0.47019533,-0.59163147,-0.85955255,-0.37786573,10.006245889191648,0.0
1.1773784,0.76841329,9.989496329427736,0.96282491,0.76516978,1.1080261,0.0
-0.21647382,10.0000062172904,-0.27606055,0.91050382,-0.37786573,0.76370315,0.0
-0.78441482,-0.47019533,-0.59163147,-2.593696600153143,-0.37786573,-0.94572324,0.0
-0.78441482,-0.47019533,-0.59163147,-6.546101710845933,-0.37786573,-0.94572324,0.0
0.1775109,-5.3114490291137955,0.40016284,-1.0209974080584625,-0.37786573,1.0440369,0.0
0.10738636,-0.098612747,-0.0055711987,1.0877204,-3.583048265939244,10.006245889191648,0.0
0.14160171,-0.31536926,0.40016284,1.0877204,-0.37786573,0.86730475,0.0
-0.78441482,-0.47019533,-0.59163147,-0.85955255,-0.37786573,-0.94572324,0.0
-0.78441482,-0.47019533,-0.59163147,-0.85955255,10.0049654879065,-0.94572324,0.0
-0.78441482,-0.47019533,0.2019031865618388,-8.09433862883923,-0.37786573,10.006245889191648,0.0
-0.55794983,-0.44807732,-0.59163147,-0.85955255,-0.37786573,-0.94572324,0.0
1.1886392150363345,0.21103941,-0.27606055,0.3293564446511298,-0.37786573,10.006245889191648,0.0
-0.27609662,-0.03860385202859146,0.08459192,-0.85955255,-0.37786573,-5.73845619975137,0.0
0.27947943,-3.582535950749794,-0.230979,-0.85955255,-0.37786573,10.006245889191648,0.0
0.037769972,-0.23132081,-0.095734317,0.71640944,1.5377699305593855,-0.48705195467855333,0.0
-0.012875527,-0.2003556,-0.14081588,0.79362525,-1.5856916177745952,1.1598269,0.0
-0.067924982,-0.24901522,0.98622311,1.083501,1.1989609,1.1354501,0.0
-0.78441482,-0.47019533,-0.59163147,-0.85955255,-0.37786573,-0.94572324,0.0
-0.78441482,-0.47019533,4.275842015632788,-0.85955255,-0.37786573,-0.94572324,0.0
0.7072551874141474,2.0424107,0.26491816,-0.85955255,-0.37786573,-0.94572324,0.0
-0.60046495,-0.4082649,0.8869881270511362,-0.021571153,1.6510914,1.1933451,0.0
9.997237792011457,-0.2003556,0.2198366,-0.15659333,-0.37786573,1.0866964,0.0
0.5626877,0.10044935,-0.095734317,10.004555584272547,0.78871138,1.1598269,0.0
0.23256035,-0.22247361,-0.18589744,-0.10469418,-0.37786573,0.43461572,0.0
0.44039322,0.46318474,9.989496329427736,0.70121944,-0.37786573,0.89777581,0.0
-0.78441482,-0.47019533,-0.59163147,-0.85955255,-0.37786573,-0.94572324,-0.9379423704845484
0.042173929,-0.38172329,3.0192338880571756,-0.85955255,-0.37786573,-0.94572324,0.0
-0.78441482,-0.47019533,-0.59163147,-0.85955255,-0.37786573,-0.94572324,0.0
3.7313344,-0.44365372,9.989496329427736,-0.85955255,-0.37786573,-0.94572324,0.0
0.39957193,0.193345,-0.14081588,1.1615607,-0.37786573,1.2268632,1.5306232895807108
-0.78441482,-0.47019533,-0.59163147,-0.85955255,-0.37786573,10.006245889191648,0.0
-0.78441482,-0.47019533,-0.59163147,-0.85955255,-0.37786573,-0.94572324,0.0
-0.78441482,-0.47019533,-0.59163147,-0.85955255,10.0049654879065,-0.94572324,0.0
-0.24272818,-0.45250093,-0.0055711987,-0.85955255,-0.37786573,-0.94572324,0.0
-0.02456295,-0.4038413,-0.18589744,0.61303308,1.3555537,1.4066425,-0.006186605912540762
0.85639772,2.9271312,0.039510361,-1.4231433036205257,0.54028982,0.56259416,0.0
-0.78441482,-0.47019533,-0.59163147,-0.85955255,-0.37786573,-0.94572324,0.0
1.640302,-0.44807732,3.5031381328984437,10.004555584272547,-0.37786573,-0.94572324,0.0
0.97327195,0.87457975,-0.095734317,0.98307824,-0.37786573,0.71799656,0.0
-0.39483406,2.7410218529574903,-2.0405554536389747,-0.85955255,-0.37786573,-0.94572324,0.0
-0.78441482,-0.47019533,9.989496329427736,-0.85955255,-0.37786573,-0.94572324,0.0
-0.053019284,-0.16054318,0.67065219,1.7075566,0.031099706,3.8142063119200302,0.0
1.2600373,-0.29767485,-0.41130523,-0.85955255,-0.37786573,-0.94572324,0.0
-0.78441482,2.3670662365013557,-5.264537209151639,-0.85955255,-0.37786573,-2.2169151988570124,0.0
-0.78441482,-0.47019533,-0.59163147,10.004555584272547,-0.37786573,-0.94572324,0.0
2.5668267,1.2859748,-0.18589744,2.2181092,0.18762669,0.83073948,0.0
0.41769591,-0.32421646,4.0155027873885025,-0.85955255,-0.37786573,-0.94572324,0.0
0.011007468,-0.42595931,-0.14081588,-0.85955255,-0.37786573,-0.94572324,0.0
2.833129935138795,-0.45250093,-0.59163147,-0.14140334,-0.37786573,0.31577859,0.0
9.997237792011457,-0.25343882,1.551224132436481,2.0809773,10.0049654879065,1.1872509,0.0
9.997237792011457,-0.47019533,-0.59163147,-0.85955255,-0.37786573,-0.94572324,0.0
-0.19563972,-0.39057049,0.94114155,0.65522751,0.28041025,1.2268632,1.5306232895807108
-0.78441482,-0.47019533,1.3756721243186025,-0.85955255,-0.37786573,-0.94572324,0.0
0.11246785,-0.29767485,-0.14081588,0.67970028,0.57031772,1.2999938,0.0
-0.12128061,-0.37729969,0.44524439,0.88096772,0.3820178,1.1689682,0.0
5.6045403,-0.43038291,-0.50146835,-0.85955255,-0.37786573,-0.94572324,0.0
-0.78441482,-0.47019533,-0.59163147,-0.85955255,-0.37786573,-0.94572324,0.0
1.5456169,-0.45250093,-0.54654991,-0.85955255,-0.37786573,-0.054636982101802345,-0.022525565182484428
0.90975335,0.93651018,0.2198366,0.53877089,4.064547069969327,0.87949317,0.0
-0.78441482,-0.47019533,-0.59163147,-0.85955255,-0.37786573,-0.94572324,0.0
0.72749731,1.9981747,9.989496329427736,0.30163819,0.029749768,1.6769664223807834,0.0
0.38466623,-0.023411508,0.08459192,-0.85955255,-0.37786573,-4.25300568382151,0.0
0.4227774,1.449648,2.6687344526345704,0.71008027,-5.525911049800552,5.066097565241789,0.0
0.22188923,-0.098612747,-0.095734317,1.1050201,1.1846384,1.1811567,0.0
-0.0059308263,10.0000062172904,-0.095734317,-0.85955255,-0.37786573,-0.94572324,0.0
-0.78441482,-0.47019533,-0.59163147,-0.85955255,-0.37786573,-0.94572324,0.0
4.3448394,-0.2045209958758342,-0.45638679,-0.85955255,-0.37786573,-0.94572324,0.33293540523542453
0.14092418,-0.195932,0.2198366,0.28265069,-0.37786573,1.104979,0.0
0.3006523,-0.21805001,-0.27606055,0.3674615,-0.37786573,0.8947287,0.0
-0.78441482,-0.47019533,-0.59163147,-0.85955255,-0.37786573,-0.94572324,0.0
-0.78441482,-0.47019533,-0.59163147,-0.85955255,10.0049654879065,10.006245889191648,0.0
-0.10806874,-0.42153571,-0.18589744,0.63624002,-0.9963127706556407,1.2177219,0.0
-0.39076887,-0.33748727,-0.050652758,-0.85955255,-0.37786573,-0.94572324,1.5306232895807108
1.4455116,2.7374704119623328,-0.0055711987,0.86408995,-0.37786573,0.64486602,-0.6230556502122995
9.997237792011457,-0.36845248,13.113163,-0.85955255,-0.37786573,-0.94572324,0.0
-0.78441482,-0.47019533,-0.59163147,-0.85955255,-0.37786573,-5.17111249599618,0.0
-0.19631725,5.281190863231679,0.2198366,5.569518766807562,0.48306561,0.99223609,0.0
-0.78441482,-0.47019533,-0.59163147,10.004555584272547,10.0049654879065,-0.94572324,1.5306232895807108
-0.78441482,-3.0283181576672673,-0.59163147,-0.85955255,-0.37786573,-0.94572324,0.0
-0.45208549,-0.43923012,6.260454091999311,0.11345103,-0.12144331,1.2420988,1.5306232895807108
0.30183798,-0.032258713,0.2198366,0.80670552,0.55678541,-3.726168436252476,0.0
-0.12399074,-0.45250093,-0.36622367,10.004555584272547,2.4609885,0.9434824,0.0
9.997237792011457,-0.47019533,-0.59163147,-0.85955255,-2.7501911770445098,-0.94572324,0.0
-0.14702682,-0.19150839,0.12967348,0.061129931,-0.37786573,0.48641652,0.6284672035783172
-0.1947928,-0.3994177,-0.0055711987,0.50037395,-0.37786573,1.0623195,0.0
-0.39059948,-0.44807732,0.53540751,-2.032015537162106,-0.37786573,1.162874,0.0
0.43514235,1.1134543,0.40016284,-0.85955255,-0.37786573,-0.94572324,0.0
0.56285709,0.90996856,-0.095734317,1.1328685,2.7055690111131714,0.9434824,0.0
0.52406839,-0.45250093,-0.748846879443003,-0.85955255,10.0049654879065,-0.94572324,0.0
0.49730589,0.68436485,-0.41130523,-0.85955255,-0.37786573,-5.401856569759408,0.0
-0.49307616,-0.35518168,1.9780174,0.69995361,-0.37786573,1.2664756,0.0
0.058095925,-0.37729969,0.12967348,1.30890767916786,10.0049654879065,0.80331553,-0.974537460284182
-0.20614146,5.657444414101087,0.35508128,10.004555584272547,0.63524645,1.1476385,0.0
9.997237792011457,1.3921412,0.2198366,0.4712598,5.340350844552868,0.49555783,0.0
-0.78441482,-0.47019533,-0.59163147,-0.85955255,-0.37786573,-0.94572324,0.0
0.10416808,-0.24901522,0.40016284,0.89826744,1.2847314,1.2725698,-0.35154496149410785
-0.78441482,-0.47019533,-0.59163147,-0.85955255,-0.37786573,-0.94572324,0.0
0.36078324,0.51626796,-0.18589744,1.265359,-0.37786573,0.93434108,0.0
9.997237792011457,2.3598475572212143,-0.59163147,-0.85955255,-0.37786573,-0.94572324,0.0
0.1268654,-0.4082649,-0.230979,1.3683134,1.2048545,0.81245684,0.0
-0.15075324,-0.4082649,-0.14081588,-0.85955255,-0.37786573,-0.94572324,0.0
-0.18513798,-0.41711211,0.40016284,0.92147437,-0.37786573,0.82159816,0.0
0.34875705,-0.44365372,-0.32114211,-0.85955255,-0.37786573,-0.94572324,0.0
-0.78441482,-0.47019533,-0.59163147,-0.85955255,6.440178229614834,-0.94572324,0.17727087313712
0.91500422,-4.382808742356824,0.40016284,2.3750725,-0.37786573,1.2756169,0.0
-0.78441482,-0.47019533,-0.59163147,-0.85955255,-0.37786573,-0.94572324,0.0
-0.78441482,-0.47019533,-0.59163147,-0.85955255,-0.37786573,-0.94572324,0.0
9.997237792011457,-0.089765542,0.5965525185023188,1.0847668,-0.37786573,0.8947287,0.0
-0.78441482,-0.47019533,9.989496329427736,-0.85955255,-0.37786573,-0.94572324,0.0
-0.51289397,-0.43923012,-0.59163147,0.96409075,-0.37786573,-4.147383908824176,0.0
1.6570709,3.5464355,-0.41130523,-0.85955255,-0.37786573,-0.94572324,0.0
-0.78441482,10.0000062172904,-0.59163147,-0.85955255,0.3445888161120748,-0.94572324,0.0
-0.78441482,-0.47019533,-0.59163147,-0.85955255,-0.37786573,-0.94572324,0.0
-0.78441482,-0.47019533,-0.59163147,-0.85955255,-0.37786573,-0.94572324,-1.025317770376143
2.2565171,2.6263262,-0.0055711987,10.004555584272547,-0.37786573,1.1384972,0.0
-0.78441482,-0.47019533,0.864476050900566,-0.85955255,-0.37786573,-0.94572324,0.0
9.997237792011457,-0.47019533,-0.59163147,-0.85955255,2.865114978945444,-0.94572324,0.0
2.1347308,1.6708281,9.989496329427736,0.98181241,-2.140757473876009,0.67228997,0.0
0.41244504,-0.058800326,0.43707193064440836,1.1978479,-0.37786573,1.2542872,0.0
-0.78441482,-0.47019533,-0.59163147,-0.85955255,-0.37786573,-0.94572324,0.0
0.11636366,0.01197731,0.76081531,10.004555584272547,-2.505893213671621,1.3975012,0.0
-0.78441482,-6.549944354428213,-0.59163147,-0.85955255,-0.37786573,-0.94572324,0.0
9.997237792011457,10.0000062172904,-0.59163147,-0.85955255,-0.37786573,-0.94572324,0.0
0.2191791,-0.18708479,3.1952195,0.39488788,0.87247341,0.90387002,0.0
0.11026587,4.98377520686161,-0.14081588,1.1797043,-0.37786573,1.0318485,0.0
-0.78441482,-0.47019533,-0.59163147,-0.85955255,-0.37786573,-0.94572324,0.0
-0.39720542,-0.36402888,0.58048907,0.79826663,0.71008571,4.197153676604383,0.0
-0.78441482,-0.9607473915660177,-0.59163147,-0.85955255,-0.8923432636304481,-0.94572324,0.0
-0.24459139,-0.35075807,-0.18589744,-0.12621334,-0.37786573,0.44985124,0.0
1.2290402,2.2901325,0.35508128,-11.59239791533433,-0.37786573,-0.94572324,0.0
-0.78441482,1.6202456132570942,-0.59163147,-0.85955255,-0.37786573,-0.94572324,0.0
-0.028289374,0.13141457,1.9329359,-0.85955255,-0.37786573,-0.94572324,0.0
-0.15922239,4.559729373356947,-0.27606055,-0.85955255,-0.37786573,0.19750787094612043,0.0
9.997237792011457,-0.4038413,-0.0055711987,0.4379262,1.2687955,1.0653666,0.0
1.1252084,4.0020665,-0.41130523,-0.85955255,0.4004159737196873,-0.94572324,0.0
0.10128857,-0.27998044,-0.050652758,-0.19752193,-0.37786573,0.59611233,0.0
-0.78441482,-0.47019533,-0.59163147,-0.85955255,-0.37786573,2.5264163880102957,0.0
-0.78441482,-0.47019533,-2.87329894558402,-0.85955255,10.0049654879065,-0.94572324,0.0
0.31471108,-0.33306367,-0.095734317,1.9754912,-0.37786573,0.02380327538679039,0.0
-0.78441482,-0.47019533,-0.59163147,-0.85955255,-0.37786573,-0.94572324,0.0
0.4981528,-0.080918338,-0.230979,1.2704223,0.84807574,1.0592724,0.0
-0.24103435,-0.42647603325660194,0.76081531,0.87210689,0.35633604,1.2756169,0.0
0.14414246,10.0000062172904,-0.050652758,0.74088221,-7.586856929897808,1.2085806,0.0
-0.084016362,-4.140798002090488,5.16186974959908,0.71092416,1.3495613,1.01966,0.0
0.26457373,-0.26670963,-4.588666196601562,-0.85955255,-0.37786573,-0.94572324,0.0
-0.34960881,-0.27113323,0.039510361,0.37168094,2.126599,0.90387002,0.0
0.086213493,0.016400912,0.40016284,1.6738011,-1.1115128888556676,0.6875255,0.0
-0.31454654,2.5468185051045813,0.08459192,-0.85955255,-0.37786573,-1.6355086401254644,0.0
2.653258531667091,-0.43923012,0.62557063,-0.85955255,-0.37786573,-0.94572324,0.0
9.997237792011457,2.2857089,1.8012962066191345,2.2733839,-0.37786573,1.1781095,0.0
-0.78441482,-0.47019533,-0.59163147,-0.85955255,-0.37786573,-0.94572324,1.5306232895807108
-0.12703963,-0.43480652,-0.230979,2.700917143427309,1.9624333,0.81855105,0.0
-0.10214034,-0.44365372,0.53540751,0.52358089,0.43848473,0.92215265,0.4398020612937425
0.061483584,-0.38614689,-0.27606055,0.60628198,1.2022205,1.1141203,0.0
-0.78441482,-0.47019533,2.4413364832426145,-0.85955255,-0.37786573,-2.3749614375532295,0.0
0.69226565,1.2063499,-0.27606055,-0.85955255,-0.37786573,-0.94572324,0.0
-0.78441482,3.211699911307413,-0.59163147,-1.8893486453555752,-0.37786573,-0.94572324,0.0
0.60079887,0.90996856,-0.36622367,0.99911212,1.8078818,1.0318485,0.0
0.6063885,1.5823561,0.12967348,-1.8971011234924697,0.50907662,0.33101412,0.0
-0.11077887,-0.41711211,-0.41130523,0.76788664,-0.37786573,1.2360046,0.0
-0.084355128,-0.43480652,0.49032595,-0.85955255,-0.3223090692538287,-0.94572324,0.0
0.38415809,-0.067647531,1.1665493,0.28349458,0.055793698,1.1354501,0.0
1.6601198,5.0681547,0.039510361,1.5674711,-0.37786573,1.0013774,-0.13636313386865023
0.065718157,10.0000062172904,0.039510361,0.82105163,-0.37786573,0.92215265,0.0
-0.17074043,-0.45250093,-0.14081588,0.6997772031312702,-0.37786573,-1.0031210051814088,1.5306232895807108
0.7293528015703497,2.4980418,0.2198366,-0.6337871579621099,-0.37786573,1.5742333,0.02239051808658268
-0.22307976,-0.4082649,0.12967348,0.71050222,1.0800017,1.2116277,0.0
1.201092,-0.44807732,-0.14081588,-0.85955255,-0.37786573,-0.94572324,0.0
3.369363,-0.44807732,-0.54654991,-0.85955255,-0.37786573,-0.94572324,-0.21247911144537288
-0.44327758,-0.45250093,0.30999972,0.87084106,2.4767598,0.90082291,0.0
1.6521588,3.4845051,9.989496329427736,1.4957406,-0.37786573,-1.186605442453202,1.5306232895807108
0.65737277,4.9929534,0.80589687,1.8982754,-0.37786573,0.92824687,0.0
0.23933567,-0.2136264,-0.27606055,-0.85955255,-0.37786573,-0.94572324,0.0
-0.41499063,-0.30209845,9.989496329427736,-0.85955255,-0.37786573,-0.94572324,0.0
-0.78441482,-6.059761100098562,-0.59163147,-0.85955255,-0.37786573,-0.94572324,0.0
-0.78441482,-0.47019533,-0.59163147,-0.85955255,-0.37786573,-0.94572324,0.0
-0.081306235,0.13583817,0.85097843,0.25944376,-0.37786573,0.72104367,0.0
-0.78441482,-0.47019533,-0.59163147,-0.85955255,-0.37786573,-0.94572324,0.0
-0.20326195,-0.41268851,-0.230979,-0.85955255,-0.37786573,-0.94572324,1.5306232895807108
1.3447287,0.93208658,-0.41130523,1.2695784,1.6033497,0.78808,0.0
-0.78441482,-0.47019533,-0.59163147,-0.85955255,-0.37786573,-0.94572324,0.0
-0.78441482,10.0000062172904,-0.59163147,10.004555584272547,-3.0565360570248323,-0.94572324,0.0
-0.78441482,-0.47019533,-0.59163147,-0.85955255,-0.37786573,-0.94572324,0.0
-0.78441482,-0.47019533,-0.59163147,-0.85955255,-0.37786573,-0.94572324,0.0
0.52169703,0.74629528,-0.14081588,-0.15591790424296847,1.1448646,3.0919597271197734,0.0
1.736709094926315,-0.45250093,-0.27606055,-0.85955255,-0.37786573,-0.94572324,0.0
0.9737801,0.5870456,-0.0055711987,0.87463855,-0.37786573,0.75456183,1.5306232895807108
0.71513235,0.99401701,0.44524439,0.46071119,-0.37786573,0.46813388,0.0
-0.78441482,-0.47019533,-0.59163147,-0.85955255,-0.37786573,-0.6259334422087972,0.0
1.9154738836712384,0.9938779235426564,1.4821203,0.45902341,-0.37786573,-0.5175620456763533,0.0
0.12381651,-0.41711211,0.89605999,1.4459511,0.028498605,0.6844784,0.0
-0.21901457,-0.4082649,0.17475504,10.004555584272547,-0.37786573,1.1080261,0.0
-0.78441482,-0.47019533,1.1770438308536992,-0.85955255,-0.37786573,-0.94572324,0.0
-0.33927645,-0.24901522,-0.32114211,0.72611416,3.5478205,0.76675026,1.5306232895807108
0.1268654,0.16237979,-0.095734317,-0.85955255,-0.37786573,-0.94572324,0.0
-0.41465186,-0.23574442,0.17475504,-0.0143981,2.0527145,3.0713419646030937,0.0
-9.978996339974396,-0.47019533,-0.59163147,-0.85955255,-3.325911324095594,-0.94572324,-0.6460370983741222
-0.031677033,-0.35960528,9.989496329427736,0.51472006,0.4461234,0.94957661,0.0
0.52677852,0.21546301,-0.230979,2.876856021848824,1.2464588709956563,1.047084,0.0
0.36823609,1.0117114,-0.27606055,0.48265229,-0.37786573,0.67838418,0.0
9.997237792011457,-0.31094565,1.3919571,1.2370887,0.079038976,1.0623195,0.0
1.6946508456198266,2.089688261638512,-0.27606055,0.42824128436674413,-0.37786573,-0.94572324,1.5306232895807108
1.1384203,5.0593075,-0.36622367,-0.85955255,-0.37786573,-0.94572324,0.0
9.997237792011457,0.65782324,9.989496329427736,0.51345423,-0.37786573,1.3365591,0.0
-0.11670727,-0.37287609,0.76081531,1.242574,10.0049654879065,0.74542051,0.0
-0.78441482,-0.47019533,-0.59163147,-0.85955255,-0.37786573,-0.94572324,0.0
0.1199207,-0.23132081,1.6173649,10.004555584272547,0.21284749,0.93434108,0.0
2.0974135142387276,-0.47019533,-0.59163147,-0.85955255,-0.37786573,-0.94572324,0.0
-0.78441482,0.4982898188339362,-0.59163147,-0.85955255,-0.37786573,-3.3352697381704455,0.0
0.26626756,1.7194878,0.71573375,1.962411,0.21113537,1.3578888,0.0
4.129126428620751,2.0601051,0.12967348,1.2797051,-0.37786573,0.51688757,-0.8302606809662147
-0.36722464,-0.43923012,-0.0055711987,1.0168338,2.3502936,1.0988848,1.5306232895807108
-0.01423059,-0.17381398,-3.2579200375950763,1.64716272832373,-0.37786573,-0.94572324,0.0
0.0057565965,-0.41711211,-0.32114211,-0.85955255,-0.37786573,-0.94572324,0.0
0.21240378,-0.094189144,-0.050652758,0.44594314,-0.37786573,1.4432078,0.0
3.3129973335845198,-0.34633447,1.2567125,1.332917673508108,0.038837157,1.248193,0.0
-0.78441482,-0.47019533,-0.59163147,-0.85955255,-0.37786573,10.006245889191648,0.0
-0.045058286,-0.032258713,0.58048907,0.44594314,1.1137502,10.006245889191648,0.0
-0.78441482,-0.47019533,-0.59163147,-0.85955255,-0.37786573,-0.94572324,0.0
-0.30844876,-0.4082649,0.58048907,-0.85955255,-0.37786573,-0.94572324,0.0
9.997237792011457,1.5867797,-0.32114211,-1.9148481791876482,1.3401776,0.81855105,0.0
-3.4463488976885897,-0.44807732,-0.095734317,-0.85955255,10.0049654879065,-0.94572324,0.0
-0.36536143,-0.41268851,2.8796486,1.0813913,-0.37786573,0.43156861,0.0
-0.78441482,-0.47019533,-0.59163147,-0.85955255,3.3864687823077557,-0.94572324,0.0
-0.78441482,10.0000062172904,-0.59163147,-0.85955255,-0.37786573,-0.94572324,0.0
-0.78441482,-0.47019533,1.316786608441508,-0.85955255,-0.37786573,0.6202285691056566,-0.34988912562550434
-0.071482024,-0.195932,9.989496329427736,1.5725344,0.83470806,1.1354501,0.0
-0.78441482,-0.47019533,-0.59163147,-0.85955255,-0.37786573,-0.94572324,0.0
-0.5243598698676413,-0.089765542,0.71573375,1.4354025,-3.4239252729489493,1.4066425,0.0
-0.8414107650520357,-0.45250093,0.30999972,10.004555584272547,0.38932722,10.006245889191648,0.0
-0.28304132,-0.45250093,0.039510361,-1.2342458562960619,-0.37786573,-0.94572324,0.0
-0.78441482,-0.47019533,-0.59163147,-0.85955255,-0.37786573,-0.94572324,0.0
-0.78441482,0.7165090216868798,-0.59163147,10.004555584272547,4.562300090430023,-0.94572324,0.0
0.18276177,2.98953519205251,0.26491816,1.8197938,1.2547035,1.0531782,0.0
0.37568894,0.17122699,-0.14081588,-0.85955255,-0.37786573,-0.94572324,0.0
0.056232713,-0.39057049,2.9644954883334655,0.98392213,-0.37786573,1.2390517,0.0
1.4814208,5.0814255,0.3854523276683422,0.71725333,-0.37786573,0.85206922,0.666017032289005
-0.78441482,-0.47019533,0.7435286484164803,10.004555584272547,-0.37786573,10.006245889191648,0.0
-0.0035594652,-0.4038413,-0.18589744,0.91008188,-0.37786573,0.14459799036167986,0.0
-0.27253957,-0.32864006,0.40016284,1.0497454,1.4823821,0.63877181,0.2662610485970348
1.0721916,0.53838598,0.2198366,10.004555584272547,-0.37786573,-0.94572324,0.0
9.997237792011457,-1.152850139164364,0.12967348,2.40388002354891,-0.37786573,1.1202145,0.0
9.997237792011457,-0.47019533,9.989496329427736,-0.85955255,-0.37786573,-0.94572324,-0.0560868213930477
-0.78441482,-0.47019533,-0.59163147,-0.85955255,-0.37786573,-0.94572324,0.0
0.246570270952287,-0.041105917,-0.36622367,0.25775598,1.7553001,1.132403,0.0
0.28489968,-0.076494735,-0.18589744,1.0278043,-0.37786573,10.006245889191648,0.0
-0.11687665,-0.27998044,0.2198366,0.42906537,-0.37786573,1.0958377,0.0
-0.78441482,-0.47019533,-0.59163147,-0.85955255,-0.37786573,0.8674208170610191,0.0
-0.78441482,-0.47019533,-0.59163147,-0.85955255,-0.37786573,-0.94572324,0.0
0.43073839,-0.43923012,-0.45638679,-0.85955255,-0.37786573,-0.94572324,0.0
-1.7528808636464424,-0.45250093,-0.230979,-0.85955255,-0.37786573,-0.94572324,0.0
0.56776919,0.71533007,-0.230979,0.87801411,0.6361529370597702,1.0379427,0.0
-0.010504166,-0.2136264,0.67065219,1.5780197,1.9313233204446951,1.1689682,0.0
-0.25155612247882403,-0.21805001,-0.36622367,0.8780825823167827,-0.37786573,3.0984220788063315,0.0
0.40668602,0.25969903,0.71573375,1.4712678,-0.37786573,5.715652326164326,0.0
0.74206424,3.1837001,-0.41130523,-0.85955255,-0.37786573,-0.94572324,0.0
0.073848539,-0.195932,-0.18589744,0.81641024,-0.37786573,1.5193854,-0.06302658022216334
0.51644616,-0.42595931,-0.6405223309082029,-0.85955255,-0.37786573,-0.7249695629104562,0.0
-0.78441482,-0.47019533,-0.59163147,-0.85955255,-0.37786573,-0.94572324,0.0
-0.78441482,-0.47019533,-0.59163147,-0.85955255,-5.309688364190114,-0.94572324,0.0
-0.12822531,-0.27998044,-0.32114211,-3.285750952822114,10.0049654879065,0.97395345,0.0
-0.78441482,-0.34224562564623273,-0.59163147,-0.85955255,5.281631306497059,-0.94572324,0.0
-0.78441482,-0.47019533,-0.59163147,-0.85955255,-0.37786573,-0.94572324,0.0
-0.78441482,-0.47019533,-0.59163147,-0.85955255,-0.37786573,-0.94572324,0.0
0.78542627,3.0554157,-0.0055711987,0.7560722,0.11048266,0.44070993,0.0
0.32419652,-0.45250093,-0.095734317,1.3742206,-0.37786573,0.9983303,0.0
0.53660273,4.9133286,0.94114155,1.401225,-0.37786573,0.79417421,0.3800082161742971
-0.43955115,-1.5204254492555944,0.2198366,10.004555584272547,1.1170756,0.1634310622240457,0.0
1.1690786,-0.45250093,-0.36622367,0.8556007948430012,-0.37786573,-0.94572324,0.0
0.55252473,0.43664312,0.17475504,1.075906,1.9618888858692165,0.5421004010253484,0.0
0.11975132,-0.36402888,0.40016284,1.3286506,-1.9463514849732997,0.98918898,0.0
0.75002524,0.46318474,0.2198366,-0.85955255,-0.37786573,-0.94572324,0.0
-0.78441482,-0.47019533,-0.59163147,-0.85955255,10.0049654879065,-0.94572324,0.0
0.39415168,0.91881577,9.989496329427736,0.82949051,-0.37786573,0.87035185,0.0
-0.22341852,-0.44365372,-0.095734317,-0.85955255,-0.37786573,10.006245889191648,0.0
-0.78441482,-0.47019533,-0.59163147,10.004555584272547,-0.37786573,-0.94572324,0.0
-0.198858,-0.44365372,-0.0055711987,0.053956878,1.1235948,1.01966,1.5306232895807108
0.66973772,0.32162947,9.989496329427736,0.93919603,0.92699774,0.98918898,0.0
0.37992351,-0.27555684,-0.095734317,0.71261194,0.34477926,1.0044245,0.0
-0.78441482,-0.47019533,-0.59163147,-0.85955255,-0.9516589467097036,-2.239390652134774,0.0
0.5577756,-3.385903715096762,0.9607432496400211,1.2856123,0.2754056,1.3457004,0.0
9.997237792011457,-0.43923012,-3.4744102671774577,10.004555584272547,-0.37786573,-0.94572324,0.0
0.068258902,0.042942525,-0.27606055,0.33750345,-0.37786573,0.89777581,0.0
0.073171007,-0.41711211,0.08459192,-0.85955255,-0.37786573,-0.94572324,0.0
-0.29964084,-0.44807732,-0.36622367,-0.85955255,-0.37786573,-0.94572324,0.0
-0.78441482,-0.47019533,-0.59163147,-0.85955255,-0.37786573,-0.94572324,0.30644017418708364
-0.78441482,-0.47019533,-0.59163147,-1.4153082245801047,-0.37786573,0.2971279595189602,0.0
-0.78441482,-0.47019533,-0.59163147,-0.85955255,2.769878382102498,-0.94572324,0.0
-4.048756032936098,-0.44807732,-0.18589744,-0.85955255,-0.37786573,-0.94572324,0.0
0.20105513,0.74629528,2.2655640860775152,0.1674599,0.038837157,1.1781095,0.0
9.997237792011457,1.0780654,-0.050652758,0.77548164,0.38237998,0.94957661,1.5306232895807108
0.90687384,2.0379871,-0.32114211,0.74046026,2.1513588,0.8916816,-0.47988849261412453
-1.255929096841296,-0.26670963,9.989496329427736,1.1480585,-0.37786573,-3.2116192294204944,0.0
-0.20105997,-0.43038291,1.2116309,0.33665956,-0.37786573,1.1811567,0.0
0.19783685,-0.26670963,0.67065219,-0.85955255,-0.37786573,-0.94572324,0.0
0.16904175,-0.25343882,-0.18589744,-0.85955255,-0.37786573,-0.94572324,0.0
0.27219596,0.0075537073,0.53540751,-0.08859040247090921,-0.37786573,-0.94572324,-0.11119955808490718
-0.78441482,-0.47019533,-0.59163147,-0.85955255,-0.37786573,-0.94572324,0.0
0.4197285,0.37028909,0.44524439,1.1484804,-0.37786573,0.95262371,0.0
-0.041501244,-0.31979286,-0.27606055,0.60290642,1.9459706,0.85511633,0.0
-0.33809077,-0.2136264,4.7730741,0.3227354,0.10356834,10.006245889191648,0.0
0.29624834,-0.12957796,0.2198366,2.9518719495191528,0.3157062,1.3761714,0.0
-0.1978417,-0.43923012,-0.14081588,0.51176645,1.1971829,1.0501311,0.0
0.092141896,-0.22247361,0.26491816,10.004555584272547,-0.37786573,1.248193,0.0
1.4736292,5.0548839,9.989496329427736,3.1195101878444627,-0.37786573,0.23655383,0.0
-0.78441482,-0.47019533,-0.59163147,-0.85955255,-0.37786573,-0.94572324,0.0
0.077066814,0.193345,0.44524439,0.51851756,-0.37786573,1.0452590037653706,1.5306232895807108
-0.6864271087383503,0.193345,-0.0055711987,1.5168378,-3.6034744336689135,1.0440369,0.0
-0.11806233,-0.36845248,0.40016284,1.0282263,-0.37786573,0.85816343,0.0
-0.78441482,-0.47019533,-0.59163147,2.5261719250258072,-0.37786573,-0.94572324,0.0
0.0071116601,-0.34633447,0.89605999,1.5187239077402659,-0.37786573,0.9434824,0.0
9.997237792011457,-0.30209845,-0.18589744,10.004555584272547,-0.37786573,0.98918898,1.5306232895807108
1.5805098,-0.35075807,-0.36622367,-0.85955255,-0.37786573,-0.94572324,0.0
9.997237792011457,10.0000062172904,-0.59163147,10.004555584272547,-4.0305303725710475,-0.94572324,0.0
0.51085652,-0.3994177,9.989496329427736,1.0919399,-0.37786573,0.95871792,0.0
-0.56540268,-0.43480652,3.4206273,10.004555584272547,0.57127255,3.504914680129172,1.0176672026540534
-0.78441482,-0.47019533,-0.59163147,-0.85955255,-0.37786573,-0.94572324,0.0
0.00016695951,-0.13575275802128642,0.44524439,0.46704035,0.34204645,1.2938996,0.0
-0.16362634,-0.2047792,0.08459192,0.010918559,-0.37786573,0.76065604,-0.4461246852078152
-0.78441482,-0.47019533,-0.59163147,-0.85955255,-0.37786573,-2.6729453569429067,0.0
9.997237792011457,-0.35960528,-0.230979,0.27547764,1.7706104,10.006245889191648,0.0
2.6555833,-0.38561132336577425,-0.41130523,10.004555584272547,-1.0315683950045351,-0.94572324,0.0
-0.78441482,-0.47019533,-0.59163147,-0.85955255,-0.37786573,4.063744437991572,0.0
0.24509469,-0.45250093,-0.14081588,-0.85955255,-0.37786573,-0.94572324,0.0
0.025066252,-0.22837659581179492,-0.18589744,10.004555584272547,-0.37786573,-1.9068238709952117,0.0
1.3382922,10.0000062172904,-0.54654991,10.004555584272547,-0.37786573,10.006245889191648,0.0
-0.78441482,-0.47019533,-0.59163147,-0.85955255,10.0049654879065,-0.94572324,0.0
0.91466545,0.85688534,0.62557063,0.4598673,-0.37786573,0.9434824,0.0
0.13397948,-0.080918338,0.12967348,-0.85955255,-0.37786573,-0.94572324,-0.20714723457603904
0.45767028,0.83034372,0.039510361,0.77421581,0.60811599,1.3152293,0.0
-0.006777741,0.065060536,3.490381652289216,0.5969992,0.4310436,1.2360046,0.0
-0.25356869,-0.2136264,-0.27606055,0.072522428,-0.37786573,1.1476385,0.0
0.55540424,-0.10745995,-0.36622367,1.5944755,1.0455948,1.4462549,0.0
-0.78441482,-0.47019533,-0.59163147,-0.85955255,-0.37786573,-0.94572324,0.0
-0.13771075,-1.0253285581507747,1.4665501414559505,-0.85955255,-0.37786573,-0.94572324,1.5306232895807108
-0.054374347,-0.31536926,0.85097843,1.5801969497084878,0.60218943,1.1537327,0.0
-0.78441482,-0.47019533,-0.59163147,-0.85955255,-0.37786573,-0.94572324,0.0
-0.78441482,-0.47019533,-0.59163147,-0.85955255,-0.37786573,-0.94572324,0.0
0.48544908,2.1574244,-0.41130523,0.7636672,-0.37786573,0.74846762,0.29765408803122423
0.67210908,0.078331343,-0.14081588,10.004555584272547,1.0499738,1.3030409,0.0
-0.78441482,-0.47019533,-0.59163147,-0.85955255,-0.37786573,-0.94572324,0.35659355051868474
2.8324167354548453,-4.915934491700513,12.670704816214466,0.76155748,-0.080978093,0.74542051,0.0
1.8078217,-3.6736311089268936,-0.230979,-0.85955255,-0.37786573,-0.94572324,0.0
0.0098217871,-0.3994177,0.039510361,4.470785291258165,0.87359287,1.190298,0.0
0.38127858,0.17565059,0.08459192,2.9961194992800415,-0.37786573,1.1202145,-0.19497352681397476
-0.34266411,8.208533593513089,1.3468756,0.74510165,-0.37786573,3.7276172771371723,0.0
-0.78441482,1.596386162777375,-0.59163147,-0.85955255,10.0049654879065,-0.94572324,0.0
0.33774716,0.99844061,0.98622311,0.36450789,-0.37786573,0.45899256,0.0
1.2656269,0.28624065,0.2198366,-0.85955255,-0.37786573,10.006245889191648,1.0
0.017613402,-0.4038413,-0.32114211,1.6788644,2.7463194,1.565092,1.0
0.62942458,2.0822232,0.98622311,-0.85955255,-0.37786573,-0.94572324,1.0
0.43581988,-0.22247361,-0.36622367,1.1632485,2.3656697,1.2878054,1.0090702921762027
-0.043872605,-0.41711211,-0.32114211,1.7767555,4.2067221,1.3548417,1.0
2.0076936,-0.24459162,-0.32114211,2.5438502,0.86078492,0.76370315,1.0
0.032857867,-0.3994177,-0.27606055,1.6754888,3.0426473,10.006245889191648,1.0
1.3242334,-0.23132081,-0.45638679,1.7704263,2.1617303,1.047084,1.0
0.092650045,-0.29767485,-0.230979,1.3725328,1.5837262,1.6047044,1.0
9.997237792011457,0.41894872,-0.50146835,1.4564998,3.4485836,0.95567082,1.0
0.23764184,10.0000062172904,0.71573375,3.7134798,0.64193029,1.0409898,1.0
0.74985585,-0.2136264,-0.41130523,1.8155744,3.7314121,1.2360046,1.0
1.4865023,0.29508785,-0.54654991,1.7400463,8.2156435,0.91301134,1.0
0.40837985,-0.25343882,-0.50146835,1.6927886,6.6123779,1.4432078,1.0
-0.78441482,-2.654646071831772,-0.59163147,-0.85955255,-0.37786573,-0.94572324,1.0
4.3587288,0.46318474,-0.41130523,10.004555584272547,-0.37786573,1.4596144097074584,1.0
0.42616505,0.003130105,9.989496329427736,2.0999648,5.5914624,1.6628370182310135,1.0
0.8855967359212982,0.582622,9.989496329427736,9.3987574,-0.37786573,0.4285215,1.0
0.26118607,-0.10303635,-0.50146835,1.8729588,4.3969646,10.006245889191648,0.6932614236443746
2.2592272,0.21546301,-0.54654991,2.6181466600998076,13.750423,10.006245889191648,1.5306232895807108
0.53457014,-0.3994177,-0.18589744,1.9332968,1.5485291,1.4584433,0.9722828108884017
0.27507547,-0.3994177,-0.32114211,4.479694941419682,5.0477994,1.1110732,0.9584247112313706
0.88214393,-0.072071133,9.989496329427736,1.3851912,3.068362,1.1598269,1.0
0.4197285,0.3717817897947118,-0.0055711987,4.929008781317939,0.7575311,1.2725698,1.5306232895807108
0.61350259,-0.3949941,-0.36622367,1.8206377,10.0049654879065,1.4279722,1.0
-0.78441482,-0.47019533,-0.59163147,-0.85955255,-0.37786573,-0.94572324,1.0
-0.78441482,-0.47019533,-0.59163147,-0.85955255,-0.37786573,-4.641001968165645,0.0
-0.11704604,-0.094189144,-0.27606055,0.61092336,-0.37786573,0.95567082,1.5306232895807108
5.542626097753143,-0.47019533,-0.59163147,-0.85955255,-0.37786573,-0.94572324,0.0
0.38720698,0.16237979,-0.45638679,-0.85955255,-0.37786573,-0.94572324,0.13603862749706142
0.81083371,1.4231064,-0.45638679,0.98096852,2.1664057,0.7362792,0.0
0.36535658,0.44991393,9.989496329427736,10.004555584272547,-9.836675894760058,-0.94572324,0.0
-0.1253458,-0.27113323,-0.5415343505689397,0.50796895,1.5388819,1.3213235,0.0
4.329959452172772,-0.44807732,-0.32114211,1.1674679,-0.37786573,1.01966,0.0
-0.13144359,-0.39057049,-0.41130523,-0.85955255,5.364250412707105,-0.94572324,0.0
9.997237792011457,-0.47019533,-0.59163147,-0.85955255,-0.37786573,-0.94572324,0.0
1.0516341837261127,3.1084989,-0.41130523,2.9944867,10.0049654879065,-1.6159504665565216,0.0
0.23188282,0.016400912,1.0313047,1.659033,0.26888639,10.006245889191648,0.0
0.52643976,0.54723318,0.12967348,1.3218995,-0.37786573,1.5315738,0.0
1.8584672,-0.45250093,-0.50146835,-0.85955255,-0.37786573,-0.94572324,0.0
-0.78441482,-0.47019533,-0.59163147,-1.0131628793765795,-0.37786573,-0.94572324,-0.4960820923333011
-0.78441482,-0.47019533,-0.59163147,-0.85955255,-0.37786573,-0.94572324,0.0
-0.38314663,-0.44365372,0.89605999,-0.85955255,-0.37786573,-0.94572324,0.0
0.92838547,-0.30652205,-4.028510513370371,-0.85955255,-0.37786573,-0.94572324,0.0
-0.78441482,-0.47019533,-0.59163147,-0.85955255,-0.37786573,-0.94572324,0.0
0.4207448,0.003130105,-0.32114211,0.69404639,1.5178097,0.90996423,0.0
0.307597,0.047366127,0.40016284,-0.85955255,-0.37786573,-0.94572324,0.0
1.131645,2.7811523,-0.36622367,-0.85955255,-0.37786573,-0.94572324,-0.18431037522285587
0.86537502,0.91881577,-0.14081588,0.59573337,0.69599367,0.4285215,1.5306232895807108
-0.030660736,-0.067647531,0.30999972,0.72147277,-0.37786573,1.2573343,0.0
0.64602411,0.64455243,0.35508128,1.3590306,-0.37786573,1.0257543,0.0
-0.028797523,-0.4082649,-0.230979,0.99067324,4.576238169818808,1.3487475,0.0
-3.2407102586799934,-0.38172329,0.35508128,-0.85955255,-0.37786573,-0.94572324,0.0
-0.78441482,-1.7861549320461343,-0.59163147,-0.85955255,-0.37786573,-0.94572324,-0.2964637318302462
-0.78441482,-0.47019533,-0.59163147,-0.85955255,-0.37786573,-0.94572324,0.0
-0.0083021875,-0.22247361,1.0313047,-0.048153644,0.44457591,0.51688757,0.0
-0.53796264,-0.35518168,1.1214678,0.23708071,0.58638528,0.8916816,0.0
-0.78441482,-0.47019533,-0.59163147,4.631958700757014,-0.37786573,-0.94572324,0.0
0.069952731,-0.45250093,0.17475504,-0.85955255,-0.37786573,-0.94572324,0.0
0.095529555,0.20661581,1.2116309,0.40417065,-0.37786573,0.88254028,0.0
-0.17734636,-0.4082649,0.35508128,-0.85955255,-0.37786573,-3.4967140500997003,0.0
-0.1839523,10.0000062172904,2.023099,0.53919283,0.81491994,2.0377883506911996,0.0
1.0061322,-0.45250093,-0.18589744,-0.5501654740961177,-0.37786573,-0.94572324,0.0
-0.78441482,-0.47019533,-0.59163147,-0.85955255,-0.37786573,-0.94572324,-0.5707256192763217
-0.78441482,-0.2942140765555094,-0.59163147,-1.937470379048404,-0.37786573,-0.94572324,0.0
0.41075121,0.60916361,0.12967348,-0.85955255,-0.37786573,-0.94572324,0.0
-5.668471357168848,-0.47019533,-0.59163147,-3.232399656864533,-0.37786573,-0.94572324,0.0
0.32792295,-0.2003556,-1.3390739864884136,0.74467971,-0.37786573,1.6016573,0.0
-0.1968254,-0.31094565,-0.18589744,0.37927594,2.5143276,1.190298,0.0
9.997237792011457,-0.47019533,-0.59163147,-0.85955255,-0.37786573,-0.94572324,0.13169307205271014
-0.78441482,-0.47019533,-0.59163147,0.7172029198926987,-0.37786573,-0.94572324,0.0
-0.25932771,-0.3994177,0.2198366,0.94003992,4.79855433767653,1.0348956,0.0
-0.78441482,-0.47019533,-1.5432898554355015,-0.85955255,-0.37786573,-0.94572324,0.0
-0.8459205146981712,-0.4082649,9.989496329427736,-0.85955255,-0.37786573,-0.94572324,0.0
-0.78441482,-2.55367515167836,-0.59163147,-1.3352370597758894,-0.37786573,-0.94572324,0.0
-2.924182300709306,-0.47019533,-0.59163147,-0.85955255,-0.37786573,-0.94572324,0.0
-0.25051979,-0.4082649,-0.14081588,1.0514332,10.0049654879065,1.2116277,-0.573988965167578
-0.78441482,-0.47019533,9.989496329427736,-0.85955255,-0.37786573,-3.10141637109831,0.0
0.012362531,-0.35960528,1.3919571,-0.85955255,-0.37786573,-0.94572324,1.5306232895807108
-0.13618631,-2.237913882450578,0.08459192,-0.85955255,-0.37786573,-0.94572324,1.5306232895807108
0.2271401,-0.16054318,-0.32114211,1.66705,1.3947349,1.2512401,0.0
-0.077749193,-0.38614689,-0.18589744,0.27716542,-0.37786573,1.0897435,0.7189473192782403
0.32910863,-0.28440404,3.7410635368934897,-0.85955255,-0.37786573,-0.94572324,0.0
-0.78441482,-1.051509037114208,-0.59163147,-0.85955255,-0.37786573,-0.94572324,1.5306232895807108
0.39567613,0.47645554,0.40016284,-0.85955255,-0.37786573,-0.94572324,1.5306232895807108
-0.78441482,-0.43038291,-0.59163147,-0.85955255,-0.37786573,-0.94572324,0.0
9.997237792011457,1.2328915,-0.095734317,-0.85955255,0.9548800181486238,-0.94572324,0.0
-0.78441482,-0.47019533,-0.59163147,-0.85955255,-0.37786573,-0.94572324,0.0
-0.22257161,0.46887609200295893,0.98622311,1.0944715,0.34059774,4.851928725849634,0.0
-0.24865658,-0.43038291,-0.27606055,-0.85955255,-0.37786573,-0.94572324,0.0
9.997237792011457,-0.47019533,-0.59163147,-0.85955255,-0.37786573,-0.94572324,0.0
-1.8751611257299357,-0.47019533,-0.59163147,-0.85955255,-0.37786573,-0.94572324,0.0
-0.540644744942287,-0.43038291,-0.14081588,0.1303288,-0.37786573,1.1689682,-0.5607887478559295
-0.15176954,0.6724621125772521,1.1214678,-0.85955255,5.403507821694338,10.006245889191648,0.0
-0.48206627,-0.43480652,9.989496329427736,0.93919603,0.12710995,0.66010155,0.0
0.56065511,2.4316877,9.989496329427736,1.689835,-0.37786573,1.0288014,0.0
0.25525767,0.55165678,1.2388204441063992,1.7548144,10.0049654879065,0.87644607,0.0
0.44310335,0.25527543,0.17475504,0.90122105,0.64189737,1.2085806,0.4321181528479278
0.64856486,0.069484139,0.26491816,-0.85955255,1.6821704708127871,-0.94572324,0.0
-0.78441482,-0.47019533,-0.59163147,-0.85955255,-0.37786573,-0.94572324,0.0
-0.43328398,-0.42153571,1.7526096,-0.30300801,10.0049654879065,0.95871792,0.0
-0.13466186,10.0000062172904,1.0763862,0.84974384,0.17290907,0.98309477,0.0
-0.36790217,-1.8266828217161568,0.45731898628766166,1.0712646,-0.37786573,1.1171674,0.0
-0.22341852,-0.38172329,9.989496329427736,0.56450949,0.2881477,1.0348956,0.0
-0.0066083581,-0.2047792,-0.14081588,0.52991006,-0.37786573,-2.008584815857721,0.0
-0.035742224,-0.32421646,0.039510361,-0.85955255,-0.37786573,-0.94572324,0.0
-0.78441482,-0.47019533,-0.59163147,-2.765507096922847,-0.37786573,-0.94572324,0.0
0.47054338,0.77283689,9.989496329427736,0.41303148,-1.6903286805619082,1.2024864,0.0
1.3199988,5.0504603,-0.0055711987,1.6379358,-0.37786573,0.73323209,0.0
0.049796161,1.1555479514039362,-0.45638679,1.1240076,4.9025988,1.3792185,-0.16210115178516837
-0.78441482,-0.47019533,-0.59163147,-0.85955255,-0.37786573,-0.8044104937772963,0.0
-0.78441482,-0.47019533,-0.59163147,-0.85955255,-0.37786573,-0.94572324,0.0
0.75781685,0.73302447,-0.45638679,0.68349778,-0.37786573,0.74542051,0.0
-0.78441482,-0.47019533,-0.59163147,-0.85955255,-0.37786573,-0.94572324,0.0
-0.60622397,-0.45250093,6.1706024,1.4830822,-0.37786573,0.16342329,0.0
-0.37112045,-0.44365372,-0.14081588,-0.85955255,-5.069932962527204,-0.8854338508808162,0.0
0.71038963,0.7905313,-0.41130523,-0.85955255,5.3462932404200405,-0.94572324,0.0
-0.14177594,0.8900878686172218,5.5394606,0.86915328,-3.5477960486544164,0.62658339,0.0
-0.3387683,-0.41711211,0.26491816,0.59024809,-1.0890455105325607,0.91605844,0.0
0.069613965,-0.42595931,-0.50146835,10.004555584272547,-0.37786573,-0.29921020593966774,0.0
1.0190053,10.0000062172904,-0.50146835,-0.85955255,-0.37786573,-0.94572324,0.0
0.017782785,-0.32421646,9.989496329427736,0.96324686,-0.37786573,1.1445914,-0.08157145972427034
-0.13584754,-0.25786243,9.989496329427736,10.004555584272547,-0.37786573,0.91910555,0.0
-0.023038503,-0.2047792,0.17475504,-0.85955255,-0.37786573,-0.94572324,0.7634327231628946
-0.13347618,-0.37287609,0.26491816,0.6045942,-0.37786573,1.4675846,0.0
1.5119097,3.2250887090328666,-0.45638679,1.4898334,-0.37786573,0.34320254,-0.04394324876831483
-0.78441482,-0.47019533,-0.59163147,-0.85955255,-0.37786573,-0.94572324,0.0
-2.7048700325168324,-0.39057049,-0.41130523,0.59953087,4.2655925,1.5803275,0.0
-0.78441482,-0.47019533,-0.59163147,-0.85955255,-0.37786573,10.006245889191648,0.0
0.73376447,4.9708354,-0.36622367,0.87674828,-0.37786573,10.006245889191648,0.0
0.59910504,0.29951146,0.35508128,-0.85955255,-0.37786573,-0.94572324,0.0
0.60130701,-0.45250093,-0.14081588,-0.85955255,-0.37786573,-0.94572324,0.0
-0.78441482,-0.47019533,-0.59163147,-0.85955255,-0.37786573,-0.94572324,0.0
-0.094518104,-0.43038291,0.26491816,-0.85955255,-0.37786573,-0.94572324,0.0
-0.010504166,-0.35518168,-0.230979,-0.85955255,-0.37786573,-0.94572324,0.0
5.404077430131373,1.6221685,-0.6752372937435334,0.032437718,1.1051237,0.4772752,1.5306232895807108
-0.78441482,-0.47019533,-0.59163147,-0.85955255,-0.37786573,-0.94572324,0.0
-0.78441482,-0.47019533,-0.59163147,-0.85955255,-0.37786573,-0.94572324,0.0
1.1119966,6.091476289304795,-0.41130523,-5.350780374990664,-0.37786573,-3.0232168543357503,0.0
-0.2176595,-0.44365372,-0.36622367,0.65902501,-0.37786573,0.76065604,0.0
-0.071312641,-0.027835111,0.2198366,0.51092256,-0.37786573,1.1994393,1.5306232895807108
-0.32967957045825275,3.7499212,-0.36622367,-0.85955255,-1.8654361539807964,-0.94572324,0.0
0.31488046,0.3968307,-0.32114211,1.666628,-0.37786573,1.0745079,0.0
0.47054338,1.2682803,-0.18589744,1.0261166,-0.37786573,1.5955631,0.0
-0.32708088,-0.44365372,-0.18589744,-0.85955255,-0.37786573,0.48889460280423513,0.2516658923404733
0.34147358,-0.36845248,9.989496329427736,-0.85955255,-0.37786573,-0.94572324,0.0
0.060467286,2.7926964244102144,0.039510361,1.2366668,0.62145074,1.1506856,0.0
0.20122451,0.056213332,-0.095734317,10.004555584272547,-0.37786573,1.1659211,0.0
0.22324429,-0.38172329,-0.230979,0.8014784833277538,0.8257853,0.99223609,0.0
-0.78441482,-0.47019533,-0.59163147,-0.85955255,-0.37786573,-0.94572324,0.0
-0.10874627,-1.131037221662332,-0.14081588,0.98054658,1.3273367,1.0379427,-0.05723065665996337
-0.3422806408737854,-0.45250093,0.67065219,0.35522511,2.1114533,0.91301134,0.0
-0.05911707,-0.44807732,0.2198366,10.004555584272547,-0.37786573,-0.94572324,0.0
0.18377807,0.44106673,9.989496329427736,-0.85955255,-0.37786573,-2.1401281622472705,0.0
-0.78441482,-0.47019533,-0.59163147,4.287658565695553,-0.37786573,-0.94572324,0.0
-0.78441482,-0.47019533,9.989496329427736,-0.85955255,-0.37786573,-1.4631303779888758,0.728695567780832
9.997237792011457,0.72860087,0.08459192,0.55396088,-0.37786573,-1.41172283980924,0.0
1.0644,3.2279361,-0.050652758,0.78645219,-0.37786573,0.49555783,0.0
1.0862504,1.31694,0.12967348,5.567364702382675,0.21903745,1.3731243,0.0
-0.78441482,-0.47019533,-0.59163147,1.5313162635166297,-0.37786573,-0.94572324,1.5306232895807108
-0.21816765,-0.43480652,-0.230979,2.835826899225842,-0.37786573,10.006245889191648,0.48687641610637383
0.24187642,-0.24016802,-0.095734317,-0.85955255,-0.37786573,-0.94572324,0.0
-0.78441482,-0.47019533,-0.59163147,-0.85955255,-0.37786573,-0.94572324,0.0
-0.1947928,-0.29767485,-0.050652758,1.9421576,0.72335462,1.3152293,0.0
-0.08333883,-0.33748727,-0.230979,-0.85955255,-0.37786573,0.6823620375998125,0.0
-0.78441482,-0.47019533,-0.59163147,-0.85955255,-0.37786573,-0.94572324,0.0
-0.40448888,-0.36845248,0.85097843,1.0248507,1.2697833,1.0745079,0.0
-0.25356869,-0.34191087,-4.3665772253815565,1.075906,1.6883958,0.91301134,0.0
1.2268382,6.555108666112928,9.989496329427736,1.1733751,-0.37786573,0.23655383,0.0
-0.78441482,-0.47019533,-0.59163147,-0.85955255,-0.37786573,-0.94572324,0.0
0.068936433,-0.4082649,9.989496329427736,-0.85955255,10.0049654879065,-0.94572324,0.0
9.997237792011457,10.0000062172904,0.35508128,0.88349938,0.010356753,1.1384972,0.0
-0.78441482,10.0000062172904,-0.59163147,10.004555584272547,-0.37786573,-0.94572324,0.0
1.0605042,0.57377479,-0.41130523,1.8901708187790498,1.4310186,0.74237341,0.0
-0.78441482,-0.47019533,-0.59163147,-0.85955255,-0.37786573,-0.94572324,-0.5893448759889326
-0.0028819334,-0.34633447,0.71573375,10.004555584272547,-0.37786573,0.81245684,0.0
0.60367838,0.18007419,-0.230979,1.1885651,2.3361686,1.2938996,0.09083778730079806
0.43785248,0.21103941,-0.27606055,1.0168338,-0.37786573,1.2146748,0.0
0.43378729,-0.38172329,-0.14081588,0.70037556,-0.37786573,0.87644607,0.0
-0.78441482,-0.47019533,-0.59163147,-2.723939113434648,-2.7385557611126625,-0.94572324,0.0
-0.24882596,-0.3823804906133992,-0.36622367,1.7257002,-0.37786573,0.5808768,0.0
-0.78441482,-0.47019533,-0.59163147,-0.85955255,-0.37786573,-0.94572324,0.0
1.3279598,1.8521958,-0.36622367,-0.85955255,-0.37786573,-0.94572324,0.0
9.997237792011457,-0.43480652,-0.54654991,-0.85955255,-0.37786573,-0.94572324,1.5306232895807108
-0.35299647,2.6004885837233207,2.1132621,0.96620047,0.24820928,0.93129397,0.0
-0.478848,-0.43480652,0.80589687,-0.24056025,1.1538203,1.0440369,0.0
0.81998039,0.67551765,-0.230979,0.48602785,-0.37786573,0.80636263,0.0
-2.0023750224548817,-0.31536926,-0.14081588,-0.85955255,-0.37786573,-0.94572324,0.0
0.69531455,10.0000062172904,-0.50146835,-0.85955255,-0.37786573,-0.94572324,1.5306232895807108
1.4146839,0.29951146,-0.18589744,1.1649362,-0.37786573,1.2116277,0.0
-0.78441482,-0.47019533,-0.59163147,-0.85955255,-0.37786573,-0.94572324,0.0
0.79135467,0.66224684,0.2198366,1.8434227,0.54410916,1.3700772,0.15250714760475037
-0.39398714,-0.42595931,0.40016284,0.95016658,1.0974851,0.61439496,0.0
0.31996195,0.72860087,-0.45638679,-0.85955255,-0.37786573,10.006245889191648,0.0
-0.78441482,-0.47019533,-0.59163147,-0.85955255,-0.37786573,-0.94572324,0.0
-0.78441482,-0.43038291,-0.230979,-0.85955255,-0.37786573,-0.94572324,0.0
1.3813155,0.95862819,-0.36622367,0.85016578,0.97931608,0.6844784,0.0
-0.07182079,-0.067647531,9.989496329427736,0.67463695,-0.37786573,0.77589157,1.5306232895807108
0.60554159,5.845123276088687,0.027933177134846443,-0.85955255,-0.8119437141068908,-0.94572324,0.0
0.40905738,0.79937851,0.12967348,0.25944376,10.0049654879065,0.44985124,0.0
-0.33267052,-0.41711211,9.989496329427736,3.3746506791595516,1.247427,1.0745079,0.0
-0.78441482,-0.47019533,-0.59163147,-0.85955255,-0.37786573,-0.94572324,0.0
-0.20122936,-0.41268851,-0.230979,10.004555584272547,1.5169248968792863,0.98614188,0.0
-0.11857048,-0.41711211,9.989496329427736,0.26830459,2.32234,1.4401607,0.0
0.24052135,0.86573254,-0.32114211,-2.024102803077246,10.0049654879065,0.18780014,0.0
1.6000421632330863,-0.4082649,0.40016284,0.90755021,-0.37786573,1.0684137,0.0
0.61011493,4.8823634,0.80589687,0.56239977,-0.37786573,0.37062649,0.0
-0.78441482,-0.47019533,-0.59163147,-0.85955255,-0.37786573,-0.94572324,0.0
9.997237792011457,0.50742076,9.989496329427736,0.37716622,-0.37786573,0.6875255,0.0
3.97334533500818,-0.47019533,-0.59163147,-0.85955255,-0.37786573,-0.94572324,0.0
-1.8270895349695948,1.4584952,1.1665493,0.31556235,-0.37786573,0.68143129,0.0
-0.78441482,-0.47019533,-0.59163147,-0.85955255,-0.37786573,-0.94572324,1.5306232895807108
-0.78441482,-0.47019533,-0.59163147,-0.85955255,-0.37786573,-0.94572324,-0.08920310809774648
-0.0072858899,-0.27555684,0.30999972,1.2856123,0.38231412,0.97700056,0.0
-0.27914551,-0.29325125,1.4821203,0.87168494,0.24248028,1.0074716,0.0
-0.78441482,-0.47019533,-0.59163147,-0.85955255,-0.37786573,-0.94572324,0.0
-0.78441482,-0.47019533,-0.59163147,-0.85955255,-0.37786573,-0.94572324,0.0
0.70700197,0.029671718,-0.230979,3.5095946013804404,-0.37786573,0.95871792,0.0
-0.21020665,-0.43480652,0.33262216952908563,1.2463715,-0.37786573,1.5193854,0.0
-0.37721823,-0.33748727,5.4042159,1.416837,0.3800752,0.66010155,0.0
3.4900014139889994,-0.31979286,-0.4153468822078138,0.56704115,1.7106683951051835,1.2634285,0.0
-0.15363275,-0.027835111,0.40016284,-0.85955255,-0.37786573,-0.94572324,0.0
9.997237792011457,-0.25343882,0.039510361,10.004555584272547,-0.37786573,-0.94572324,-0.00016929373091659753
-0.78441482,-0.47019533,-0.59163147,-0.85955255,-0.37786573,-0.94572324,0.0
-0.78441482,-0.47019533,-0.59163147,-0.85955255,-0.37786573,-0.94572324,0.0
0.42735073,-0.45250093,-1.8655679418350561,-0.85955255,-0.37786573,-0.94572324,0.0
0.8570761019236678,-0.47019533,-0.59163147,3.4800556427254516,-0.37786573,-0.94572324,0.0
-0.065892387,-0.41268851,-0.14081588,10.004555584272547,-0.37786573,-0.94572324,0.0
1.1091171,3.6039423,-0.50146835,1.42401,1.8244762,0.19998856,0.0
-0.5045942,-0.33748727,1.3919571,1.265359,-0.37786573,0.69666682,0.0
0.29675649,-0.2003556,-0.45638679,2.1771806,-0.37786573,10.006245889191648,0.0
-0.44581832,-0.0803237719849974,2.2485068,0.90164299,-0.074393028,1.047084,-0.018856398307056817
-1.491900233674138,-0.47019533,-0.59163147,-0.85955255,-0.37786573,-0.94572324,0.0
-0.042348159,-0.35960528,-7.525634598468889,0.60206253,0.60716115,1.1994393,0.0
-0.066400536,-0.45250093,-1.2323577072505254,-0.85955255,-0.37786573,-0.94572324,0.0
-0.11010133,-0.42595931,-0.27606055,0.79067164,-0.37786573,0.97700056,0.0
2.2439828,3.6260603,-0.050652758,6.3696193,-0.37786573,-1.2691672341863969,0.0
1.6050703,1.5779325,-0.14081588,0.4119639746438093,-0.37786573,0.72104367,0.0
0.45411324,0.31720586,0.30999972,0.4976835557644864,-0.37786573,-0.94572324,0.0
-0.78441482,-0.47019533,-0.59163147,-0.85955255,-0.37786573,-0.94572324,0.0
-0.32437075,-0.43038291,-2.0463558610863775,0.12906296,10.0049654879065,0.95262371,0.0
-0.78441482,-0.47019533,-0.59163147,-0.85955255,-0.37786573,-0.94572324,0.0
-0.78441482,-0.47019533,-0.59163147,-0.85955255,-0.37786573,10.006245889191648,0.0
-0.78441482,-0.47019533,-0.59163147,-0.85955255,-0.37786573,-0.94572324,0.0
0.051998139,-0.30209845,9.989496329427736,-0.85955255,-0.37786573,-0.94572324,0.0
2.372776115563353,0.09160215,5.837022655472975,0.94763492,0.083187567,10.006245889191648,0.0
1.0262888,1.405412,-0.32114211,10.004555584272547,-0.37786573,0.92824687,0.0
-0.78441482,-0.44807732,-0.59163147,-0.85955255,-0.37786573,-0.94572324,0.0
-0.78441482,-1.227716908449144,-0.59163147,-0.85955255,-1.7709725329089632,-0.94572324,0.0
-0.1104401,-0.29325125,0.35508128,1.5467958,-0.37786573,0.70276103,0.0
-0.78441482,-0.47019533,-0.59163147,-0.85955255,-0.37786573,-0.94572324,-0.6224648762193346
0.015580807,-0.14727237,1.301794,-0.1001750570213879,-0.37786573,0.55649995,0.0
-0.025918013,-1.9194855728161933,0.26491816,-0.85955255,-0.37786573,-0.94572324,0.0
0.24780482,-0.018987906,2.2935883,0.34130095,-0.054901237,0.67533708,0.0
0.23628678,-0.18266119,0.44524439,-0.85955255,-2.896826175638347,-0.94572324,0.0
-0.78441482,-0.47019533,-0.59163147,-0.85955255,-0.37786573,-0.94572324,0.0
-0.23104075,-0.39057049,1.1214678,-0.85955255,-0.37786573,-0.94572324,0.0
0.39008649,0.3835599,0.53540751,0.1674599,0.32657155,0.85206922,0.0
-0.78441482,10.0000062172904,-0.59163147,-0.85955255,-0.37786573,-0.94572324,0.0
3.400639352292885,10.0000062172904,0.71573375,0.88349938,1.0099366,1.0836493,0.0
-0.34537424,-0.29325125,1.4370387,0.38982455,0.23882557,0.93738818,1.5306232895807108
0.024049954,0.33932388,9.989496329427736,-6.390733053115766,2.0812955276602754,3.6401779998560766,0.0
1.0455985,0.038518923,-0.41130523,10.004555584272547,2.8835521,1.1080261,0.0
-0.78441482,-0.47019533,-0.59163147,-0.85955255,-0.37786573,-5.56917858619299,0.0
-0.053019284,-0.45250093,-0.14081588,-0.85955255,-0.37786573,-0.94572324,0.0
1.3066176,2.9271312,-0.36622367,1.9286554,-0.37786573,0.90082291,0.0
0.19783685,-0.31094565,-0.0055711987,1.0166529837005434,-0.37786573,-0.94572324,0.0
-0.78441482,-0.47019533,-5.499427291167389,-0.85955255,-0.37786573,-0.94572324,0.0
-0.023038503,-0.44807732,-0.18589744,-0.85955255,10.0049654879065,-3.3435834896780956,1.5306232895807108
-0.32809718,-0.31536926,2.834567,0.87295078,0.058625276,0.75760894,0.0
0.38060104,-0.32864006,0.40016284,1.7484852,-0.37786573,1.1659211,0.0
-0.15702041,-0.41268851,0.039510361,1.3113509,0.50239278,0.90082291,0.0
-0.05047854,0.29951146,2.2202088311212482,-0.20638276,-0.37786573,0.6357247,0.0
-0.1770076,-0.23574442,0.85097843,0.78054497,2.4660535984875476,0.83378658,0.48510135416567535
-0.78441482,-0.47019533,-0.59163147,-0.85955255,-0.37786573,-0.94572324,0.0
-0.78441482,-4.369105915114968,-0.59163147,-0.85955255,-0.37786573,-0.94572324,0.0
-0.78441482,-0.47019533,9.989496329427736,-0.85955255,-0.37786573,-0.94572324,0.0
0.24441716,-0.44807732,0.12967348,5.177280182936354,-0.37786573,0.9434824,0.0
-0.23713854,-0.30652205,1.5272018,10.004555584272547,3.3229410527708514,0.94957661,-0.5533000074992795
1.4202735,0.67994125,0.67065219,-0.85955255,-0.37786573,-0.94572324,0.0
0.105015,-0.35518168,-0.18589744,0.72737999,-0.37786573,1.2908525,0.0
0.25949224,0.53838598,1.7526096,0.0066991158,-0.37786573,0.51993468,0.0
-0.78441482,1.2635170950244574,-0.59163147,-0.85955255,-0.37786573,-0.94572324,0.0
0.59317663,0.66224684,0.30999972,2.2636792,0.39693297,1.4035954,0.0
0.12364712,-0.16496678,0.12967348,1.7936333,0.9158006217031326,1.0105187,0.0
0.53084371,-6.306109393993885,-0.36622367,-0.85955255,-0.37786573,-0.94572324,0.0
0.0020301718,3.8942144528010627,1.0313047,0.1820917750442388,10.0049654879065,1.0440369,0.0
-0.78441482,-0.47019533,-0.59163147,-0.85955255,-0.37786573,4.166705745130111,0.0
-0.78441482,-0.47019533,-0.59163147,-0.85955255,-0.37786573,-0.94572324,0.0
-0.20444763,-0.29325125,-0.14081588,-0.3000544,-0.37786573,-1.6075568904032036,0.0
-0.22172469,-0.3949941,0.2198366,-0.85955255,-0.37786573,-0.94572324,0.0
-0.78441482,-0.47019533,-0.59163147,-0.85955255,-1.5714476550527698,-0.94572324,0.0
0.050812459,2.0507277218268016,-0.050652758,0.15775518,-0.37786573,1.0562253,0.0
0.16700916,-0.45250093,-0.095734317,0.7429899815450661,-0.37786573,-0.94572324,0.4851858179853688
-0.8461895100164731,-0.43923012,-0.36622367,1.5067111,-0.37786573,0.80331553,0.16967200938854068
0.063854945,-0.30209845,-0.36622367,1.4408878,-0.37786573,1.0653666,0.0
1.1541729,1.6752518,-0.0055711987,1.0788596,-0.37786573,2.8264911914597075,0.0
-0.78441482,-0.47019533,-0.59163147,-0.85955255,-0.37786573,-3.421075863097632,0.0
-0.78441482,-0.47019533,-0.59163147,-0.85955255,-0.35082697198106166,-0.94572324,0.13935709405719032
1.1453002877543557,-0.43480652,0.12967348,-0.85955255,-0.37786573,-0.94572324,0.0
0.72681977,0.87900335,0.039510361,1.1185224,10.0049654879065,0.86425764,0.0
-0.78441482,-0.47019533,-0.59163147,-6.12092459764802,-0.37786573,-0.94572324,0.0
-0.075208449,-3.1026656376339523,-0.095734317,-0.85955255,-0.37786573,-0.94572324,0.559299999224935
-0.78441482,-0.47019533,-0.59163147,-0.85955255,-0.37786573,10.006245889191648,0.0
-0.78441482,-1.2155763721672852,9.989496329427736,-0.85955255,-0.37786573,-0.94572324,0.0
-0.19665602,3.734826215034003,9.2361485,1.0214752,0.046080728,-1.554257045020445,0.0
0.1525432892686388,-0.47019533,-0.59163147,10.004555584272547,-0.37786573,-0.94572324,0.2628883608027216
-0.78441482,-0.47019533,-0.59163147,-0.85955255,-0.37786573,-0.94572324,0.2548191660162671
-0.78441482,-0.47019533,-0.59163147,-0.85955255,4.779226284729671,10.006245889191648,0.0
-0.78441482,-0.47019533,-0.59163147,-0.85955255,-0.37786573,-0.94572324,0.0
-0.053188667,3.8947469572532056,0.26491816,0.77421581,-0.37786573,1.0531782,0.0
-0.6773254307154382,-0.30209845,0.35508128,0.56197782,4.192093357830864,1.2908525,0.0
-0.22595927,-0.43923012,-0.230979,0.21471766,-0.37786573,0.44375703,0.0
0.84640413,1.383294,-0.18589744,-3.240048444726499,1.1162196,1.1263087,0.0
0.47562487,0.26412264,0.2198366,-0.85955255,-0.37786573,-0.94572324,0.0
-0.78441482,-0.7384487726506055,-0.59163147,-0.85955255,-0.37786573,10.006245889191648,0.0
0.068597667,-0.32421646,9.989496329427736,-0.85955255,-0.37786573,-0.94572324,0.0
-0.2971001,-0.44365372,2.688216831041658,0.33159623,0.62355796,1.0348956,0.0
-0.78441482,-0.47019533,-0.59163147,-0.85955255,-0.37786573,-0.94572324,0.0
-0.28829219,-0.33748727,1.4821203,10.004555584272547,-0.37786573,2.766575848310273,0.0
0.73681337,-1.2148753149761085,-0.230979,-0.85955255,-0.37786573,-0.94572324,0.0
-0.2315489,-0.30209845,2.4739146,-0.85955255,10.0049654879065,-0.94572324,0.37068428853186014
-0.046921498,-0.34191087,9.989496329427736,0.046783825,-0.37786573,-0.007988292920177553,0.0
0.8575834,1.361176,-2.5860694990715705,1.0121924,0.38090677453822985,-1.2460102218670555,0.0
-0.78441482,-0.47019533,-0.297965538967339,1.673604367110769,10.0049654879065,10.006245889191648,0.0
-0.21206986,-0.39057049,1.2116309,0.4560698,0.10060506,1.0105187,0.0
-0.78441482,-0.47019533,-0.59163147,10.004555584272547,-0.37786573,-0.94572324,0.0
-0.37501625,-0.45250093,-0.095734317,-0.85955255,-0.37786573,10.006245889191648,0.0
-0.27304772,-0.27998044,1.0313047,0.36577372,0.31168931,0.40196464764200934,0.0
-0.3258952,-0.43480652,2.2034252,0.72822388,-0.37786573,0.30663727,0.0
0.090109301,-6.922400429736916,0.62557063,-0.85955255,-0.37786573,-0.94572324,0.0
-0.13381495,-0.43480652,0.67065219,-0.85955255,-0.37786573,-0.5033164392847091,0.0
0.56590598,0.21546301,-0.230979,1.105864,1.1035762,1.2908525,0.0
0.81964162,-2.3024439384303763,-0.50146835,-0.85955255,-0.37786573,-0.94572324,0.0
0.30979897,-0.45250093,0.039510361,-0.85955255,-0.37786573,-0.94572324,0.0
0.84826734,2.5865138,-0.14081588,1.0505893,-0.37786573,0.59306522,0.7186618257436915
0.028962059,-0.3949941,-0.32114211,10.004555584272547,5.441670493044639,1.565092,0.0
-0.2335815,-0.30652205,0.80589687,-0.85955255,-0.37786573,-0.94572324,0.0
0.023541805,-0.45250093,-0.32114211,-0.85955255,10.0049654879065,-0.94572324,1.5306232895807108
-0.0062695922,-0.27113323,0.08459192,0.38982455,1.2859167,0.90387002,0.0
-0.78441482,-0.47019533,-0.59163147,-0.85955255,-0.37786573,-0.94572324,0.0
-0.167014,-0.12957796,0.58048907,-0.85955255,2.307067557165843,-0.94572324,0.0
-0.20834344,-0.42595931,-0.095734317,0.35564706,-0.37786573,1.1110732,0.0
-0.78441482,-0.44365372,18.207379,-0.85955255,-0.37786573,-0.94572324,0.0
0.27744683,3.9064813921970556,-0.18589744,-0.85955255,-0.37786573,-0.94572324,0.0
-0.28456576,-0.26670963,1.1665493,-0.096677239,-0.37786573,1.0227071,0.0
0.4127838,0.047366127,0.2198366,-0.85955255,-0.37786573,-0.94572324,0.0
0.27592239,0.25085183,0.17475504,-0.44604713,2.5397459,0.44680414,0.0
0.42396308,-0.010140702,0.08459192,1.5328717,1.2547035,1.2085806,0.0
-0.17768513,0.7955030626514119,0.039510361,1.5278083,-0.37786573,0.95871792,0.0
-0.37416934,-0.44807732,-0.14081588,0.71092416,1.3495613,0.82464527,0.0
0.7462702018641214,-0.44807732,-0.27606055,1.0210532,-0.37786573,0.8429279,0.0
-0.23442841,-2.212276420671575,0.58048907,0.29995041,-0.37786573,1.0958377,0.0
1.6821396,0.05178973,-0.54654991,1.5978511,-0.37786573,0.43156861,0.0
0.054877649,-0.6646286484176966,-0.36622367,0.25353654,-0.37786573,0.65705444,0.0
-0.042517541,-0.45250093,0.38075271803512506,-0.85955255,-0.37786573,-0.94572324,0.0
-0.78441482,-0.47019533,-0.59163147,-0.85955255,-0.37786573,-0.94572324,0.0
0.14719135,-0.12073076,9.989496329427736,0.7712622,-0.37786573,1.1506856,1.5306232895807108
0.072832241,-0.23132081,-0.27606055,0.64467891,-0.37786573,1.4432078,0.0
-0.57336368,-1.3883107747410468,-0.32114211,-0.85955255,10.0049654879065,-0.94572324,0.0
-0.11873986,-0.2047792,-3.9983247219457203,0.3194484666353319,3.3442905226201036,1.5589978,0.0
9.997237792011457,-0.44365372,0.67065219,-4.2484692843386105,1.6664017,1.0074716,0.0
2.0725672,4.3072951,-0.36622367,1.4008031,1.2904604,0.059818725428007036,0.0
-0.17107919,-0.43923012,-0.230979,-0.85955255,1.1919016243658458,-0.94572324,0.0
0.032180335,-0.24901522,-0.230979,0.10796575,-0.37786573,1.2299103,0.0
-0.78441482,-0.47019533,-0.59163147,-0.85955255,10.0049654879065,-0.94572324,0.0
-0.78441482,-0.47019533,-0.59163147,-0.85955255,-4.762878052763741,10.006245889191648,0.0
-0.19377651,-0.38614689,-0.230979,1.264937,-0.37786573,0.78198578,0.1338346614472597
0.14617505,-0.2003556,-0.050652758,10.004555584272547,-0.37786573,1.1781095,0.0
-0.20292319,-0.45250093,0.35508128,-0.85955255,-0.37786573,-0.94572324,-0.07292824546321332
-0.31878112,-0.36402888,1.5722834,0.697,-0.37786573,1.0501311,0.0
-0.023038503,-0.36402888,-0.27606055,0.4969984,10.0049654879065,1.2177219,0.0
-1.9843870932628582,-0.47019533,-0.59163147,-0.85955255,-0.37786573,10.006245889191648,0.0
-0.49900457,-0.44365372,1.0313047,0.68096612,-0.37786573,0.57478259,0.0
-6.501888558370738,-0.47019533,-3.215932505441913,10.004555584272547,-0.37786573,-0.94572324,0.0
0.14651382,-0.18266119,0.53540751,0.1113413,-0.37786573,1.7113531,0.0
-0.26169907,-0.41268851,-0.14081588,0.33708151,1.8299089,1.4675846,0.0
1.5088782649200727,-0.43480652,-0.14081588,0.49193507,-0.37786573,1.3578888,0.0
2.368475998135947,-0.47019533,-0.59163147,-0.85955255,-0.37786573,-0.94572324,0.0
-0.12602333,-0.43480652,9.989496329427736,10.004555584272547,-0.6960240278245242,-0.94572324,0.0
-0.2325652,-0.44807732,9.989496329427736,0.9970024,1.3260197,10.006245889191648,0.0
-0.78441482,-0.47019533,-0.59163147,-0.85955255,-0.37786573,-0.94572324,0.0
-0.17192611,-0.37287609,0.98622311,-0.85955255,-0.37786573,-0.94572324,0.0
-0.1233132,10.0000062172904,0.6613978498782702,0.98856352,2.726202,1.1232616,0.0
0.63433669,2.9979088,0.85097843,-0.85955255,-0.37786573,3.268911881945123,0.0
3.533289727656789,-0.25786243,-0.36622367,-0.85955255,-0.37786573,-0.94572324,0.0
-0.18954193,-0.43923012,0.2198366,0.92274021,-0.37786573,0.93434108,0.0
0.54845954,0.082754945,-0.32114211,1.5788636,-0.37786573,1.0531782,0.0
0.44818484,0.3835599,9.989496329427736,0.74425776,-0.37786573,0.97090635,0.0
1.033911,4.4842392,-0.14081588,-0.85955255,-0.37786573,-0.94572324,1.5306232895807108
-0.78441482,-0.2265601985709081,-0.59163147,-0.85955255,-0.37786573,-0.94572324,0.0
-0.20021306,-0.42153571,-0.14081588,0.50163979,-0.37786573,0.64181891,0.0
-5.50689428234278,-1.5714908009882569,-0.59163147,-0.85955255,-0.37786573,-0.94572324,-0.22708504823724981
-0.0038982311,0.193345,0.94114155,0.615487182412257,0.019608768,1.1232616,0.0
1.1482445,2.1441536,-0.050652758,0.82020774,0.15404286,10.006245889191648,0.0
2.43099273138476,-0.47019533,-0.59163147,-0.85955255,10.0049654879065,-0.94572324,0.0
-0.78441482,-0.47019533,-0.59163147,-0.85955255,-0.37786573,10.006245889191648,0.0
-0.78441482,-0.47019533,-0.59163147,-0.85955255,-0.37786573,-0.94572324,0.0
0.0077891918,-0.22689721,0.30999972,10.004555584272547,-0.37786573,-0.94572324,0.0
0.38974772,-1.0686510580578141,0.53540751,1.3707287099301428,-0.37786573,10.006245889191648,0.0
-0.37145921,-0.45250093,0.35508128,-0.85955255,3.091446953463393,-0.94572324,0.0
-0.78441482,-0.47019533,-1.1541138331332395,-0.85955255,-0.37786573,-0.94572324,0.0
-0.78441482,-0.47019533,-0.59163147,-0.85955255,-0.37786573,-0.94572324,0.0
-0.78441482,-0.47019533,-0.59163147,-0.85955255,-0.37786573,-0.94572324,0.0
-0.40716875849080386,-0.39057049,-0.050652758,0.68729528,0.93108048,1.3457004,1.5306232895807108
0.16192767,-0.15611958,0.67065219,-0.85955255,-0.37786573,-0.94572324,0.0
0.89942099,3.4800815,-0.45638679,-0.85955255,-0.37786573,-0.94572324,0.0
3.3187175,-0.38172329,-0.230979,2.264945,0.42709256,1.0348956,0.0
-0.78441482,10.0000062172904,-0.59163147,-0.85955255,-0.37786573,-0.94572324,0.0
-0.78441482,-0.47019533,9.989496329427736,-0.85955255,-0.37786573,-0.94572324,0.0
-0.022360972,-0.28440404,1.0313047,1.3307603,-0.37786573,1.2725698,0.0
-0.78441482,-0.47019533,-0.59163147,-0.85955255,-0.37786573,-0.94572324,0.0
-0.78441482,-0.47019533,-0.59163147,-0.85955255,-0.37786573,-1.053319046290342,0.0
1.0583022,3.2279361,-0.18589744,-0.85955255,-0.37786573,-0.94572324,-0.7749147512505328
-0.78441482,-0.47019533,-0.59163147,-0.85955255,-0.37786573,-0.94572324,0.0
1.0703284,2.4139933,0.26491816,1.1117713,-0.37786573,-2.524039747021213,0.0
7.87355107329194,1.4599978486362675,3.5658609172689877,-0.85955255,10.0049654879065,-0.94572324,0.0
0.21443638,0.016400912,0.40016284,1.0100827,0.85736068,1.4252986112823898,0.0
-2.625824385894807,0.13141457,-0.36622367,-0.85955255,-2.767440840800113,-0.94572324,-0.3284076071732315
-0.042856307,1.9697431722568344,0.12967348,0.60712586,10.0049654879065,0.82464527,0.7495715408560676
-0.21410246,-0.38614689,0.53540751,-0.85955255,-0.37786573,-0.94572324,0.0
-0.32216878,-0.34633447,-0.18589744,1.257906158826571,2.0984807,0.93434108,0.0
-0.074361534,-2.563524044904705,-0.18589744,1.970006,0.90582676,-0.8876257665364109,1.5306232895807108
-0.2395099,-0.4038413,-1.8242837564658176,0.5969992,0.7894796881802927,10.006245889191648,0.0
0.83691868,-0.42595931,-0.41130523,-0.85955255,-0.11601798740177494,-0.94572324,0.0
-0.090452914,10.0000062172904,-0.7843483801963641,10.004555584272547,-0.37786573,-3.2339945263604504,0.0
-0.78441482,-0.47019533,-0.59163147,-0.85955255,-0.37786573,-0.94572324,0.2528304357059036
1.0479698,1.2019263,-0.41130523,1.0594787219635424,4.367030908101252,0.88558738,0.0
-0.22850001,-0.32864006,0.17475504,0.78054497,0.61908012,1.2177219,0.0
1.1704337,1.3921412,-0.095734317,2.2033412,-0.37786573,1.0044245,0.0
-0.78441482,2.3957780594594413,-3.999281436290337,-0.85955255,-0.37786573,-0.94572324,0.0
-0.78441482,-0.47019533,-0.59163147,-0.85955255,-0.37786573,-0.94572324,0.0
-0.78441482,-0.47019533,-0.59163147,-0.85955255,0.7684799196610793,-0.94572324,0.0
-0.24340571,-0.44807732,9.989496329427736,10.004555584272547,-0.37786573,1.2756169,0.0
9.997237792011457,0.89227416,-0.0055711987,0.96620047,1.3058036,10.006245889191648,0.0
0.19970006,-0.6661757423298753,1.1665493,0.41429732,-0.37786573,10.006245889191648,0.0
-0.78441482,-0.47019533,-0.59163147,-0.85955255,1.5161208623428895,-0.94572324,0.0
-0.78441482,-0.47019533,2.003103126676357,-0.85955255,-0.37786573,-0.94572324,1.5306232895807108
-0.18717057,-0.29767485,0.35508128,0.1712574,0.58638528,1.104979,1.5306232895807108
-0.78441482,-0.47019533,-0.59163147,-0.85955255,-0.37786573,-0.94572324,0.0
9.997237792011457,-0.47019533,-0.59163147,-0.85955255,-1.3151540350590696,-6.339249562261914,-0.02778558579184794
-0.78441482,-0.47019533,-0.59163147,-0.9762934363388884,-0.37786573,-0.94572324,0.0
-0.22612865,-0.35960528,-0.230979,0.95438603,1.7116411,1.363983,1.5306232895807108
-0.25001164,-0.43038291,-0.0055711987,0.47801091,-0.37786573,1.1963922,0.0
-0.1124727,-0.41268851,-0.27606055,0.52569061,-0.37786573,10.006245889191648,0.0
1.1216514,-0.44807732,-0.36622367,-0.85955255,-0.37786573,-0.94572324,0.0
0.04573097,-0.26228603,-0.230979,3.2093329864131124,-0.37786573,1.3152293,0.0
-0.24188126,-0.37729969,0.85097843,0.5450571667315572,0.91320203,1.0745079,0.0
9.997237792011457,-0.38614689,0.76081531,-0.032541705,0.44526734,0.9952832,-0.6838565859837866
-0.15447966,-0.054376724,9.989496329427736,-0.85955255,-0.37786573,-0.94572324,0.0
1.6469079,-0.45250093,-0.41130523,-0.85955255,-0.37786573,-0.94572324,0.0
0.26914707,10.0000062172904,-0.27606055,1.0168338,2.4758049,1.3944541,0.0
0.41786529,-0.24459162,0.35508128,1.8927902,1.543429347591111,10.006245889191648,0.1341098597683622
-0.78441482,-0.47019533,-0.59163147,-0.85955255,-0.37786573,-0.94572324,0.0
-0.78441482,-0.47019533,-0.59163147,-0.85955255,-0.37786573,-0.94572324,0.846303790070062
0.059959137,-0.39057049,-0.27606055,0.96620047,1.6786499,1.2116277,-0.29408779375600236
0.10738636,-0.27555684,9.989496329427736,0.95522992,1.1601767541270727,0.87644607,0.0
0.35485484,-0.13842517,0.2198366,7.9270479913993555,0.21307797,0.92215265,0.0
0.51678493,0.28181705,0.30999972,-0.85955255,-0.37786573,-0.94572324,0.0
9.997237792011457,-0.9465126165430547,0.44524439,0.71767527,-0.37786573,1.8911323,0.0
-0.18175032,-0.15611958,2.023099,0.72569221,-0.37786573,10.006245889191648,0.7467283485987046
0.63772435,10.0000062172904,-0.41130523,0.41345343,-0.37786573,0.83378658,0.0
-0.38229972,-5.283419581787939,-2.129861788546236,0.56197782,1.2996368933190812,0.91605844,1.5306232895807108
-0.78441482,-0.47019533,-0.59163147,-0.85955255,-0.37786573,-0.94572324,1.5306232895807108
-1.2431119216483248,-0.47019533,-0.59163147,-0.85955255,-0.37786573,-0.94572324,0.0
0.35875064,1.3965648,-0.095734317,-0.85955255,-0.37786573,-0.94572324,0.0
9.997237792011457,10.0000062172904,-0.59163147,0.21388481964307948,-0.37786573,0.6586179899934874,1.5306232895807108
0.020662295,-0.45250093,-0.27606055,-0.85955255,-0.37786573,-0.94572324,0.0
1.876904168916841,-0.34191087,-0.230979,-0.85955255,-0.37786573,-0.94572324,-0.5786287233118007
0.20613661,-0.098612747,9.989496329427736,-0.85955255,-0.37786573,-0.94572324,0.0
0.091464364,-0.45250093,-0.230979,-0.85955255,-0.37786573,-0.94572324,0.4449192614356699
-0.78441482,-0.43923012,9.989496329427736,-0.85955255,-0.37786573,-0.94572324,0.0
-0.78441482,-0.47019533,9.989496329427736,-0.85955255,-0.37786573,-0.94572324,0.0
-0.78441482,-0.47019533,-0.59163147,-0.85955255,-0.37786573,-0.94572324,-0.11569255612168934
-0.5490301907767368,3.5287411,-0.50146835,2.3425828,-0.37786573,0.8429279,0.0
-0.28625959,-0.35518168,5.298067669356096,-0.85955255,1.1607367060130627,-0.7208351953451986,0.0
0.56912426,0.42779592,0.17475504,0.87168494,-0.37786573,1.0044245,0.0
0.86114045,2.9580964,0.6123038386821263,0.80754941,0.23477575,-0.7391217345259534,0.0
0.030317123,-0.38614689,0.35508128,-0.85955255,-0.37786573,-0.94572324,0.0
0.68379651,-0.45250093,-0.095734317,-0.85955255,-0.37786573,-0.94572324,0.0
0.24238456,-0.063223929,0.17475504,1.0109266,-0.37786573,0.93434108,0.0
-0.014908122,1.2893169453562303,-0.41130523,0.89362605,-0.37786573,0.41938019,0.0
9.997237792011457,1.6366998658151473,-0.5617443527864957,-0.85955255,-6.736792218866435,-0.94572324,0.0
0.47477796,-0.010140702,-0.27606055,1.4083981,-0.37786573,1.2234803780075376,0.0199442161978333
9.997237792011457,-0.063223929,-4.018218007132545,1.3818156,-0.37786573,1.3182764,1.5306232895807108
1.5178381,0.87900335,-0.095734317,1.3202117,0.5505296,0.8916816,0.0
-0.78441482,-0.47019533,-0.59163147,-5.056465126406534,-0.37786573,-6.275094941346849,0.0
-0.36434513,-0.23132081,0.17475504,10.004555584272547,-0.37786573,0.8916816,0.0
0.96344774,-0.44365372,9.989496329427736,-0.85955255,-0.37786573,-0.94572324,0.16106344621072047
0.9360077,0.43664312,-0.0055711987,0.55818032,-0.37786573,1.0379427,0.0
0.82760262,4.311154005814693,-0.095734317,1.5088208,0.49985753,1.1720153,0.0
-0.78441482,-0.47019533,-2.037891263137658,-0.85955255,-0.37786573,2.449455122797569,-0.08079699566236355
-0.20445795369637243,-0.47019533,-0.59163147,-0.85955255,-0.37786573,-0.94572324,0.0
0.61163937,3.2146653,-0.18589744,-0.85955255,0.19107741544382562,-0.94572324,0.0
4.949759879851988,10.0000062172904,-0.095734317,0.4969984,1.0700468932215577,0.92215265,0.0
9.997237792011457,-0.41711211,-0.59163147,-0.48824156,-0.37786573,0.46508677,0.0
0.15007086,0.14910898,-1.7705102943129036,-0.85955255,-0.37786573,-0.94572324,0.0
0.70835703,0.49414995,-0.36622367,0.96873213,-3.3131255225505245,1.507197,0.0
-0.78441482,-0.47019533,-0.59163147,-0.85955255,-0.37786573,-0.94572324,0.0
-0.78441482,-0.47019533,3.064505742162119,-0.85955255,-0.37786573,-0.94572324,0.0
-0.21833703,-0.4038413,2.2034252,0.016403835,0.21969596,1.4432078,-0.4326553013650062
-0.17683821,-0.12073076,1.7976912,1.204599,0.3980195,0.91910555,0.0
0.30132983,-0.18266119,0.12967348,0.81767607,-0.37786573,10.006245889191648,0.0
-0.78441482,-0.47019533,-0.59163147,-0.85955255,-0.37786573,-0.94572324,0.0
0.8020258,2.3166741,9.989496329427736,1.3204092620971215,10.0049654879065,0.93129397,0.0
2.1376103,2.96252,-0.230979,0.54045866,0.4153053,0.27921332,0.0
-0.11111763,-0.36402888,0.17475504,1.1497462,-0.37786573,1.9508686593372184,0.0
-0.16539859031615184,10.0000062172904,-0.27606055,-0.01125130171832911,-0.37786573,-0.94572324,0.0
0.14990148,0.065060536,9.989496329427736,1.3088192,4.298070453513888,0.91605844,0.0
9.997237792011457,-0.47019533,-0.59163147,-0.85955255,10.0049654879065,-0.94572324,0.0
3.8433791269584057,-0.4038413,1.8878543,0.7303336,-0.37786573,0.78198578,0.0
-0.78441482,-0.47019533,-0.59163147,-0.85955255,-0.37786573,-0.94572324,0.0
-0.095703785,0.35701828,-0.095734317,0.19657405,-0.37786573,0.76675026,0.0
0.40431466,4.8204329,0.12967348,0.90248688,-0.37786573,0.66924287,0.0
0.26457373,-0.12957796,0.71573375,0.51218839,-0.37786573,0.96176503,0.0
-0.78441482,-0.47019533,9.989496329427736,-0.32043856608819,-0.37786573,-0.94572324,0.0
-0.092993658,0.042942525,0.46511152412989887,0.74341387,-0.37786573,0.54431153,0.0
0.36874424,-0.2003556,0.80589687,0.21556155,0.2523908,1.1445914,0.0
-0.025071099,10.0000062172904,9.989496329427736,1.5489056,7.718319408611356,1.0988848,0.0
-0.13906582,10.0000062172904,0.40016284,0.43919203,0.5962958,-5.006695187538692,0.0
-0.78441482,-0.47019533,-0.59163147,-0.85955255,-0.37786573,-0.03461827547488705,0.0
-0.78441482,-0.47019533,-0.59163147,-0.85955255,-0.37786573,-0.94572324,0.0
-0.069280046,-0.35960528,1.0313047,1.2311815,0.20346377,10.006245889191648,0.0
-0.23595286,-0.38614689,-0.0055711987,0.33623762,-0.37786573,1.2847583,0.0
-0.27304772,-0.39057049,-0.59163147,10.004555584272547,-0.37786573,0.59001811,0.0
-0.78441482,-0.47019533,9.989496329427736,-0.85955255,-0.37786573,-0.94572324,-0.16988422642712162
-0.78441482,-0.05073308349990541,-0.59163147,-0.85955255,-0.37786573,-0.94572324,0.0
0.2489905,0.28624065,0.40016284,0.20881044,0.61888257,1.0288014,0.0
0.01575019,-0.45250093,-0.27606055,2.007559,-0.37786573,-1.9639060861301243,0.0
-0.15075324,-0.3994177,1.4370387,1.2691565,10.0049654879065,4.0908798349027204,0.0
-0.78441482,-0.47019533,1.479627065983941,1.6818846865770833,-0.37786573,-0.94572324,0.0
-0.26966006,0.6743799186088584,1.7075281,-0.078955578,-0.37786573,0.87644607,0.0
-0.29659195,-0.37729969,-0.014605649678644639,0.79784469,1.6507951,0.64791313,0.0
-0.42074965,-0.44807732,0.2198366,-0.85955255,-0.37786573,-0.94572324,0.0
-0.3279278,-0.34633447,3.3304642,0.20332516,-0.37786573,7.813448012634258,0.0
2.361089290386546,-0.44807732,9.989496329427736,3.052885262799082,-0.37786573,-0.94572324,1.0177249787144493
-0.78441482,-0.47019533,-0.59163147,-0.85955255,-0.37786573,-0.94572324,0.0
0.2830065784936831,0.82592012,1.599931461087147,10.004555584272547,-0.37786573,1.3091351,0.0
0.79254035,1.3036692,-0.41130523,1.54553,-0.358905275025925,0.97395345,0.0
-0.78441482,-0.47019533,-0.59163147,-0.85955255,-0.37786573,-0.94572324,0.0
0.53524767,10.0000062172904,-0.36622367,-0.85955255,-0.37786573,-6.83096254133266,0.0
0.20444279,0.042942525,-0.27606055,1.5944755,3.5799681034342883,1.3761714,0.0
-0.22003086,-0.31979286,-0.59163147,-4.347675048529899,-0.37786573,0.40719176,0.0
-0.15583473,0.2693280875332872,0.53540751,0.62358169,1.0121426,1.2116277,0.0
-0.78441482,-0.47019533,-0.59163147,-0.85955255,-0.37786573,-0.94572324,0.0
-0.78441482,-0.47019533,-0.59163147,-0.85955255,-0.37786573,-0.94572324,0.0
0.6005845203494153,-0.44365372,-0.50146835,-0.85955255,-0.37786573,-0.94572324,0.0
0.14854642,0.51184436,0.71573375,0.689405,-0.37786573,-0.5362857110647323,0.0
-0.32928286,-0.36402888,0.62557063,1.5231495842646408,-0.37786573,1.0897435,0.18264774874128273
0.15328914,-0.072071133,2.9698117,0.33665956,-0.37786573,0.90996423,0.0
-0.070973875,-0.39057049,-0.18589744,2.4860439,-0.37786573,1.0044245,0.0
4.9139661,-0.41268851,-0.45638679,-0.85955255,-0.37786573,-0.94572324,0.0
-0.78441482,-0.47019533,-0.59163147,-0.85955255,-0.37786573,-0.94572324,0.0
0.25644335,0.1844978,-0.230979,1.5813953,-0.37786573,1.2390517,0.0
-0.78441482,-0.47019533,-0.59163147,-0.85955255,-0.37786573,-0.94572324,0.0
-5.770041234653382,-0.24016802,-0.050652758,1.0864546,0.95215269,1.0653666,0.0
0.49086934,0.99844061,-0.41130523,0.58096532,-0.37786573,0.83073948,1.5306232895807108
-0.78441482,-0.47019533,4.323860097977647,-0.85955255,-0.37786573,-0.94572324,0.0
-0.78441482,-0.47019533,-0.59163147,-0.85955255,-0.37786573,-0.94572324,0.0
-0.78441482,-0.47019533,-0.59163147,-0.85955255,-0.37786573,10.006245889191648,0.0
0.30607255,-0.063223929,0.2198366,0.67590279,4.6938508674951676,1.2177219,0.0
0.26779201,-0.17381398,0.30999972,-0.85955255,-0.37786573,-0.94572324,0.0
-1.2925018255692042,-0.47019533,-0.59163147,-0.85955255,-0.37786573,-0.94572324,0.0
-0.11670727,-0.6800514718806173,-2.996150348237774,0.053956878,-0.37786573,1.4005483,0.0
-0.35943302,-0.41268851,0.06849721237979889,0.36324205,0.4228452,0.86425764,0.0
1.4439453125140296,-0.33306367,-0.14081588,0.96577852,1.2634616,1.190298,0.0
-0.78441482,-0.47019533,-0.59163147,-0.85955255,-0.37786573,-0.94572324,0.0
0.3760277,-0.195932,-0.41130523,10.004555584272547,2.4609885,0.98918898,0.0
-0.78441482,1.6683033208803173,-0.59163147,-0.85955255,-0.37786573,-0.94572324,0.0
0.44699916,0.27296984,9.989496329427736,-0.5996226076838438,-0.06809168560989853,1.2360046,0.0
-0.35096388,-0.42595931,0.49032595,-0.013976155,-0.37786573,0.83683369,-0.011099151227976096
-0.22036963,-0.33306367,0.12967348,-0.024102819,-0.2660871882648794,0.98614188,0.0
0.087568557,-0.18266119,-0.095734317,-4.9918694451726235,-0.37786573,0.93738818,0.0
9.997237792011457,10.0000062172904,0.49032595,-0.85955255,-0.37786573,-0.94572324,0.0
-2.999858195994577,-0.47019533,-0.59163147,-0.85955255,-0.37786573,-0.94572324,0.0
-0.24255879,7.746806346896697,0.98622311,0.55522671,0.52850256,0.75151473,-0.7002214310778163
0.41159812,0.0075537073,-1.500961455975185,0.94299353,-0.37786573,1.5559507,0.0
-0.13059667,-0.4038413,0.26491816,-0.85955255,10.0049654879065,-0.94572324,0.0
-0.78441482,10.0000062172904,-0.59163147,1.9969506481311474,-0.8893882254091295,-0.94572324,0.0
-0.35841673,-0.44365372,0.49032595,0.8159883,-4.939016657647759,1.1354501,0.0
1.6160855136752756,-0.38172329,0.039510361,1.0286482,1.1652454,0.43461572,-0.8345416976415285
1.3047544,0.82592012,0.2198366,0.77759136,0.1221053,0.20727487849284443,0.24999975820090634
-0.22900816,10.0000062172904,-0.18589744,-0.85955255,-0.37786573,-0.94572324,0.10175706745549885
0.59300725,0.193345,-0.230979,1.5463739,-0.37786573,1.6351754,0.0
-0.9705484857784937,-0.47019533,-0.59163147,-0.85955255,-0.37786573,-0.94572324,0.0
0.4564846,-0.11188355,-0.14081588,0.92274021,-0.37786573,1.1476385,0.0
-0.056576325,-0.38614689,-0.45638679,-0.85955255,-0.37786573,-3.313743152380305,0.0
0.83929005,0.71090646,-0.0055711987,1.0767499,-0.37786573,0.95871792,0.0
0.49459576,-0.13400156,9.989496329427736,-0.85955255,-0.37786573,-0.94572324,0.0
0.072662858,-0.33306367,0.58048907,0.73117749,0.56590572,0.9434824,0.0
-0.21477999,-2.8837867403978774,-0.0055711987,-0.85955255,10.0049654879065,-0.94572324,0.0
-2.9733242532060613,-0.47019533,-0.59163147,-0.85955255,-0.37786573,-0.94572324,0.0
9.997237792011457,-0.47019533,-0.59163147,-0.85955255,-0.37786573,-0.94572324,1.5306232895807108
-0.78441482,-0.47019533,-0.59163147,-0.85955255,-0.37786573,-0.94572324,0.0
-0.2901554,1.1479250675464807,-0.095734317,-0.85955255,-0.37786573,-0.94572324,0.0
5.4935945,-0.45250093,-0.45638679,-0.85955255,-0.37786573,10.006245889191648,0.0
-0.78441482,-0.47019533,-0.59163147,-0.85955255,-0.37786573,-0.94572324,0.0
-0.014061207,0.038518923,-0.14081588,-0.85955255,-0.37786573,-0.94572324,0.0
0.092311279,10.0000062172904,-0.36622367,-0.85955255,-0.37786573,-0.94572324,0.0
8.569172488998637,-0.47019533,-0.59163147,-0.85955255,-0.37786573,10.006245889191648,0.0
0.98648382,4.3559547,9.989496329427736,1.356499,-0.37786573,0.24874226,0.0
2.560422844342523,3.766984144116731,-0.0055711987,-0.85955255,0.5918630327240973,-0.94572324,0.0
0.76882674,0.62685802,-0.230979,1.4835042,0.542858,1.0592724,-0.5298415771507405
1.3670873,3.3916094,-0.41130523,1.7822408,-0.37786573,0.8916816,0.0
-0.33351743,-0.44807732,-0.050652758,0.65480557,-0.37786573,1.1842038,0.0
1.2357133366023128,-0.44365372,7.056238941377552,-0.85955255,-0.37786573,-0.94572324,0.0
0.00067510833,-0.43038291,-0.32114211,-0.85955255,-0.37786573,-0.94572324,0.2601178109629061
-0.78441482,-0.47019533,-0.59163147,-2.746781026067446,-0.37786573,-0.94572324,0.0
1.5488352,-0.43923012,-0.18589744,-0.85955255,-0.37786573,-0.94572324,0.0
0.079268793,-0.38614689,-0.050652758,-0.85955255,10.0049654879065,-0.94572324,0.0
1.0328947,1.0426766,-0.27606055,1.2860343,10.0049654879065,1.2512401,0.0
-5.521091033746034,-0.47019533,-0.59163147,-0.85955255,-0.37786573,-4.495887258091006,0.0
-0.78441482,-0.44807732,8.4246804,10.004555584272547,-0.37786573,-0.94572324,-0.3244363944440344
1.4954796,4.8558218,-0.32114211,-0.8674015299979912,-1.9135060478835921,-0.94572324,0.0
0.016427722,-0.43038291,-0.050652758,-0.9405816777010271,-0.37786573,-0.94572324,0.0
0.04166578,-0.30652205,0.85097843,0.63328641,0.28495394,1.1811567,0.0
0.42599567,-4.311111034830588,-0.18589744,1.0134582,10.0049654879065,1.1384972,0.0
6.9306393,-0.43923012,-0.50146835,-0.85955255,-0.37786573,-0.94572324,0.0
-0.13313741,-2.510277095077639,-0.095734317,-0.85955255,10.0049654879065,-0.94572324,0.0
9.997237792011457,-0.2003556,0.58048907,2.3821759273757297,-0.37786573,1.0958377,0.0
-0.34740683,-0.44365372,0.039510361,-0.060811973,0.7039616,0.88558738,0.0
0.5408373,0.3879835,0.08459192,-0.85955255,-0.37786573,10.006245889191648,0.0
2.1952005,-0.45250093,-0.36622367,-0.85955255,-0.37786573,-0.94572324,1.5306232895807108
-0.48511516,-0.34191087,10.273024,0.96409075,-0.37786573,0.57782969,0.0
0.35011211,1.3877176,-0.18589744,1.1826579,-0.6055146732137053,2.2560866187802224,0.0
-0.78441482,-0.47019533,-0.59163147,-0.85955255,-0.37786573,-0.94572324,0.0
-0.78441482,-0.47019533,-0.59163147,-0.85955255,-0.37786573,-0.94572324,0.0
0.2847303,1.0117114,-0.095734317,-0.85955255,-0.37786573,-0.94572324,0.3849930430281293
-0.53050979,-0.45250093,2.2034252,-0.85955255,0.0421223163354163,-0.94572324,0.0
0.12906738,-0.094189144,0.17475504,0.68898306,-0.37786573,1.190298,0.0
0.70208986,2.573243,0.039510361,1.2607176,-0.37786573,0.76065604,0.0
0.71326914,0.44106673,-0.095734317,-1.179093563187096,1.6854326,0.92824687,0.0
0.70903456,1.6575573,1.4370387,10.004555584272547,10.0049654879065,0.89777581,0.0
-0.78441482,-0.47019533,-0.59163147,-0.85955255,-0.37786573,-0.94572324,0.0
0.017105254,-0.16939038,-0.32114211,-0.5978431156613113,10.0049654879065,-0.94572324,0.14549384717747518
0.54168422,0.72417727,0.17475504,0.40332676,0.22960648,0.91301134,0.0
-0.37162859,-0.37729969,-0.59163147,0.90586243,-0.37786573,0.56564127,-0.6199028033385756
-0.0035594652,-0.34633447,-0.27606055,-2.5766122162372,1.9430403,-2.866040456563601,-0.6446817336942617
-0.78441482,-0.47019533,-0.59163147,-0.85955255,-0.37786573,10.006245889191648,0.0
0.19715932,-0.23574442,0.26491816,-0.85955255,-0.37786573,-0.94572324,0.0
0.33164937,1.2417387,-2.3542390586150876,-0.85955255,-0.37786573,-0.94572324,0.0
-0.17971772,-1.8518938970333172,-0.32114211,-0.85955255,-0.37786573,-1.0386592308760783,0.0
-0.19377651,-0.44365372,-1.1406433380744887,0.92147437,1.9579554,0.76065604,0.0
-0.78441482,-0.47019533,-0.59163147,-0.85955255,-0.37786573,-0.94572324,0.0
-0.31945865,-0.3949941,-0.050652758,0.74636748,10.0049654879065,0.76675026,-0.25795219895330457
-0.78441482,-0.47019533,-0.59163147,-0.85955255,-0.37786573,-0.94572324,0.0
-0.37535502,-0.31094565,2.2485068,1.5193695,-0.37786573,0.77589157,1.525877806047217
-0.78441482,-0.47019533,-0.59163147,-0.85955255,-0.37786573,-0.94572324,0.0
0.026590698,-0.30652205,-0.18589744,1.067889,-0.37786573,0.66924287,0.0
-0.78441482,-0.47019533,-0.59163147,-0.85955255,-0.37786573,-0.94572324,0.0
-0.23036322,-0.36845248,-0.230979,3.6610531541521905,2.0476111,1.1445914,0.0
-1.5360769745293292,-0.47019533,-0.59163147,-0.85955255,2.0976717982331867,-0.94572324,0.0
0.58572378,10.0000062172904,-8.529289699462769,-0.85955255,-0.37786573,-0.94572324,0.0
-0.20444763,-0.44365372,-0.59163147,-0.85955255,-4.240336358351909,-0.94572324,0.0
-0.78441482,-0.47019533,9.989496329427736,-0.85955255,-0.37786573,-0.94572324,0.0
0.33927161,0.44106673,0.26491816,0.49151312,-0.37786573,0.78198578,1.5306232895807108
0.46529251,0.10929656,-0.45638679,-0.85955255,-0.37786573,-0.94572324,0.0
0.014225744,-0.17381398,1.4370387,0.74636748,-0.37786573,-0.0072146355,0.0
1.6946739,3.0554157,-1.1723508893108299,-0.85955255,-0.37786573,10.006245889191648,0.0
-0.4827438,-0.45250093,-0.21417993113760336,-0.0018426419995700993,-0.37786573,0.86730475,1.5306232895807108
-0.78441482,-0.47019533,9.989496329427736,-0.85955255,-0.37786573,-0.94572324,0.0
0.41430825,0.66224684,-0.230979,0.62737919,-0.37786573,0.31882569,0.9002991743558069
-0.78441482,-0.47019533,-0.59163147,-0.85955255,-0.37786573,10.006245889191648,0.4308317797770634
-0.048615327,-0.30652205,0.62557063,0.69109278,0.26322323,1.0501311,0.0
-0.78441482,-0.47019533,-5.337983628804631,-0.85955255,-0.37786573,-0.94572324,0.0
-0.78441482,3.114786198656999,-0.59163147,2.6050776407461878,-0.37786573,-0.94572324,1.5306232895807108
-0.78441482,-0.47019533,-0.59163147,-0.85955255,-0.37786573,-0.94572324,0.0
-0.24831781,-5.765273009875945,0.17475504,0.91894271,0.8972991,3.2998846444307715,0.0
-0.08333883,-0.24901522,1.5272018,10.004555584272547,-0.37786573,1.190298,0.0
1.2588516,4.8204329,0.08459192,-4.313688850064973,-0.37786573,0.7911271,-0.14096762039629235
0.41346133,0.33490027,0.08459192,0.38729288,1.0099366,1.1689682,0.0
0.027776379,-0.28882764,-0.050652758,1.1910968,0.55978161,1.1659211,0.0
-0.073345237,10.0000062172904,-0.32114211,-0.85955255,-0.37786573,-0.94572324,0.0
-0.78441482,-0.47019533,-0.59163147,-0.85955255,-0.37786573,-0.94572324,0.0
0.59571738,-2.9409907005246474,9.989496329427736,10.004555584272547,-0.37786573,2.0651962750910418,0.0
0.48798983,-0.12073076,-0.41130523,1.3324481,-0.37786573,1.391407,0.0
-0.49985148,-0.45250093,1.1214678,-0.85955255,6.273101383925742,-0.94572324,0.16000162251975433
-0.20495578,-0.39057049,0.71573375,2.774214125205859,0.77643024,0.83683369,0.0
1.6662176,4.7717733,-0.50146835,1.6480625,-0.37786573,-4.4229596154119255,0.0
-0.78441482,-0.47019533,-3.03757705492425,-0.85955255,-0.37786573,-0.94572324,0.0
0.93092622,10.0000062172904,-0.14081588,0.54299033,-3.702043647306153,1.0592724,0.0
-0.18412168,1.5365434633284787,0.80589687,10.004555584272547,0.43025339,1.0044245,0.0
9.997237792011457,-5.9088918072843395,-0.59163147,-0.85955255,-0.37786573,-0.94572324,0.0
0.66059104,0.42779592,-0.095734317,-0.85955255,-0.37786573,-0.94572324,0.0
9.997237792011457,-0.47019533,-0.59163147,10.004555584272547,-0.37786573,-0.94572324,0.0
0.18191485,-0.41711211,-0.41130523,0.9417277,-0.37786573,1.5346209,0.0
0.55658992,0.37471269,0.40016284,1.2218987,1.5088149393754855,1.4523491,0.0
-0.78441482,10.0000062172904,-0.59163147,10.004555584272547,2.2599757333672734,-0.94572324,0.0
-0.60724026,-0.4082649,3.150138,1.0012218,0.81087013,0.69057261,0.0
0.43260161,0.76841329,-0.45638679,1.2067087,2.6336818,1.2999938,-0.10502133416611452
1.4404301,4.1038094,-0.50146835,-0.85955255,-0.37786573,-0.94572324,0.0
-3.1846139631595722,-0.47019533,9.989496329427736,-0.85955255,10.0049654879065,-0.94572324,0.0
-0.78441482,-0.47019533,-0.59163147,-0.85955255,-0.37786573,-0.94572324,0.0
0.40024946,0.056213332,-0.27606055,-4.083114740637265,-2.249137994904027,-0.94572324,0.0
-0.29184923,-0.4038413,5.4042159,-0.85955255,-0.37786573,-0.94572324,0.0
1.7165243,3.5862479,-0.36622367,-0.85955255,10.0049654879065,-0.94572324,0.0
9.997237792011457,-0.3994177,0.35508128,0.3045918,0.2385991371923093,1.0318485,0.0
0.15549112,10.0000062172904,0.039510361,-0.85955255,-0.37786573,-0.94572324,0.0
3.534517222796346,-0.39057049,0.67065219,-0.85955255,-0.37786573,-0.94572324,0.0
-0.78441482,-0.47019533,-0.59163147,-0.85955255,1.2666063235933707,-0.94572324,0.06936717869383022
-0.78441482,-0.47019533,2.1276544834391657,-0.85955255,-0.37786573,-0.94572324,0.0
-0.78441482,-0.47019533,-0.59163147,-0.85955255,-0.37786573,-0.94572324,0.0
0.81743965,10.0000062172904,-0.0055711987,10.004555584272547,10.0049654879065,-0.94572324,-0.4357036114240717
0.75375166,0.84361453,0.2198366,0.41809481,-8.515281276451587,0.68143129,0.0
3.2253059320428923,-0.39057049,0.80589687,0.66704196,0.6013663,7.864982662936997,0.0
-0.9279221438489558,4.4665448,0.2198366,10.004555584272547,-0.37786573,0.55345284,0.0
0.081132005,-0.31536926,9.989496329427736,1.3008023,-0.37786573,1.7753423,0.0
3.1054644,-0.44807732,-0.54654991,-0.85955255,-0.37786573,-0.94572324,0.0
-0.78441482,-2.571672692324844,-0.59163147,-0.85955255,-0.37786573,-0.94572324,0.0
-0.20868221,-0.43038291,-0.36622367,1.7586119,2.99428,0.57173548,0.0
0.9578581,1.1311487,0.039510361,1.6408894,-0.37786573,1.0775551,0.0
1.0739280516340655,-0.47019533,0.23151112051409162,-0.85955255,-0.37786573,-0.94572324,0.0
-0.78441482,-0.47019533,-0.59163147,-0.85955255,-0.37786573,-0.94572324,0.0
1.2376787,5.0725783,-0.50146835,1.3159923,-0.37786573,-0.617186063103848,0.0
0.004570916,-0.032258713,2.1583436,-0.85955255,-0.37786573,-0.94572324,0.0
-2.8163324748739718,-0.45250093,0.62557063,-0.85955255,-0.37786573,-0.94572324,0.0
-0.046582732,10.0000062172904,4.741113527441703,-0.85955255,-0.37786573,-0.94572324,0.0
-0.78441482,10.0000062172904,-2.786949193204916,-0.85955255,-0.37786573,-0.94572324,0.011557528021015675
-0.78441482,-0.47019533,-0.59163147,-0.85955255,-0.37786573,-0.94572324,0.0
-0.78441482,10.0000062172904,-0.59163147,-0.85955255,-0.37786573,-0.94572324,0.0
0.021678593,0.069484139,1.2567125,1.5345594,-0.37786573,1.2451459,0.0
0.57081809,0.087178548,0.7297876002194363,1.4235881,10.0049654879065,1.0684137,0.0
1.7920691,4.1215038,-3.952397096229526,1.7328733,-0.7061523863776352,0.6875255,0.0
-0.14397792,-0.33748727,0.58048907,0.18977744966457738,1.7850497582770668,1.4096896,0.0
0.32199455,10.0000062172904,-0.27606055,0.35438122,-0.37786573,0.83683369,0.0
-0.16548956,-1.956651153746556,0.30999972,0.7417261,-0.37786573,0.71190235,0.0
-0.31979741,-0.42153571,0.35508128,0.5083909,0.38850409,1.2878054,0.0
-0.78441482,-0.47019533,-0.59163147,-0.85955255,-0.37786573,-0.94572324,0.0
-0.78441482,-0.47019533,-0.59163147,-0.85955255,-0.37786573,-0.94572324,0.0
-0.78441482,-0.47019533,9.989496329427736,-0.85955255,-0.37786573,-0.94572324,0.0
-0.050139774,-0.26228603,-0.27606055,-0.85955255,-0.37786573,-0.94572324,0.0
-0.78441482,-0.47019533,-0.59163147,-0.85955255,-0.37786573,-0.94572324,0.18427792716039101
0.28540783,10.0000062172904,0.17475504,0.86999717,1.0121426,1.3761714,0.0
-0.19123576,-0.41711211,0.58048907,1.2830806,-0.37786573,0.70885524,0.0
0.67261723,5.101784692443555,-1.0846843705882905,-0.85955255,-0.37786573,-0.94572324,0.0
-0.022022206,-0.2047792,0.30999972,2.921745400727441,10.0049654879065,1.3091351,0.0
-0.78441482,-0.47019533,-0.59163147,-0.85955255,-0.48932901542693413,-0.94572324,0.0
0.14820765,0.55608039,-0.18589744,0.40501454,-0.37786573,0.98918898,0.0
9.997237792011457,-0.36845248,-0.36622367,0.92105243,4.0996818,1.190298,0.0
0.43073839,0.24642823,-0.36622367,2.425453419692083,1.5167561,0.71494946,1.5306232895807108
-0.78441482,-0.47019533,-0.59163147,-0.85955255,-0.37786573,-0.94572324,0.0
0.50103231,10.0000062172904,-0.41130523,1.0763279,-0.37786573,1.1537327,0.0
-0.78441482,-0.47019533,-0.59163147,-0.85955255,-0.37786573,8.441947716601655,0.0
-0.78441482,-0.47019533,-0.59163147,-0.85955255,-0.37786573,-0.94572324,1.5306232895807108
-0.78441482,0.3607591711738958,-0.59163147,-0.85955255,-0.37786573,-0.94572324,0.0
0.31504985,-0.37729969,-6.7416212636827995,0.71598749,-0.5660552360909545,1.1720153,0.0
3.4934133012294772,-0.45250093,9.989496329427736,-0.85955255,10.0049654879065,-0.94572324,0.0
-0.78441482,-0.47019533,-0.59163147,-0.85955255,-0.37786573,-0.94572324,0.0
0.19343289,0.92323937,-0.36622367,-0.85955255,10.0049654879065,-0.94572324,-0.657679920387316
0.16514594,0.68436485,-0.14081588,10.004555584272547,-0.37786573,1.1781095,0.0
-0.78441482,1.0225296070719687,-0.59163147,-0.85955255,-0.37786573,-0.94572324,0.0
1.1333388,1.0913363,1.77051399837487,-0.85955255,10.0049654879065,-0.94572324,0.0
0.48443279,3.9136090535966286,0.12967348,-4.079611308933238,-0.37786573,0.77284447,0.0
-0.78441482,-0.47019533,-0.59163147,-0.85955255,-0.37786573,-0.94572324,0.0
-0.78441482,-0.47019533,-0.59163147,-0.85955255,4.57170365166897,10.006245889191648,0.0
0.53982101,1.3080928,-0.08468601104294665,1.0168338,0.78541885,0.90691713,0.0
-0.78441482,-1.5165780965717328,-0.59163147,-0.85955255,-0.37786573,-0.94572324,0.0
1.5464638,0.95420459,9.989496329427736,0.1028084440587076,-0.37786573,1.1354501,0.0
0.59690306,0.7905313,-0.27606055,1.1607168,-0.37786573,1.1842038,0.0
-0.30116529,-0.43923012,-1.3041380822257487,-0.85955255,-0.37786573,-0.94572324,0.0
-0.78441482,-0.47019533,-0.59163147,-0.85955255,-0.37786573,-0.94572324,0.0
9.997237792011457,-0.4082649,0.26491816,0.35438122,-0.37786573,1.1171674,0.0
-0.39110763,-0.4082649,1.0763862,-0.018195598,2.261498680083753,1.3152293,0.0
-0.18225847,-0.36402888,-0.095734317,0.80332997,2.2876038,1.1110732,0.0
-0.78441482,-0.47019533,-0.59163147,-0.85955255,-1.9244586192324564,-0.94572324,0.0
-0.78441482,-0.47019533,-0.59163147,-4.315387087202726,-0.37786573,-0.94572324,0.0
0.34282865,-0.34633447,-0.050652758,2.1252815,-0.37786573,0.98614188,0.0
0.51000961,1.6508782260227703,-0.18589744,-0.85955255,-0.37786573,-0.94572324,-0.9964031869137788
0.071985326,2.0099225084783825,-0.14081588,0.66240057,1.2004755,0.8429279,1.5306232895807108
0.9961910362610887,-0.47019533,-0.59163147,-0.85955255,-0.37786573,-4.616640594387439,0.0
0.67160093,0.33932388,-0.18589744,10.004555584272547,-0.37786573,1.2512401,0.0
-0.78441482,-0.47019533,-0.59163147,-0.85955255,-0.37786573,-0.94572324,0.0
0.13736714,0.073907741,0.30999972,-0.85955255,-0.37786573,-0.94572324,0.0
-0.087912169,0.75956609,9.989496329427736,-0.85955255,-0.37786573,-0.94572324,0.0
-0.091130445,-0.4082649,1.1665493,-0.85955255,-0.37786573,10.006245889191648,-0.19112596109928495
9.997237792011457,0.70648286,0.53540751,0.8750605,-0.37786573,10.006245889191648,0.0
1.2363237,2.9050132,-0.32114211,10.004555584272547,-0.226134840699274,-0.94572324,-0.24545017249210135
-0.17463623,-0.12515436,3.2369983172406416,-1.77381988082993,0.074594057,1.3426533,0.0
-0.031846416,-0.45250093,-0.32114211,0.36577372,-0.37786573,0.95871792,0.0
2.622838324550052,1.0545166407699484,2.2935883,-0.85955255,-4.234046479954419,-0.94572324,0.0
-0.78441482,-0.47019533,-0.59163147,-0.85955255,-0.37786573,-0.94572324,1.5306232895807108
0.14414246,-0.12957796,0.12967348,-0.85955255,-0.37786573,-0.94572324,0.0
0.73359509,3.1571585,0.30999972,-3.3224383959901345,0.50015385,0.67533708,0.0
-0.78441482,-0.47019533,-0.59163147,0.009971238421230488,3.6983734647815263,-0.94572324,0.0
-0.78441482,-7.586613459819147,-0.59163147,-0.85955255,-0.37786573,-0.94572324,0.0
-0.17954834,-0.39057049,0.30999972,0.87717022,0.53097196,1.3396062,0.0
1.4729516,0.41894872,-0.050652758,1.3683134,-0.37786573,1.1720153,0.0
0.17564769,-0.38172329,-0.14081588,1.333292,-0.37786573,0.80331553,0.0
0.88874986,1.8787375,-2.309446694713272,1.3995373,1.6044509836338712,0.87339896,0.0
-0.78441482,-0.47019533,-0.59163147,-0.85955255,0.40950225933071815,-0.94572324,0.0
-0.084693894,0.082754945,1.0313047,-0.13507417,-0.37786573,-1.3199994570148297,0.0
-0.78441482,-0.47019533,-0.59163147,-0.85955255,-0.37786573,-0.94572324,0.0
-0.0072858899,0.12699097,-0.27606055,-0.85955255,-0.020457633892243476,-0.94572324,0.0
-0.35248832,-0.29767485,-0.27606055,0.032015774,1.6510914,0.91605844,0.0
-0.78441482,-0.47019533,-0.59163147,-0.85955255,-0.37786573,-0.94572324,0.0
-0.16193251,-0.42153571,0.35508128,0.90881604,-0.37786573,1.7235415,-0.023638708889745282
1.0716834,3.9887957,1.826402160598122,0.89067244,0.39920481,0.72409077,0.0
-0.41291239833294047,-0.43480652,-0.36622367,0.40712426,-8.337852627834696,0.70580814,0.0
1.5717019,-0.44807732,1.6492614972978954,-0.85955255,-0.37786573,-0.94572324,0.14535606658846534
0.17920473,-0.076494735,1.5272018,1.8792879,-0.37786573,1.0623195,0.0
0.51932567,0.28624065,-0.050652758,-1.5445972574806672,-0.37786573,0.96176503,0.0
0.25424137,-0.45250093,-0.32114211,-0.002583659,-0.37786573,0.032397741,0.0
0.33368197,0.042942525,-0.41130523,0.66071279,-0.37786573,1.9124621,0.0
-0.78441482,-0.47019533,-0.59163147,-0.85955255,-0.37786573,-0.94572324,0.19461053418215096
-0.78441482,-0.47019533,-11.09156475356729,-0.85955255,-0.37786573,-0.94572324,0.0
-0.78441482,-0.47019533,-0.59163147,-0.85955255,-0.37786573,-0.94572324,0.0
-0.78441482,-0.47019533,-0.59163147,-0.85955255,-0.37786573,-0.94572324,0.0
-2.0404447112085182,-0.47019533,-0.59163147,-0.85955255,-0.37786573,-2.635439330635863,1.5306232895807108
-0.78441482,-0.47019533,-0.59163147,-0.85955255,-0.37786573,-0.94572324,0.0
0.18496375,0.12256737,0.039510361,0.10585603,-3.2013092359663253,1.1080261,0.48314106099779264
-0.78441482,-0.47019533,-0.59163147,-0.85955255,-0.37786573,-0.94572324,0.0
2.5121219572230338,4.6656069,-0.27606055,1.8100891,0.98748156,6.437295403099615,0.0
9.997237792011457,-0.45250093,0.039510361,-0.85955255,-0.37786573,-0.94572324,0.0
0.35112841,0.096025752,0.80589687,-0.85955255,-0.37786573,-0.94572324,0.0
0.77898972,0.89227416,0.039510361,1.5843489,0.45649488,1.4371135,0.0
1.4555052,1.2903984,-0.18589744,-0.85955255,-0.37786573,-0.94572324,0.0
-0.27965366,-0.45250093,0.71573375,-0.85955255,-0.37786573,-0.94572324,0.0
-0.78441482,-0.47019533,-0.59163147,-0.85955255,-0.37786573,-0.94572324,1.5306232895807108
0.11314538,1.8068310245768517,-0.18589744,-0.85955255,-0.37786573,10.006245889191648,-0.5720921412834645
0.62400433,-1.9417433861039108,9.989496329427736,1.4691581,-0.37786573,0.88558738,0.0
-0.78441482,-0.47019533,-0.59163147,-0.85955255,-0.37786573,-0.94572324,0.0
0.86029353,0.29508785,0.039510361,10.004555584272547,0.60120167,1.0135658,1.5306232895807108
0.099425363,-0.41711211,-0.095734317,-0.85955255,-0.37786573,-0.94572324,0.0
-0.78441482,-0.47019533,-0.59163147,-0.85955255,10.0049654879065,10.006245889191648,0.0
0.9678397177801382,-0.41268851,0.2198366,-0.85955255,-0.37786573,-0.94572324,0.0
0.33961037,0.025248116,-0.18589744,1.4581875,-0.37786573,1.1781095,0.0
0.047594183,-0.21179845797932112,0.49032595,-0.85955255,-2.338693788535042,-0.94572324,0.0
0.10365994,-0.30652205,-0.18589744,0.21260794,1.5213327,10.006245889191648,-0.4344297082077899
0.44903175,0.020824514,0.2198366,1.3451065,0.21492178,1.3243706,0.0
0.12195329,-0.28440404,0.08459192,-0.8104712916738259,0.43904446,1.4279722,0.0
0.37873783,0.60916361,9.989496329427736,1.0543868,0.49478703,1.5041499,0.48753276630783626
5.277880074597624,-0.27113323,-2.796006724276956,2.50855749190695,2.1212493079701833,-0.94572324,0.13211140626064166
-0.11416653,-0.43923012,-0.41130523,10.004555584272547,-0.37786573,-0.94572324,0.0
1.3555692,2.5201598,-0.050652758,1.363672,-0.37786573,1.5639778266675535,0.0
0.79796061,1.5558145,-0.32114211,1.1974259,7.967704567187207,0.9434824,0.0
-0.78441482,-0.47019533,-0.59163147,-0.85955255,-0.37786573,10.006245889191648,0.0
-0.78441482,-0.47019533,9.989496329427736,-0.85955255,-0.37786573,-0.94572324,0.0
-2.3141492306484306,0.078331343,-0.050652758,-0.85955255,-0.37786573,-0.94572324,1.5306232895807108
0.36078324,0.025248116,0.71573375,-0.85955255,-0.37786573,-0.94572324,0.0
-0.78441482,-0.47019533,-2.250626163140261,-3.5063051364517364,-0.37786573,-0.94572324,-0.15552253312650086
-0.50188408,-0.45250093,0.12967348,0.10669992,1.3770869,0.81245684,0.0
0.14024665,0.087178548,-0.050652758,0.10121464,-0.37786573,0.67533708,0.0
-0.78441482,10.0000062172904,-0.59163147,-0.85955255,-0.37786573,-0.94572324,0.0
9.997237792011457,-3.5119252872584337,-0.59163147,-0.85955255,2.771577400101381,-0.94572324,-0.7574865645383159
-0.2096985,10.0000062172904,0.94114155,1.363672,0.41346148,0.80940974,0.0
-0.78441482,-0.47019533,-0.59163147,0.12058425223172431,-0.37786573,10.006245889191648,0.0
9.997237792011457,-0.35075807,-0.18589744,0.19530822,-0.37786573,0.80026842,0.0
-0.33741324,-0.33306367,0.98622311,-0.85955255,-0.37786573,10.006245889191648,0.0
0.9456354447693343,-0.45250093,-0.27606055,-0.85955255,10.0049654879065,-0.94572324,0.0
-0.36824094,-0.43923012,0.30999972,-0.85955255,-0.37786573,-0.94572324,0.0
0.053691969,10.0000062172904,-0.18589744,1.121054,0.82492924,5.300699265421678,0.0
0.092650045,10.0000062172904,9.989496329427736,0.48982535,0.5402569,1.3091351,0.0
4.085918954685739,-0.4082649,1.6624465,0.078429648,0.47486721,1.132403,0.0
-0.78441482,-0.47019533,-0.59163147,-0.85955255,-0.37786573,-0.94572324,0.0
-0.034217777,-0.24016802,2.3386699,0.54847561,10.0049654879065,1.1750624,0.0
-0.043533839,-0.35518168,0.30999972,-0.85955255,-0.37786573,-0.94572324,0.0
-1.3424040924739606,-0.47019533,-0.59163147,-0.85955255,-0.37786573,-0.94572324,0.0
-0.069449429,-0.38172329,0.58048907,-2.156228018431647,1.0539696494421418,-0.94572324,-0.10834066977890491
1.3071257,3.2456305,-0.3566424831205742,-0.85955255,-0.37786573,-0.94572324,0.0
-0.27118451,-0.44807732,0.2198366,-0.85955255,-0.37786573,-0.94572324,0.0
2.5807161,2.0645287,-0.36622367,1.7408902,-0.37786573,0.59306522,0.0
0.0069422771,-0.22689721,1.0313047,-0.85955255,1.5233875230082932,-0.94572324,1.5306232895807108
-0.78441482,10.0000062172904,-0.59163147,-0.85955255,-0.37786573,-0.94572324,0.0
1.6132007,2.7501871,-0.50146835,1.1067079,-0.37786573,0.44985124,0.0
0.57047932,1.3036692,-0.27606055,1.0037535,-0.37786573,0.81855105,0.0
1.5382857715629568,3.5116576218285185,1.4370387,1.2033332,-0.37786573,0.41938019,-0.48680254590681205
0.22036478,1.1709611,0.12967348,1.757768,-0.37786573,0.48641652,0.0
-0.78441482,-0.47019533,-0.59163147,10.004555584272547,-0.37786573,-0.94572324,0.0
0.14888518,-0.22689721,-0.230979,0.89193827,1.6549437,1.4249251,0.0
-0.78441482,10.0000062172904,-0.59163147,-0.85955255,10.0049654879065,-0.94572324,0.0
-0.78441482,-0.47019533,-0.59163147,-0.85955255,-0.014053923417506275,-0.94572324,0.0
-0.78441482,-0.47019533,-0.59163147,-0.85955255,-0.37786573,-0.94572324,0.0
0.22697072,-0.063223929,0.53540751,1.3847692,10.0049654879065,1.386859005232887,0.0
-0.045227668,-2.929226371320938,0.17475504,10.004555584272547,0.61842161,1.248193,0.0
4.598000640812934,2.8301813521689914,-0.27606055,-0.85955255,-0.37786573,-0.94572324,1.5306232895807108
-0.016263186,-0.2003556,1.1214678,0.47674507,-0.37786573,1.0988848,0.0
-0.13161297,-0.37729969,-0.050652758,0.59868698,4.781546114380967,1.2451459,-0.4067898555482318
-0.086726489,-0.34191087,0.49032595,0.72780194,0.089937258,1.2055335,1.5306232895807108
-0.021344674,-0.24459162,-3.3449100299242005,1.0902521,0.76286501,0.94957661,0.0
1.0196829,1.2328915,0.012275635571961777,1.6079778,0.25416877,1.9996971858955164,0.0
-0.78441482,10.0000062172904,-0.59163147,-0.85955255,-0.37786573,-0.94572324,0.0
0.22900331,-0.195932,0.30999972,0.59573337,0.34323177,1.0988848,0.0
-0.78441482,-0.47019533,-0.59163147,-0.85955255,-0.37786573,-0.94572324,0.0
0.58335242,0.29066425,0.08459192,0.87295078,0.22374577,0.77589157,0.0
-0.18683181,-4.319347992413763,-0.14081588,1.0649354,-0.37786573,1.0866964,0.0
0.4188897539146421,-0.43923012,-4.935685197355303,-0.85955255,-0.37786573,-0.94572324,0.0
-0.19021947,-0.35075807,0.80589687,1.5073901934096,0.55303192,1.2299103,0.0
0.06758137,-0.29325125,0.53540751,0.57548004,0.34204645,1.3457004,0.0
-0.10197095,-0.31979286,-0.32114211,1.0999568,-0.37786573,0.42242729,0.0
0.45716213,4.3559547,1.4370387,0.065349374,0.28910254,-0.19918231,0.0
-0.78441482,-0.47019533,-0.59163147,-0.85955255,-0.37786573,-0.94572324,0.0
0.84555721,10.0000062172904,-0.36622367,0.80332997,2.2876038,0.62353628,0.0
-0.78441482,-0.47019533,-0.59163147,-0.85955255,-0.37786573,-1.5569945793989937,0.0
0.60418652,0.14910898,-0.0055711987,0.6121892,0.84768064,1.0866964,0.0
-0.78441482,1.214072661086774,-0.59163147,-0.85955255,-0.37786573,-0.94572324,0.0
0.75070277,0.56050399,-0.095734317,1.8472202,0.38820776,1.584444899689624,0.0
-0.78441482,-0.47019533,-0.59163147,-0.85955255,-0.37786573,-0.94572324,0.0
-0.36349821,-0.44807732,-0.095734317,0.61809642,2.0740172,1.2055335,0.0
-0.78441482,-0.47019533,-0.59163147,10.004555584272547,-1.5418314136725355,-0.94572324,0.0
0.40143515,0.67994125,-0.14081588,-1.8958824592491035,-0.37786573,1.0501311,0.6026250708025048
-0.78441482,-0.47019533,-0.59163147,-0.85955255,-0.37786573,-0.94572324,1.5306232895807108
0.70005727,-2.237804690605926,1.0860040014363384,10.004555584272547,-0.37786573,-0.94572324,0.0
-0.78441482,-0.47019533,-0.59163147,-0.85955255,-0.37786573,-0.94572324,0.0
-0.30573863,2.1585935577498976,1.3468756,-0.85955255,-0.37786573,-0.94572324,0.0
0.071815943,0.034095321,4.334535839810945,0.065771319,-0.37786573,1.0379427,0.0
-0.020836525,-0.27998044,1.2116309,0.88982855,-1.419285998123033,0.90996423,0.0
-0.14567175,10.0000062172904,9.989496329427736,0.74088221,-0.37786573,1.5894688,0.0
-0.22375729,-0.43480652,-0.095734317,0.67674667,-0.16754545231321422,10.006245889191648,0.0
0.018460317,-0.2047792,-0.230979,0.6636664,1.9510355505265236,1.1141203,0.0
-0.78441482,2.5145747326270347,-3.2719434956151616,1.7614606884063102,-0.37786573,-0.94572324,0.0
-0.78441482,-0.47019533,-0.59163147,-0.85955255,-0.37786573,-0.94572324,0.0
0.32453529,-0.18266119,0.08459192,1.2109282,1.2653713,1.4188309,0.0
0.97530455,1.7681474,-0.27606055,-0.85955255,-0.37786573,-0.94572324,0.0
-0.39076887,-0.42153571,9.989496329427736,0.92105243,3.8869843,0.50165204,0.0
0.67939255,0.17122699,-0.36622367,-0.85955255,-0.37786573,-0.94572324,0.0
0.080962622,-0.195932,0.49032595,0.81641024,0.53851186,1.2908525,0.0
5.314087626640815,-6.419438693459942,0.039510361,1.1168346,0.35037656,1.537668,0.0
0.45123373,3.3141566809697345,0.49032595,1.1493243,-0.37786573,0.8429279,0.0
-0.10010774,-0.27113323,0.67065219,-0.85955255,-0.37786573,-0.94572324,0.0
0.77441638,0.36144189,-0.45638679,0.3417229,3.4297503,0.84597501,0.0
-0.8277786798183411,-0.43923012,0.30999972,0.10248047,0.58661575,0.71494946,0.0
-0.78441482,-0.47019533,-0.59163147,-0.85955255,-0.37786573,-0.94572324,0.0
-0.78441482,-0.47019533,-0.59163147,-0.85955255,-0.37786573,-0.94572324,0.0
-0.16227128,-0.41711211,-0.14081588,0.95733964,1.3988370237031134,0.98309477,0.0
-0.78441482,-0.47019533,-0.59163147,-0.85955255,-0.37786573,-0.94572324,0.0
-0.78441482,-0.47019533,-0.59163147,-3.827206503935072,-0.37786573,-0.94572324,-0.016177902779354544
-1.199275670736807,0.37471269,-0.36622367,1.1343669720091407,1.8531212,1.0775551,0.0
0.42565691,-0.27113323,-0.18589744,0.6750589,-0.37786573,1.0379427,0.0
-0.07182079,-5.2513207871647705,0.2198366,0.40923398,-0.37786573,1.3883599,0.0
-0.78441482,-0.47019533,-0.59163147,-0.85955255,-0.37786573,-3.6536320525826405,0.0
0.29202835226572005,-3.813270312027077,2.6091592,1.1505901,-0.0050852238,0.87035185,0.0
0.10755574,-0.023411508,0.76081531,1.0294921,10.0049654879065,10.006245889191648,0.0
-2.378531138930652,-0.47019533,-0.59163147,-0.85955255,-0.37786573,-0.94572324,0.5566740586050523
-0.78441482,-0.47019533,-0.59163147,-0.85955255,-0.37786573,-0.94572324,0.0
-0.702880054275483,-0.47019533,-0.59163147,-0.85955255,-0.37786573,-0.94572324,0.0
0.29286068,-0.36845248,-0.36622367,0.91725493,-0.37786573,2.586967037442336,0.0
-1.9676342042618085,-0.43923012,-0.59163147,-3.7534094979769903,-0.37786573,3.971808140558,0.0
-0.17090981,-0.41711211,0.039510361,1.4640948,-0.37786573,0.7911271,0.0
-0.78441482,2.427056883772025,-0.59163147,-0.85955255,10.0049654879065,-0.94572324,0.0
0.56607536,0.75071888,-0.45638679,2.5929592912501507,-0.37786573,12.200395911084712,1.5306232895807108
-0.25289115,-0.37287609,1.1665493,0.356069,-0.0057437303,1.4005483,0.0
-0.29676133,-0.45250093,0.08459192,0.28222875,-0.37786573,0.94957661,0.0
0.12263083,-0.2136264,-0.32114211,0.88729688,-0.37786573,1.3213235,1.5306232895807108
9.997237792011457,-0.39057049,0.49032595,0.53961477,10.0049654879065,0.2846361084193727,0.0
-0.78441482,-0.47019533,-0.59163147,-0.85955255,-0.37786573,-0.94572324,0.0
0.10975772,-0.28882764,9.989496329427736,1.6830838,-0.37786573,0.5536880076715587,0.0
1.0979378,1.1267251,-0.27606055,0.65860307,1.0312722,0.92215265,0.0
0.17869658,-0.29325125,0.2198366,0.68096612,-0.37786573,1.4401607,0.0
-0.78441482,-0.47019533,-0.59163147,-0.85955255,-0.37786573,-0.94572324,0.0
0.14888518,-0.16054318,0.039510361,1.015146,1.8345184,1.0166129,-0.23398650633059023
-2.50553128338072,-0.2003556,-0.3376634466624203,1.4535461,-0.37786573,1.3274177,0.0
-0.78441482,-0.47019533,-0.59163147,-0.85955255,-0.37786573,-0.94572324,0.6552119504617437
-0.21342493,-0.33748727,-0.050652758,0.43581648,1.3593731,1.0440369,0.0
-0.080289937,3.4543767495917774,0.44524439,0.59488948,-0.37786573,1.248193,0.0
-0.78441482,-0.47019533,-0.59163147,-0.85955255,-0.37786573,-0.94572324,0.0
0.63636928,10.0000062172904,-0.0055711987,0.9970024,-0.37786573,0.85816343,0.0
-0.20614146,-0.39057049,0.49032595,0.44003592,-0.37786573,1.1354501,0.0
0.34045729,-0.098612747,0.2198366,1.864098,-0.37786573,10.006245889191648,0.0
-0.37603255,10.0000062172904,0.67065219,0.94003992,0.65500165,0.15625066485934525,0.0
-0.48663961,-5.973200872593622,0.89605999,-0.85955255,-0.37786573,-0.94572324,0.0
-0.78441482,-0.47019533,-0.59163147,-0.85955255,-0.37786573,-2.0618849587437715,0.0
-0.18513798,-0.34633447,-0.230979,0.83666357,2.8835521,1.5894688,0.0
1.4538681773537703,-0.47019533,-0.59163147,-0.85955255,10.0049654879065,-0.94572324,1.5306232895807108
-0.78441482,-0.47019533,-0.59163147,-0.85955255,-0.37786573,-0.94572324,0.0
-0.78441482,-0.47019533,-0.59163147,-3.3248785087585304,-1.8812670955929796,-0.94572324,0.0
0.0074504259,-0.35960528,0.039510361,0.5083909,0.38850409,1.1933451,0.0
-0.073853385,-0.42153571,0.85097843,0.78645219,10.0049654879065,0.9465295,-0.3196948925410038
-0.78441482,-0.47019533,-0.59163147,-0.85955255,-0.37786573,10.006245889191648,0.5027644271785913
-0.22104716,-0.44807732,1.1214678,-0.85955255,-0.37786573,-0.94572324,-0.024756834016895955
-0.47495219,-0.44807732,-5.809629582478131,0.018935501,-0.37786573,0.63877181,0.0
1.1296124,1.1134543,0.08459192,1.5936317,-0.37786573,0.85511633,0.0
0.10586191,-0.18266119,0.35508128,-0.85955255,-0.37786573,-0.94572324,0.0
-0.78441482,-0.47019533,-0.59163147,-0.85955255,-0.37786573,-0.94572324,1.5306232895807108
0.094174491,-3.22656524263042,2.0681805,0.21556155,-0.37786573,1.0836493,0.0
-0.78441482,-0.47019533,-0.59163147,-0.85955255,-0.37786573,-0.94572324,0.0
-0.1759913,-0.11188355,-1.951253638852289,0.59953087,10.0049654879065,0.96481214,0.0
-0.78441482,-0.47019533,-0.59163147,-5.590665250846695,-0.37786573,-0.94572324,0.0
-0.78441482,-0.47019533,-0.59163147,-0.85955255,-0.37786573,10.006245889191648,0.2621902794275285
1.2595291,-0.45250093,9.989496329427736,0.204999308943684,-0.37786573,-0.94572324,-0.17481276591025802
-0.78441482,-0.47019533,-5.131156299585486,-0.85955255,10.0049654879065,-0.94572324,0.0
-0.31217518,-0.44807732,0.12967348,0.94721297,-0.37786573,0.99223609,-0.7388059770916228
-0.78441482,6.42001072342362,-0.59163147,-0.85955255,-0.37786573,-0.94572324,0.0
-0.78441482,-0.47019533,4.188587116705162,-0.85955255,-0.37786573,-0.94572324,0.0
-0.78441482,-0.47019533,-0.59163147,-0.85955255,-0.37786573,-0.94572324,0.0
0.38077043,0.44991393,0.44524439,-0.85955255,-0.37786573,7.400528473057388,0.0
0.76289834,2.9934852,-0.095734317,0.83919523,0.13310236,-3.121574769048407,-0.4776325816300619
0.16108075,-0.37729969,1.0268575455307836,-0.85955255,-0.37786573,-1.1047653414854628,0.0
-0.78441482,10.0000062172904,1.8263827649106694,-0.85955255,-0.37786573,-0.94572324,0.0
0.53372322,0.67551765,-0.36622367,0.20332516,-0.37786573,0.93738818,0.0
0.28388338,1.2373151,1.1665493,0.92906937,-0.15594905,0.88254028,0.0
-0.78441482,-0.47019533,-0.59163147,-0.85955255,-0.37786573,-0.94572324,0.0
0.96717417,3.4555469023255188,0.12967348,1.3999592,1.7837614432259148,1.0988848,0.0
0.044714673,-0.22247361,-0.32114211,7.8394454326556575,2.4609885,1.0775551,0.0
-0.78441482,-0.47019533,-0.59163147,-0.85955255,-0.37786573,-0.94572324,0.0
-3.1667538805255226,-0.30209845,0.08459192,1.8725368,-0.37786573,0.9952832,0.0
0.82743324,2.5157362,-0.14081588,1.9514404,-0.37786573,1.0775551,0.0
-0.33910707,-0.41711211,-0.59163147,1.2147257,-0.37786573,0.56259416,0.0
9.997237792011457,4.6567597,-0.32114211,1.040502234442677,-0.37786573,0.3249199,-0.17053628479618538
-0.78441482,-0.47019533,-0.59163147,-0.85955255,-0.37786573,-0.94572324,0.0
0.53507829,0.53396237,-0.27606055,0.072522428,3.5444951,0.49555783,0.0
-0.78441482,-0.47019533,-0.59163147,10.004555584272547,-0.37786573,-0.94572324,0.0
0.57234253,1.90526304267474,-0.41130523,1.4636728,0.5935522190529421,1.3944541,0.0
-2.1506912374970857,-0.2047792,0.62557063,-0.85955255,-0.37786573,-0.94572324,0.0
-0.182936,-0.24016802,2.023099,1.2451057,0.2754056,0.77893868,0.0
-0.061488431,-0.30652205,1.1665493,0.7227386,-0.37786573,1.5132912,0.0
-0.78441482,-0.47019533,9.989496329427736,-0.85955255,-0.32975161611328196,-0.94572324,0.0
-0.78441482,-0.47019533,-0.59163147,-0.85955255,-0.37786573,3.065744283891496,0.0
1.1310755962487524,-0.14284877,-0.050652758,0.93244492,-0.5293243700550944,1.2329575,0.0
0.11754934,0.042942525,5.235966589556222,-0.092879741,-0.37786573,0.41938019,0.39977533334719245
-2.498994844405177,-0.067647531,-0.0055711987,0.78476442,0.29545712,1.1689682,0.0
-0.35265771,-0.44807732,0.17475504,0.99067324,-0.37786573,2.261380420155519,0.0
-0.78441482,-0.47019533,-2.055152257470607,-2.4346824009876293,-0.37786573,1.8370919147123792,0.13931352386578882
0.30319304,-0.014564304,0.039510361,-0.85955255,-0.37786573,-0.94572324,0.0
-0.051833603,1.5400831206756924,-0.41130523,1.0100827,-0.37786573,1.2024864,0.0
9.997237792011457,0.64455243,-0.14081588,1.0311799,-0.37786573,0.90691713,1.5306232895807108
-0.78441482,-0.47019533,-0.59163147,-0.85955255,-0.37786573,-9.419521863121545,0.0
9.997237792011457,-0.47019533,-0.59163147,-0.85955255,-0.37786573,-0.94572324,0.0
-0.051156071,-0.33306367,-0.32114211,1.4885675,-0.37786573,0.50469915,0.0
-0.22731433,-0.41711211,-0.050652758,-0.85955255,-0.37786573,-0.94572324,-1.4683770292087168
-1.1401827810576997,-0.47019533,-0.59163147,-0.85955255,-0.37786573,-0.94572324,0.0
-0.023207886,-0.08534194,2.5189961,0.23159543,0.10877054,3.415423324160531,0.07130022221938737
-0.78441482,-0.47019533,-0.01595598651590835,-0.85955255,-0.37786573,-0.94572324,0.0
0.26237175,10.0000062172904,0.30999972,-0.85955255,-0.37786573,-0.94572324,0.0
-0.096211934,1.3460977090314294,0.08459192,-0.032963649,0.8160007543041673,1.0440369,0.0
0.6450852326309552,-0.35518168,0.039510361,0.416119789897454,1.437568798116816,1.2055335,0.0
0.031672186,-0.45250093,-0.45638679,-0.85955255,-0.37786573,-0.94572324,0.0
-0.78441482,-0.47019533,-0.59163147,-0.85955255,-0.37786573,-0.94572324,0.0
9.997237792011457,-0.47019533,-0.59163147,-0.85955255,-0.37786573,10.006245889191648,1.5306232895807108
-0.21427184,-0.3949941,0.04863693149284526,0.95944936,-0.37786573,1.3487475,0.8631682088423558
0.79237097,0.025248116,-0.36622367,-0.85955255,-0.37786573,-0.94572324,0.0
9.997237792011457,-0.2047792,-0.36622367,-0.85955255,-0.37786573,-0.94572324,0.0
0.87435231,5.0814255,-0.45638679,-0.85955255,-0.37786573,-0.94572324,-0.34749371657446676
-0.53796264,-0.42595931,2.6993224,0.65100807,0.030474125,0.97700056,0.9053610149787608
-0.78441482,-0.47019533,-4.094124217864538,-0.85955255,-0.37786573,-3.266879372157999,0.0
-0.38162219,-0.4082649,1.7075281,0.70501694,0.21541566,1.248193,0.0
-0.36620834,-0.37729969,0.44524439,0.0079649487,0.16370283706309163,1.3152293,1.5306232895807108
0.81032556,3.5331647,-0.41130523,10.004555584272547,-0.37786573,-0.94572324,0.0
-0.78441482,-0.47019533,-0.59163147,-0.85955255,-0.37786573,-0.94572324,0.0
-0.78441482,-0.47019533,-0.59163147,-0.85955255,-0.37786573,-0.94572324,0.0
2.751408253937223,10.0000062172904,-0.59163147,-0.85955255,-0.37786573,-0.94572324,0.0
-3.9463473939576943,0.16680339,0.85097843,0.9045966,0.082627836,1.0592724,0.0
-0.1739587,-0.36845248,1.4821203,2.7079866,-0.37786573,0.72104367,0.0
-0.78441482,10.0000062172904,-0.59163147,-0.85955255,-0.37786573,-0.94572324,0.0
-0.36214315,-0.25786243,-0.095734317,0.57969948,2.7042408,0.76065604,0.0
7.996490156015635,0.18007419,0.80589687,-0.85955255,-0.37786573,-0.94572324,0.0
3.0414377,4.4488504,2.2307331812455757,1.961989,0.34543776,0.59915943,0.0
-0.78441482,0.3259122483512559,3.24680049098464,-0.85955255,-0.37786573,-0.94572324,0.0
0.25102309,0.0075537073,0.62557063,-0.85955255,-0.37786573,-0.94572324,0.0
0.65838907,5.287185457339396,0.40016284,-0.85955255,-0.37786573,-0.94572324,0.0
0.31555799,-0.023411508,9.989496329427736,1.083079,10.0049654879065,1.0866964,0.0
-0.3845017,-0.37287609,0.94114155,0.21767127,-0.37786573,0.44070993,0.0
-0.16379573,-6.991428571259654,-3.173727523672382,-0.85955255,-0.37786573,-0.94572324,0.0
1.1558668,1.0736418,-0.41130523,2.3539753,-0.37786573,-0.4159492413546466,1.5306232895807108
-0.78441482,-0.47019533,-0.59163147,-0.7581122682758713,-0.37786573,-0.94572324,0.0
-0.78441482,-0.47019533,-0.59163147,-1.952395938438447,-0.37786573,-0.94572324,1.5306232895807108
0.15210346,0.12256737,-0.36622367,1.8493299,0.3846282709363924,1.132403,0.0
0.61011493,0.7905313,-0.32114211,0.71683138,-0.37786573,10.006245889191648,0.0
2.706737,-0.44365372,-0.54654991,-0.555253212859538,0.42007083900683584,-0.94572324,0.0
-2.5147093025362746,-0.47019533,-0.59163147,-0.85955255,-1.031457523579959,10.006245889191648,0.0
-0.29235738,3.4544838476327677,0.49032595,-0.85955255,6.126135454926299,-0.94572324,0.0
-0.78441482,-0.47019533,-0.59163147,-0.85955255,-0.37786573,-0.94572324,0.0
0.27795498,0.68436485,-0.8767235003225555,0.74046026,3.9020220239198196,0.92519976,0.0
-0.24289756,-0.30652205,-3.616820344388153,0.75649415,-0.37786573,0.9465295,0.0
0.025066252,0.833729569317512,2.0738784659963643,-2.695218617443542,-0.37786573,10.006245889191648,0.0
5.3978931,-0.45250093,-0.50146835,-0.85955255,5.324406232583029,-0.94572324,-0.48673180068726657
-0.78441482,-0.47019533,-0.59163147,-0.85955255,-0.37786573,-0.94572324,0.0
0.38229487,-0.15611958,0.26491816,0.73117749,0.17646501,1.0440369,0.0
2.7095093432915482,-0.44807732,-0.54654991,-0.85955255,-0.37786573,-0.94572324,1.5306232895807108
0.32385776,-0.45250093,-0.36622367,-0.85955255,-2.5936252754654117,-0.94572324,0.0
9.997237792011457,-0.47019533,-0.59163147,1.3665706992208961,10.0049654879065,10.006245889191648,0.0
0.15481358,10.0000062172904,9.989496329427736,1.3041779,-4.332166517730068,0.99223609,0.0
-0.78441482,-0.47019533,-0.59163147,-0.85955255,-0.37786573,-0.94572324,0.0
-0.26200782403629264,-0.47019533,-0.59163147,-0.85955255,-0.37786573,-0.94572324,0.0
-0.0389605,-0.38172329,0.53540751,1.1218979,-0.37786573,0.70580814,1.5306232895807108
-0.22578988,-0.35960528,1.301794,1.0451041,0.19575925,0.85206922,0.0
-0.78441482,-0.47019533,-0.59163147,-0.85955255,-0.37786573,-0.94572324,1.5306232895807108
1.9847825734312692,0.72860087,-0.45638679,-2.16388805212918,-0.37786573,-0.94572324,0.0
0.10450685,-0.34191087,-0.095734317,-0.85955255,-0.37786573,-0.94572324,0.0
1.5509144026760815,-0.47019533,-0.59163147,-0.85955255,10.0049654879065,-0.94572324,0.5296536970277156
-0.78441482,-0.47019533,-0.59163147,-0.85955255,-0.37786573,-0.94572324,0.0
0.53660273,1.9273971,-0.230979,0.697,-0.37786573,0.73323209,0.0
-0.28863095,-0.42595931,0.12967348,0.6265353,0.91040338,0.97090635,-0.4981764544748541
-0.2811781,0.029671718,4.9083188,0.92906937,-0.15594905,0.76675026,0.0
9.997237792011457,-0.47019533,-0.59163147,-0.85955255,-0.37786573,-0.94572324,0.0
0.2042734,1.0338294,0.67065219,0.68645139,-0.37786573,0.59915943,0.0
-0.066739302,-0.089765542,0.26491816,0.5969992,-0.2760451326186583,1.1933451,0.0
-0.78441482,-0.47019533,-0.59163147,-0.85955255,-0.37786573,-0.94572324,0.0
0.2628799,-0.19150839,0.12967348,0.37252483,-0.37786573,1.0958377,0.0
-0.78441482,-0.47019533,-0.59163147,-0.85955255,-0.37786573,-0.94572324,0.0
-0.25255239,-0.44807732,-0.32114211,-0.85955255,-0.37786573,10.006245889191648,0.0
-0.78441482,-4.468399578794324,-0.59163147,-0.85955255,1.0094584744848478,-0.94572324,0.0
-0.32962163,-0.36402888,0.80589687,0.44045786,0.64331316,0.75151473,0.1670103986178107
0.34858767,-0.0057170995,-0.14081588,0.57843365,-0.37786573,1.3030409,0.0
0.1099271,-0.4082649,9.989496329427736,0.22568821,0.46363967,0.90996423,1.5306232895807108
3.4550003486317684,-0.47019533,-0.59163147,-0.85955255,-0.37786573,-0.94572324,0.0
-0.78441482,-0.47019533,-0.59163147,-0.85955255,-0.37786573,-0.94572324,0.0
-0.07757981,-0.27113323,0.35508128,0.4969984,0.62089101,0.73018498,0.0
31.508443,3.5597063,-0.59163147,-0.85955255,-0.37786573,-0.94572324,0.0
1.5984644,1.8875847,-0.41130523,1.3784401,1.5130026,0.95567082,0.0
-7.619204470736025,-0.34633447,0.12967348,1.1835018,-0.37786573,0.87035185,0.0
9.997237792011457,0.011431134437688062,4.492723791009656,-2.8322310622011235,-0.37786573,10.006245889191648,1.5306232895807108
-0.11924801,-0.34633447,1.0763862,3.514505079839778,0.48378997,0.86730475,0.0
6.038767194077327,-0.47019533,-0.59163147,-0.85955255,-0.37786573,-0.94572324,0.32546286540111363
1.1152149,0.60916361,0.039510361,1.4539681,-0.37786573,0.91605844,0.0
-0.11823172,-0.41711211,7.330405430571035,1.4940528,-0.37786573,1.2299103,0.0
-0.78441482,-1.9443001266944706,-0.59163147,-0.85955255,-0.37786573,-0.94572324,0.0
-0.78441482,-0.47019533,1.0527665872164476,-0.85955255,-0.37786573,-0.94572324,1.5306232895807108
0.87621553,4.5948292,-0.18589744,0.39151232,-0.37786573,0.4803223,0.0
-0.041437155201348774,-0.44807732,0.40016284,0.33665956,-0.37786573,1.104979,0.0
0.23967444,-1.300617131982281,-1.2017026723875706,2.537874730333708,0.082693687,1.3152293,1.5306232895807108
-0.78441482,-0.47019533,-0.59163147,-0.85955255,-0.37786573,-0.94572324,0.0
-0.78441482,10.0000062172904,-0.59163147,-0.85955255,-0.37786573,2.039339920516397,0.0
-0.78441482,-0.47019533,-0.59163147,-0.85955255,-0.37786573,10.006245889191648,0.0
-0.091469211,-0.41711211,1.9329359,1.1615607,0.44490516,0.81245684,0.0
-0.78441482,-0.47019533,-0.59163147,10.004555584272547,-0.37786573,-0.94572324,0.0
3.3562254054388903,-0.47019533,-0.59163147,-0.85955255,10.0049654879065,-0.94572324,0.0
-0.78441482,0.41680992892096036,-0.59163147,-0.85955255,-0.37786573,-0.94572324,0.0
0.40075761,-0.072071133,0.039510361,10.004555584272547,0.24248028,2.611530082643327,0.0
5.079792,0.89227416,-0.54654991,5.4784729,10.0049654879065,0.49251073,1.5306232895807108
-1.569936036462103,-0.0057170995,-0.50146835,1.5611419,5.2983282,1.6138457,1.0
0.20291834,10.0000062172904,-0.36622367,1.416415,2.6611745,1.5986102,1.0
0.0010138742,10.0000062172904,0.26491816,1.2181012,1.0712436,1.680882,1.0
0.62281865,-0.37729969,9.989496329427736,2.7003916,2.8592532,1.5498565,1.0
-0.46123217,-7.212833672758009,0.53540751,0.80417385,2.1916265,1.1750624,1.0
-4.176896626155581,0.1889214,-0.50146835,1.5446861,10.0049654879065,1.4035954,1.0
0.40651663,-0.34191087,-0.45638679,-0.85955255,-0.37786573,-0.94572324,1.0
3.3473432,0.073907741,-0.32114211,3.7974468,-0.37786573,2.464337991260064,0.8438724158985907
0.5650622486081114,0.49414995,0.039510361,4.9421817,1.6205038,1.537668,1.0
-0.028966906,-0.36845248,-0.32114211,0.85691689,1.8356049,1.537668,1.0
1.0646194224099856,-0.023411508,-0.41130523,1.6240116,4.3715462,1.1842038,1.5306232895807108
-0.10688306,-0.32421646,-0.14081588,1.2662029,10.0049654879065,1.5011028,1.0
-0.78441482,-0.47019533,-0.59163147,1.6319708242954283,-0.37786573,-0.94572324,1.0
0.89027431,-0.39057049,-0.50146835,2.4919511,5.129981,1.2055335,1.0
0.37433387,-0.2047792,0.17475504,2.5143141,-0.37786573,0.88254028,1.0
1.0974296,-1.2617651265056706,-0.50146835,10.004555584272547,6.0677272,1.4157838,1.0
-0.15024509,-0.3994177,-0.050652758,1.3725328,1.5837262,1.5955631,1.0
0.45208064,-0.3994177,-0.45638679,1.2835026,3.8428643,1.4553962,1.0
0.1785272,-0.30209845,-0.32114211,1.0771718,2.2525054,1.3822656,1.0
2.3772871,0.52511517,-0.54654991,2.0193735,10.939259,1.0013774,1.0
2.8701915,-0.076494735,9.989496329427736,1.160161045393425,10.620608,1.1842038,1.0
-0.1045503566166569,-0.45250093,-0.32114211,0.65269585,-0.37786573,1.248193,1.0
0.50746887,3.042179299533224,-0.50146835,1.6619866,11.803055,0.7909913376849975,1.0
-0.04878471,-0.43038291,-0.27606055,1.0948935,1.6864532,1.4858672,1.4205857888180904
0.11061481460983291,10.0000062172904,-0.18589744,4.3687594,0.46894065,1.3152293,1.5306232895807108
0.94447685,1.0692182,-0.32114211,1.1704215,-0.37786573,1.2938996,0.0
0.81371322,3.1394641,-0.095734317,1.3354017,-0.37786573,0.98918898,0.0
0.2251075,0.42337232,-0.230979,0.75775998,0.6089062,1.5742333,0.0
0.16734792,10.0000062172904,-2.9770992251797654,10.004555584272547,1.1119393,0.81855105,0.0
0.067242604,-0.38172329,0.039510361,3.758380624509803,-0.37786573,1.104979,0.0
-0.78441482,-1.0178116882054618,-0.59163147,-0.85955255,-0.37786573,-0.94572324,0.0
0.2937076,0.56935119,0.08459192,0.4417237,-0.37786573,1.0714608,-0.06464616927941655
-0.18259723,2.481811452141409,0.08459192,0.61556475,-0.37786573,1.0623195,0.0
0.60825172,-0.098612747,-0.095734317,1.5463739,0.81024454,1.4432078,0.0
2.513471,4.931023,-0.45638679,-0.85955255,-0.37786573,1.37021826120464,0.0
4.4523975,-0.43038291,-0.54654991,-0.85955255,-0.37786573,-0.94572324,0.0
-0.11907863,-0.38614689,-0.230979,-0.85955255,-0.37786573,-0.94572324,0.0
0.087229791,-0.14727237,-0.32114211,0.93750826,-0.37786573,10.006245889191648,0.0
0.25762903,-0.14727237,-0.32114211,0.9108619451006414,1.6459551,1.4157838,0.0
0.6056370335820174,10.0000062172904,2.9822846876715214,1.2159915,-2.238448293957071,1.0288014,0.0
-0.01998961,2.294189120376509,0.53540751,0.57379226,0.35314229,-1.6943954965783214,0.0
0.20512032,-0.23574442,0.26491816,-0.85955255,10.0049654879065,-0.94572324,0.0
-0.78441482,10.0000062172904,-0.59163147,-0.85955255,-0.37786573,-0.94572324,0.0
0.27541424,-0.11630716,0.039510361,0.82991246,0.49063844,1.1695639456943856,0.05026990659306444
-0.55540908,4.208212784898035,1.8427727,-0.85955255,10.0049654879065,-0.94572324,0.0
0.20020821,0.11814376,0.76081531,-0.85955255,-0.37786573,-0.94572324,0.0
-0.2246042,-0.43923012,1.1665493,-0.85955255,2.780707281746376,-0.94572324,0.0
0.70564691,-0.8822325310525476,-0.41130523,-0.85955255,-0.37786573,-0.94572324,0.0
-0.10908504,0.16237979,1.2567125,-0.10849168,-0.37786573,0.84902211,0.0
-0.40702963,-0.41711211,-2.875279256645781,10.004555584272547,2.0527145,0.99223609,0.0
0.84149202,0.94978098,-0.45638679,-5.670827531916157,-0.37786573,-0.94572324,0.0
-0.40669086,-0.42595931,-0.24323178095344256,1.0041755,0.3623943,0.83378658,0.0
1.1362183,1.0559474,-0.41130523,0.33665956,-0.37786573,0.64486602,0.0
-0.78441482,-0.47019533,2.436285735639702,2.3536837349564457,-0.37786573,-0.94572324,0.0
0.8437909086128419,-0.38172329,-0.230979,-0.85955255,-0.37786573,-0.94572324,0.0
-0.78441482,-0.47019533,-0.59163147,1.6317861918267633,-0.37786573,-0.94572324,0.0
0.43700556,0.49414995,0.35508128,1.7016494,0.54901503,10.006245889191648,0.0
5.547006320330463,1.5336965,-0.230979,0.80797135,-0.37786573,0.4772752,0.0
-0.78441482,-0.47019533,-0.59163147,10.004555584272547,-0.37786573,-0.94572324,0.0
-0.78441482,-0.47019533,-1.4040912129074146,-0.85955255,-0.37786573,-0.94572324,1.5306232895807108
4.592845581285026,-0.47019533,-0.59163147,-0.85955255,-0.37786573,-0.94572324,0.0
-0.78441482,-0.47019533,-0.32471958631547393,-3.4647701129987754,-0.37786573,10.006245889191648,1.5306232895807108
-0.78441482,-0.47019533,-0.59163147,-0.85955255,-0.37786573,-0.94572324,0.0
0.69633084,-0.45250093,-0.50146835,-0.85955255,-0.37786573,0.35279091311052113,0.0
-0.25949709,-0.45250093,0.2198366,-0.85955255,-0.37786573,-0.94572324,0.0
2.911598608416157,4.886787,-0.18589744,1.5463739,-0.37786573,0.93738818,0.3632418877355273
-0.78441482,10.0000062172904,-0.59163147,-0.85955255,-0.37786573,-0.94572324,1.5306232895807108
-0.090452914,-0.41268851,2.9827614022602162,0.40248288,-0.37786573,10.006245889191648,0.0
0.93956475,2.4405349,-0.18589744,1.5784417,-0.37786573,0.38890913,0.0
-0.78441482,-0.47019533,-0.59163147,-0.85955255,-0.37786573,-0.94572324,0.0
0.18581066,-0.18266119,-0.36622367,10.004555584272547,-0.37786573,1.1781095,0.0
-0.11382776,0.25969903,1.8878543,0.37210289,-0.37786573,-4.979940613419773,0.0
-0.10027712,-0.6054497914082647,-0.14081588,0.35860067,1.1149684,1.1598269,0.0
0.1497321,-0.23132081,0.89605999,0.10712186,0.038804231,1.2573343,0.0
-0.088589701,-0.36402888,-0.59163147,-0.8602402064849699,0.8041713595297674,0.75456183,0.0
9.997237792011457,-0.076494735,1.5272018,0.70797055,-0.37786573,1.4432078,0.0
0.28032634,0.3924071,-0.27606055,4.9539961,1.4604538,1.01966,0.0
0.120937,-0.36845248,2.0642027958773483,1.7324513,5.4315441,1.6321283,0.0
-4.261653171532013,-0.43923012,-0.32114211,-0.85955255,-7.333158960465164,-0.94572324,1.5306232895807108
-0.082153149,-0.42153571,9.989496329427736,10.004555584272547,-0.37786573,-0.94572324,0.0
-0.78441482,-0.47019533,-0.59163147,-0.85955255,-0.37786573,-0.94572324,0.0
-0.15752856,-3.88142046554845,-0.14081588,-3.106832417800509,-0.37786573,1.01966,0.0
-0.78441482,10.0000062172904,-0.59163147,3.6149414144784497,-0.37786573,-0.94572324,0.3519954114297416
0.44632162,-0.34191087,0.85097843,2.3451145,0.42709256,1.3030409,0.0
-0.26152968,-2.63025183338158,-0.59163147,0.55944616,-0.37786573,0.14818776,0.0
0.32385776,0.57377479,0.67065219,0.98518796,10.0049654879065,1.1963922,0.0
0.8079542,0.37471269,-0.050652758,1.6788644,-0.37786573,1.1689682,0.0
-0.17107919,-7.889359794446686,-0.050652758,1.4531242,-0.37786573,0.71799656,0.0
0.073171007,0.28181705,0.67065219,0.002901617,-0.37786573,1.220769,0.0
-0.78441482,-0.47019533,-0.59163147,-0.85955255,-0.37786573,-0.94572324,-0.48917954950166775
0.2707212686498614,0.17565059,-0.18589744,1.2320254,0.97309319,1.0958377,0.24542333033393873
1.0049466,1.3213636,-0.18589744,-0.7129056085477962,-0.37786573,-0.94572324,0.0
-0.78441482,-0.47019533,-0.59163147,-0.85955255,-0.37786573,-0.94572324,0.0
-0.78441482,-0.47019533,-0.59163147,-0.85955255,2.776913168446843,-0.94572324,0.0
-0.78441482,-0.47019533,0.0854026342893145,-0.85955255,-0.37786573,-0.94572324,0.0
1.0688039,1.6487101,-0.14081588,0.85438523,-0.37786573,0.66314866,0.0
0.0057565965,-0.39057049,-0.27606055,0.52864422,-0.37786573,1.0592724,0.0
-0.78441482,-0.47019533,-0.59163147,-0.85955255,-0.37786573,0.8715895646119913,0.0
-0.22850001,-0.39057049,1.9329359,0.013872169,10.0049654879065,0.74542051,0.0
-0.78441482,-0.47019533,-0.59163147,-0.85955255,-0.37786573,-0.94572324,0.0
-0.31065074,-0.44807732,-0.230979,0.3993345916922707,-0.37786573,0.91605844,0.0
-0.78441482,-0.47019533,-0.59163147,-0.85955255,-0.37786573,-0.94572324,0.0
9.997237792011457,0.62243442,-0.41130523,1.5328717,1.2547035,0.49251073,0.0
0.28235894,0.29951146,-0.050652758,0.57083865,-0.37786573,0.93129397,0.0
0.214267,-0.25950216779976126,-0.050652758,0.80122024,-0.37786573,1.2024864,0.0
1.145365,4.7938913,-0.41130523,0.61640864,-0.37786573,0.28835463,0.0
-0.065892387,1.1555437775709465,4.982296645212328,0.38982455,1.2859167,3.423212199844526,-0.1700047804585516
0.28625475,4.413755611763315,0.40016284,10.004555584272547,-0.37786573,-0.94572324,0.0
0.56201017,1.7991126,4.756829783895711,1.4041787,0.7892532163983926,0.48946362,0.5355658201825156
0.33232691,0.13141457,1.0763862,1.2843465,-0.37786573,0.97090635,0.0
-0.78441482,-0.47019533,-0.59163147,-0.85955255,-0.37786573,-0.94572324,0.0
0.11805749,-0.35518168,0.17475504,0.75396248,-0.37786573,0.97090635,0.10127634466759267
2.297353614427996,3.6437547,-0.54654991,-0.85955255,-0.37786573,-0.94572324,0.0
-0.78441482,-0.4764413270671705,-0.59163147,-0.85955255,-0.37786573,-0.94572324,1.5306232895807108
-0.78441482,-0.47019533,-0.59163147,-0.85955255,-1.3645988300013852,-0.94572324,0.0
-0.78441482,-0.47019533,-0.59163147,-0.85955255,-0.37786573,3.5248727713961467,0.0
-0.78441482,10.0000062172904,-0.59163147,-0.85955255,-0.37786573,10.006245889191648,0.0
-0.78441482,10.0000062172904,-0.59163147,-0.85955255,-1.4126250940996914,-0.94572324,0.0
0.096715235,-0.36845248,-0.36622367,-0.85955255,-0.37786573,-0.94572324,0.0
-0.26068277,-0.3994177,-0.230979,0.073366316,-0.37786573,0.4772752,0.0
-0.78441482,-0.47019533,-0.59163147,-0.85955255,-0.37786573,10.006245889191648,0.0
-0.78441482,-0.47019533,-0.59163147,-0.85955255,10.0049654879065,-0.94572324,0.0
3.043672070010393,-0.47019533,-0.59163147,-0.85955255,-0.37786573,-0.94572324,0.0
-0.78441482,-0.47019533,-0.59163147,-0.85955255,-0.37786573,-0.94572324,0.0
-0.047260264,-0.24901522,0.49032595,0.89489188,-0.37786573,1.0044245,0.0
9.997237792011457,-0.35518168,0.35508128,-0.85955255,-0.37786573,-0.94572324,0.0
-0.78441482,-0.47019533,-0.59163147,-0.85955255,-0.37786573,-0.94572324,0.0
9.997237792011457,-0.33306367,-0.18589744,-0.85955255,-0.37786573,-0.94572324,0.0
0.43632803,-1.3718899267060574,0.44524439,-0.85955255,-0.37786573,-0.94572324,1.5306232895807108
-0.0088103363,-0.4038413,-0.41130523,-0.85955255,-2.9486853747125163,-0.94572324,0.0
0.13076121,0.45876114,0.58048907,1.0923618,-0.37786573,1.1476385,0.0
-0.78441482,-0.47019533,-0.59163147,-0.85955255,-0.37786573,10.006245889191648,1.5306232895807108
-0.35655351,-0.44365372,-0.14081588,0.026530498,-0.37786573,1.132403,0.0
0.15193407,10.0000062172904,-0.18589744,10.004555584272547,-0.37786573,10.006245889191648,0.0
9.997237792011457,0.49205725770015935,0.89605999,0.021467166,-0.04689351427873073,1.7022118,0.0
9.997237792011457,-0.29325125,-0.095734317,-0.85955255,-0.37786573,-0.94572324,0.0
9.997237792011457,-0.2003556,0.12967348,0.44805286,-0.37786573,1.0988848,0.0
-1.9176694659193694,-0.47019533,-0.59163147,-0.85955255,-0.37786573,-0.94572324,0.0
0.70920395,0.13583817,-0.45638679,-0.85955255,-0.37786573,-0.94572324,0.0
5.799642495030437,-0.44365372,-0.54654991,-0.85955255,-0.37786573,-0.94572324,0.0
-0.27169266,-0.3994177,0.08459192,0.36071039,0.70939428,1.6717407,0.0
1.6874435890828203,5.0814255,-0.41130523,0.2931993,-0.37786573,0.61439496,0.0
0.095190789,-0.28440404,-0.230979,0.6189403,-0.37786573,1.2756169,0.0
-0.13872705,-0.3994177,-0.230979,0.96451269,-0.37786573,0.58697101,0.0
-0.78441482,2.2931186271350117,-0.59163147,10.004555584272547,-0.37786573,-0.94572324,0.0
0.50306491,0.7772605,0.89605999,-0.85955255,-0.9358221944444574,-0.94572324,0.0
-0.78441482,-0.47019533,-0.59163147,-0.85955255,10.0049654879065,-0.94572324,0.0
0.022017359,10.0000062172904,0.53540751,0.55860227,-3.008706246933632,1.2756169,0.0
-0.78441482,-0.47019533,-0.59163147,-0.85955255,0.9044239285560051,-0.94572324,0.0
-0.39585035,-0.42153571,0.14286876635184043,0.74046026,0.52063341,0.44680414,0.0
-0.17361994,-0.3994177,2.3091832539409354,1.121476,-0.37786573,0.82464527,0.0
0.12652663,-0.37729969,-0.36622367,1.0552307,-0.37786573,1.0257543,0.0
0.31640491,0.83476733,-0.32114211,-0.85955255,-0.37786573,-0.94572324,0.0
0.079268793,-0.45250093,6.071370332162561,0.99067324,-0.37786573,4.635704210673365,0.0
0.67600489,1.2727039,-0.32114211,0.4750573,4.258216892330732,0.95567082,0.07302202187733435
-0.031677033,-0.12957796,-5.295607955515319,0.096995197,-0.37786573,0.75456183,0.0
-0.78441482,-0.47019533,-0.59163147,-0.85955255,-0.37786573,-0.94572324,0.0
-0.39585035,10.0000062172904,0.62557063,0.76873053,0.66899491,1.1598269,0.0
-0.11501344,10.0000062172904,-0.41130523,0.75691609,-0.37786573,1.2116277,0.0
0.75256598,1.7593002,0.30999972,1.0197874,-0.37786573,-2.4150032702010362,0.0
0.63281224,1.9229735,0.49032595,-0.85955255,-2.7087287736825343,-0.94572324,0.0
-0.39669727,-0.41711211,-0.095734317,0.24298793,1.5893894,0.9983303,0.0
-0.78441482,-0.47019533,-0.59163147,-0.85955255,-0.37786573,-0.94572324,0.0
-0.78441482,-0.47019533,-0.59163147,-4.190155733974364,-0.37786573,-0.94572324,1.5306232895807108
9.997237792011457,3.847317230193114,-0.59163147,-1.669821661548878,-0.37786573,-0.94572324,0.0
-0.30861814,-0.45250093,0.40016284,0.3511185364365984,-0.37786573,-0.94572324,0.0
-1.6323044826871633,-0.43923012,-0.230979,1.6759108,1.4015504,1.1842038,0.0
-0.78441482,2.2850598535292903,-0.59163147,-0.85955255,-0.37786573,0.7535111887606831,0.0
3.238721884553162,0.63128162,-0.32114211,0.54847561,-0.37786573,0.96785924,0.0
-0.78441482,-0.47019533,-0.59163147,-0.85955255,-0.37786573,-0.94572324,0.0
0.4803676,0.0075537073,-0.32114211,-0.85955255,-0.37786573,-0.94572324,0.0
-0.1610856,-0.15169597,5.25205895608376,0.79953247,-0.37786573,0.52298179,0.0
0.79863814,1.361176,0.12967348,1.0256946,0.71927188,1.1476385,0.0
0.34215112,0.0075537073,-0.45638679,0.37801011,-0.37786573,10.006245889191648,0.41561723929322447
0.37280943,0.10929656,0.26491816,0.71387777,0.10129649,1.2664756,0.0
-0.34113967,-0.37729969,-0.0055711987,10.004555584272547,1.2778829,1.0440369,0.0
2.8339502196227446,-0.47019533,-0.59163147,-0.85955255,-0.37786573,-0.94572324,1.5306232895807108
0.72241582,5.0239186,1.2116309,2.219797,0.083154641,0.57478259,0.0
-1.1982945298239105,-0.27555684,0.08459192,1.0096607,1.4009578,1.0927906,0.0
0.047763566,-0.027835111,0.5152204659448336,0.7788572,-0.37786573,1.0775551,0.1614847560372761
-0.41905582,-0.43038291,1.9329359,0.62062808,0.010225051,0.76370315,0.0
-0.015077505,-0.36402888,0.039510361,-0.85955255,-0.37786573,-0.94572324,0.0
-0.1233132,-0.27113323,0.35508128,0.09530742,-0.37786573,1.507197,0.0
-0.2027538,-0.23574442,0.26491816,1.2691565,-0.37786573,0.82769237,0.0
-0.29388182,-0.34191087,-0.095734317,0.84341468,-0.37786573,1.0927906,0.0
-0.78441482,10.0000062172904,-0.59163147,-0.85955255,-0.37786573,-0.848161127619026,0.0
-0.18141155,-0.45250093,0.17475504,-0.85955255,-0.41029888629131367,-0.94572324,0.0
-0.29997961,-0.43038291,-0.4437382346736308,0.90712827,-0.37786573,1.1567798,0.0
-0.22545112,-0.34633447,0.40016284,3.4265577,0.31560614984027724,0.93738818,0.0
-0.38771997,1.9853329028907436,-0.18589744,6.602377444086442,-0.37786573,1.4889143,-0.16895745503346382
-0.24797905,10.0000062172904,1.7075281,0.60628198,0.083187567,0.9952832,0.0
-0.26559487,-0.42153571,0.08459192,0.9493227,-0.37786573,0.48641652,0.0
0.2281564,2.1087648,-0.14081588,0.018935501,-0.37786573,-0.33630207,0.0
-3.0885121950587062,-0.47019533,-0.59163147,-0.37248018283297796,0.5532017415627016,-0.94572324,0.0
0.026760081,-0.3994177,-0.41130523,1.2607176,2.3684354,10.006245889191648,0.0
-0.039299266,-0.16939038,0.58048907,0.36661761,-0.37786573,1.1811567,0.0
1.4439871,1.4629188,-0.095734317,1.5024917,-0.37786573,1.0714608,0.0
-0.78441482,-0.47019533,-0.59163147,-0.85955255,-0.37786573,-0.94572324,0.0
-0.35749001845869804,-1.758720335388781,-0.0055711987,-0.16207861,-0.37786573,0.93434108,0.0
-2.685941049164229,-0.47019533,-0.59163147,-0.85955255,-0.37786573,-0.94572324,0.0
-0.78441482,-0.47019533,-0.59163147,-0.85955255,-0.37786573,-0.94572324,0.0
2.7812813287476073,-0.47019533,-0.59163147,-0.85955255,-0.37786573,-0.94572324,0.08410677287774497
1.1970155261288125,-0.47019533,9.989496329427736,-0.85955255,-0.37786573,-0.94572324,0.0
0.73190126,-0.3949941,-0.36622367,1.3839253,1.7830891,1.3609359,0.0
0.61028431,0.59589281,0.44524439,-3.2155332246420034,0.018950262,1.2664756,0.0
1.0865891,-0.38172329,-0.230979,-0.85955255,-0.37786573,-0.94572324,0.0
-0.78441482,-2.8892571047908997,-0.59163147,-0.85955255,-0.37786573,-0.94572324,0.0
-0.78441482,-0.47019533,-0.59163147,-0.85955255,-0.37786573,-0.94572324,0.0
4.728457616942867,-5.183038332104857,0.17475504,1.1974259,0.43904446,1.2725698,0.0
0.17497015,0.87015614,2.023099,0.42695564,-0.37786573,0.54431153,0.0
0.36959115,0.40125431,-0.095734317,0.82442718,1.3128167,0.80636263,0.0
0.75087215,3.2589014,-0.18589744,0.87632633,-0.37786573,0.49251073,0.0
-0.2684134009807518,-0.33748727,-3.4445679956750137,-0.85955255,-0.37786573,-0.94572324,0.0
2.315006441224315,-0.23132081,-0.095734317,0.91978659,0.62869431,1.2725698,0.0
0.092480662,-0.33306367,1.2567125,0.68813917,-0.0079168016,10.006245889191648,0.0
4.644574571071183,-5.0364164986910875,-0.59163147,-0.85955255,-0.37786573,-0.94572324,0.0
-0.78441482,-0.47019533,-0.59163147,10.004555584272547,-0.37786573,10.006245889191648,0.0
0.52948865,0.45876114,0.08459192,-0.85955255,-0.37786573,-0.94572324,0.0
2.689445327019601,-0.24901522,1.8878543,0.6379278,0.38616639,1.1781095,0.0
1.3550611,4.9575646,-0.27606055,0.91303549,-0.37786573,0.3249199,0.0
0.041835163,-0.4038413,-0.230979,0.72991166,-0.37786573,1.1445914,0.0
0.91906941,-0.14284877,-0.41130523,0.77084025,2.0482367,1.0318485,1.5306232895807108
-0.78441482,-0.47019533,-0.59163147,-0.85955255,-0.37786573,-0.94572324,0.0
-0.058270155,-0.43923012,0.12967348,9.494827719042107,10.0049654879065,1.0013774,0.0
1.8970402937445487,-0.41268851,2.3837514,0.88729688,-0.37786573,0.84597501,0.0
2.431564977878995,0.16680339,0.80589687,-0.85955255,-0.37786573,-0.94572324,0.0
0.21799342,0.43221952,-0.0055711987,-0.85955255,-0.37786573,-0.94572324,0.0
-0.78441482,-0.47019533,-0.59163147,-0.85955255,-0.37786573,-4.193616422748999,0.0
-0.78441482,-0.47019533,-0.59163147,-0.85955255,-0.37786573,-0.94572324,0.0
9.997237792011457,-0.47019533,-0.59163147,-0.85955255,-0.37786573,0.2639481589152426,0.0
0.12991429,-0.45250093,-0.32114211,-0.85955255,-0.37786573,-0.94572324,0.0
-0.035064692,-0.31536926,1.0763862,1.8324521,0.33289321,1.1689682,0.0
-0.78441482,-0.47019533,-0.59163147,-0.85955255,-0.37786573,-0.94572324,0.0
1.0904849,10.0000062172904,-0.18589744,0.86662161,-0.37786573,0.56564127,0.0
-0.78441482,-0.47019533,-0.59163147,-0.85955255,10.0049654879065,-0.94572324,0.0
0.2212117,-0.23574442,0.039510361,1.4172589,-0.37786573,1.3548417,0.0
-0.056576325,1.1665375,1.8427727,3.852858983425334,-0.37786573,0.69057261,0.0
0.68667602,-0.43923012,-0.32114211,-0.85955255,-0.37786573,-0.94572324,0.0
-0.33961522,-0.3949941,0.17475504,-0.021165944589136787,-0.37786573,-0.21576415276980254,0.0
-0.33741324,-0.44365372,0.44524439,0.45902341,0.65523213,1.1567798,0.0
-0.43751856,-0.43480652,-0.095734317,-1.524538601121658,2.6224214,1.6443167,0.0
-0.78441482,-0.47019533,-0.59163147,-3.7506575260007513,-0.37786573,-0.16173138888934024,0.0
-0.78441482,-0.47019533,-0.59163147,-0.85955255,1.0692112946815753,-0.94572324,0.0
0.66872142,-0.5343041086095237,0.17475504,4.128674989987777,0.70587127,0.90387002,0.0
-0.27355587,-0.3949941,0.53540751,1.0995349,0.96835195,0.82464527,0.0
-0.16430388,-0.058800326,2.0681805,0.16061716009240046,0.23141737,1.1171674,0.0
-0.78441482,0.8546292263816783,-0.59163147,-0.85955255,-0.37786573,-0.94572324,0.0
0.34282865,-0.049953122,-0.27606055,1.6704255,-0.37786573,1.0044245,0.0
-4.518975845729691,-0.47019533,-0.59163147,-0.85955255,-0.37786573,0.10714003346770995,0.0
-0.78441482,-0.47019533,-0.59163147,-0.85955255,-0.525595128799593,-0.94572324,0.0
-0.21749012,-0.44365372,9.989496329427736,0.38982455,-0.37786573,0.95567082,0.0
0.18902894,0.025248116,0.76081531,1.4408878,-0.37786573,0.93738818,1.5306232895807108
-0.22138593,-0.30652205,0.53540751,-0.3275177053033499,-0.37786573,-0.94572324,0.0
0.35976694,0.25085183,-2.3762987050661297,10.004555584272547,0.2726728,1.3822656,0.0
0.48358587,0.52953877,-0.095734317,1.4337148,0.7982268,1.3487475,0.0
-0.37518564,10.0000062172904,-0.230979,0.075054093,-0.37786573,1.1293559,0.0
-0.78441482,-0.47019533,-0.59163147,-0.85955255,-0.37786573,-0.94572324,0.0
0.41871221,2.212544496562078,-0.36622367,-0.85955255,-0.37786573,-0.94572324,0.0
9.997237792011457,-0.24459162,0.6355504046965643,0.2969968,10.0049654879065,0.96785924,0.0
-0.78441482,0.804377514387932,-0.59163147,-0.85955255,-0.37786573,-0.94572324,0.4239892591783867
-0.54524611,-0.45250093,-0.14081588,0.56071199,-4.135705052746469,10.006245889191648,0.0
0.58538502,0.3968307,-0.36622367,10.004555584272547,2.99428,1.2268632,0.0
-0.78441482,-0.47019533,-0.59163147,-0.85955255,-0.37786573,-0.94572324,0.0
-0.78441482,-0.47019533,-0.59163147,-0.85955255,-0.37786573,-0.94572324,0.0
-0.11264208,10.0000062172904,0.98622311,1.5286522,1.0499738,0.97700056,0.0
-0.78441482,-0.47019533,-0.59163147,-0.85955255,-0.37786573,-0.94572324,-0.2823115023527623
0.15091778,-5.460066214488071,1.6812185886498934,-0.85955255,-0.37786573,-0.94572324,0.0
-0.024224184,-0.35960528,-0.050652758,0.92991326,0.55362458,1.220769,0.0
-0.78441482,-0.47019533,-0.59163147,-0.85955255,-0.37786573,-0.94572324,0.0
3.2589550689504674,-0.47019533,-0.59163147,-0.85955255,-0.37786573,-0.94572324,-0.6393286090297097
9.997237792011457,-0.34633447,1.0313047,0.72062888,0.23671835,1.1543358449294996,1.5306232895807108
0.86046291,1.1798083,-0.050652758,1.1041763,-0.37786573,0.71799656,0.0
-0.78441482,-0.47019533,-0.59163147,-0.85955255,-0.37786573,-0.94572324,0.0
0.57945662,0.50742076,0.62557063,0.74889915,-0.37786573,0.47118099,0.0
-0.18717057,-0.32864006,1.4821203,0.82189552,1.4607295475700623,1.2878054,-0.04133167781217071
-0.78441482,-0.47019533,-0.59163147,-0.85955255,-0.37786573,-0.94572324,0.0
-0.78441482,-1.1088232919753775,-0.59163147,-0.85955255,-0.03569455294897245,-0.94572324,0.2669008640688107
-0.12991914,10.0000062172904,0.26491816,0.8265369,0.76875864,1.2299103,1.5306232895807108
0.033704782,-0.24459162,-0.230979,0.50796895,-0.37786573,1.104979,0.0
-0.51492656,-0.43038291,9.4164747,0.94974464,-0.37786573,0.34015543,-1.0954000478383454
0.038278121,-0.01821913288232796,9.989496329427736,-0.85955255,10.0049654879065,10.006245889191648,0.0
0.88332961,-0.12957796,-0.32114211,-0.85955255,-5.05458347170748,-1.4734541592974078,0.0
0.27067152,0.32162947,0.12967348,0.60586003,-0.37786573,0.7362792,0.0
-0.22324914,-0.35075807,-0.0055711987,-0.85955255,-2.041761895651136,-0.94572324,0.0
0.07046088,-0.32864006,-0.18589744,0.7455236,10.0049654879065,1.2908525,0.0
-0.9081534232040598,-0.45250093,-0.32114211,-0.85955255,-0.37786573,-0.94572324,0.4651694110382268
9.997237792011457,-0.47019533,-0.59163147,-0.85955255,-0.37786573,-0.94572324,0.0
-0.78441482,-0.47019533,-0.59163147,-0.85955255,-0.37786573,-0.94572324,0.0
0.32555159,0.003130105,-0.230979,0.83286607,1.1035762,1.2603814,0.0
-0.78441482,-0.47019533,9.989496329427736,-0.85955255,-0.37786573,10.006245889191648,0.0
-0.78441482,-0.47019533,-0.59163147,-6.478427624237557,-0.37786573,-0.94572324,0.0
0.19089215,-0.195932,-0.27606055,-0.85955255,2.3138650219335357,-0.94572324,0.0
-0.78441482,-0.47019533,-0.59163147,-0.85955255,-0.37786573,-0.94572324,0.0
-0.40093184,-0.4692182183429994,1.0313047,0.91936465,0.14656881,0.95262371,0.0
-0.42803311,-0.43923012,0.2198366,0.19235461,10.0049654879065,1.01966,0.0
-0.78441482,-0.47019533,-0.59163147,-0.85955255,-0.37786573,-0.94572324,0.0
-0.78441482,-0.47019533,-6.406063532032442,-0.85955255,-0.37786573,-0.94572324,0.0
0.19868377,-0.21805001,-0.36622367,2.0252807,-0.37786573,0.93129397,0.0
0.10230487,-0.089765542,-0.9262607373664389,1.1185224,0.14186049,1.0714608,0.0
0.29590957,0.33932388,-0.095734317,1.6311847,0.6647465680789691,1.5468094,0.0
0.88112763,0.003130105,-0.32114211,-1.2468409994483118,1.6992612,1.2512401,-0.6490842128929865
-0.27615494493726034,-0.47019533,-0.9130916978647443,-0.22533940127075613,-0.37786573,-0.94572324,0.0
-0.78441482,-0.47019533,-0.59163147,-0.85955255,3.083445144395658,-0.7833116471769925,0.0
-0.78441482,-0.691609227266877,-0.59163147,-0.85955255,-0.37786573,-0.94572324,0.0
-0.78441482,-0.47019533,-4.6993711707681465,-0.85955255,-0.37786573,-0.94572324,0.0
3.7547092,-0.45250093,-0.45638679,-0.85955255,-0.37786573,-4.503529071245062,0.0
0.44767669,1.0515238,-0.27606055,1.0864546,3.4824356526752065,1.0988848,0.0
-0.78441482,-0.47019533,-0.59163147,2.9636921000814116,-0.37786573,-0.94572324,1.5306232895807108
-0.78441482,-0.47019533,-0.59163147,-0.85955255,0.8389274927595888,10.006245889191648,0.0
0.79711369,-3.717535707284627,0.2198366,1.8763343,-0.37786573,1.3609359,0.0
-0.78441482,-0.47019533,-0.59163147,10.004555584272547,-0.37786573,-0.94572324,0.0
1.2241281,4.7983149,9.989496329427736,-0.85955255,-0.37786573,-0.94572324,0.0
-0.05911707,-0.35075807,-0.36622367,-0.85955255,-0.37786573,-0.94572324,0.0
-0.028966906,-0.31094565,0.039510361,0.51303228,1.2994161,1.0348956,0.0
-0.34452732,-0.45250093,-0.050652758,1.1860335,-0.37786573,-1.3830675188127393,0.0
-0.78441482,-0.47019533,-0.59163147,-0.85955255,-0.37786573,-0.94572324,0.0
-0.3487619,-0.43038291,-0.18589744,0.33244012,10.0049654879065,1.3822656,0.0
-0.78441482,-6.774406480200811,-0.59163147,-0.85955255,-0.37786573,-0.94572324,1.5306232895807108
3.2902612,-0.36402888,0.8621029441102988,4.348928,-0.37786573,0.5321231,0.29040133085914666
-3.314437707477911,0.31720586,4.371355742128823,-0.85955255,-0.37786573,-0.94572324,0.0
-0.19038885,-0.4082649,0.26491816,0.96915408,10.0049654879065,1.391407,0.0
0.71885878,0.56492759,0.26491816,-0.85955255,-0.4286436098142772,-0.94572324,0.0
0.00033634245,-0.41711211,-0.230979,1.6539697,-0.37786573,10.006245889191648,0.0
0.67244785,0.66224684,-0.27606055,0.54763172,2.6000651,0.60830075,1.5306232895807108
0.90873705,1.8477722,-0.095734317,1.0978471,0.4694016,1.0044245,0.0
3.324373018053557,0.36144189,0.08459192,1.1324465,-1.9168917831582077,1.1293559,0.0
1.0206992,4.9044814,0.26491816,-0.85955255,-0.37786573,-0.94572324,1.5306232895807108
-0.78441482,-5.197005034705891,-0.59163147,-0.85955255,-0.37786573,-0.94572324,0.0
-0.33893769,-0.37287609,0.44524439,-0.85955255,-0.37786573,-0.94572324,0.3767821689013865
0.77611021,1.2196207,-0.230979,-0.85955255,10.0049654879065,-0.94572324,0.0
-0.3845017,-0.43923012,1.8427727,10.004555584272547,-0.37786573,1.0927906,0.0
0.58013415,0.36586549,-0.050652758,1.2493251,-0.37786573,1.3609359,0.0
-0.17243426,-0.38614689,1.7976912,-0.0013178261,0.1441385849407637,1.3487475,0.0
-0.34063152,-0.43480652,9.989496329427736,0.76535498,-0.37786573,1.0440369,-0.0989517967819044
-0.26508673,-0.44365372,1.4383965130360394,0.1712574,3.5252867214363763,10.006245889191648,0.0
0.030655889,-0.26228603,-0.095734317,0.41640704,1.5996292,1.2999938,1.5306232895807108
0.23374603,-4.953425211334738,0.67065219,-0.85955255,-0.37786573,-0.94572324,0.0
0.182423,-0.18266119,0.49032595,10.004555584272547,-0.37786573,1.4188309,0.0
0.40312897,0.35259468,0.6465931121499321,0.95354214,0.49333831,1.0562253,0.0
0.28777919,-0.16496678,-0.0055711987,-0.85955255,-0.37786573,-0.94572324,0.0
0.04285146,-0.14284877,1.301794,0.84214884,-0.37786573,10.006245889191648,1.5306232895807108
1.3245722,1.4186828,-0.18589744,-0.85955255,-0.37786573,-0.94572324,0.0
0.28913426,0.971899,0.08459192,-0.40113304735367716,-0.37786573,0.51079336,0.0
2.4521544,10.0000062172904,-0.59163147,-0.85955255,-0.37786573,-0.94572324,0.0
7.5026455,-0.44365372,-0.50146835,-0.85955255,-0.37786573,-2.28706724092958,0.0
-0.53779326,-0.36402888,5.3140528,-0.21904109,-4.828298327285222,1.1080261,0.0
-0.78441482,-0.47019533,-0.59163147,-0.85955255,-0.37786573,-0.94572324,0.0
0.55337164,10.0000062172904,0.71573375,-0.85955255,-0.37786573,-0.9043385982906403,0.0
1.1096252,1.3125164,-0.14081588,1.1159907,-0.37786573,0.61134786,0.0
-0.78441482,-0.47019533,-0.59163147,-0.85955255,1.2806836707219218,-0.94572324,0.0
-0.53474437,-0.45250093,-0.59163147,1.7075566,-0.37786573,0.14514066,0.0
-0.78441482,-0.47019533,-0.59163147,-0.85955255,-0.37786573,-0.94572324,0.0
0.30285427,0.10487296,-0.7972985494800351,1.2640931,-0.37786573,1.0105187,0.0
-0.19767231,-0.072071133,1.4370387,-1.249516254593401,0.42198914,1.1567798,0.0
-0.78441482,-0.47019533,9.989496329427736,-0.85955255,2.3974407567634546,-0.94572324,0.0
-0.78441482,-0.47019533,-0.59163147,-0.85955255,-0.37786573,-0.94572324,0.0
-0.1253458,-0.31094565,-0.18589744,0.14172129,-0.37786573,1.1080261,0.0
-0.40906222,-0.38172329,0.17475504,0.79742275,1.6848728,0.50469915,0.0
-0.081814384,-0.19150839,-0.095734317,1.871271,-0.37786573,0.83683369,0.0
-0.78441482,-0.47019533,-0.59163147,-0.85955255,1.2098168793617683,-0.94572324,0.0
-0.78441482,-0.47019533,-1.4995846488129945,-0.85955255,-0.37786573,-0.94572324,0.0
-0.78441482,-0.47019533,-10.211182071315202,-0.85955255,-0.37786573,-0.94572324,0.0
-0.78441482,-0.47019533,-0.59163147,10.004555584272547,-0.37786573,-0.94572324,0.0
1.8073135,-0.45250093,-0.45638679,-0.85955255,-0.37786573,-0.94572324,0.0
0.76137389,0.79937851,-0.8387241828423464,1.0556527,-0.37786573,0.8947287,0.0
-0.78441482,-0.47019533,-0.59163147,-0.85955255,-0.37786573,-0.94572324,0.0
-0.15024509,-0.44365372,-0.32114211,-0.85955255,-0.37786573,-0.94572324,0.0
-0.78441482,1.8389343368077222,-0.59163147,-0.85955255,-0.37786573,-0.94572324,0.0
-0.78441482,-0.47019533,-0.59163147,-0.85955255,-0.37786573,-0.94572324,0.0
4.171793727897475,-2.687155765983965,-0.095734317,-0.85955255,-0.37786573,-0.94572324,0.0
-0.063690409,-0.3949941,0.35508128,-0.85955255,-0.37786573,10.006245889191648,0.0
0.77661836,-0.3994177,-0.41130523,1.1607168,-0.37786573,1.4584433,0.029842386677725093
-0.23747731,0.46367076914185446,-0.095734317,-0.081909189,-0.37786573,1.0318485,0.0
-0.02680055300036714,-0.44807732,-0.32114211,-0.85955255,-0.37786573,-0.94572324,0.0
0.06264588130160731,-0.45250093,-0.36622367,-0.85955255,-0.37786573,-0.94572324,0.0
-2.3887695392332144,-0.47019533,9.989496329427736,-0.85955255,-0.37786573,-0.94572324,0.0
-0.16328758,-0.45250093,-0.32114211,-0.85955255,2.6842059923210173,-0.94572324,0.0
0.2206025803660635,-0.15169597,1.1214678,-0.85955255,-0.37786573,-0.94572324,0.0
0.75442919,-0.90237553947583,-0.41130523,-0.85955255,-0.37786573,-0.94572324,0.0
3.9904028446644864,0.025248116,-0.230979,-2.1065227630441177,0.23815289367488812,-0.94572324,0.0
0.75510672,0.082754945,-0.36622367,1.3307603,1.3255588,0.93738818,0.0
-0.052511135,0.12699097,0.53540751,1.2316034,-0.37786573,0.90387002,0.0
-0.53288115,10.0000062172904,0.89605999,0.11218519,1.2351129,1.2360046,-0.5634098948322814
-0.78441482,-0.6167836153371404,-0.59163147,-0.85955255,-0.37786573,-0.94572324,0.0
-0.6071316907972122,-0.43740010681252517,-0.14081588,-0.85955255,-2.6119043844323167,-0.94572324,0.0
-0.12805593,10.0000062172904,0.12967348,-0.85955255,-0.37786573,-0.94572324,0.0
-0.21308616,-0.41268851,0.85097843,1.522745,0.21307797,0.76979736,0.0
-2.123510119615249,-0.47019533,9.989496329427736,-0.85955255,-0.37786573,-0.94572324,0.0
1.39927,0.27296984,0.08459192,1.848486,-1.1428515178408687,0.9983303,0.0
0.94075043,-0.44365372,-0.230979,-0.85955255,-0.37786573,-0.94572324,-0.23445330963119002
-0.78441482,-0.47019533,-0.59163147,-0.85955255,-0.37786573,-0.94572324,1.5306232895807108
0.16091137,-0.15169597,0.44524439,0.89236022,0.89621256,1.3121822,0.1809702398235132
-0.78441482,-0.47019533,-0.59163147,-0.85955255,-0.37786573,-0.94572324,0.0
4.073143513717052,-0.31536926,-0.0055711987,-0.85955255,-0.37786573,-0.94572324,0.0
-0.78441482,-0.47019533,-0.59163147,-5.54843865116047,-0.37786573,-0.94572324,0.0
-0.78441482,-0.47019533,-0.59163147,-0.85955255,-0.37786573,-0.94572324,0.0
-0.78441482,-0.47019533,-0.2434581542950584,-0.85955255,-0.37786573,-0.94572324,-0.014175853805491717
-0.78441482,-0.47019533,-0.59163147,-0.85955255,-0.37786573,-0.94572324,-0.700331872081292
-0.26119092,-0.31979286,-0.0055711987,-0.85955255,-0.37786573,-0.94572324,0.0
0.62857767,0.09160215,0.12967348,-0.85955255,-0.37786573,-0.94572324,0.0
0.49561206,0.10044935,0.2198366,-0.85955255,-0.37786573,-0.94572324,0.0
-0.78441482,-0.47019533,-0.59163147,-1.8365084548975164,-0.37786573,-0.94572324,0.0
-1.70487901591058,-0.13400156,-0.32114211,-0.85955255,-0.37786573,-0.94572324,1.5306232895807108
2.0203973,2.918284,-0.54654991,10.004555584272547,-0.37786573,0.44985124,0.0
1.0186666,2.5073664070322925,2.966701847260801,-0.85955255,-0.37786573,-0.94572324,0.0
9.997237792011457,-3.3365601940316645,-0.59163147,-0.85955255,-0.37786573,-0.94572324,0.0
-0.78441482,-0.47019533,-0.59163147,-0.85955255,-0.37786573,-0.94572324,0.0
-3.8700638016809443,10.0000062172904,-0.0055711987,1.0341335,0.78541885,10.006245889191648,0.0
-0.78441482,-0.47019533,-0.59163147,-0.85955255,-0.37786573,-0.94572324,0.0
0.075372985,-0.21248492791068005,-0.41130523,1.3818156,4.0781487,1.8362844,0.0
0.80558284,1.3479052,-0.32114211,0.68012223,1.5145172,0.56868837,0.0
-0.25797264,-0.32421646,1.4370387,1.0733743,-0.37786573,0.59611233,1.5306232895807108
-0.78441482,-0.47019533,-0.59163147,-0.85955255,-0.37786573,-0.94572324,0.0
0.10416808,-1.0872805539253014,-0.32114211,-0.85955255,-0.45155105621647973,2.082808532905597,0.0
-0.78441482,-0.47019533,-0.59163147,-0.85955255,-0.37786573,-2.4524560586127135,0.0
-0.47478281,-0.44807732,1.5272018,0.026108554,0.35024486,-0.0275219423488402,0.0
-0.3418172,-0.41711211,0.67065219,-0.85955255,-0.37786573,-0.94572324,0.0
-0.78441482,-0.47019533,-0.59163147,-0.85955255,-0.37786573,-0.94572324,0.0
0.3353758,0.065060536,-0.27606055,1.4235881,0.81847588,-2.916793218474973,0.0
-0.78441482,-0.47019533,9.989496329427736,-0.85955255,-0.37786573,-0.94572324,0.0
0.51526048,-0.45250093,-0.0055711987,-0.85955255,-0.37786573,-0.94572324,0.0
1.2187078,0.61801082,0.7337207127243404,1.083079,0.64067913,0.75760894,0.0
-0.035911607,-0.15169597,0.94114155,0.43159703,-2.405817750892802,0.83683369,0.0
-0.40567457,-0.44365372,0.35508128,0.17450458344329256,0.92535147,1.2024864,0.0
-0.78441482,-0.47019533,-0.59163147,-0.85955255,-0.37786573,-0.94572324,0.0
0.045222822,-0.36402888,0.2198366,2.3552632855885687,-0.37786573,1.3152293,1.5306232895807108
1.3650547,2.4988777963132667,-0.50146835,1.7075566,-0.37786573,0.9952832,0.0
-0.78441482,-0.47019533,-0.59163147,-0.85955255,-0.37786573,-0.94572324,0.0
-0.15651226,-0.10303635,9.989496329427736,-0.05659253,-0.37786573,0.90082291,0.0
-0.78441482,-0.47019533,-0.59163147,-0.85955255,-0.3778981402577079,-0.94572324,0.0
-0.78441482,-0.47019533,-0.59163147,-0.85955255,-0.37786573,-0.94572324,0.0
-0.78441482,-0.47019533,-0.59163147,-4.215742234726299,-0.37786573,-0.94572324,0.0
-0.31488531,-0.32421646,0.53540751,0.92442798,0.65276273,1.0013774,-0.15049553513407005
-0.38619553,-0.42153571,0.40016284,0.98687574,0.92123581,0.87339896,-0.5759559831109472
-0.78441482,-0.47019533,-0.59163147,-0.85955255,-0.37786573,-0.94572324,0.0
-0.78441482,-0.47019533,9.989496329427736,-0.85955255,-0.37786573,-0.94572324,-0.006421577332170559
1.497004,-0.33306367,-1.8469593456228706,2.7459616,-0.37786573,0.64486602,0.0
0.5001854,4.9354466,-1.5835433556563312,1.825701,-6.198621062823418,0.4038635744595851,0.0
0.37772153,-1.8316067221596246,-0.14081588,-0.85955255,-0.37786573,-0.94572324,0.12780438222308316
-0.25983585,-0.35075807,-3.7932480416298464,4.20690580754927,0.34668893,1.0958377,0.0
-0.78441482,1.4704172589623905,-0.007895560013928438,-0.85955255,-1.3871855164065994,-0.94572324,0.0
1.5020855,4.9929534,-0.41130523,2.0586143,-0.37786573,0.49251073,0.0
0.099086597,-0.27998044,-0.0055711987,1.5780197,0.90315981,1.680882,0.0
0.03014774,-0.35518168,9.989496329427736,1.3982714,-0.37786573,1.3457004,0.0
0.11754934,0.096025752,0.85097843,0.23539293,0.19984199,1.3274177,0.0
-0.070126961,-0.44807732,-0.230979,0.53328561,-0.37786573,0.94043529,0.0
-0.78441482,-0.5877096323187683,-1.7657726601990433,-3.269879331177715,-0.37786573,-0.94572324,0.0
-0.14363916,0.13583817,1.9329359,0.055644655,-0.37786573,1.1019319,0.0
-0.07063511,-0.37729969,-0.14081588,1.2328693,-0.37786573,0.95871792,0.0
-1.103682660096789,-0.47019533,-0.59163147,-0.85955255,-0.37786573,-0.94572324,0.0
9.997237792011457,-0.44365372,0.71573375,0.61767447,0.090661615,0.78808,0.0
-0.78441482,-0.47019533,-0.59163147,-0.85955255,-0.37786573,-0.94572324,0.0
-0.088759084,-0.38172329,-0.095734317,1.3936301,-0.37786573,1.0348956,0.0
0.13550393,-0.19150839,9.989496329427736,2.6320366,-0.37786573,0.69666682,0.0
-0.78441482,1.2063073900037544,-0.59163147,-0.85955255,-0.37786573,-0.94572324,0.0
0.01575019,-0.43038291,-0.41130523,0.015138002,-0.37786573,0.84902211,0.0
0.49628959,8.92987922074534,-0.095734317,-0.85955255,-0.37786573,-0.94572324,0.0
-0.78441482,-0.47019533,-0.59163147,-0.85955255,4.061952608863872,-0.94572324,0.0
0.12178391,0.5914692,8.491971511076088,-2.5712350737102696,10.0049654879065,-0.080345176,0.0
9.997237792011457,10.0000062172904,0.26491816,-0.14140334,-0.3516064875399505,-3.845236809519048,0.0
-1.5162379150604908,-0.23132081,0.08459192,-0.85955255,-0.37786573,-0.94572324,0.0
-0.6099843900583841,-0.33306367,4.5025847,0.10712186,-3.5345173800788365,1.2299103,0.0
-0.78441482,-0.47019533,-0.59163147,-0.85955255,-0.37786573,-0.94572324,0.0
-0.020667142,5.360207802091622,0.76081531,-0.85955255,-0.37786573,-0.94572324,0.0
0.69853282,5.0062242,-0.230979,-0.85955255,-0.37786573,-0.94572324,0.0
9.997237792011457,-0.2003556,1.0313047,0.74889915,0.2926914,1.0927906,0.0
-0.78441482,-0.47019533,-0.59163147,-0.85955255,-0.37786573,-0.94572324,0.0
0.34294707194634866,-0.47019533,-0.59163147,-0.85955255,-0.37786573,-0.94572324,0.0
-0.30641616,-1.5223562995449922,-0.36622367,0.47716702,3.8514908,0.6844784,0.0
0.098578448,10.0000062172904,0.62557063,0.72737999,0.3623943,10.006245889191648,0.0
-0.18818687,-0.44807732,-0.230979,-0.85955255,-0.37786573,-0.94572324,0.0
-0.21596567,10.0000062172904,0.26491816,1.3375115,0.4540584,0.78503289,0.0
-0.17870143,-0.43923012,-0.18589744,-0.85955255,-0.37786573,-0.94572324,0.0
2.6393226,-0.45250093,-0.45638679,-0.85955255,-0.37786573,-0.94572324,-0.6402912189718959
9.997237792011457,-0.29325125,-0.0055711987,1.7071347,0.52102851,1.1293559,0.0
2.6209928317444398,-0.45250093,-0.36622367,-0.85955255,-0.37786573,-0.94572324,0.0
9.997237792011457,1.0478593455463439,9.989496329427736,-0.85955255,-0.37786573,-0.94572324,0.0
0.60571097,2.161848,1.5272018,0.47210369,2.341819132423265,0.47118099,0.0
0.60079887,0.36586549,-0.41130523,-0.85955255,-0.37786573,-0.48911874797973026,0.0
-0.78441482,-0.47019533,-0.59163147,-0.85955255,-0.37786573,-0.94572324,0.0
0.5554932098004961,-0.42153571,-0.095734317,0.78645219,1.1174707,1.7814365,0.0
-0.19530095,-0.38172329,0.40016284,2.7469043812162957,-3.124285365136348,-0.94572324,0.0
-0.78441482,-0.47019533,-0.59163147,-0.85955255,10.0049654879065,-0.94572324,0.0
-0.1600693,-0.44365372,-0.0055711987,0.56915088,1.0084879,1.2999938,0.0
-0.78441482,-0.47019533,-0.25174262796147434,-0.85955255,-0.37786573,-0.94572324,0.0
-0.78441482,-0.47019533,-0.59163147,-0.85955255,-0.37786573,-0.94572324,0.0
0.5230521,0.68878845,0.039510361,-0.85955255,-0.37786573,0.019634288001149303,0.0
9.997237792011457,-0.47019533,9.989496329427736,-0.85955255,-0.37786573,-0.94572324,0.0
0.48392464,0.32605307,-0.32114211,0.25775598,1.7553001,1.0318485,0.0
0.45512954,0.15795618,-0.27606055,1.4763311,-0.37786573,0.87035185,1.5306232895807108
-0.78441482,-0.47019533,-0.59163147,-0.85955255,-0.37786573,-0.94572324,0.0
-0.78441482,-0.47019533,-0.59163147,-0.85955255,-0.37786573,-0.94572324,0.0
-0.78441482,-0.47019533,-0.59163147,-0.85955255,-0.37786573,-0.94572324,0.0
0.9092452,1.5115785,0.12967348,0.77759136,-0.37786573,0.67838418,0.0
-0.78441482,-0.47019533,-0.59163147,10.004555584272547,-0.37786573,-0.94572324,0.4763338342414075
-0.78441482,0.086916295937842,-0.59163147,-0.85955255,-0.37786573,-1.4572298079108017,0.0
0.98648382,0.5781984,1.6718350000402191,1.0653574,0.69385353,10.006245889191648,1.5306232895807108
-0.18801749,-0.34633447,-0.0055711987,-0.13802778,2.0412894,0.90082291,0.0
-0.78441482,-0.47019533,-0.59163147,-0.85955255,-0.37786573,-0.94572324,0.0
-0.78441482,-0.47019533,-0.59163147,-0.85955255,-0.37786573,-0.94572324,0.0
0.40770231,0.41010151,-0.095734317,2.1581931,-0.37786573,1.565092,0.0
0.5984275,-0.45250093,-0.50146835,-0.85955255,-0.37786573,-0.94572324,0.0
0.4763024,2.1043412,-0.36622367,-0.85955255,-0.37786573,-0.94572324,0.0
-0.78441482,-0.47019533,-0.59163147,-0.85955255,-0.37786573,-0.94572324,0.0
0.45021743,-0.29325125,0.85097843,-0.85955255,-0.37786573,-0.94572324,0.0
0.044206524,-0.29325125,0.35508128,0.55944616,-0.37786573,1.1689682,0.0
0.45580707,0.3835599,0.49032595,0.67590279,10.0049654879065,0.85816343,0.0
0.045222822,-0.37729969,-0.0055711987,0.12948491,-0.37786573,0.15678015509987253,1.5306232895807108
-0.05427391569010709,-0.47019533,-0.59163147,-0.85955255,-0.37786573,-0.94572324,0.0
-0.23713854,-0.30652205,2.0681805,0.7134452113749323,-0.37786573,0.83683369,0.0
-0.31776482,-1.7738918669016526,0.44524439,0.05571671850423776,-0.37786573,0.7403793769314062,0.0
-0.03438716,2.5312339745882544,1.8878543,0.8417269,0.14195927,0.94957661,0.0
1.0850647,5.0460367,0.35508128,1.4172589,-0.37786573,0.45899256,0.0
-0.079443022,-0.38172329,-0.0055711987,-0.85955255,-0.37786573,-0.94572324,0.0
-2.965025529615409,0.30835866,0.35508128,0.36999316,0.19032657,1.01966,0.0
-0.039468649,-0.29325125,-0.050652758,-0.85955255,-0.37786573,-0.94572324,0.0
-0.78441482,-0.47019533,-0.59163147,-0.85955255,-0.37786573,-0.94572324,0.0
-0.78441482,-0.47019533,-0.59163147,10.004555584272547,-0.37786573,-0.94572324,0.0
-0.027103694,-0.41268851,-0.18589744,0.98054658,1.3273367,1.1080261,0.0
-0.78441482,-4.528847198286361,-0.59163147,-1.493625189507398,-0.37786573,-0.94572324,0.0
-0.78441482,-0.7240166966811625,-0.59163147,-0.85955255,-0.37786573,-2.159897838722812,1.5306232895807108
1.7529660202153177,-0.42153571,0.44524439,0.062817709,-0.37786573,0.6326776,0.0
-0.78441482,-0.47019533,-0.59163147,-0.85955255,-0.37786573,-0.94572324,0.0
-0.78441482,-1.76198779761495,-0.59163147,-0.85955255,-0.37786573,-0.94572324,0.0
-0.32199939,-0.36845248,0.53540751,-0.85955255,-0.37786573,-0.94572324,0.0
-0.32504829,-0.44807732,-0.27606055,0.27716542,-0.37786573,0.87035185,0.0
0.054030735,1.0240776531665063,10.543514,10.004555584272547,0.23671835,0.67228997,0.0
0.76239019,10.0000062172904,-0.41130523,-0.85955255,-0.37786573,-0.94572324,0.9056727080979909
0.088415471,-0.3994177,0.30999972,-0.85955255,-0.37786573,0.567233700700116,0.0
-0.78441482,-0.47019533,-0.9123570033134919,-0.85955255,-0.37786573,2.8784521542893935,0.0
-0.32233816,-0.31536926,9.989496329427736,0.10585603,0.039298111,1.2055335,0.0
-0.013383676,-0.29325125,9.989496329427736,0.57758976,-0.37786573,1.7113531,-0.41379130805643116
-0.78441482,-0.47019533,-0.59163147,-0.85955255,-0.37786573,-0.94572324,0.0
0.017274636,-0.36845248,-0.095734317,-0.85955255,-0.37786573,-0.94572324,0.0
-0.78441482,-0.47019533,-0.59163147,1.977749441302377,-0.37786573,10.006245889191648,0.0
-0.78441482,-0.47019533,-0.59163147,10.004555584272547,-0.37786573,-0.94572324,0.0
0.010838085,1.2638567,1.7526096,-0.85955255,-0.37786573,-0.94572324,0.0
0.38077043,-0.0012934972,-0.0055711987,0.19404239,0.98613162,1.1994393,0.0
-0.18198338795248592,1.7120830861907956,-0.59163147,-0.85955255,-0.37786573,-0.94572324,0.0
-0.78441482,-0.47019533,9.989496329427736,-0.85955255,-0.37786573,-0.94572324,0.0
-0.41973335,-7.818494116062123,0.12967348,-2.680680548082134,-0.37786573,1.1232616,-0.3798145484287279
-0.36011055,-0.34633447,-0.043589173465636843,0.36703955,3.7939728733723017,1.0653666,0.0
-0.22511235,-0.36402888,0.35508128,-0.85955255,-0.37786573,-0.94572324,0.0
-0.78441482,-0.47019533,-0.59163147,-0.85955255,10.0049654879065,-0.94572324,0.0
0.95853564,1.1355723,0.08459192,1.1965821,-0.37786573,0.76675026,0.0
0.5841975170806065,2.2016604,-0.32114211,0.54383422,-0.37786573,0.48946362,0.0
0.14803827,-0.28882764,1.2585058376909006,-0.85955255,-0.37786573,-0.94572324,0.0
-0.026934311,-0.37729969,-3.6564723309561558,0.8011583359084772,10.0049654879065,1.0653666,0.0
9.997237792011457,-0.47019533,-0.59163147,-0.85955255,3.3257558895597534,-0.94572324,1.5306232895807108
-0.39856048,-0.45250093,0.17475504,-4.048015681995569,2.878503370725882,-0.2823250387761327,0.0
0.66414809,0.73302447,-0.32114211,-0.85955255,-0.37786573,-0.94572324,0.0
-0.014061207,-0.24901522,2.152949698111601,-0.85955255,-5.329383452408508,-0.9310706764990154,0.08089486206602622
0.065379392,10.0000062172904,-0.18589744,0.95438603,2.90122788174786,1.162874,0.0
9.997237792011457,-0.6444250116981993,-0.59163147,0.52864422,-0.37786573,0.72104367,0.0
-0.78441482,4.3835235780821025,-0.59163147,-0.85955255,-0.37786573,-0.94572324,0.0
-0.78441482,-0.47019533,-0.59163147,-0.85955255,-5.474365146424378,-0.94572324,0.0
0.60774357,0.71533007,9.989496329427736,-0.85955255,-0.37786573,-0.94572324,0.0
-0.78441482,-0.47019533,-0.59163147,-0.85955255,-0.37786573,-0.94572324,0.0
5.231181610103944,-0.47019533,-0.59163147,-0.85955255,-0.37786573,10.006245889191648,0.0
0.88536221,1.2196207,-0.35647087473355504,-0.85955255,-0.37786573,-0.94572324,0.0
1.0288296,2.6351734,-0.36622367,-0.85955255,-0.37786573,-0.94572324,0.0
-0.78441482,-0.47019533,-0.59163147,-0.85955255,-0.37786573,-0.94572324,0.0
0.56793858,0.32605307,-0.36622367,-0.85955255,-0.37786573,-0.94572324,0.0
-2.017727953097922,1.3921412,0.40016284,-0.85955255,-0.37786573,10.006245889191648,-1.3711344991440584
-0.78441482,10.0000062172904,-0.59163147,-0.85955255,10.0049654879065,-0.94572324,0.0
-0.023885418,-0.3994177,0.35508128,1.2775954,-0.37786573,1.5102441,1.5306232895807108
0.5130585,0.41010151,-0.230979,0.53877089,-0.37786573,0.48336941,0.0
-0.78441482,-0.47019533,-0.59163147,-0.85955255,-0.37786573,-0.94572324,0.0
0.49408761,0.47645554,-0.14148149665032772,0.85185356,2.6958778,0.80940974,0.0
0.087568557,-0.26228603,9.989496329427736,-0.85955255,-0.37786573,-0.94572324,0.0
-0.15431028,-0.35518168,-0.14081588,-0.85955255,-0.37786573,-0.94572324,0.0
-0.78441482,-0.47019533,-0.59163147,-0.85955255,-0.37786573,-0.94572324,0.0
-0.47427466,-0.44807732,-0.0055711987,10.004555584272547,10.0049654879065,0.62353628,0.0
-0.11298084,-0.16496678,11.186236039282367,-0.85955255,-0.37786573,-0.94572324,1.5306232895807108
-0.78441482,-0.47019533,-0.59163147,-0.7408813174347222,-0.37786573,-0.94572324,0.0
-0.24289756,-0.37729969,-0.41130523,10.004555584272547,-0.37786573,-0.94572324,0.0
0.41193689,3.4889287,0.17475504,-0.85955255,-0.37786573,-0.94572324,0.0
0.45936411,0.25527543,-0.50146835,-0.85955255,-0.37786573,-0.94572324,0.0
-0.30184282,-0.24016802,0.40016284,-0.85955255,2.6314412183385247,-0.94572324,0.0
-0.78441482,-0.47019533,-0.59163147,-0.85955255,-0.37786573,-0.94572324,0.0
0.78237738,1.3125164,-0.18589744,1.2489032,-0.37786573,1.7934455772501203,0.0
-0.78441482,-0.47019533,2.092027794489031,-0.85955255,-0.37786573,-0.94572324,1.5306232895807108
-0.78441482,10.0000062172904,-0.59163147,-0.85955255,-0.37786573,-0.94572324,0.0
-0.78441482,-0.47019533,-0.59163147,-0.85955255,-0.37786573,-0.94572324,0.0
-0.78441482,-0.8827298867432528,-0.59163147,-0.85955255,-0.37786573,-0.2683975514770708,0.0
-0.78441482,-0.47019533,-0.59163147,-5.564479571389956,-0.37786573,-0.94572324,0.0
0.32216393,10.0000062172904,-0.36622367,0.72611416,8.423606485173504,1.0257543,0.0
0.54337805,0.49414995,0.039510361,-0.85955255,-0.37786573,-0.94572324,0.0
-0.058100772,-0.23132081,-0.14081588,1.6839277,-0.37786573,1.1232616,0.0
-4.509050745110029,-0.30209845,-0.18589744,-0.85955255,-0.37786573,-0.94572324,0.0
0.092819428,-0.28440404,-0.32114211,-0.85955255,-0.37786573,-4.656548314378053,0.0
1.0102287918323984,-0.47019533,-0.59163147,-0.85955255,-0.37786573,-0.94572324,0.0
0.16311335,0.27739344,1.0313047,3.5975557011657466,0.28995859,0.50165204,0.0
-0.040654329,0.038518923,0.08459192,0.25269265,-0.37786573,0.92824687,0.0
1.3834302230710733,-0.45250093,-0.45638679,-6.824715769374847,-0.37786573,-0.94572324,0.0
-0.21595870947906592,-0.42153571,0.26491816,-0.85955255,-0.37786573,-0.94572324,1.5306232895807108
-0.16362634,-0.4082649,0.08459192,1.2303376,-0.8964145620998207,0.98309477,0.0
3.074206583137513,-0.43923012,0.71573375,0.9826563,0.40769955,0.67228997,0.0
-0.78441482,-0.47019533,-0.59163147,-0.85955255,-0.37786573,-0.94572324,0.0
-2.2962736740178844,-0.47019533,-0.59163147,-0.85955255,-0.37786573,-0.94572324,0.0
-0.088250935,-0.36402888,0.9174059833599858,1.1999576,-1.026283456336955,1.0745079,0.0
1.0452597,-1.924687301483222,0.26491816,-1.2923508418275316,-0.37786573,1.0379427,0.0
9.997237792011457,-0.37729969,-0.230979,10.004555584272547,-0.37786573,1.190298,0.0
-2.8192777549021515,-0.25786243,-0.36622367,0.6081459799440494,-0.37786573,1.0806022,1.5306232895807108
-0.78441482,-0.47019533,-0.59163147,-0.85955255,-0.37786573,-0.94572324,0.0
-0.78441482,-0.47019533,-0.59163147,-0.85955255,-0.37786573,-0.94572324,0.0
-0.78441482,-0.47019533,-0.59163147,-0.85955255,-0.37786573,-0.94572324,1.5306232895807108
-0.018634547,-0.24901522,-0.41130523,1.0501674,2.7534971,1.0714608,0.0
0.1487158,-0.195932,1.4709648933346924,0.6335636717351975,0.20303574,1.1110732,0.0
0.012193148,-0.38172329,9.989496329427736,0.88771883,-0.37786573,1.3731243,0.580307068887865
-0.43887362,-0.43038291,0.40016284,0.20796655,1.1834202,0.95871792,0.0
0.63603052,10.0000062172904,0.58048907,0.18349378,-0.37786573,1.0379427,0.05515145491465064
0.72478718,-0.45250093,-0.50146835,-0.85955255,-0.37786573,-0.94572324,0.0
-0.78441482,-0.47019533,-0.59163147,-0.85955255,-0.37786573,-0.94572324,0.0
-0.023885418,-0.31979286,-0.095734317,0.32695484,1.4055344,1.1598269,0.0
-0.78441482,-0.47019533,-0.59163147,-0.85955255,-0.37786573,-0.94572324,0.0
-0.78441482,-6.802328321635836,-0.59163147,-0.85955255,-0.37786573,-0.94572324,0.09680285938629868
-7.843066288719824,0.016400912,0.85097843,0.68096612,-0.37786573,1.2451459,0.0
-0.19563972,-0.4082649,-0.14081588,-4.82775643983608,-0.37786573,-0.94572324,0.0
-0.16091622,-0.42595931,0.53540751,-0.85955255,-0.37786573,-0.94572324,0.0
-0.47359712,-0.45250093,0.17475504,0.87801411,1.3253941,0.53517021,0.0
1.6270901,7.0357143570361504,2.3083369999453707,1.4463731,-0.37786573,0.95871792,0.0
2.7225991565630285,-0.45250093,-3.1640230176636943,1.1155688,-0.37786573,1.4340664,0.0
1.0858189298935836,-0.37287609,0.49032595,0.68898306,3.0523622810081097,1.104979,-0.49766126185349113
9.997237792011457,-0.41711211,0.35508128,0.74467971,-4.307859563110852,1.1080261,0.0
-0.78441482,-0.47019533,-0.59163147,-0.85955255,-0.37786573,-0.94572324,0.0
-0.011520463,-0.13400156,1.1214678,1.0771718,0.057242412,1.4401607,0.0
0.1029824,-0.43923012,-0.36622367,-2.0370647780366165,-0.37786573,-6.714496953776484,0.0
-3.911463442861713,-0.43923012,-0.32114211,-0.85955255,-0.37786573,-0.94572324,0.0
0.078930027,-0.5821761750130526,0.30999972,0.51472006,-0.37786573,1.4157838,0.0
0.80016259,2.5157362,-3.790644477032453,0.33075234,-0.37786573,0.2182712,0.0
-0.03343806775686693,-0.29325125,-0.18589744,-0.85955255,-0.37786573,-0.94572324,0.0
0.033704782,-2.5558030093263455,-0.27606055,0.32315735,1.8535163,10.006245889191648,0.0
-0.040654329,-0.25343882,0.17475504,-0.010600601,0.34346224,1.0653666,0.0
-0.78441482,-0.47019533,-0.59163147,-0.85955255,-0.37786573,-0.94572324,0.0
-0.30810999,-0.45250093,-0.230979,-0.85955255,-0.37786573,-0.94572324,0.0
-0.23798545,-0.39057049,1.3919571,0.60248448,0.48622644,1.047084,0.0
0.45834781,-0.38614689,0.30999972,-0.85955255,-0.37786573,-0.94572324,0.0
-0.78441482,-0.47019533,-0.59163147,10.004555584272547,-0.37786573,-0.94572324,0.0
-0.5042867865134393,-0.19150839,-0.230979,0.60628198,-0.37786573,1.1933451,0.0
-0.045566434,-0.36402888,-0.230979,10.004555584272547,-0.37786573,-0.94572324,1.5306232895807108
-0.22003086,-0.31536926,0.94114155,0.30163819,-0.37786573,0.64486602,0.0
0.23340727,-0.30209845,-0.27606055,-0.85955255,-0.37786573,-0.94572324,0.0
-0.78441482,-0.47019533,-0.59163147,-4.199548364640951,-0.37786573,-0.94572324,0.0
0.64145077,0.3791363,-0.095734317,2.0172637,-0.37786573,1.4279722,0.0
2.1787703,2.617479,-0.095734317,1.5518592,-0.37786573,0.8429279,1.5306232895807108
-0.78441482,1.1977825298951341,-0.59163147,-0.85955255,-0.37786573,-0.94572324,0.0
-0.78441482,-0.47019533,-0.59163147,-0.85955255,-0.37786573,-0.94572324,0.0
0.8367493,0.047366127,-0.41130523,2.0257026,1.6836546,1.0958377,0.0
1.0745629,5.0548839,-0.41130523,4.607886165632623,1.2326106,10.006245889191648,0.0
-0.78441482,-0.47019533,-0.59163147,-0.85955255,10.0049654879065,-0.94572324,0.0
-0.78441482,-0.47019533,-0.59163147,-0.85955255,2.31318467122361,-0.94572324,0.0
1.410376563597649,-0.23574442,0.35508128,1.6446869,-0.041336004,1.1994393,1.5306232895807108
-0.085710191,-0.31094565,0.94114155,0.21556155,-0.37786573,1.248193,0.0
-0.78441482,-0.47019533,-0.59163147,-0.85955255,-0.37786573,-0.94572324,0.0
-0.014908122,-0.12957796,-0.230979,0.6290891287076128,-0.37786573,0.72713788,0.0
-0.78441482,10.0000062172904,-0.59163147,-0.85955255,-0.37786573,-0.94572324,0.0
-0.55286834,-0.44365372,-0.050652758,10.004555584272547,-0.37786573,10.006245889191648,0.0
0.12635725,-0.27998044,0.71573375,-0.85955255,-0.37786573,-0.94572324,0.0
0.22866455,-0.027835111,0.12967348,1.729486947699179,0.26875469,1.7204944,0.0
-0.78441482,-0.47019533,-0.59163147,-0.85955255,-0.37786573,-0.94572324,0.0
1.7783491,3.0421448,-0.050652758,1.8341399,0.066296876,10.006245889191648,0.0
-0.19902738,-0.45250093,0.12967348,-0.85955255,-0.37786573,-0.94572324,0.0
-1.315972091640955,0.078331343,-0.0055711987,0.68265389,1.4310186,1.1110732,0.0
-0.78441482,-0.47019533,-0.59163147,-0.85955255,10.0049654879065,-0.94572324,0.0
-0.78441482,-0.47019533,-0.59163147,-0.85955255,-0.44036456336230473,-0.94572324,0.0
-0.78441482,-0.47019533,-0.59163147,-0.85955255,-0.37786573,-0.94572324,0.0
-0.78441482,0.44966935359283056,-0.59163147,-0.85955255,-0.37786573,-0.94572324,1.5306232895807108
-0.78441482,-0.21201911641275953,3.6911167,-0.85955255,-0.37786573,-0.94572324,0.0
0.5349089,-0.28440404,-0.41130523,1.0919399,8.835806509678378,0.96176503,0.0
-0.78441482,-0.47019533,-0.59163147,-0.85955255,-0.37786573,-0.94572324,0.0
9.997237792011457,-0.44807732,-0.230979,-0.85955255,-0.37786573,-0.94572324,0.0
-0.023885418,-0.12520068547427196,0.49032595,0.82189552,0.39798658,0.9983303,0.0
-0.78441482,-0.47019533,-0.59163147,-0.85955255,-0.37786573,-0.94572324,0.0
0.073679156,-0.4038413,-0.36622367,-0.85955255,-0.37786573,-0.94572324,0.0
-0.35977179,-1.5058335523683914,0.98622311,-0.85955255,-0.37786573,-0.94572324,0.0
-0.2623766,-0.43038291,0.76081531,0.59404559,-0.37786573,1.0745079,0.0
-0.13872705,-0.4082649,0.26491816,1.4096639,-0.37786573,0.64181891,0.0
0.49086934,2.4184169,-0.14081588,0.69742195,-1.446071201033484,0.77893868,0.0
-0.78441482,-0.47019533,-0.59163147,-0.85955255,-0.37786573,-0.94572324,0.01608088533691045
0.082317686,-0.27998044,0.8103075296121232,-0.85955255,-0.37786573,-0.94572324,0.0
-0.079781788,-0.023411508,1.6624465,1.856503,0.38932722,-0.8225317184281766,0.0
-3.407359307405349,0.25969903,2.2935883,-0.85955255,-0.37786573,10.006245889191648,0.0
-0.46953193,-0.42595931,1.301794,0.43708231,10.0049654879065,0.89777581,0.0
-0.78441482,-0.47019533,-0.59163147,-0.85955255,-0.37786573,1.8674031464734253,0.0
-0.78441482,-0.47019533,-0.59163147,-0.85955255,-0.37786573,-0.94572324,0.0
-0.78441482,-0.47019533,-0.59163147,-0.85955255,-0.37786573,-0.94572324,0.0
-0.78441482,-0.6524194608635616,-1.4608300729263215,-0.85955255,-0.37786573,-0.94572324,0.0
-0.37586317,-0.45250093,-0.59163147,10.004555584272547,-0.37786573,-0.94572324,1.5306232895807108
-0.78441482,-0.47019533,-0.59163147,-0.85955255,-0.37786573,10.006245889191648,0.0
0.67600489,10.0000062172904,0.17475504,1.1256954,2.2046673573840443,1.0288014,0.0
-0.78441482,-0.47019533,-0.59163147,-0.85955255,-0.37786573,-0.94572324,-0.17365747499491666
9.997237792011457,-0.47019533,-0.59163147,-0.85955255,-0.37786573,-0.94572324,0.0
-0.16989351,-0.45250093,-0.36622367,-0.85955255,-0.37786573,-0.94572324,0.0
-0.29642257,-0.45250093,-0.0055711987,10.004555584272547,1.2233256,0.83378658,0.0
-0.10586676,10.0000062172904,0.12967348,10.004555584272547,-0.37786573,1.2756169,0.0
-4.087369762194951,-0.47019533,-0.59163147,-0.85955255,-0.4712056861235101,1.1807075935673685,-0.20619771066288411
0.18377807,0.46760834,-0.36622367,0.80712747,3.7018122,1.0105187,-1.0604869831272226
0.73122373,2.1485772,0.40016284,1.69743,0.0064057139,0.85206922,0.0
0.24091458896598794,-0.47019533,-0.59163147,-0.85955255,-0.37786573,-0.94572324,0.02430921627870398
0.30979897,-0.15169597,0.58048907,1.3687353,-0.010649603,1.0074716,0.02999576936978034
1.6404380230676068,-0.32421646,0.17475504,-0.85955255,-0.37786573,-0.94572324,0.0
0.09637647,-0.31536926,-0.230979,-0.85955255,-0.37786573,10.006245889191648,0.0
-0.12703963,-0.13842517,-0.18589744,0.48054257,-0.37786573,1.0044245,0.0
-0.78441482,-0.47019533,-0.59163147,-0.85955255,-0.37786573,-0.94572324,0.0
0.2330685,-0.22689721,-0.14081588,-0.85955255,-0.37786573,-0.94572324,0.0
-0.78441482,5.19865379517714,-0.59163147,-0.85955255,-0.37786573,-0.94572324,0.0
0.072154709,0.25527543,-0.32114211,0.28771402,-0.37786573,2.892728596712545,0.0
0.027776379,-0.35075807,-0.18589744,0.79489108,-0.37786573,1.5468094,0.0
-0.78441482,-0.47019533,-5.269417584816804,-0.85955255,-0.37786573,-0.94572324,0.0
-0.78441482,-0.47019533,-0.59163147,-0.85955255,-0.37786573,-0.94572324,0.0
-0.018465164,-0.2136264,0.89605999,10.004555584272547,-0.37786573,-0.94572324,0.0
3.0576500878852464,-0.47019533,-0.59163147,-0.85955255,-0.37786573,-0.94572324,1.5306232895807108
9.997237792011457,-0.049953122,-0.8455847361889302,-2.832871107359684,-0.37786573,1.1080261,0.0
5.210626945334632,-0.26670963,0.37930780661265023,-0.85955255,-0.37786573,-0.94572324,1.5306232895807108
1.3337188,-0.44365372,-0.54654991,-0.85955255,-0.37786573,-0.94572324,0.0
-1.6211617609588411,-0.47019533,-0.59163147,-0.85955255,-0.37786573,-0.94572324,0.0
0.76391464,0.01197731,-2.9782506759976077,1.0088168,0.34711695,1.1171674,0.0
0.3006523,0.193345,0.30999972,0.38855871,-0.37786573,1.0318485,0.0
0.24865173,-0.22689721,0.08459192,0.59277976,-0.37786573,1.2420988,0.0
-0.15380213,10.0000062172904,-0.36622367,-0.85955255,-0.37786573,-0.94572324,0.0
0.60537221,1.1178779,-0.18589744,-0.85955255,10.0049654879065,-0.94572324,0.0
0.4793513,0.65339963,-0.095734317,0.83750746,-2.6790461838190827,0.92215265,0.0
-0.11433591,-0.44365372,9.989496329427736,-0.85955255,-0.37786573,-0.94572324,0.0
0.27643054,-0.24459162,0.30999972,1.075906,10.0049654879065,1.0988848,0.0
4.8792610457219965,2.541308977606884,-0.59163147,-0.85955255,10.0049654879065,-0.94572324,0.0
1.9148717,-0.45250093,-0.18589744,-0.85955255,-0.37786573,-0.94572324,0.0
-0.78441482,-0.47019533,-0.59163147,-0.85955255,-0.37786573,-0.94572324,0.0
0.45817843,-0.16054318,0.80589687,10.004555584272547,-0.37786573,1.2451459,0.0
1.2651188,1.9229735,-0.230979,1.3700012,-1.1728862452507727,0.85816343,0.0
9.997237792011457,-0.47019533,-0.59163147,-0.85955255,-0.37786573,-0.94572324,-0.3563084952632375
-0.10722182,-0.37287609,9.989496329427736,0.36999316,1.7553001,0.85816343,0.0
0.30810514,-0.43480652,-0.45638679,-0.85955255,-0.37786573,-0.94572324,0.0
0.35536299,-0.42595931,9.989496329427736,1.1033324,-0.37786573,1.2725698,0.0
-0.15769794,-0.29767485,0.58048907,0.046783825,-0.37786573,1.3792185,0.0
2.955477869453751,-0.44807732,0.35508128,10.004555584272547,-0.37786573,-0.94572324,0.0
-0.78441482,-0.47019533,-0.59163147,-0.85955255,-0.37786573,-0.94572324,0.0
0.35908941,-0.29325125,-0.45638679,0.61134531,10.0049654879065,1.1537327,0.0
-0.0074552728,-0.010140702,1.2567125,0.10585603,-0.37786573,0.91910555,0.0
1.6475854,1.3965648,0.17475504,2.0024957,0.22907967,0.95567082,0.0
-0.11721542,-0.43480652,0.08459192,-0.85955255,-0.37786573,-0.94572324,0.0
0.86198736,0.84803813,0.35508128,-1.5505887967017946,10.0049654879065,1.2116277,0.0
-0.78441482,-0.47019533,-0.59163147,-0.85955255,-1.544706626941497,-0.94572324,0.0
-0.78441482,-0.47019533,-0.59163147,-0.85955255,-0.37786573,-0.94572324,0.0
0.99834063,0.36586549,-0.18589744,0.41725093,0.22453598,0.8916816,0.0
-0.53254239,-0.43038291,1.3919571,4.6940784,-0.37786573,6.444991340960364,0.0
-0.24611584,-0.38614689,1.5272018,0.036657162,0.8945663,1.2725698,0.0
-0.13855767,-6.402008138078193,9.989496329427736,1.522745,0.21307797,1.047084,0.0
2.6527038,1.3502784358043116,-0.230979,1.4991161,-0.37786573,0.14514066,1.5306232895807108
0.024049954,-0.24459162,0.17475504,1.3936301,-0.37786573,0.90082291,0.0
0.6660113,-0.45250093,-0.27606055,-0.85955255,-0.37786573,-0.94572324,0.0
0.24509469,-2.2947137727578593,1.0313047,1.0501674,-0.37786573,1.391407,0.0
0.2191791,-0.13842517,-0.14081588,0.56197782,0.57370903,1.2695227,0.0
0.29015055,0.17306162251830315,-0.32114211,0.76071359,-0.37786573,1.0775551,0.0
0.40431466,-0.15611958,-0.0055711987,-0.85955255,-0.37786573,-0.94572324,0.0
-0.78441482,-0.47019533,-6.038434455908532,-0.85955255,-0.37786573,-0.94572324,-0.6832444877651991
1.0032527,0.5781984,-0.27606055,1.5248547,-0.37786573,0.65705444,0.0
-0.13483124,-0.27113323,-0.59163147,0.55818032,-0.37786573,0.32796701,0.0
-0.78441482,-0.47019533,2.133507192512525,-0.85955255,-0.37786573,0.24222442882089368,0.0
0.15328914,-0.16496678,0.49032595,0.67843445,0.9227833,1.3335119,0.0
0.019645998,-0.28882764,-3.6113645107226993,-0.85955255,1.3030087842374725,-0.94572324,0.0
0.2649125,10.0000062172904,0.80589687,-3.0161000998672947,0.17396268,1.4066425,0.0
-0.15939177,-0.4038413,-1.08498775614999,0.08644659,-0.37786573,0.80940974,0.0
0.17480077,-0.16939038,-0.32114211,1.0290702,1.6549437,1.479773,0.0
-0.78441482,-0.47019533,-0.3843291330048646,-0.85955255,-0.37786573,10.006245889191648,1.5306232895807108
-0.78441482,-0.47019533,-0.59163147,-0.85955255,-0.37786573,-0.94572324,0.0
-0.12449888,-0.38172329,0.12967348,-0.85955255,-0.37786573,-0.94572324,0.0
-1.8551106731757863,-0.32421646,0.30999972,0.25438042,0.47565741,1.4462549,0.0
-0.041670627,-0.25343882,0.039510361,1.2387765,0.75015583,0.9983303,0.0
-0.34791498,10.0000062172904,-0.0055711987,0.5432687220302491,10.0049654879065,-5.558666193337004,0.0
0.014733892,-0.38614689,0.12967348,10.004555584272547,-0.37786573,-0.94572324,0.0
-0.78441482,-0.47019533,-0.59163147,-0.85955255,-0.37786573,10.006245889191648,0.0
0.30082168,1.1798083,0.5310722356114871,0.70543889,1.078125,0.62048917,0.0
-0.78441482,-0.47019533,-0.59163147,-0.85955255,-0.37786573,-0.94572324,0.0
0.35688743,-0.072071133,9.989496329427736,1.0822352,-0.0050852238,1.1384972,0.0
0.23730308,0.24642823,-0.18589744,1.0147241,10.0049654879065,1.3182764,0.5851786024292245
-0.21732074,-0.45250093,0.26491816,0.36661761,0.61111219,0.9088041260702359,0.0
0.075881134,0.23315742,0.039510361,1.7252783,-0.37786573,1.3396062,0.0
9.997237792011457,10.0000062172904,-0.230979,0.47168174,1.787534,1.0166129,0.0
-0.12907222,-0.38172329,1.4370387,0.036657162,0.63600374,1.2146748,0.0
-4.827216020317947,10.0000062172904,-0.14081588,1.2451057,0.56728859,1.0562253,0.0
-1.6299603551360042,-0.45250093,0.2198366,0.19910572,1.5561019,1.0623195,0.0
4.5853632,-0.36845248,-0.50146835,-0.6859793170674843,-0.37786573,-0.94572324,0.0
-0.1451636,0.056213332,9.989496329427736,1.174641,-0.37786573,1.1811567,0.0
-4.340182986353392,-0.054376724,0.17475504,-0.85955255,10.0049654879065,-0.94572324,0.0
-0.27558847,-0.44807732,-0.18589744,0.75775998,10.0049654879065,1.104979,0.0
-0.78441482,-0.47019533,9.989496329427736,3.361643820304849,0.147367623166886,-0.94572324,0.0
-0.18818687,-0.45250093,0.35508128,-0.85955255,-0.37786573,-0.94572324,0.0
-0.24526892,-0.39057049,1.2567125,0.88476522,0.62912234,1.0379427,0.0
0.37094622,-0.27555684,0.12967348,-0.85955255,-0.37786573,-3.0802735076593692,0.6600982598960176
9.997237792011457,4.931023,-0.18589744,1.2210548,0.41346148,0.38586202,0.0
-0.78441482,-0.47019533,-0.59163147,-0.85955255,-0.37786573,-0.94572324,0.45766035682386014
0.57115685,-0.018987906,0.08459192,-0.85955255,-0.37786573,-0.94572324,0.0
-0.22003086,-0.43480652,1.6697667412487114,0.76577692,-0.37786573,1.6382225,0.0
0.017105254,-0.37287609,9.989496329427736,-0.85955255,-0.37786573,-0.94572324,0.0
2.6360414409991106,-0.054376724,-0.18589744,0.92316215,-1.2474718407983327,0.80331553,0.0
-0.006947124,-0.34191087,-0.36622367,0.94088381,2.5642753,1.1811567,0.0
-0.78441482,-0.47019533,-0.59163147,-0.85955255,-0.37786573,-0.94572324,0.0
1.3953742,6.377272976292609,-0.36622367,10.004555584272547,-0.37786573,-0.94572324,0.0
-0.78441482,-0.47019533,-0.59163147,-0.85955255,-1.1820391144776377,-0.94572324,0.0
-0.57742887,0.02166441035182859,-0.59163147,-0.032541705,1.762121618971833,0.34015543,0.0
-0.78441482,-0.47019533,-0.59163147,-0.85955255,-0.37786573,10.006245889191648,0.0
-0.78441482,-0.47019533,-0.59163147,-0.85955255,-0.37786573,-0.94572324,0.0
-0.78441482,10.0000062172904,-1.8397440506362925,-0.85955255,-0.37786573,-0.94572324,0.0
-1.8304679632894307,-0.35075807,-0.0055711987,-0.85955255,-0.37786573,-0.94572324,0.0
-0.47054823,-0.44365372,1.7075281,-0.21313387,-0.37786573,0.72409077,0.0
-0.055051879,-0.9806647519793977,-0.18589744,0.181806,-0.37786573,0.66010155,0.0
0.33605333,0.3924071,-0.18589744,-0.85955255,-0.37786573,-0.94572324,0.0
-0.1700629,-0.23132081,9.989496329427736,1.2771734,0.1295135,1.0227071,0.0
-0.19801108,-0.45250093,-0.41130523,-0.85955255,-0.37786573,10.006245889191648,0.0
0.077913729,3.703392986127205,0.039510361,0.93160104,-0.37786573,1.1781095,0.0
-0.096211934,-0.38172329,-0.27606055,0.65649335,-0.37786573,-1.5815645178872648,0.0
2.0638532545711903,-0.076494735,-0.18589744,1.0341335,0.78541885,1.2299103,0.0
-0.077749193,-0.36402888,-0.18589744,-0.85955255,-0.37786573,10.006245889191648,0.0
-0.12416012,-0.4038413,0.2198366,0.878858,-0.37786573,1.1263087,0.0
-0.042009393,-0.37287609,0.08459192,-2.481327664106507,-0.37786573,0.55040574,0.0
0.35841188,-0.054376724,-0.41130523,-0.85955255,-0.37786573,-0.94572324,0.0
1.2660608123894994,-0.42153571,-0.36622367,0.9417277,-0.37786573,1.6260341,0.0
0.21528329,-0.26670963,1.301794,-0.85955255,10.0049654879065,-0.94572324,0.0
0.034382313,-0.15169597,9.989496329427736,10.004555584272547,1.0837881,1.2451459,1.5306232895807108
-0.78441482,-0.47019533,-4.47947035604032,-0.85955255,-0.37786573,-0.94572324,0.11470550289714547
0.19343289,-0.10303635,0.67065219,0.65100807,-0.37786573,1.0257543,0.0
-0.28473515,-0.44365372,1.301794,1.6278091,-0.37786573,1.1598269,-0.22025544250917115
0.47155968,-0.16054318,0.2873239442962687,0.64889835,-1.4278682758174894,1.0714608,0.0
-0.37281428,-0.44807732,0.76081531,-0.85955255,-0.37786573,-0.94572324,0.0
-0.2672887,-0.4082649,-0.050652758,-0.85955255,-0.37786573,-0.94572324,0.0
0.51576863,-0.44807732,-0.45638679,-0.85955255,-0.37786573,-0.94572324,0.0
-0.36705526,-0.45250093,0.76081531,-0.85955255,-0.37786573,-4.12321898424274,0.0
1.2634249,1.8079598,-0.45638679,1.3282287,-0.37786573,0.91910555,0.0
-0.78441482,-0.47019533,-0.59163147,-0.85955255,-0.37786573,-0.94572324,0.0
0.33503703,-0.21805001,-4.395691140145803,0.47252563,0.55513914,1.1263087,0.0
-0.78441482,-0.47019533,-0.59163147,-0.85955255,-0.37786573,-0.94572324,-0.252503593033629
0.6669714551254814,-0.36845248,-0.18589744,-0.85955255,-0.37786573,-0.94572324,0.0
0.90009852,1.9185499,-0.18589744,1.2906756,-0.37786573,0.77893868,0.0
-0.32741965,-0.3994177,-1.670257981854741,-0.18401971,-0.37786573,0.84597501,0.0
-0.22392667,-0.43038291,9.989496329427736,10.004555584272547,4.8789913,1.0623195,0.0
-0.34029275,-0.35075807,2.9247302,-0.85955255,-0.37786573,-0.94572324,0.0
-2.255606805440718,0.10487296,-0.32114211,4.569595051111306,-0.37786573,1.0562253,1.5306232895807108
-0.78441482,-0.47019533,-0.59163147,-0.1687643602781972,10.0049654879065,-0.94572324,0.0
-0.78441482,2.163269015379313,-0.59163147,-0.85955255,-3.7275060097792925,-0.94572324,0.0
-0.16582832,-0.43038291,0.039510361,-0.85955255,-0.37786573,-0.94572324,0.0
-0.13059667,-0.44807732,-0.36622367,-0.85955255,-1.0497391222430261,-0.94572324,0.0
-0.78441482,-0.47019533,-0.59163147,-0.85955255,-0.37786573,-0.94572324,0.18102200567900215
7.609013433876067,-0.44365372,-5.710791157588452,-0.85955255,-0.37786573,-0.94572324,0.0
1.240897,3.725107635401656,-0.050652758,-0.85955255,-0.37786573,-0.94572324,0.0
0.25474952,0.20661581,-0.18589744,1.1041763,1.2163455,1.3822656,0.0
-0.78441482,-6.327132495797912,-0.59163147,-0.85955255,1.5922464679274668,-0.94572324,1.5306232895807108
0.5003242868821324,-0.39057049,9.989496329427736,0.045517992,-0.37786573,0.79417421,0.028566503909578374
2.029525293707012,-0.31536926,-0.095734317,0.99151713,0.3795417660840198,1.047084,0.0
-0.78441482,-0.47019533,2.095805874939062,-0.85955255,-0.37786573,-0.94572324,1.5306232895807108
-0.78441482,-0.9151255929917562,-0.59163147,-0.85955255,-0.37786573,-0.94572324,1.5306232895807108
-0.78441482,-0.47019533,-0.59163147,-0.85955255,-0.37786573,-0.8680001920968057,0.0
0.094005108,-0.18266119,0.30999972,10.004555584272547,0.48411922,1.4584433,0.0
0.069783348,-0.45250093,0.89605999,-0.85955255,-0.37786573,-0.94572324,0.0
-0.78441482,-0.47019533,-0.59163147,-0.85955255,-0.37786573,-0.94572324,0.0
-0.78441482,-0.47019533,1.707407070204755,-0.85955255,-0.37786573,-0.94572324,0.0
-0.11789295,-5.149863315770931,-0.27606055,10.004555584272547,1.8078818,1.3487475,1.5306232895807108
0.93228128,0.9807462,0.12967348,2.5652924134827244,0.37144877,0.70276103,0.0
1.1594238,5.0327659,0.12967348,0.85396328,-0.37786573,-0.08762658314843016,0.0
0.089939918,-0.014564304,1.7526096,-0.21904109,0.26852421,1.2268632,0.0
-0.78441482,-0.47019533,-0.59163147,-0.85955255,-0.37786573,-0.94572324,0.0
-0.78441482,-0.47019533,9.989496329427736,-0.85955255,10.0049654879065,-0.94572324,0.0
3.4164515,-0.45250093,-0.50146835,-0.85955255,-0.37786573,-0.94572324,0.0
-0.15989992,-0.3994177,-0.230979,0.69278056,1.2599386,1.1445914,0.0
0.19563487,10.0000062172904,0.12967348,0.27041431,-0.37786573,10.006245889191648,0.0
-0.78441482,-0.47019533,-0.59163147,-0.85955255,-0.37786573,-0.94572324,0.0
-0.78441482,-6.6456020303740955,-0.59163147,-0.85955255,-0.37786573,-0.94572324,0.0
0.67329476,0.94978098,-0.45638679,-0.85955255,-0.37786573,-0.94572324,0.0
-0.11619912,-0.34191087,-0.18589744,0.81641024,2.6612403,-0.8222838873998393,0.0
-0.058270155,-0.195932,0.98622311,0.85733884,-0.37786573,1.1171674,0.0
-0.78441482,-0.47019533,-0.59163147,-0.85955255,-0.37786573,10.006245889191648,-0.08541186775168103
1.1169087,4.7409979387814385,-0.50146835,1.674223,1.2137340166044521,1.01966,0.0
-0.78441482,-0.47019533,-0.59163147,-0.85955255,-0.37786573,-0.94572324,1.5306232895807108
-0.8805191588008809,-0.44365372,9.989496329427736,1.0387749,0.68937568,-0.7646919312775817,0.0
-0.78441482,-0.47019533,-0.59163147,-0.85955255,-0.37786573,-0.94572324,0.0
-0.78441482,-0.47019533,-0.59163147,-0.85955255,-0.37786573,-0.94572324,0.0
-5.354556610965244,-0.41125766071410036,-0.59163147,-0.85955255,-0.37786573,-0.94572324,0.0
0.54066792,0.27296984,-0.41130523,0.19910572,-0.37786573,1.484717367364557,1.5306232895807108
-0.4043195,-0.45250093,-0.6144962690933543,5.736267374055063,10.0049654879065,-0.94572324,0.0
0.59080527,2.2945561,-0.0055711987,10.004555584272547,-0.37786573,0.19998856,0.7494291620398154
0.29336883,0.025248116,0.80589687,0.40923398,0.37273286,1.0562253,0.0
1.3081478475225974,-0.45250093,-0.41130523,-0.85955255,-0.37786573,-0.47073450931870153,0.0
9.997237792011457,-0.43480652,0.62557063,0.70628278,0.28995859,0.92215265,0.0
0.72326273,0.20219221,-0.45638679,1.106286,-0.37786573,1.1354501,0.0
9.997237792011457,-0.43923012,0.76081531,4.023438492852524,-0.37786573,-0.94572324,-0.06236645324920906
-0.78441482,-0.47019533,-0.59163147,-0.85955255,-0.37786573,-0.94572324,1.5306232895807108
0.20444279,-0.22247361,-0.050652758,-1.0214447075183297,0.78871138,1.1141203,0.0
-0.78441482,-0.47019533,-0.59163147,-0.85955255,-0.37786573,-0.94572324,0.0
-0.17531377,-0.43923012,-0.14081588,0.70037556,-0.37786573,1.2847583,0.0
-0.15041447,-0.4082649,-0.27606055,0.84636829,-0.37786573,1.0988848,0.4035865135850088
-0.78441482,4.42106637428066,-0.59163147,-0.85955255,-0.37786573,2.4313630402580344,0.0
0.53050495,2.3122505,0.80589687,0.17843045,-0.37786573,0.59611233,0.0
1.096244,4.1613162,-0.45638679,7.146112501339255,1.0369354,0.33406122,0.0
-0.78441482,-0.47019533,-0.59163147,-0.85955255,-0.37786573,-0.94572324,-0.022592583699333146
-0.78441482,-0.47019533,-0.59163147,-0.85955255,-0.37786573,-0.94572324,0.0
-0.08909785,2.411313447575632,0.80589687,0.75438443,10.0049654879065,1.0440369,0.0
0.3641709,-0.063223929,1.301794,1.9716938,0.26454024,4.192744351201716,0.0
-0.040993095,-0.42595931,0.5975152599958786,-1.8377600282935154,-0.37786573,-0.94572324,0.0
-0.78441482,-0.47019533,-0.59163147,-0.85955255,-0.37786573,-0.94572324,0.0
-0.046921498,-0.094189144,1.7976912,1.0991129,-0.37786573,0.83073948,0.0
0.38043166,-0.036682315,-0.0055711987,0.45522591,-0.37786573,0.98918898,0.0
-0.78441482,-0.47019533,9.989496329427736,-0.85955255,-0.37786573,-0.94572324,0.0
-0.78441482,-0.47019533,-0.59163147,-0.85955255,-0.5861089955277143,-0.94572324,0.0
9.997237792011457,-0.47019533,-0.59163147,-0.85955255,10.0049654879065,-0.94572324,0.0
0.26779201,-0.027835111,0.71573375,-0.85955255,-0.37786573,-0.12741184257797433,0.0
-0.2881228,-0.38172329,0.80589687,-0.054482809,-0.37786573,0.85511633,0.0
0.67024587,0.12699097,-0.32114211,0.90670632,2.0892946,1.0653666,0.0
1.1202963,-0.45250093,-0.050652758,-0.85955255,-6.765050819039725,-0.94572324,1.5306232895807108
-0.78441482,-0.47019533,-0.59163147,-0.85955255,-0.37786573,-0.94572324,0.0
-0.47867861,-0.3949941,0.08459192,-0.85955255,1.9770098710956279,-0.94572324,0.0
9.997237792011457,4.5594404,0.3253368575496227,1.0868765,10.0049654879065,0.13904645,0.0
0.36874424,2.7501871,0.26491816,-0.85955255,-1.0809441276206462,-0.94572324,0.0
-0.78441482,-0.47019533,-0.59163147,10.004555584272547,-0.37786573,-0.94572324,0.7408798531666696
0.17954349,-0.31979286,-0.32114211,-0.85955255,-0.37786573,-0.94572324,0.0
-0.11027072,-0.3949941,-0.050652758,-0.85955255,-0.37786573,10.006245889191648,-0.8250850412604158
-0.13483124,-0.41711211,3.648821378371836,0.95016658,1.0974851,1.0318485,0.0
-0.78441482,-0.47019533,-0.59163147,-0.85955255,-0.37786573,-0.94572324,0.0
-0.78441482,-0.47019533,-0.59163147,-0.85955255,-0.37786573,-0.94572324,0.0
-0.0677556,-0.31979286,0.08459192,-0.85955255,-0.37786573,-0.94572324,0.0
0.76510032,0.003130105,-0.18589744,0.95396408,-0.37786573,-1.4340270129559398,0.0
-0.091469211,-0.31094565,1.9780174,0.8455244,-0.37786573,1.8454257,0.0
1.288712244655649,-0.47019533,-0.59163147,-0.85955255,-0.37786573,-0.94572324,0.0
-0.3755244,-0.43038291,-0.230979,-0.85955255,-0.37786573,-0.94572324,0.0
-0.78441482,-0.47019533,-0.59163147,-0.85955255,-0.37786573,10.006245889191648,0.0
-0.78441482,-0.47019533,-0.59163147,-0.85955255,-0.5936699953846065,-0.94572324,0.0
3.284295859429937,-0.41711211,1.1214678,1.1185224,-0.37786573,0.82464527,0.0
9.997237792011457,-0.21805001,9.989496329427736,0.98940741,-0.37786573,1.1019319,0.0
-1.157999974744612,-0.47019533,-0.59163147,-0.85955255,2.762515687113136,-0.94572324,0.0
-0.24018743,-0.38614689,0.039510361,-0.85955255,-0.37786573,-0.20135873628813572,0.0
-1.3561298672244408,-5.313434918431788,-0.59163147,-0.85955255,-0.37786573,-0.94572324,0.0
0.5172228502860043,-0.24459162,0.40016284,-0.85955255,-0.37786573,-0.94572324,0.0
-0.39161578,-1.8684788825840364,0.039510361,0.13117269,10.0049654879065,1.2908525,0.00974349445963067
0.18852079,0.025248116,-0.18589744,10.004555584272547,4.723812708932385,0.57782969,-1.0343945558813676
-0.78441482,-0.47019533,9.989496329427736,-0.85955255,-0.37786573,-0.94572324,0.0
-0.45039166,-0.37287609,8.388466591096096,1.1413074,0.19072167,1.819162976739751,0.0
0.61418012,0.64012883,-0.27606055,3.4613148402190914,4.5056182,0.9465295,0.0
-0.18141155,-0.38172329,0.44524439,0.017669668,1.0111219,1.479773,0.0
0.066226306,-2.6813997599496444,0.12967348,0.78181081,0.55579765,0.95871792,0.0
-0.78441482,10.0000062172904,-0.59163147,-0.85955255,-0.21139731082658683,10.006245889191648,0.0
-0.2047864,0.020824514,1.5272018,-0.85955255,-0.37786573,-0.94572324,0.0
-0.26966006,-0.27113323,0.17475504,0.49953007,10.0049654879065,0.66314866,0.0
-0.20631084,1.1016056861580885,1.0313047,-0.85955255,-0.37786573,-0.94572324,0.0
0.84792858,0.29951146,-0.095734317,0.5265345,0.87326361,0.93434108,0.0
0.025913166,-0.023411508,-2.3567765878775573,1.0560746,6.7237140541239455,6.498212982663857,0.0
-0.78441482,-0.47019533,1.3528441771865105,-0.85955255,-0.6326549999915407,-0.94572324,0.0
0.78830578,3.9268653,-0.050652758,0.42442398,-0.37786573,0.36453228,0.0
9.997237792011457,4.3603783,-0.45638679,-0.85955255,-6.557347960504811,0.2537967048033476,0.0
0.40922676,0.24200463,0.40016284,-0.85955255,-0.37786573,-0.94572324,0.0
-0.78441482,-0.47019533,-0.59163147,-0.85955255,-0.37786573,-0.94572324,0.0
-2.0532740319011786,-0.44807732,-0.32114211,-0.85955255,-0.37786573,10.006245889191648,0.0
1.0197793729653157,-0.23132081,-0.45638679,-0.85955255,-0.37786573,-0.94572324,1.5306232895807108
1.1991523921917673,-0.45250093,-0.36622367,-0.85955255,-0.37786573,-0.94572324,0.0
-0.78441482,-0.47019533,-0.59163147,10.004555584272547,4.084428766771462,-0.94572324,0.0
-0.78441482,-0.47019533,-0.59163147,-0.85955255,-0.37786573,-0.94572324,0.0
0.55658992,0.12256737,0.94114155,1.2020673,-0.37786573,0.84597501,0.0
0.35197533,-0.28882764,-0.45638679,1.2050209,10.0049654879065,-3.5697503973360627,0.0
0.61824531,0.18007419,-0.050652758,0.5447053542887961,-0.37786573,1.6168928,0.0
0.14126295,0.49414995,1.5272018,0.60543809,-0.37786573,0.87644607,0.0
9.997237792011457,3.0316883043821696,-0.59163147,-0.85955255,-0.37786573,-0.94572324,0.0
0.17226003,-0.063223929,-0.050652758,0.7227386,-0.37786573,1.1232616,0.0
-0.78441482,-0.47019533,-0.59163147,-0.85955255,-0.37786573,-0.94572324,0.0
-0.78441482,-0.47019533,-0.59163147,-0.85955255,-0.37786573,-0.94572324,0.0
2.5316253359103533,0.582622,0.26491816,0.72484833,-0.37786573,0.94043529,0.0
-0.78441482,-0.47019533,-0.59163147,-0.85955255,-0.37786573,-0.94572324,0.0
3.6806982523847354,-0.47019533,-3.516319375934361,10.004555584272547,-0.37786573,-0.94572324,0.25694812857657073
0.35705681,1.6354393,-0.32114211,-0.85955255,10.0049654879065,-0.94572324,0.0
-0.78441482,-0.47019533,-0.59163147,-0.85955255,-0.37786573,-0.94572324,0.0
-0.78441482,-0.47019533,-0.59163147,-0.85955255,-0.37786573,10.006245889191648,0.0
-0.78441482,-0.47019533,-0.59163147,-0.85955255,-0.37786573,-0.94572324,0.0
5.1344731196143165,-0.47019533,-0.59163147,-0.85955255,-0.37786573,-0.94572324,0.0
0.060467286,-0.36402888,20.055723,0.21387377,-0.37786573,0.59915943,0.0
9.997237792011457,-1.40155762849827,2.0325840057323274,-0.85955255,10.0049654879065,-0.94572324,0.0
1.5764446,4.6744541,-0.36622367,-0.85955255,-0.37786573,-0.94572324,0.0
0.82167422,3.1173461,-0.32114211,1.2607176,2.3684354,-0.020480602212925136,0.0
9.997237792011457,-0.47019533,-0.59163147,-0.85955255,-0.37786573,-0.94572324,0.0
6.533267,-0.43480652,-0.50146835,-0.85955255,-0.37786573,-0.94572324,0.0
0.35959756,-0.16939038,-0.095734317,1.901651,-0.37786573,1.2725698,0.0
-0.30336727,-0.3994177,13.473815,0.80375191,0.077721963,10.006245889191648,1.5306232895807108
-0.26474796,-0.33748727,-0.14081588,0.25691209,-0.37786573,1.132403,0.0
-0.78441482,-0.47019533,-0.59163147,-0.85955255,-0.37786573,-0.94572324,0.38283476314228243
-0.78441482,10.0000062172904,-0.59163147,-0.85955255,-0.37786573,-0.94572324,0.0
0.41651023,0.29066425,9.989496329427736,-0.85955255,-0.37786573,-0.94572324,0.0
-0.2027538,-2.9317950500300047,0.67065219,0.72737999,-0.23994785585558215,1.0074716,0.0
-0.78441482,-0.47019533,-0.59163147,-0.85955255,-1.7469464209826424,-0.94572324,0.0
0.70683259,4.6523361,-4.786130762057351,-0.85955255,-0.37786573,-0.7415789224084046,0.0
-0.78441482,-0.47019533,-0.59163147,-0.85955255,-1.2538884791232328,-0.94572324,0.0
0.13262442,-0.23132081,-0.18589744,1.2218987,-0.37786573,1.1750624,0.0
0.40821046,0.48087915,-0.14081588,-2.86127106958533,-0.37786573,1.1842038,0.4452007541166346
-0.10739121,-0.43038291,-0.230979,0.4189387,-0.7580202023749396,0.87339896,0.0
-0.78441482,-0.47019533,-0.59163147,-0.85955255,-0.37786573,-0.94572324,0.0
-0.37738761,-0.43480652,0.71573375,0.64467891,-0.37786573,1.248193,0.0
-0.33622756,-0.44807732,0.12967348,0.78982775,-0.37786573,1.2329575,0.0
-0.78441482,-0.47019533,-0.59163147,-0.85955255,-0.37786573,-0.94572324,0.0
0.45479077,-0.12515436,-2.4509439097295624,0.50037395,1.0762812,0.93738818,0.0
-0.092824275,-0.24016802,0.30999972,0.45691369,-0.37786573,1.3700772,0.0
9.997237792011457,-0.32864006,2.0681805,0.23834654,-2.2348035578942467,1.2756169,0.3957551194205271
9.997237792011457,3.731670830205514,9.996280310182723,0.9636688,0.86519691,1.2664756,0.0
3.292472835036788,0.23315742,-0.36622367,0.79615691,-0.37786573,-0.12677638330813146,0.0
0.2896424,10.0000062172904,-0.27606055,1.0050193,-1.6293854253388145,1.4310193,0.0
-0.27321711,-0.27113323,0.8617870169240724,0.035391329,-0.37786573,0.52602889,0.0
-0.16261005,-0.28440404,-0.0055711987,1.0940496,1.6183637,1.2847583,0.0
-2.2070526760522027,-0.24459162,1.8878543,0.82020774,-0.37786573,1.2390517,0.0
-0.78441482,-0.47019533,-0.59163147,10.004555584272547,10.0049654879065,10.006245889191648,0.0
9.997237792011457,-0.12957796,-0.36622367,-1.3583746939234707,1.7961933,1.1506856,0.0
-0.78441482,-0.47019533,9.989496329427736,-0.85955255,-0.37786573,-0.94572324,0.0
-0.78441482,-0.47019533,-0.59163147,-0.85955255,-0.37786573,-0.94572324,0.0
-0.30641616,-0.41711211,1.1214678,-0.85955255,-0.37786573,-0.94572324,0.0
-0.089775382,-0.41711211,-0.230979,-0.85955255,-0.37786573,-0.94572324,0.0
-4.261422540782869,0.28181705,-0.0055711987,10.004555584272547,-0.37786573,1.1750624,0.0
0.30691946,-0.27113323,-0.41130523,-0.85955255,-0.37786573,-0.94572324,0.0
0.36535658,-0.19150839,-0.050652758,0.90501854,0.86476888,0.4073300961269535,0.0
-0.21003727,10.0000062172904,0.44524439,1.2906756,0.18206231,1.1933451,0.0
-0.027611843,-0.3994177,0.08459192,-0.85955255,-0.37786573,-0.94572324,0.0
-0.53152609,-0.45250093,-0.59163147,0.69742195,-0.37786573,0.80940974,0.11187634647015524
-0.78441482,-0.47019533,-0.59163147,-0.85955255,-0.37786573,-0.94572324,0.0
-0.78441482,-0.47019533,-0.59163147,-0.85955255,-0.37786573,-0.94572324,1.5306232895807108
-0.78441482,-0.47019533,-0.59163147,-0.85955255,-0.09210148098338627,-0.94572324,0.0
0.17395386,-0.24459162,1.7048757711693219,-0.85955255,-0.37786573,-0.94572324,0.0
-0.3557066,-0.9413126125485984,1.3468756,0.40332676,-0.37786573,1.1445914,0.0
-0.78441482,-0.47019533,-0.59163147,-0.85955255,-0.37786573,-0.94572324,0.0
9.997237792011457,1.2992456,1.0763862,1.1628265,10.0049654879065,0.91301134,0.0
0.40888799,0.36144189,-0.32114211,1.3168362,-0.37786573,1.1537327,0.0
0.90009852,10.0000062172904,-0.36622367,-0.85955255,-0.37786573,-0.94572324,0.0
1.0755792,0.54280958,-0.0055711987,2.0586143,-0.37786573,1.1415443,0.0
3.6095527650235733,5.0681547,0.80589687,-0.85955255,-0.37786573,-0.94572324,0.0
0.81981101,0.25527543,-0.27606055,-0.85955255,-0.37786573,-0.94572324,0.0
3.2705124185924594,0.025248116,0.17475504,2.2314215999290345,0.7316518,1.2451459,0.6431011079085936
-0.78441482,-4.222266701829258,-0.59163147,-0.85955255,-0.37786573,-0.94572324,0.0
-0.0079634216,-0.38614689,-0.230979,0.75227471,-0.37786573,0.9983303,0.0
-0.16125498,-0.4038413,9.989496329427736,0.95776158,0.91020582,1.0653666,0.0
-0.78441482,-0.5405421822000253,9.989496329427736,10.004555584272547,-0.37786573,-0.94572324,0.0
0.50391182,0.71090646,0.76081531,0.6787540463158622,-0.37786573,-0.94572324,0.0
0.34791014,-3.4979770265147336,-0.050652758,1.0860327,-0.37786573,5.84942327514916,0.0
9.997237792011457,-0.47019533,9.989496329427736,-0.85955255,-0.37786573,-0.94572324,0.0
-0.36332883,-0.44365372,0.9727899856561047,1.3071315,-0.37786573,10.006245889191648,0.0
0.46664758,-0.33748727,0.35508128,1.6168386,1.2860854035618163,1.0684137,0.0
0.079776941,-0.41268851,0.17475504,-0.85955255,-0.37786573,-0.94572324,0.0
9.997237792011457,-0.47019533,-0.59163147,-0.85955255,-0.37786573,-0.94572324,0.3720509295429925
1.4937857,0.42779592,-0.18589744,1.0851888,0.81613818,0.70276103,0.0
0.97987789,1.0205586,-0.45638679,-0.85955255,-0.37786573,-0.94572324,0.0
2.4306428,-0.45250093,-0.50146835,-0.85955255,-0.37786573,-0.94572324,0.0
0.47867377,0.60474001,-0.32114211,0.96915408,-0.37786573,0.85206922,0.0
9.997237792011457,-0.44807732,-0.050652758,-0.85955255,-0.37786573,-0.94572324,0.0
-0.78441482,-0.47019533,-0.59163147,-0.85955255,1.2177788321006933,10.006245889191648,0.0
-0.27050698,-0.45250093,0.039510361,0.91852076,0.92459419,0.83073948,0.0
-0.78441482,-0.47019533,-0.59163147,-0.85955255,-0.37786573,-0.94572324,0.0
-0.78441482,-0.47019533,-0.59163147,-0.85955255,-0.37786573,-0.94572324,0.0
1.47888,4.9221758,-0.27606055,-0.85955255,2.067205930560235,-0.94572324,1.5306232895807108
3.934979375408517,4.2320938,-0.14081588,0.91936465,10.0049654879065,-0.6540751153190856,0.0
-0.78441482,-0.47019533,-0.4394907912867031,10.004555584272547,-0.37786573,-0.94572324,0.0
-0.16515079,-0.41711211,0.19717557994313029,0.18307184,-0.37786573,0.97700056,0.0
1.561719813171408,-0.36845248,2.406483328166064,1.5299181,4.7909161,1.5589978,0.0
0.77695712,2.940402,1.0313047,10.004555584272547,-0.37786573,0.34320254,0.0
1.2698615,0.1631559835301738,-0.230979,0.94088381,-0.37786573,10.006245889191648,0.23434849297370872
0.40702478,-0.2092028,0.12967348,1.2856123,-0.37786573,10.006245889191648,0.0
0.1556605,-0.24016802,-0.18589744,0.45902341,-0.37786573,1.0348956,0.0
0.20190204,-0.14284877,-0.050652758,0.4818084,0.99574581,1.2664756,0.16613383286558672
-0.78441482,-0.47019533,-0.59163147,-2.5648888513909722,-0.37786573,-0.94572324,0.0
-0.55896613,-0.45250093,-0.5846405072872696,0.65269585,1.1333737,0.59001811,0.0
0.28337524,-0.43480652,0.35508128,1.3472162,0.55803657,0.97090635,0.0
-0.41448248,-0.42595931,1.1665493,-0.85955255,-0.37786573,-0.94572324,0.4985287562638097
0.06470186,-0.43923012,-4.2530680950327335,-0.85955255,-0.37786573,-0.94572324,-0.6364039085145184
-0.78441482,-0.47019533,-0.59163147,-0.85955255,-0.37786573,-0.94572324,0.0
-0.78441482,-0.47019533,-0.59163147,-0.85955255,1.504068074525995,-0.94572324,0.0
-4.694672463752574,-0.47019533,-0.59163147,-0.85955255,-0.37786573,-0.94572324,0.0
-0.13110482,-0.38172329,-0.18589744,-0.85955255,10.0049654879065,-0.94572324,0.0
0.074017921,-0.23574442,-6.766122860718907,-0.85955255,-0.37786573,-0.94572324,0.0
0.17022743,-0.31094565,-0.27606055,0.14678463,-0.37786573,0.87035185,0.0
-2.608767054811476,-0.23132081,-0.0055711987,-0.85955255,-0.37786573,-0.94572324,0.0
0.30302366,-0.22247361,0.40016284,0.8159883,0.36858426,1.2908525,1.5306232895807108
-0.2246042,-0.43923012,0.49032595,0.9526345728055896,0.4998246,0.9465295,0.0
-0.36214315,10.0000062172904,1.0763862,0.052269101,-0.37786573,10.006245889191648,0.17984350626627665
-0.78441482,-0.47019533,-0.59163147,-0.85955255,-0.37786573,-0.94572324,0.0
1.2757899,-0.45250093,-0.36622367,-0.85955255,-0.37786573,-0.94572324,0.0
-0.78441482,-0.47019533,-0.59163147,-0.85955255,-0.37786573,-0.94572324,0.8763742167153316
-0.049631625,-0.15169597,1.7526096,-0.0076469907,-0.37786573,1.3396062,0.018308064060149364
0.21867095,-0.29325125,0.2198366,0.77843525,-0.37786573,0.90082291,0.0
-4.487817691871838,-0.20570145296821715,-0.41130523,-0.85955255,-0.37786573,-2.538042099568025,0.0
2.3613651,1.4673424,-0.27606055,0.83877329,0.90671574,0.69057261,0.0
-0.78441482,-0.47019533,-0.59163147,-0.85955255,-0.37786573,-0.94572324,0.0
-0.25306054,-0.44365372,0.71573375,1.4117737,-0.37786573,0.65096023,0.0
0.35434669,-0.43923012,9.989496329427736,-0.85955255,-0.37786573,-0.94572324,0.0
17.04409472132319,-0.34633447,-0.54654991,-0.85955255,-0.37786573,-0.94572324,1.5306232895807108
1.3438818,-0.12957796,-0.27606055,3.3426717298868702,-0.37786573,1.0044245,0.0
2.3126491866523122,-0.47019533,-0.59163147,-0.85955255,1.5648784095592543,-0.94572324,1.5306232895807108
-0.19614787,-0.41711211,0.40016284,0.95396408,-0.37786573,1.0653666,0.0
9.997237792011457,-0.44365372,2.3708289960822104,-0.85955255,-0.37786573,2.08782948756214,0.0
-0.09773638,-0.41711211,0.039510361,-0.85955255,-0.37786573,-0.94572324,0.0
0.10738636,-0.43480652,0.039510361,1.0847668,0.67679821,0.74542051,1.5306232895807108
-0.78441482,-0.47019533,-0.59163147,-0.85955255,-0.37786573,-0.94572324,0.0
1.2056653,1.5867797,-0.36622367,1.4737995,-0.37786573,0.73018498,0.0
-0.44056745,-0.42595931,2.1132621,0.25564626,0.8266058793958108,0.62963049,0.0
-0.36925723,-0.31094565,0.71573375,0.94383742,1.1033128,0.48336941,0.0
0.59300725,10.0000062172904,-0.230979,1.5392008,2.5001367,1.4188309,0.3899781288975518
1.2063429,2.1441536,-0.095734317,1.1229120311421115,-0.37786573,-0.94572324,0.0
-0.099091444,-0.38172329,-0.095734317,0.78645219,1.1174707,1.6351754,0.0
1.2005839,4.9487174,-0.27606055,-0.85955255,-0.37786573,-0.9530039732081897,0.0
0.26508188,-0.12515436,-0.095734317,-6.4616992003699965,1.1846384,1.1994393,0.0
-0.78441482,-0.47019533,-0.59163147,-0.85955255,-0.37786573,-0.94572324,0.0
0.52389901,-0.089765542,0.44524439,0.9599523553924094,0.26612066,1.2055335,0.0
-0.78441482,-0.47019533,-0.59163147,-0.85955255,-0.37786573,-0.94572324,0.0
-0.78441482,-0.47019533,-0.59163147,-0.85955255,-0.37786573,-0.94572324,0.0
0.36874424,-0.10303635,-0.41130523,-0.85955255,-0.37786573,-2.0334611835938388,0.0
0.17327632,-0.31536926,0.039510361,-0.85955255,-0.37786573,-0.94572324,0.0
0.76645538,0.91881577,1.2880812987512429,1.0970032,-0.37786573,1.4462549,0.0
0.079607559,-0.15169597,0.35508128,-0.85955255,-0.37786573,-0.94572324,0.0
-0.13550878,-0.34191087,-0.29218205390691065,0.51218839,-0.37786573,0.77284447,-0.3803197959473829
-0.29659195,-0.45250093,-0.0055711987,0.70965833,-0.37786573,1.5498565,0.0
0.76289834,2.7590343,0.2198366,1.9068757828037632,-0.37786573,0.82159816,0.0
0.8627356464667855,2.1883896,0.40016284,2.2670548,-0.37786573,0.90387002,0.0
-0.27118451,-0.31979286,-0.8592185634295413,3.648794103322488,0.21669975,1.1750624,0.0
-0.78441482,10.0000062172904,-0.59163147,-0.85955255,-0.37786573,-0.94572324,0.0
-0.78441482,-0.47019533,-0.59163147,-0.85955255,10.0049654879065,-0.94572324,0.0
9.997237792011457,-0.38614689,0.44524439,-0.85955255,1.6951946255129497,-0.94572324,0.0
-0.034556543,-0.35075807,-0.27606055,0.99573657,2.0162662,1.6047044,0.0
-0.78441482,-0.47019533,-0.59163147,-0.85955255,-0.37786573,-0.94572324,0.0
-3.736092415217169,-0.47019533,-0.59163147,0.26894822629423654,-0.37786573,-1.5161590868208081,0.0
-0.011181697,-0.41711211,-0.18589744,1.3522795,1.9368503,1.4432078,1.0
-0.3477456,-0.43923012,-0.18589744,1.2029112,5.885730357596769,2.968289405157721,1.0
0.37551956,-0.9293216805292908,-0.14081588,1.3915203,1.6613312,1.5559507,0.7174595077029495
0.39228847,-0.28440404,-0.41130523,1.416415,3.4600087,2.667052554329933,1.0
0.45123373,-0.33306367,-0.36622367,1.9143093,3.7314121,1.4980557,1.0
0.40126576,0.14910898,-0.50146835,1.4628289,-9.204196183276911,1.650411,1.0
0.37365634,-0.26228603,-0.32114211,1.7286538,1.3994432,4.143233439377562,1.0
3.9066457,0.92323937,-0.54654991,2.3383634,10.733443,0.71494946,1.0
0.81828656,0.25527543,-0.50146835,1.7493291,5.8106133,1.421878,1.0
0.11670242,-0.30652205,-0.050652758,-0.85955255,10.0049654879065,-0.94572324,1.0
0.4724066,0.1889214,-0.18589744,1.4083981,-4.022652528712359,1.1202145,1.0
-0.12703963,-0.43480652,-0.27606055,1.7767555,4.2067221,1.1872509,1.0
0.55930005,-0.089765542,-0.50146835,10.004555584272547,5.2983282,1.5925159,1.0
0.54354743,-0.31536926,-0.50146835,1.272954,5.7959945,1.3670301,1.0
0.88807233,-0.010140702,-0.45638679,10.004555584272547,4.0365311,1.1811567,1.0
0.14041603,-0.41268851,-0.14081588,1.0991129,1.3052109,1.4645375,1.0
-0.19021947,-0.4082649,-0.050652758,0.91134771,5.1251739,1.104979,1.0
0.5449025,-0.27998044,-0.18589744,1.287722,0.92116996,2.4839546965879515,1.0
9.997237792011457,-0.33306367,-0.14081588,1.3915203,1.5837262,1.6290812,1.0
0.27947943,-0.3949941,-0.27606055,1.3522795,1.6864532,1.3335119,1.0
1.2815489,-0.28440404,-0.50146835,1.3632501,3.3564585,10.006245889191648,1.0
0.52186642,-0.37729969,-0.27606055,1.840891,1.928619,1.2878054,1.0
0.8445511506895634,-1.5637372664688125,-0.59163147,3.0947535119134817,-0.37786573,8.274020776687856,1.0
0.94752574,-0.18708479,-0.41130523,7.38690665573243,2.4836412,0.93129397,1.0
1.098055253603983,-0.19150839,-0.50146835,1.2670468,8.277339925444693,1.4828201,1.0
-2.443579124668523,-0.38172329,-0.9544183699672437,1.5700028,4.0721563,1.2116277,1.0
-0.78441482,-0.47019533,-0.59163147,-0.85955255,-0.37786573,10.006245889191648,0.0
0.33520642,0.16680339,9.989496329427736,0.9493227,0.68641241,1.0288014,0.0
0.26338805,-0.37729969,-0.095734317,1.219789,-0.37786573,3.1106687363836807,0.0
0.16988867,-0.25343882,0.12967348,1.0877204,1.0350257,1.4614904,0.0
0.24323148,-0.45250093,0.49032595,-0.85955255,-0.37786573,-0.94572324,0.0
0.018799083,4.655380984468828,-0.18589744,1.2358229,1.6033497,1.2573343,-0.4075373191118436
-0.78441482,-0.47019533,-0.59163147,-0.85955255,-0.37786573,10.006245889191648,0.0
0.83708807,2.1131884,-0.36622367,1.4033348,-0.37786573,0.99223609,0.0
5.0231057218847734,-0.27998044,0.26491816,1.0995349,-0.37786573,0.84902211,0.0
-0.78441482,-4.806004036263273,-0.59163147,-0.85955255,-0.37786573,-0.94572324,0.0
-0.773691344873369,2.66900149852655,-0.59163147,-0.85955255,-0.37786573,-0.94572324,0.0
-0.78441482,-0.47019533,-0.59163147,-0.85955255,-0.37786573,10.006245889191648,0.0
3.563539786289965,1.2284679,-0.41130523,0.69531222,10.0049654879065,0.87644607,0.0
-0.023885418,-0.36402888,-0.095734317,10.004555584272547,-0.37786573,10.006245889191648,0.0
-0.78441482,-0.47019533,-0.59163147,-0.85955255,-0.37786573,10.006245889191648,0.0
-0.78441482,-0.47019533,-0.59163147,-0.85955255,-0.37786573,-0.94572324,0.0
-0.22494297,-0.37729969,0.76081531,0.53877089,0.31083325,1.5102441,0.0
-0.78441482,-0.47019533,-0.59163147,-1.9921552940482465,-0.37786573,-0.94572324,0.0
-0.28592083,-0.42595931,-0.27606055,-0.85955255,-0.37786573,-0.94572324,0.0
0.57640772,1.4408008,-0.230979,1.0628257,-0.37786573,0.66619576,0.0
0.4148164,0.31278226,0.44524439,-0.85955255,-0.8420047220081341,-0.94572324,0.0
-0.78441482,10.0000062172904,-0.59163147,-5.0678996849249405,10.0049654879065,-5.695368243270135,0.0
9.997237792011457,-2.466204371548656,9.989496329427736,-0.85955255,-0.37786573,6.00565641891726,0.0
1.6359692033854785,-0.47019533,-0.59163147,-0.85955255,-0.37786573,-0.94572324,1.5306232895807108
-0.78441482,-0.47019533,-0.59163147,-0.85955255,-0.37786573,-0.94572324,0.0
0.78525689,-0.27555684,-0.18589744,0.92189632,1.2445625,1.0166129,0.0
0.25102309,0.65782324,0.30999972,0.67674667,0.63932919,0.80026842,0.0
-0.78441482,-0.47019533,-0.59163147,-0.85955255,-0.37786573,-0.94572324,0.0
0.043359609,-0.35960528,-0.18589744,0.89446994,1.1114454,1.3030409,0.0
-3.2788761604919703,-0.44807732,0.85097843,0.51429812,-0.37786573,0.71494946,0.0
-0.51746731,-0.43480652,0.4467566235269067,0.014294113,-0.37786573,-2.9725709072110478,0.0
0.79541986,2.8033001986968262,-0.50146835,-0.85955255,10.0049654879065,-0.94572324,0.0
9.997237792011457,-0.27998044,-2.15937271408105,0.71176805,1.3515369,1.0074716,0.0
-0.78441482,10.0000062172904,-0.59163147,-0.85955255,-0.37786573,-0.94572324,0.0
-0.78441482,-0.47019533,-0.59163147,-0.85955255,-0.37786573,-0.94572324,0.0
0.9876695,2.2635908,-0.36622367,-0.85955255,-0.37786573,-0.94572324,0.0
-0.78441482,-0.47019533,-0.59163147,-0.85955255,-0.37786573,-0.94572324,0.0
0.028453911,-0.33306367,1.4821203,1.5965853,-0.37786573,1.3700772,0.0
-0.78441482,-0.47019533,9.989496329427736,-0.85955255,-0.37786573,-0.94572324,0.0
0.34841828,0.27739344,0.89605999,-0.85955255,-0.37786573,-0.94572324,0.0
0.024219337,-0.35960528,9.989496329427736,1.1480585,-0.37786573,1.0440369,0.0
0.011346234,-0.43038291,-0.36622367,0.8083933,2.4600995,0.88863449,0.021045064837289705
0.41007368,-0.25786243,-0.45638679,0.42147037,-0.37786573,0.6326776,0.7116125496021263
0.19682055,-0.42595931,0.039510361,-0.85955255,-0.37786573,-0.94572324,0.0
0.81235816,0.83034372,9.989496329427736,-0.85955255,0.0369608535446494,-0.94572324,1.5306232895807108
-0.30946506,-0.37729969,-0.27606055,0.93919603,10.0049654879065,0.92215265,0.0
-0.78441482,-0.47019533,-0.59163147,-0.85955255,-0.37786573,-0.94572324,0.0
-1.2980679726300903,-0.37287609,-0.14081588,2.0320318,-0.37786573,10.006245889191648,0.0
9.997237792011457,0.8641461200465285,-0.59163147,-0.85955255,-0.37786573,-0.94572324,-0.2720045637285976
-0.19276021,0.26412264,2.2935883,0.076741871,-0.37786573,0.7393263,0.0
0.9539623,4.6125236,-0.0055711987,-0.85955255,-0.37786573,-0.94572324,0.0
0.51915629,0.25969903,-0.27606055,1.7130419,-0.37786573,1.0440369,0.0
-0.3477456,-0.43923012,-0.230979,0.0071210601,3.3353863,0.66619576,0.0
-0.023716035,-4.607092800003851,1.1214678,0.69362445,-0.37786573,0.7911271,0.0
-0.78441482,-0.47019533,-0.59163147,-0.85955255,10.0049654879065,-0.94572324,0.0
0.7891527,0.49414995,-0.36622367,1.2467934,-0.37786573,0.88558738,0.0
-0.78441482,-0.47019533,-0.59163147,-0.85955255,-0.37786573,-0.94572324,0.0
-1.2153853715486775,-0.44365372,-0.54654991,-0.029118134733150725,-0.37786573,10.006245889191648,0.0
9.997237792011457,-0.44365372,-0.41130523,-0.85955255,-0.37786573,-0.94572324,0.0
-4.295253580500083,-0.47019533,-0.59163147,-0.85955255,-0.37786573,-0.94572324,0.0
-0.46682181,-0.32864006,0.039510361,1.090816667946488,-0.37786573,0.70580814,0.0
-0.78441482,-0.47019533,-0.59163147,10.004555584272547,-0.37786573,-0.94572324,-0.20926731467027193
-0.095365019,-3.7950498636239844,0.12967348,-0.85955255,-0.37786573,-0.94572324,0.0
0.86723823,3.9312889,0.49032595,-0.85955255,-2.123591077724878,-0.94572324,1.5306232895807108
-0.78441482,-0.47019533,-0.59163147,-0.85955255,-0.37786573,-0.94572324,0.0
-0.78441482,-0.47019533,3.395421565816905,-4.300013578600756,-0.37786573,-0.94572324,0.0
-0.78441482,-0.47019533,-0.59163147,-0.85955255,-0.37786573,-0.94572324,0.0
0.16463779,-0.29325125,-0.36622367,1.4505925,2.037964,1.3365591,0.0
-0.78441482,-0.47019533,-0.59163147,-0.85955255,-0.37786573,-0.94572324,0.0
-0.030491353,10.0000062172904,0.26491816,0.08349298,-0.37786573,10.006245889191648,0.0
-0.45293241,-0.43923012,0.12967348,5.352023945811655,-0.37786573,1.047084,0.0
0.66177672,-0.38172329,-1.9663317283312645,-0.85955255,-0.37786573,-0.94572324,0.0
-0.21901457,-0.43480652,0.58048907,0.55185116,0.26612066,1.0044245,-0.4533286333324481
0.64500781,0.5781984,0.039510361,1.6311847,-0.37786573,1.507197,-0.3300180824006611
0.49950787,-0.25343882,0.85097843,0.76155748,10.0049654879065,1.0927906,0.0
0.31420293,-0.2092028,0.62557063,-0.85955255,-0.37786573,-2.2744468832766653,0.0
-0.26796624,-0.38614689,-0.050652758,0.43581648,1.3593731,1.1659211,-0.0457338397099496
9.997237792011457,-0.47019533,-0.59163147,-0.85955255,-0.37786573,1.8216321099137787,0.0
-0.78441482,-0.47019533,-0.59163147,-0.85955255,-0.37786573,-0.94572324,0.0
-0.31471593,-0.41268851,0.58048907,1.0408846,0.9483992,1.01966,0.0
-3.2571990913554214,-0.47019533,-0.59163147,-0.85955255,-0.37786573,-0.94572324,1.5306232895807108
-0.22172469,-0.36402888,0.44524439,1.159451,1.1733121,1.190298,0.0
-0.78441482,-0.47019533,-0.59163147,-0.85955255,-0.37786573,-0.94572324,0.0
-0.19309898,-0.36402888,-0.095734317,-0.85955255,-0.37786573,2.6100394146083556,0.0
-0.78441482,-1.551495872830269,-0.59163147,-0.85955255,-0.37786573,-0.94572324,0.0
-0.78441482,-0.47019533,-0.59163147,-0.85955255,-0.37786573,10.006245889191648,-0.23644171807974412
-0.78441482,-0.47019533,-0.59163147,-0.85955255,-0.37786573,10.006245889191648,0.0
-0.78441482,-0.47019533,-0.59163147,-0.85955255,-0.051758234880385834,-0.94572324,-0.43210234867477776
-0.78441482,-0.47019533,-0.59163147,-0.85955255,-0.37786573,-0.94572324,1.5306232895807108
4.6353311,-0.45250093,-0.54654991,-0.85955255,-0.37786573,-0.94572324,0.0
-0.21698197,-0.2003556,-0.27606055,1.2003796,-0.9426869996580709,0.74846762,0.0
-0.15227769,-1.5675215727917502,0.30999972,0.47252563,-0.37786573,1.3487475,-0.294523452349468
0.22104231,10.0000062172904,0.44524439,0.048893546,0.33062137,1.3182764,0.0
3.509325325379981,5.0858491,-0.50146835,-0.85955255,-0.37786573,-0.94572324,0.0
0.65652585,0.67109404,0.76081531,0.75775998,0.19984199,8.21910037747437,0.21653712052000204
0.057757159,-0.08534194,0.94114155,0.77716942,0.60218943,1.1933451,0.0
-1.993447911138304,-0.47019533,-0.59163147,3.0825870054352675,-0.37786573,-3.5731049405108495,0.0
-0.78441482,-0.47019533,-0.59163147,-0.85955255,-0.37786573,-0.94572324,0.0
-0.016771335,-0.41711211,9.989496329427736,1.5299181,4.7909161,-4.266393366275616,0.0
-0.25560128,-0.44807732,-0.18589744,0.62569141,-0.37786573,-3.2279219456142174,0.0
-0.098922061,-0.10745995,1.4370387,0.024842721,0.2500531,0.94043529,0.0
2.6275067897013247,-0.47019533,-0.59163147,-0.85955255,-0.37786573,-0.94572324,0.0
-0.78441482,-0.47019533,-0.59163147,-0.85955255,-0.37786573,-0.94572324,0.0
2.4631643,-0.44807732,-0.54654991,-0.85955255,-5.062040513364026,-0.94572324,0.0
-0.04014618,-0.37287609,-0.45638679,-0.85955255,10.0049654879065,-0.94572324,0.0
1.7392216,-0.45250093,-0.50146835,-0.85955255,-0.37786573,10.006245889191648,0.0
0.84623475,0.31278226,0.039510361,-0.85955255,-0.37786573,-0.94572324,0.0
-0.098583295,-0.37287609,0.039510361,0.06885690932529953,1.0312722,0.86730475,0.0
0.48341649,-0.45250093,-0.50146835,-0.85955255,-0.37786573,-0.94572324,0.0
-0.43379213,10.0000062172904,0.89605999,0.094041587,2.0758942666704585,1.1263087,0.0
-0.78441482,-0.47019533,-0.59163147,-0.85955255,-0.37786573,-0.94572324,-0.3264728101758204
-0.78441482,-0.47019533,-0.59163147,-0.85955255,-0.37786573,-0.94572324,0.0
-0.15363275,-0.31979286,0.53540751,-0.85955255,-0.37786573,-0.94572324,0.0
-0.50340852,-0.44807732,0.49032595,-0.85955255,-0.37786573,-0.94572324,0.0
-0.78441482,-0.47019533,-0.59163147,10.004555584272547,-0.37786573,-0.94572324,0.0
1.127241,1.0736418,-0.230979,0.96324686,0.53123536,0.80331553,0.0
-0.78441482,-0.47019533,-0.59163147,-0.85955255,-0.37786573,-0.94572324,0.0
0.2073223,-0.041105917,0.80589687,-0.85955255,-0.37786573,1.9113875527076787,0.0
0.39584551,10.0000062172904,1.8577227875428124,1.0915179,10.0049654879065,0.75456183,0.0
-0.78441482,-0.47019533,-0.59163147,-0.85955255,-0.37786573,-0.94572324,0.0
0.81659273,1.016135,9.989496329427736,1.3683134,1.452453,1.1263087,0.0
-0.78441482,-0.10474187138239177,-0.59163147,10.004555584272547,-0.37786573,-0.94572324,0.0
9.997237792011457,-0.47019533,-0.59163147,-0.85955255,-0.37786573,-0.94572324,0.0
9.997237792011457,-0.47019533,9.989496329427736,-0.85955255,-0.37786573,-0.94572324,0.0
0.30488687,0.60916361,0.30999972,0.73919443,-0.37786573,0.85816343,0.0
9.997237792011457,-0.35960528,-0.36622367,-0.021571153,1.6510914,10.006245889191648,0.0
-0.1968254,1.4386381442936804,0.26491816,-0.85955255,-0.37786573,-0.94572324,0.0
-0.78441482,-0.47019533,-0.59163147,2.535599360805894,-0.37786573,10.006245889191648,0.0
-0.17565253,-0.43480652,-0.0055711987,0.78054497,0.61908012,1.2390517,0.0
-1.191208751351357,8.972127534139542,3.265888466598604,-0.85955255,-0.9459632954232359,-0.94572324,0.0
0.17886596,-0.16939038,0.26491816,1.2771734,-0.37786573,6.793569763809749,0.0
-0.093671189,-0.3949941,-3.1175979835926477,-0.85955255,0.7733153932393303,-0.94572324,0.0
-0.78441482,-0.47019533,-0.59163147,-0.85955255,-0.37786573,-0.94572324,0.0
1.0799832,1.5292729,0.17475504,2.0687409,-0.37786573,0.95262371,0.0
0.62620631,0.7905313,-0.230979,1.091096,-0.37786573,1.2177219,0.0
-0.78441482,-0.47019533,-0.59163147,-0.85955255,-0.37786573,-5.906369218030168,0.0
-0.78441482,-0.47019533,-0.59163147,-0.85955255,-0.37786573,-0.94572324,0.0
2.342209813641188,0.10044935,0.40016284,-2.3856052952057967,-0.37786573,-0.94572324,0.0
-0.78441482,-0.47019533,3.24733949407488,-0.85955255,0.09106627670223144,-0.94572324,0.0
-0.78441482,-0.47019533,-0.59163147,-0.85955255,-0.37786573,-0.94572324,0.0
0.92923239,5.0681547,-0.36622367,-0.85955255,-0.37786573,-1.288714704487264,0.0
-0.12839469,0.087178548,1.1214678,0.60206253,-0.37786573,0.96785924,0.0
1.0142626,4.6523361,-0.32114211,-0.85955255,-0.37786573,-0.94572324,0.0
-0.11365838,-0.42595931,0.49032595,1.2522787,0.54108003,1.1293559,0.0
-0.78441482,-0.47019533,-0.59163147,-0.85955255,-0.37786573,-2.4937165450443413,0.0
-0.78441482,-0.47019533,-0.59163147,-0.85955255,-0.37786573,-0.94572324,0.09720882019494488
-0.551025292079041,0.22873382,-0.095734317,-0.85955255,-0.37786573,-0.94572324,0.0
6.640072977083652,0.64455243,9.989496329427736,0.59953087,-0.37786573,1.1476385,0.0
0.26033916,0.21103941,0.76081531,1.1020665,0.17995509,1.132403,0.0
1.8813339,1.7548766,-0.18589744,-0.85955255,-3.6366488401469326,-0.94572324,0.0
0.23713369,3.8468554590089195,-0.41130523,0.49615451,2.4226305,1.104979,0.0
-1.9240134236226853,2.4400190420636725,-0.59163147,-0.85955255,-0.37786573,-0.94572324,0.0
-0.78441482,10.0000062172904,-0.59163147,-0.85955255,-0.37786573,10.006245889191648,0.0
-6.786219294833742,-0.47019533,-0.59163147,-0.8987280591594569,-0.37786573,-0.94572324,0.0
-0.17480562,-0.38172329,0.039510361,0.31303068,0.50064773,10.006245889191648,0.0
-0.78441482,-0.47019533,-0.59163147,-0.85955255,-0.37786573,-0.94572324,1.5306232895807108
-0.78441482,-1.5357648180717667,-0.59163147,-0.85955255,-0.37786573,-0.94572324,0.0
0.56184079,-0.45250093,-0.32114211,-0.85955255,-0.37786573,-0.94572324,0.0
0.048779863,-0.30652205,0.35508128,-0.85955255,-0.37786573,-0.94572324,0.0
0.12296959,0.5870456,1.8878543,0.31387457,-0.37786573,1.1445914,-0.039468688767203816
-0.78441482,-0.47019533,-0.59163147,-0.85955255,-0.37786573,-0.94572324,0.5153257648223367
-0.33605818,10.0000062172904,0.17475504,-0.85955255,-0.37786573,-0.94572324,0.0
0.29048932,0.28181705,-0.14081588,1.7235905,-0.37786573,0.79722131,0.0
-0.78441482,-0.47019533,-0.59163147,-0.85955255,-0.37786573,-0.94572324,0.0
-0.78441482,-0.47019533,-0.59163147,-0.85955255,-0.37786573,-0.94572324,0.0
0.39076402,0.24642823,-0.32114211,-0.85955255,-1.7650188096994741,-0.94572324,0.0
-0.29642257,-0.42153571,0.039510361,1.0991129,-0.37786573,1.248193,0.0
9.997237792011457,-0.37729969,2.9698117,0.54256838,-0.017794398,0.95262371,1.5306232895807108
9.997237792011457,-0.47019533,-0.59163147,-1.1082479576360749,-0.37786573,-0.94572324,0.0
0.076050517,0.05178973,1.5272018,0.62062808,0.010225051,0.95871792,0.0
0.15210346,-0.45250093,-0.230979,0.99615851,2.5460676,0.63877181,0.0
-0.78441482,-0.47019533,-0.59163147,-4.018183709923526,-0.37786573,-0.94572324,0.0
-0.78441482,-0.47019533,-0.59163147,-0.85955255,-0.37786573,-0.94572324,0.30172604003098963
-2.3261636011949127,-0.44365372,-0.0055711987,-0.85955255,-0.37786573,0.932351394759291,0.0
-0.78441482,-0.47019533,-0.59163147,-0.85955255,-0.37786573,-0.94572324,0.0
-0.43853486,-0.41268851,2.5189961,0.65818112,0.063267746,10.006245889191648,0.0
0.44073199,1.6487101,-0.41130523,0.9788588,-0.37786573,0.60525364,0.0
0.1407548,-0.16939038,0.039510361,10.004555584272547,-0.37786573,1.1781095,0.0
-0.095703785,10.0000062172904,-0.27606055,0.92105243,4.0996818,1.1080261,0.0
-0.16023868,-0.33748727,-0.230979,-0.700170116413593,1.5576494,1.4645375,0.0
-0.15227769,10.0000062172904,0.12967348,3.8414488084028195,1.4843247,0.97090635,1.5306232895807108
-0.78441482,-0.47019533,-0.59163147,-3.498027835246225,-0.06351770668434592,-0.94572324,0.3157594360726618
0.17988226,10.0000062172904,0.2198366,-0.85955255,-0.37786573,-0.94572324,0.0
0.065210009,1.1532667,-0.18589744,0.39446593,0.10066547596274161,1.0318485,0.0
0.21070995,-0.28882764,9.989496329427736,1.1881432,-0.37786573,1.5864217,1.5306232895807108
-5.493774080873317,4.9841062,-0.32114211,0.5560706,-0.37786573,0.72409077,0.18796755478970492
0.088415471,-0.18266119,-0.18589744,-0.85955255,-0.37786573,-0.94572324,0.0
-0.78441482,-7.453475302715883,-0.59163147,-2.4439621067546002,-0.37786573,-0.94572324,0.0
-0.27270896,-0.34633447,-0.050652758,0.8493219,2.343332134624753,0.76675026,0.0
0.75307413,1.6398629,-0.45638679,1.3467942,2.3684354,10.006245889191648,0.0
-0.2881228,10.0000062172904,-0.45638679,0.072522428,-0.37786573,1.0501311,0.0
1.846441,3.2721722,-0.41130523,0.61851836,10.0049654879065,0.37976781,0.0
0.34638569,0.52511517,0.039510361,0.58602865,-0.37786573,10.006245889191648,0.0
-0.24289756,-0.37729969,-0.27606055,-0.85955255,-0.37786573,10.006245889191648,0.0
-0.78441482,-0.47019533,-0.59163147,-0.85955255,-0.37786573,-0.94572324,1.5306232895807108
-0.78441482,-0.47019533,-0.59163147,10.004555584272547,-0.37786573,-0.94572324,0.0
-0.11992555,-0.24459162,0.4974261761824996,0.066615207,-0.37786573,0.90387002,0.0
-0.78441482,-0.47019533,-0.59163147,-0.85955255,-0.37786573,-0.94572324,0.0
0.6778681,-4.167554748169975,1.203457323207962,-0.85955255,-0.37786573,-0.94572324,0.0
-0.78441482,-0.47019533,-0.59163147,-0.85955255,-0.37786573,-0.94572324,0.0
0.13685899,-0.195932,0.26491816,-3.3096881937064477,-0.37786573,0.52602889,0.0
-0.78441482,-0.47019533,-0.59163147,-0.85955255,-0.37786573,-0.94572324,-0.47729048474572483
-0.78441482,1.3755235058115796,-0.59163147,-0.85955255,-0.37786573,-0.94572324,0.0
-0.33419496,-0.45250093,9.989496329427736,-0.21608748,-0.37786573,0.97395345,0.0
-0.78441482,-0.47019533,-0.59163147,10.004555584272547,-0.37786573,-0.94572324,1.5306232895807108
0.051320607,-0.36402888,-0.36622367,0.95438603,1.7116411,1.3091351,0.0
0.26711447,0.31278226,0.48157714636639004,10.004555584272547,1.0299552,1.0836493,0.0
-0.13669446,-0.3994177,0.53540751,0.59573337,0.69599367,0.91301134,0.0
1.1103028,1.7239114,-0.36622367,1.1417293,1.1804898,1.2343072218767157,0.0
0.66651945,1.0692182,-0.27606055,1.1927846,5.266107071502641,0.64791313,0.0
-0.4251536,-0.44807732,0.2198366,1.4573436,-0.37786573,10.006245889191648,0.0
-0.21190048,-0.44365372,-0.36622367,-0.85955255,-0.37786573,-0.94572324,0.0
9.997237792011457,0.22873382,-0.14081588,0.87801411,-0.37786573,0.6875255,0.0700348610506614
0.54947583,1.4540716,-0.41130523,-0.8468563923657616,1.9624333,0.44070993,1.5306232895807108
0.32707603,-0.22247361,-0.41130523,1.5012258,-0.37786573,1.4371135,0.0
0.32267208,0.66224684,9.989496329427736,0.31935985,0.6271139,0.76065604,0.0
0.7523966,1.5602381,9.989496329427736,-0.85955255,-0.37786573,-0.94572324,1.0475487088019786
-0.78441482,-0.47019533,-0.59163147,10.004555584272547,-0.37786573,-0.94572324,0.0
0.51576863,0.40567791,0.26491816,-0.85955255,-0.37786573,-0.94572324,0.0
-0.78441482,-0.47019533,-0.59163147,-0.85955255,-0.37786573,-0.94572324,0.0
-0.19970491,-0.45250093,-0.32114211,-0.85955255,-0.37786573,-0.94572324,0.0
-0.38484046,-0.43038291,0.58048907,0.47632313,-0.37786573,1.4950086,0.0
0.39008649,0.13583817,-0.230979,0.94003992,0.75802498,2.7082487002895963,0.0
-0.1343231,-0.41711211,-0.36622367,0.54594394,-0.37786573,1.2908525,0.0
1.2700309,2.4493821,-0.18589744,1.378862,0.54108003,0.83378658,0.0
0.0071116601,-0.43480652,-0.41130523,-0.85955255,-0.37786573,-4.014812658091957,0.0
0.10365994,-0.43923012,-0.45638679,1.0708427,3.6161735,1.0166129,0.0
0.39144155,10.0000062172904,-0.230979,10.004555584272547,-0.37786573,10.006245889191648,0.0
0.2417375475181912,-0.47019533,-5.693763478390814,-0.85955255,-0.37786573,-0.94572324,0.0
-0.060641516,6.432703201655224,9.989496329427736,0.44130175,10.0049654879065,0.90387002,0.0
1.8289946,3.7322268,-0.27606055,-0.85955255,-0.37786573,-0.94572324,0.0
-0.469708316739194,-0.47019533,-0.59163147,-0.85955255,-0.37786573,-0.94572324,0.6930939944121595
-0.31861173,-0.44365372,-0.18589744,-2.1879517387630383,-0.37786573,-0.94572324,0.0
-0.78441482,-0.47019533,-0.59163147,-0.85955255,-0.37786573,4.755161996090445,0.0
-0.78441482,10.0000062172904,-0.59163147,7.318432446670373,-0.37786573,-0.94572324,0.0
0.058095925,-0.36402888,-0.0055711987,1.0496359199518754,-0.37786573,1.2969467,0.0
-0.24797905,-0.41711211,-0.36622367,1.4752413469808343,-0.37786573,-4.581427069818046,0.1411658988010774
0.11060464,0.047366127,0.039510361,1.6856155,1.8925184384709963,1.3274177,0.0
0.9513076638361273,2.7413399,0.17475504,0.3674615,-0.37786573,0.38281492,0.0
-0.78441482,-0.47019533,-0.59163147,-0.85955255,-0.37786573,-0.94572324,0.0
-0.78441482,-0.47019533,-0.59163147,-0.2936135975149359,10.0049654879065,0.20946235861399765,0.0
-0.26457858,-0.3994177,1.6173649,-0.068828915,0.12144679,1.0806022,0.0
-0.13110482,-0.41711211,0.76081531,0.58518476,-0.37786573,1.8119076,0.0
5.751277650649195,4.7408081,-0.27606055,-0.85955255,-0.37786573,-0.94572324,0.0
-6.762869992589402,-0.47019533,-0.59163147,-0.85955255,-0.37786573,-0.94572324,0.0
-0.1978417,-0.36845248,2.188291123307797,0.078429648,0.47486721,1.2999938,0.0
-0.78441482,-1.3382583651053432,-0.59163147,-0.85955255,-0.37786573,-0.94572324,0.0
9.997237792011457,4.3957671,-7.703619823428727,2.6320366,-0.37786573,0.88863449,0.0
-0.78441482,-0.47019533,-6.4232137575807,10.004555584272547,10.0049654879065,-0.94572324,0.0
2.1298164363589933,-0.34191087,-0.941728884419923,-0.85955255,-0.37786573,-0.94572324,0.0
-0.048954093,-0.43480652,-0.32114211,-0.85955255,-0.37786573,-0.94572324,0.0
0.48866736,1.6354393,0.039510361,0.41007787,10.0049654879065,0.76979736,0.0
-0.78441482,-0.47019533,-0.59163147,-0.85955255,-0.37786573,-0.94572324,0.0
-0.054374347,-0.3949941,-0.0055711987,3.8767333941828714,-0.37786573,1.0440369,0.0
0.1139923,-0.24459162,-0.41130523,-0.85955255,-0.37786573,-0.94572324,0.0
-0.090452914,-0.30209845,0.49032595,0.78096692,0.79681101,3.148842727687603,0.0
4.5777409,-0.44807732,-2.0757612169157422,-0.85955255,-0.37786573,-0.94572324,0.0
-0.2832932798757709,-0.43923012,0.44524439,0.76493303,-0.37786573,1.0105187,0.0
-0.78441482,-0.47019533,-0.59163147,10.004555584272547,-0.37786573,-0.94572324,0.0
0.036584292,-0.37287609,-0.27606055,-0.85955255,-0.37786573,-0.94572324,0.0
-1.4810278128092706,-0.47019533,2.282093016355497,-0.85955255,-0.37786573,-0.94572324,0.0
0.21037119,3.4680132704711673,6.253801642236621,-0.85955255,-0.37786573,-0.94572324,0.0
0.22222799,-0.23574442,0.2198366,0.98476602,-0.37786573,1.0927906,0.0
-0.15939177,-0.42595931,9.989496329427736,0.5040131745850941,-0.37786573,1.2390517,0.3308482609781233
-0.10569738,-0.32421646,-0.27606055,0.77716942,-1.7383389943905592,0.95567082,0.0
1.4019863485070287,-0.27998044,0.039510361,0.40163899,-0.37786573,1.1720153,0.0
-0.78441482,-0.47019533,-0.59163147,-0.85955255,-0.37786573,-0.94572324,0.036173084671186816
-0.051494837,-0.35960528,-0.095734317,-0.85955255,10.0049654879065,-0.94572324,-0.24666968756979604
-0.78441482,-0.47019533,-0.59163147,-0.85955255,10.0049654879065,-0.94572324,0.0
1.664185,4.0507262,0.7558983849151942,1.6096655,-0.37786573,0.67838418,0.0
0.064363094,-0.2136264,0.17475504,0.94003992,-0.37786573,1.3548417,0.0
-0.78441482,-0.47019533,-2.758613242117134,-0.85955255,-6.316104988263947,-0.94572324,0.0
-0.78441482,-0.47019533,-0.59163147,-0.85955255,-0.37786573,-0.94572324,0.0
-0.24205065,-0.23132081,-0.230979,-1.6571134546673287,2.0590033,0.81550395,0.0
0.04166578,-3.7353762684480705,0.62557063,0.43539453,0.04275527,3.9275772468256367,0.0
-0.78441482,-0.47019533,-0.59163147,0.22435707678112793,-0.37786573,-0.94572324,0.0
-0.78441482,-0.47019533,-0.59163147,-0.85955255,-0.37786573,-0.94572324,0.0
9.997237792011457,10.0000062172904,-0.59163147,-0.85955255,-0.4434121196243218,-0.94572324,0.0
0.3253822,6.513966268875787,0.35508128,0.73117749,0.72253148,0.5839239,0.0
4.090150305670772,-0.45250093,-0.45638679,-0.85955255,-1.9069144595504977,-0.94572324,0.0
0.31420293,-0.014564304,0.039510361,0.62611336,0.46189463,1.1811567,1.5306232895807108
-0.78441482,-0.47019533,-0.59163147,-0.85955255,-0.37786573,-0.94572324,-0.39178472714674145
-0.78441482,-0.47019533,-0.59163147,-0.85955255,-0.37786573,-0.94572324,0.8468663760246316
-0.079951171,-1.4380445587411788,9.989496329427736,-0.85955255,-0.37786573,-0.94572324,0.0
0.48765106,3.1084989,1.1665493,1.1712654,0.042096764,0.31882569,0.0
-0.61147484,-0.37729969,7.1173152,-0.85955255,10.0049654879065,-0.94572324,0.0
-0.56032119,-0.42595931,1.6624465,1.318524,0.40634961,0.57173548,0.0
0.08604411,-0.32864006,9.989496329427736,3.157857136312744,0.010225051,1.2908525,0.0
0.39008649,0.18007419,3.678643046112725,-0.85955255,-0.37786573,-0.94572324,0.0
0.83319226,10.0000062172904,-0.18589744,1.6370919,-0.37786573,1.1202145,0.0
-0.78441482,-0.47019533,-0.59163147,-0.85955255,-0.37786573,1.285964517608738,0.0
-0.4202415,-0.44365372,0.12967348,0.74383582,-0.37786573,10.006245889191648,0.0
-0.78441482,-0.47019533,-0.59163147,-0.85955255,-0.37786573,-0.94572324,0.0
-0.22036963,-0.44807732,0.71573375,1.2843465,-0.37786573,0.70276103,0.0
-0.78441482,-0.47019533,-0.59163147,-3.1966432184270355,-0.37786573,-0.94572324,0.0
0.11162093,-0.13842517,0.58048907,0.13201657,-0.37786573,1.0348956,0.0
2.10475,-0.43480652,-0.50146835,-0.85955255,-0.37786573,-0.94572324,0.0
1.8216558386925803,-0.26670963,-3.5364090513990787,0.54256838,-3.4982081595943684,0.83378658,0.0
-0.78441482,-0.47019533,-0.59163147,-0.85955255,-0.37786573,-1.543061260369909,0.0
0.3631546,-0.08534194,-0.36622367,1.7856163,2.3577268667411517,1.2268632,0.0
-0.78441482,-0.47019533,-0.59163147,-0.85955255,-0.37786573,-0.94572324,0.0
0.59182157,-0.45250093,-0.050652758,-0.85955255,-0.37786573,10.006245889191648,0.0
-0.18073402,0.14259343806601132,1.0313047,0.39446593,-0.022469794,1.278664,0.0
0.24238456,-0.29767485,0.58048907,0.55142922,0.096291845,10.006245889191648,0.0
9.997237792011457,-0.45250093,-0.50146835,-0.85955255,-0.37786573,-0.94572324,0.0
-0.035742224,-0.31979286,-0.230979,-0.85955255,-0.37786573,-0.94572324,0.0
-4.315654096306507,-0.47019533,9.989496329427736,-0.85955255,-1.159642103141331,-0.94572324,1.5306232895807108
-0.78441482,-0.47019533,-0.59163147,-0.85955255,-0.37786573,-0.94572324,0.0779192841234607
-0.0093184852,-0.39057049,-0.14081588,0.61556475,0.75015583,1.1293559,0.0
0.042004546,-0.27555684,-0.230979,0.95185436,0.71746099,1.1506856,-0.08808495186923022
0.52406839,-0.31094565,-0.41130523,1.45439,2.4081105,1.2603814,0.0
-0.78441482,-0.47019533,-0.59163147,-0.85955255,-0.37786573,0.19347421781328422,0.0
-0.10603614,-0.28882764,-0.050652758,0.64678863,-0.37786573,1.0257543,0.0
-0.12517642,-0.41711211,0.17475504,10.004555584272547,-3.4896852963391125,-0.94572324,0.0
-0.78441482,-0.47019533,-0.59163147,-0.85955255,-0.37786573,-0.94572324,0.0
0.45021743,2.5796501225460142,-0.14081588,1.0020657,0.65500165,1.2664756,0.0
1.2397113,2.2724381,-0.45638679,1.6024925,-0.37786573,0.74542051,0.0
-0.15837547,-0.10745995,0.17475504,-0.85955255,-0.37786573,-0.94572324,0.0
1.5772915,-0.35518168,-0.45638679,-0.85955255,-0.37786573,-0.94572324,0.0
1.7592088,2.4184169,-0.41130523,0.9970024,10.0049654879065,0.74542051,0.0
1.423153,2.0645287,-1.092819096571992,1.2248523,1.1905649,0.52602889,0.0
0.11212908,-0.15169597,-0.230979,-0.85955255,-0.37786573,-0.94572324,0.0
0.64704041,0.45876114,-0.095734317,1.675145258176792,-5.50780730920766,2.3840469360626786,0.0
0.47359228,2.898353990865667,-0.095734317,-0.85955255,-0.37786573,-0.94572324,0.0
-0.13042729,-0.43480652,0.2198366,-0.85955255,-0.37786573,-0.94572324,0.0
-0.78441482,-0.47019533,-0.59163147,-0.85955255,-0.37786573,3.5750047054509912,0.0
-0.010334783,-0.28440404,0.49032595,0.86198022,-0.37786573,0.8916816,0.0
0.39957193,0.35259468,-0.230979,0.53117589,-0.37786573,0.56868837,0.0
-0.78441482,10.0000062172904,-1.924479460592267,-0.85955255,-0.37786573,-0.94572324,0.0
-0.78441482,-0.47019533,-0.59163147,-2.3952282182264804,-0.37786573,-0.94572324,0.0
-0.78441482,-0.32421646,6.7115811,-0.85955255,-0.37786573,-0.94572324,0.0
0.120937,-0.29767485,-0.230979,1.970006,1.0683462,1.1171674,0.0677014703724947
-0.089267233,1.2719798508434086,0.89605999,0.67759056,0.18591457,1.2420988,0.0
-0.78441482,-0.47019533,-0.59163147,-0.85955255,-0.37786573,10.006245889191648,0.0
0.71716495,0.096025752,-0.14081588,1.2033332,-0.37786573,1.104979,-0.9480109599878059
9.997237792011457,-0.47019533,-0.59163147,-0.85955255,1.0599030610526605,-0.94572324,0.0
-0.78441482,-0.47019533,-0.59163147,-0.85955255,-0.37786573,-4.646043241545891,0.0
9.997237792011457,-0.27555684,9.989496329427736,0.055644655,0.12901962,1.4188309,0.0
0.37568894,0.21988661,-0.27606055,0.86324606,1.9624333,1.1293559,0.0
-0.15075324,-0.34633447,0.49032595,0.86324606,1.9624333,0.34929675,0.0737525906034346
0.96548034,2.0114455,-0.18589744,-1.8297424245886473,-0.37786573,1.1842038,0.0
-0.78441482,-0.47019533,9.989496329427736,-0.85955255,-0.37786573,-0.94572324,0.0
0.64551596,0.63128162,-0.45638679,1.5809733,-0.37786573,1.0440369,0.0
-0.07182079,-0.41711211,-2.1946315015737765,-2.9376876500478883,-0.37786573,-0.94572324,0.0
-0.78441482,-0.47019533,-0.59163147,-0.85955255,-0.37786573,-0.94572324,0.0
3.2776411361581896,3.70410451498337,-0.32114211,1.1349782,-0.37786573,0.96176503,0.0
-0.78441482,-0.47019533,-0.59163147,10.004555584272547,-0.37786573,-0.5161041491686638,0.0
0.063346796,-0.24901522,-0.0055711987,0.08349298,-0.37786573,1.2024864,0.0
-0.5035779,-0.42153571,0.30999972,0.63666197,10.0049654879065,0.87949317,0.04837468746215494
1.6154027,4.2896007,0.039510361,2.2096703,-0.37786573,-0.36181955102088215,0.0
2.3611958,-0.44365372,-0.54654991,10.004555584272547,-0.37786573,-0.94572324,0.0
-3.406919476112594,-0.47019533,-0.59163147,-0.85955255,-0.37786573,-0.94572324,0.0
0.12517157,0.4962912241746603,-0.18589744,0.6303328,-0.37786573,5.876521109748121,0.0
-0.16040807,-0.35075807,-0.27606055,5.478449470616672,4.1331998,1.0044245,0.0
-0.78441482,-0.47019533,-0.59163147,-0.85955255,-0.37786573,-0.94572324,0.0
-0.52796905,-0.44807732,1.1214678,1.8881488,-0.37786573,0.39195623,0.0
0.79846876,1.3213636,0.85097843,0.21682738,0.055826623,0.77893868,0.0
9.997237792011457,-0.31979286,0.71573375,-0.986859490195941,-0.37786573,-1.7855299589471565,0.0
-0.14499422,-0.37729969,-0.230979,10.004555584272547,1.944917,-0.0728985121661021,1.5306232895807108
1.8259457,2.5865138,-0.0055711987,2.0252807,-0.37786573,0.48641652,0.0
-0.19801108,-0.38614689,-0.18589744,0.57674587,-0.37786573,1.1202145,0.0
-0.78441482,-0.47019533,-0.59163147,-0.85955255,-0.37786573,-0.94572324,0.0
0.13431825,-0.34633447,0.89605999,-0.85955255,-0.37786573,-0.94572324,0.0
-0.0074552728,3.6783700535279253,0.35508128,0.66535418,2.12136709613295,1.1811567,0.0
0.97953912,1.5336965,0.40016284,10.004555584272547,0.19233501,0.74846762,0.0
0.68972491,0.73302447,-0.27606055,-0.85955255,-0.37786573,-0.94572324,0.0
-0.78441482,-0.47019533,-0.59163147,-0.85955255,-0.37786573,-0.94572324,0.0
-0.15989992,-0.27113323,-0.0055711987,0.61556475,0.8357946,1.4462549,-0.3702545639728758
-0.78441482,-0.47019533,-0.59163147,-0.85955255,-0.37786573,-0.94572324,0.0
0.16988867,10.0000062172904,-0.230979,0.69573417,1.1520423,1.0013774,0.0
-0.78441482,-0.47019533,-0.59163147,1.1959974032728926,-0.37786573,-0.94572324,0.0
-0.78441482,10.0000062172904,9.989496329427736,-0.85955255,-0.37786573,-0.94572324,0.0
0.23425418,-0.41268851,-0.230979,1.265359,-0.37786573,1.3731243,0.0
9.997237792011457,-0.47019533,-0.59163147,-0.85955255,-0.37786573,5.054601938447519,0.0
9.997237792011457,-0.47019533,-0.59163147,-0.85955255,-0.37786573,-0.94572324,0.0
0.75087215,4.86504701433255,-0.27606055,1.0493235,-0.37786573,1.0440369,-0.6369193457689352
0.75087215,10.0000062172904,-0.36622367,-0.85955255,-0.37786573,-0.94572324,0.0
0.43531173,0.3294109479074351,1.3468756,0.39151232,-0.37786573,0.55954706,0.0
-0.28338008,-0.35960528,0.53540751,0.60332837,0.85031466,0.93434108,0.0
-0.78441482,-0.47019533,-0.59163147,1.9372177006869853,-0.37786573,-0.94572324,0.0
1.4004557,1.4408008,0.039510361,1.4873017,-0.37786573,1.0958377,0.0
1.3157643,5.0327659,0.7134875101911919,10.004555584272547,-0.37786573,0.48336941,0.0
1.1914372,2.8784716,-0.14081588,-0.85955255,-0.37786573,10.006245889191648,0.0
-0.12314382,-0.44807732,1.5272018,10.004555584272547,0.505173077284428,1.6995058760915505,0.0
-0.069449429,-0.33306367,9.989496329427736,-0.85955255,-0.37786573,-0.94572324,0.0
0.0037240013,-0.4038413,-0.095734317,-0.85955255,-0.37786573,-0.94572324,0.7415145609898224
-0.78441482,-0.47019533,-0.59163147,-0.85955255,-0.37786573,-0.94572324,1.5306232895807108
-0.78441482,-0.47019533,-0.4998261983029357,2.5376036552450336,-0.37786573,-0.94572324,0.0
2.794588734550112,8.44243552355615,0.30999972,0.2894018,-0.37786573,0.90691713,0.12421527494602609
-0.78441482,-3.0282118963496147,9.989496329427736,-0.85955255,-0.37786573,-0.94572324,0.0
0.198345,-0.049953122,1.7075281,-0.36418993,-0.37786573,1.4864816437453032,0.0
-1.5742595801783303,-0.9672045893144259,-0.0055711987,-0.85955255,-0.37786573,-0.94572324,0.0
-0.78441482,-0.47019533,-0.59163147,-0.85955255,-0.37786573,-0.94572324,0.0
0.18530251,-3.7916247741201436,-0.45638679,0.72906777,-0.37786573,10.006245889191648,0.0
-0.78441482,1.4699593764679832,-0.59163147,-0.85955255,-0.37786573,-0.94572324,0.0
0.047086034,-0.38614689,0.08459192,0.96240297,-0.37786573,1.6047044,-0.07338463740707303
9.997237792011457,-0.47019533,-0.59163147,-0.85955255,-0.37786573,-0.94572324,0.0
-0.78441482,-0.47019533,-0.59163147,-0.85955255,-0.37786573,-0.94572324,0.0
0.15786248,0.15353258,-0.095734317,2.032460113577972,0.89068111,1.1537327,0.32182197106751304
1.7391404988722279,2.5201598,2.6091592,-0.85955255,-0.37786573,-0.94572324,0.0
1.0750711,5.0593075,0.17475504,-0.18504096308480728,-0.37786573,0.27616621,0.0
9.997237792011457,-0.34191087,-1.7899890130180682,0.050159379,0.51460807,1.0501311,0.0
-0.3269115,-3.2703298098292732,1.8427727,-2.2709556430648687,0.26246595,1.1141203,-0.4332144852702468
0.65398511,0.74629528,-0.095734317,1.1476365,10.0049654879065,1.0775551,0.0
-0.78441482,-0.47019533,-0.59163147,-0.85955255,10.0049654879065,-0.94572324,0.0
-0.78441482,-0.47019533,-0.59163147,-0.85955255,-0.37786573,-0.94572324,0.0
-0.062165963,-0.37729969,9.989496329427736,-0.85955255,-0.37786573,-0.94572324,0.0
0.12212268,-0.33306367,-0.50146835,-0.85955255,-0.37786573,-0.94572324,0.4311118407594702
1.203294,1.5602381,-0.095734317,1.6303408,-0.37786573,0.72104367,0.0
-0.068602514,-0.14284877,3.5107904,0.86451189,0.56633375,10.006245889191648,0.0
-0.0022044017,-0.04552952,7.96699868694207,0.35649095,-0.37786573,0.50469915,0.0
2.7504378,-0.43923012,-0.36622367,-0.85955255,-0.37786573,-0.94572324,0.0
-0.27237019,-0.36402888,1.301794,-0.85955255,-0.37786573,-0.7844961688002781,0.0
-0.065892387,-0.25786243,0.62557063,-0.85955255,-0.37786573,-0.94572324,0.0
-0.78441482,-0.47019533,1.0542260441331455,-0.85955255,-0.37786573,-0.94572324,0.0
-0.78441482,-0.47019533,-0.59163147,-0.85955255,-0.37786573,-0.94572324,0.0
-0.78441482,-0.47019533,-0.59163147,10.004555584272547,-0.37786573,-0.94572324,0.0
-0.78441482,-0.47019533,-1.4178073964689004,-0.85955255,-0.37786573,-0.94572324,0.0
-0.78441482,-2.7326242123323,-0.6220508357720065,-0.85955255,-0.37786573,-0.94572324,0.0
0.88197455,-0.45250093,9.989496329427736,-0.85955255,-0.37786573,10.006245889191648,-0.055622970055308
0.0002878140785468747,-0.3949941,0.039510361,0.7932033,1.958153,1.2634285,0.0
-0.21749012,-1.5613460424211623,-0.27606055,-0.85955255,-4.25989431578116,-0.94572324,0.0
0.21443638,-0.0057170995,0.49032595,0.85143162,-0.37786573,1.1232616,0.0
-0.37281428,-0.37729969,0.49032595,0.44974064,0.51872374,1.0379427,0.4345973030834784
-0.27812921,-0.3949941,-0.230979,1.8172621,1.7567817,10.006245889191648,0.0
-0.78441482,-0.47019533,9.989496329427736,-0.85955255,-3.7631907975961605,10.006245889191648,0.0
-0.5056105,-0.41711211,2.7894855,0.89868938,0.22407502,0.7393263,0.0
9.997237792011457,-0.47019533,-0.59163147,-0.85955255,-0.37786573,-0.94572324,0.0
-0.9466806936489933,-0.47019533,-0.59163147,10.004555584272547,-0.37786573,-0.94572324,0.0
9.997237792011457,-0.42153571,-0.32114211,0.89109438,1.8832808,1.1872509,1.5306232895807108
0.2986197,0.020824514,0.40016284,-0.85955255,-0.37786573,-1.2643326985256325,0.0
1.939861322884231,-0.47019533,-0.59163147,-0.85955255,-0.37786573,-0.94572324,0.6254894920397415
1.8549102,4.5373224,-0.095734317,0.85311939,-0.37786573,0.32796701,0.0
1.9266009410212632,-0.47019533,-0.59163147,-0.85955255,10.0049654879065,-0.94572324,0.0
-0.34486609,-0.37287609,1.2116309,0.65100807,1.565288,0.71190235,0.0
-0.78441482,-0.47019533,-0.59163147,-0.85955255,-0.37786573,-0.94572324,0.0
1.6341875665790988,-0.16496678,0.67065219,1.3970056,0.50884614,1.0714608,0.0
0.10687821,0.0075537073,3.568705759991959,0.6265353,-0.37786573,-3.364679725092466,0.0
-0.78441482,-0.47019533,-0.59163147,-0.85955255,-0.37786573,-1.1508856540258863,0.0
-0.78441482,-3.413958249859803,9.989496329427736,2.1565170937040943,-0.37786573,-0.94572324,0.0
1.0293377,4.7275373,-0.45638679,1.1910968,-0.37786573,1.0044245,0.0
-0.26474796,-0.43480652,0.35508128,0.52822228,0.21795091,3.5150810379794306,0.0
-0.11433591,-0.41268851,0.039510361,10.004555584272547,0.50308421,1.2055335,0.0
-1.9895729047584865,-0.45250093,0.039510361,-0.85955255,-0.37786573,-0.94572324,0.0
-3.867690000273995,-1.7317924296324616,-0.59163147,-0.85955255,-0.37786573,-0.94572324,0.0
-0.43243707,-0.21805001,5.7197868,0.69573417,-0.37786573,0.92215265,0.0
0.20935489,-0.33306367,0.17475504,0.48476201,-0.37786573,0.95871792,0.0
-0.78441482,-0.47019533,-0.59163147,2.4151795285735793,10.0049654879065,-0.5016460867363284,0.0
-0.78441482,-0.47019533,9.989496329427736,-0.85955255,-0.37786573,-0.94572324,0.0
-0.78441482,-0.47019533,9.989496329427736,-0.85955255,-0.37786573,-2.609562090118733,0.0
0.064532477,-0.37287609,9.989496329427736,10.004555584272547,0.54888333,1.1781095,0.0
-0.78441482,-0.47019533,-0.59163147,-0.85955255,-0.37786573,-3.292641935802811,0.0
-0.78441482,-0.47019533,-0.59163147,-0.85955255,-0.37786573,-0.94572324,0.5546935749322727
0.56912426,0.065060536,-0.27606055,1.6805522,-4.911546409609031,0.97395345,0.0
-0.78441482,-0.47019533,-0.59163147,-0.85955255,-0.37786573,-0.94572324,0.0
0.73901535,0.25527543,-0.45638679,-0.85955255,-0.37786573,-0.94572324,0.0
0.60520282,-5.144611779603175,-0.18589744,-0.85955255,-0.37786573,-0.94572324,0.0
0.53965162,0.53838598,-1.4966547827449213,0.94003992,0.93015857,2.1884337599573573,0.0
-0.16515079,-0.38172329,-0.0055711987,0.54510005,0.65816248,1.3609359,0.0
-0.78441482,1.3144249444509564,-0.59163147,-0.85955255,-0.37786573,-3.2561344856665677,0.0
-0.29760825,0.034095321,1.0763862,0.95860547,0.50446707,1.0927906,0.0
0.16921113,0.17565059,0.12967348,0.8227394,0.53123536,1.1110732,0.0
0.9360077,4.7496553,-0.0055711987,1.3902545,-0.37786573,0.77589157,0.0
0.6868454,0.34817108,-5.404493357851976,1.1105054,-3.728376764586,1.1384972,0.0
-0.78441482,-0.47019533,-0.59163147,-0.85955255,-0.37786573,-0.94572324,0.0
-3.2871117718119134,1.4714881291617958,-0.0055711987,1.3902545,-0.37786573,1.2725698,0.0
0.062838647,10.0000062172904,-0.095734317,10.004555584272547,-0.37786573,-0.94572324,0.0
-0.78441482,-0.47019533,-0.59163147,-0.85955255,-0.37786573,-0.94572324,0.0
-0.38788936,-0.3949941,2.5189961,0.77337192,0.058065545,0.91910555,0.0
0.18276177,-0.17823759,0.40016284,-0.85955255,-0.37786573,1.2674388161680006,0.0
-0.098244529,-0.43038291,0.67065219,-0.85955255,-0.37786573,-0.94572324,0.0
0.18259239,1.5602381,0.26491816,1.0316018,1.3174415375743591,0.52602889,0.0
-0.15329398,-0.35960528,-0.095734317,-0.85955255,-0.37786573,-0.94572324,0.0
-4.618509667904463,-0.47019533,-0.59163147,10.004555584272547,-0.37786573,-0.94572324,0.0
0.67549674,1.8521958,9.989496329427736,-0.85955255,-0.37786573,-0.94572324,0.0
-0.78441482,-0.47019533,-0.59163147,-0.85955255,-0.37786573,-0.94572324,0.0
-0.78441482,10.0000062172904,-0.59163147,-2.7929926119932347,-0.37786573,-0.94572324,1.5306232895807108
0.6590666,3.8118516,0.17475504,0.98856352,-0.37786573,0.6326776,0.0
-0.22782248,-0.35075807,0.26491816,0.98771963,0.33381512,1.1720153,0.0
0.53321507,0.15353258,-0.41130523,1.0307579,-0.37786573,1.01966,0.547791486483685
0.70429184,0.77283689,1.2567125,-4.927824732059133,-0.37786573,-0.94572324,0.0
1.7846162,-0.45250093,-0.54654991,-0.85955255,-0.37786573,-0.94572324,0.0
0.90246988,6.435963437395136,-0.14081588,4.641047239640962,10.0049654879065,0.69666682,0.0
-0.45784451,-0.43480652,2.6993224,0.11345103,-0.12144331,1.2390517,0.0
1.8584672,1.2859748,-0.095734317,1.8071355,1.7952549654076413,-1.240987509947527,0.0
-0.78441482,-0.47019533,-0.59163147,-0.85955255,-0.37786573,-0.94572324,0.0
0.5114307268764701,-0.47019533,-0.59163147,-0.85955255,-0.37786573,-0.94572324,0.0
-0.5194999,-2.689037104905272,-0.59163147,-0.85955255,-0.37786573,-0.94572324,0.0
0.27422856,-0.17381398,-0.36622367,0.87674828,-1.7204959952973051,4.251052559201978,0.0
0.037974804284081065,0.3791363,-0.41130523,-0.85955255,-0.37786573,-0.94572324,0.0
-0.057253857,-0.38614689,0.85097843,1.3885667,-0.37786573,0.80331553,0.0
0.34570816,0.15353258,0.44524439,0.82020774,-0.37786573,1.2634285,0.0
0.092311279,-0.37287609,-0.36622367,0.91894271,2.26854,-0.4599470312648899,0.0
-1.8847760411412882,-0.47019533,-0.59163147,7.020159630549454,-0.37786573,-0.94572324,1.5306232895807108
-0.78441482,-0.47019533,-0.59163147,-0.85955255,-0.37786573,-0.94572324,0.0
-0.78441482,-0.47019533,-0.59163147,-0.85955255,-0.37786573,-0.94572324,0.0
-0.25881956,-0.43038291,1.5272018,1.9159100973970977,-0.051279452,5.83325756218775,0.0
-1.957185784773063,-0.31979286,0.2198366,0.80712747,0.61990325,10.006245889191648,0.0
0.42853642,4.2851771,9.989496329427736,-0.85955255,10.0049654879065,-0.94572324,0.20380633389120392
0.50086293,0.18007419,0.17475504,-0.85955255,-0.37786573,10.006245889191648,-0.8698496783540951
2.130992399876247,-0.13842517,-0.45638679,-0.85955255,-0.37786573,-0.94572324,0.0
-0.78441482,-0.47019533,-0.59163147,-0.85955255,-0.4920243730960184,-0.94572324,1.162842322432901
-0.18446045,-0.36845248,0.67065219,1.6543916,0.55800365,0.76979736,0.0
-0.78441482,-0.47019533,-0.59163147,-0.85955255,-2.4309945278732146,-0.94572324,1.5306232895807108
2.2449991,-0.45250093,-0.45638679,-0.85955255,-0.37786573,10.006245889191648,0.0
-0.033879011,-0.43480652,-0.41130523,1.3147265,10.0049654879065,1.6961175,-0.3233789117852032
-0.78441482,-0.45250093,2.4739146,-3.2478570829203366,-0.37786573,5.57976791032592,0.0
0.13719776,-0.08534194,1.4709145813091449,0.63328641,0.34412075,1.0288014,0.0
0.78288553,2.6926803,-0.050652758,-0.85955255,-0.37786573,-0.94572324,0.0
-0.78441482,-0.43480652,3.777577883427643,-0.85955255,1.210349313783225,-0.6407259275920492,0.0
-0.78441482,-0.47019533,-0.59163147,-0.85955255,-0.37786573,-0.94572324,0.0
4.005203925791751,-0.45250093,-0.0055711987,0.1780085,2.0405651,10.006245889191648,1.5306232895807108
-0.23544471,-0.45250093,-0.050652758,-0.85955255,-0.37786573,-0.94572324,1.5306232895807108
1.182968,2.4405349,0.35508128,4.273222136047115,0.60218943,0.57782969,0.0
-0.57573504,-0.44365372,2.2935883,3.4906622687994444,-0.37786573,0.75760894,0.0
-0.78441482,10.0000062172904,-0.59163147,-0.85955255,-0.37786573,-0.94572324,0.0
-0.78441482,-0.47019533,-0.59163147,-0.85955255,-0.37786573,10.006245889191648,0.0
-0.21732074,-0.45250093,-0.36622367,2.668196532447551,-0.37786573,0.44680414,1.5306232895807108
-0.78441482,-0.47019533,-0.59163147,-0.85955255,-0.37786573,-0.94572324,0.0
-0.40347259,-0.44807732,-0.18589744,-0.12241584,-0.37786573,0.66619576,0.0
-0.27067636,-0.45250093,-0.18589744,1.0400407,-0.37786573,0.96481214,0.0
-0.38467108,-0.43480652,9.989496329427736,10.004555584272547,-0.37786573,0.87035185,0.0
0.054708266,-4.950046572881308,1.1665493,1.1826579,0.31086617,0.92824687,0.0
-0.78441482,-0.47019533,-0.59163147,-0.85955255,10.0049654879065,-0.94572324,0.0
-0.25424622,-0.38614689,-4.913647041513791,0.2856043,-0.37786573,1.0044245,0.0
-0.78441482,-0.47019533,-0.59163147,-0.85955255,-0.37786573,-0.94572324,0.0
4.668427673345449,-0.47019533,-0.59163147,-0.85955255,-0.37786573,-0.94572324,0.0
1.4197654,1.7902654,-0.32114211,0.80206413,1.0883977,0.73323209,0.0
-0.78441482,-0.47019533,-0.59163147,-0.85955255,-0.37786573,-0.94572324,0.0
0.11873502,0.34817108,0.49032595,1.3704231,1.1905649,0.89777581,0.0
-0.78441482,-0.47019533,-0.59163147,-0.85955255,-0.37786573,-0.94572324,0.0
0.099086597,-0.098612747,-0.41130523,0.47885479,-0.37786573,0.8398808,0.0
0.64382213,0.40567791,-0.14081588,0.51978339,-0.37786573,0.90996423,0.0
0.12940614,-0.28440404,0.49032595,0.53455144,-0.37786573,1.3213235,0.0
-0.28490453,-0.35075807,-0.0055711987,-0.85955255,-0.37786573,-0.94572324,0.0
0.73427262,-0.0012934972,-3.843312008577168,0.38349538,1.4300637,1.4889143,0.0
0.37738277,0.13583817,-0.18589744,0.84805606,-0.37786573,1.2085806,0.0
-0.17683821,-0.076494735,0.62557063,1.1024885,-0.37786573,0.70885524,0.0
-0.78441482,-0.47019533,-0.59163147,-0.85955255,-0.37786573,-3.874295350287596,0.0
-0.15193892,-0.22247361,0.08459192,1.0856107,-0.37786573,1.0623195,0.0
9.997237792011457,-0.47019533,-0.59163147,-0.85955255,-3.6205170782637586,10.006245889191648,0.0
-0.19292959,-0.43923012,2.4323524909773893,0.99489268,0.78999547,1.1263087,0.0
-0.78441482,-0.47019533,-0.59163147,-0.85955255,-0.37786573,-0.94572324,0.0
2.030517099186286,-0.3994177,0.44524439,1.5784417,-0.37786573,0.97090635,0.0
-0.27863736,-0.44807732,0.08459192,-0.85955255,10.0049654879065,-0.94572324,0.0
0.10755574,-0.45250093,-0.41130523,1.8219035,-0.37786573,1.0623195,0.0
-0.78441482,-0.47019533,9.989496329427736,10.004555584272547,-0.37786573,-0.94572324,0.0
-0.78441482,-0.47019533,-0.59163147,-0.85955255,-0.37786573,-0.94572324,0.0
-0.27914551,-0.32864006,-5.563804387018983,1.0168338,0.78541885,1.0501311,0.0
1.0662632,1.3257872,-0.230979,1.3189459,-0.37786573,0.65096023,0.0
-0.41634569,-0.3994177,-0.14081588,0.28138486,-0.37786573,-0.3285858802485637,0.0
0.214267,-0.24459162,0.039510361,-0.85955255,-0.37786573,-0.94572324,0.0
-0.78441482,10.0000062172904,-0.59163147,-0.85955255,-0.37786573,10.006245889191648,0.0
0.40854923,-0.45250093,0.1538364941049375,-0.85955255,-0.37786573,-0.94572324,0.0
9.997237792011457,-0.39057049,-0.0055711987,0.63919363,1.2283961,1.1506856,1.5306232895807108
9.997237792011457,-0.9509492143078047,-0.59163147,-0.85955255,-0.37786573,-0.94572324,0.0
-4.576782663852091,-0.45250093,-0.230979,2.971336545272977,2.7769399,2.463792200083959,0.0
-0.78441482,-0.47019533,-0.59163147,-0.85955255,-0.37786573,-1.3500612740273679,0.0
-0.12670086,-0.31979286,2.3636580124096995,0.2894018,-0.37786573,0.92519976,0.0
-0.78441482,-0.47019533,-0.59163147,0.4095727292456467,-0.37786573,-0.94572324,-0.25930552066382223
-0.78441482,-0.47019533,-0.59163147,-0.85955255,10.0049654879065,-0.94572324,0.0
-0.78441482,10.0000062172904,-0.59163147,-7.3508209605659,-0.37786573,-0.94572324,0.5902116558725472
0.11873502,0.42337232,-0.18589744,0.49573257,-0.37786573,0.64791313,0.0
0.74731511,0.99401701,-0.14081588,0.2007935,-0.37786573,10.006245889191648,0.0
-0.11924801,-0.18266119,0.26491816,0.53919283,-0.37786573,1.278664,0.0
0.3333432,10.0000062172904,-0.36622367,0.66071279,-0.37786573,10.006245889191648,0.0
-0.78441482,10.0000062172904,-2.4299949209926437,-0.85955255,-0.37786573,-0.17746209692463288,0.0
1.3884295,3.8560877,-0.18589744,1.2586079,-0.37786573,0.56564127,0.0
-0.78441482,10.0000062172904,-0.59163147,-0.85955255,-0.37786573,10.006245889191648,0.0
0.1993613,-0.45250093,-0.27606055,0.67421501,1.958153,0.94043529,0.0
-0.12687025,-0.31979286,-0.36622367,-0.900838606054033,-0.37786573,-0.94572324,0.0
-0.78441482,-0.07134546632934025,-0.59163147,2.2539727655441224,-0.37786573,-0.94572324,0.0
-0.78441482,-0.47019533,-0.59163147,-0.85955255,-0.37786573,-0.94572324,0.0
0.036584292,-0.25343882,-0.59163147,0.97674908,-0.37786573,0.19694146,0.0
1.9814392,10.0000062172904,-0.32114211,1.3294945,-0.37786573,0.41328597,0.0
-0.78441482,-0.47019533,-0.59163147,-0.85955255,-0.37786573,-0.94572324,0.0
0.28168141,-0.25343882,-0.36622367,0.8472082737621472,-0.37786573,-0.94572324,0.0
0.83691868,4.1878578,0.44524439,-0.12067280562289562,-0.37786573,2.3874010403397206,0.0
-0.78441482,-0.47019533,3.6888333667698046,-0.85955255,-0.37786573,-0.94572324,0.0
0.52457654,0.1977686,0.40016284,0.8493219,-0.37786573,0.2566442945699652,0.0
-3.032060571348716,-0.28882764,0.76081531,0.87421661,10.0049654879065,2.4476986776007967,1.5306232895807108
-0.11382776,-0.34191087,0.039510361,1.1176785,-0.37786573,0.64486602,1.5306232895807108
0.43954631,0.12256737,-0.050652758,1.0130363,0.89627841,1.0227071,0.0
-0.78441482,-0.47019533,-0.59163147,-0.85955255,-4.45825318469514,-0.94572324,0.0
2.0357023576105533,10.0000062172904,-0.59163147,-0.85955255,-0.37786573,-0.94572324,0.0
0.58640132,10.0000062172904,0.71573375,-0.85955255,-0.37786573,-0.94572324,0.0
-4.3877356333821105,-0.47019533,-0.59163147,-0.85955255,10.0049654879065,-0.94572324,0.0
0.299636,0.60031641,2.5996057603266043,1.2970048,-0.37786573,0.92519976,0.0
-0.78441482,-0.43923012,0.71573375,-0.85955255,-0.37786573,-0.94572324,0.0
9.997237792011457,2.5024654,-0.32114211,1.1261174,0.19579217,0.43461572,0.0
0.093666343,0.833322762858547,0.76081531,0.46872813,-0.37786573,1.1659211,0.0
2.1850082094737058,-0.44807732,-0.45638679,-0.85955255,-5.088737898469665,0.2906791285225385,0.0
0.24644975,-1.8849368007060017,-0.50146835,1.3143045,5.6511231,1.7601068,0.0
-0.78441482,-0.47019533,-0.59163147,-0.85955255,-0.37786573,-0.94572324,0.0
0.18005164,0.1844978,0.2198366,0.96240297,-0.37786573,1.4066425,0.0
0.44767669,1.4995610356092643,-0.36622367,-0.85955255,1.170285851608154,-0.94572324,0.0
0.056910245,-0.054376724,0.08459192,1.6375139,-0.37786573,10.006245889191648,0.0
0.16582348,10.0000062172904,2.188948762289577,1.4919431,-0.37786573,1.0897435,0.0
-0.15989992,-0.29767485,0.98622311,-0.85955255,-0.37786573,-0.94572324,0.0
0.55930005,2.6926803,-0.050652758,1.5645175,-0.37786573,0.55345284,0.0
-0.24950349,-0.3994177,0.89605999,0.64889835,0.14235437,1.2146748,0.0
-0.78441482,-0.47019533,-3.6697383395667487,-0.85955255,-0.37786573,-0.94572324,-0.3484429604465015
0.38856204,-0.2136264,-0.36622367,0.74678943,2.4914115,1.1750624,-0.25700211390325195
-0.78441482,-0.47019533,-0.59163147,-0.85955255,-0.37786573,-0.94572324,0.0
0.29997476,0.46760834,0.9974389421956316,1.0269604,-0.37786573,0.8576586710322932,0.0
-0.41109482,-0.43923012,0.71573375,1.3581867,0.77366451,0.43461572,0.0
-0.78441482,-0.47019533,-0.59163147,-0.85955255,-0.5693470245887887,-0.94572324,0.0
-0.78441482,1.9684371365160986,-0.59163147,-0.85955255,-0.37786573,-0.94572324,0.0
0.36434028,-0.023411508,-0.27606055,0.88518716,0.82143915,1.1963922,0.0
-0.78441482,-0.18708479,11.619538517898397,-0.85955255,-1.0972891129367195,-0.94572324,0.0
-0.78441482,-0.47019533,-0.59163147,-0.85955255,-0.37786573,-0.94572324,0.0
-0.42701682,-0.44807732,-0.32114211,0.4969984,10.0049654879065,1.0562253,0.0
-0.78441482,-0.47019533,-0.59163147,-0.85955255,-0.37786573,-0.94572324,0.0
-3.4245053564900125,-0.47019533,-0.59163147,-0.85955255,-0.37786573,-0.94572324,0.0
-0.062335345,-0.12073076,-0.32114211,10.004555584272547,3.0193362,1.2634285,0.0
0.41566331,0.12256737,0.89605999,-0.85955255,-0.37786573,-0.94572324,0.0
0.19580426,-0.16939038,0.30999972,10.004555584272547,-0.37786573,1.0135658,0.0
4.197488735149716,-0.47019533,-0.59163147,1.7606497708901379,-0.37786573,-0.94572324,0.0
0.30251551,0.0075537073,-0.41130523,-0.85955255,-0.37786573,-0.94572324,0.0
-0.54948068,-0.41711211,3.6460351,0.36282011,0.61888257,0.88558738,0.0
-0.22223284,-0.41711211,-0.095734317,-0.85955255,-0.37786573,-0.94572324,-0.7387929159209514
-0.78441482,-1.1981582002847435,9.989496329427736,-0.85955255,-0.37786573,-0.94572324,0.0
-0.78441482,-0.47019533,-0.59163147,-0.85955255,-4.295393702287978,-0.94572324,0.0
-0.78441482,-0.47019533,-0.7248773639133141,-0.85955255,-0.37786573,-0.94572324,0.0
-0.78441482,-0.47019533,-0.59163147,-0.85955255,-0.37786573,-1.3355862650488788,0.0
-0.27541908,-0.43480652,1.1665493,0.84341468,0.10244888,1.2360046,0.0
0.48578785,0.90554496,-0.0055711987,0.98307824,5.6132234527653795,1.1994393,0.0
0.24983741,-0.45250093,0.62557063,-0.85955255,-0.37786573,-0.94572324,0.0
-0.78441482,-0.47019533,-0.59163147,-0.85955255,-0.37786573,-0.94572324,0.0
0.10569253,10.0000062172904,-0.14081588,-4.579881608932546,-0.37786573,-0.94572324,0.0
-0.78441482,-0.47019533,-0.59163147,-0.85955255,-0.37786573,-0.94572324,0.0
-0.78441482,-0.47019533,-0.59163147,-0.85955255,-0.37786573,-0.94572324,0.0
0.59622553,-0.076494735,-0.27606055,1.6565014,1.0369354,0.87035185,0.0
-0.039976797,-0.33306367,-0.0055711987,0.50881284,1.2684663,1.0806022,0.0
-0.066569919,-0.3949941,-1.3963281547540036,0.024842721,0.51961272,10.006245889191648,-0.17522830169272083
-0.24357509,-0.43923012,0.67065219,0.42231426,-0.37786573,1.5254796,0.0
-0.39954904735834207,0.32605307,-0.095734317,1.1425732,0.9588036,1.1506856,0.0
0.61705963,2.8475063,-0.230979,0.7826547,1.0394048,0.19389435,0.0
0.11416168,0.3791363,-0.095734317,0.67759056,0.57370903,1.306088,0.0
0.23069714,3.710806979038791,9.989496329427736,1.0792815,0.95995599,1.1750624,0.0
0.42887518,-0.0012934972,-0.45638679,-0.85955255,-0.37786573,-0.94572324,0.0
0.12195329,-0.067647531,0.85097843,-0.85955255,10.0049654879065,-0.94572324,0.0
0.018799083,-2.625300583706739,1.3468756,0.87041911,0.13748142,1.2024864,0.0
-0.23561409,-0.31094565,0.17475504,-4.310349226109023,-0.37786573,-0.94572324,0.0
0.078252495,-0.14284877,-0.32114211,0.60290642,2.445777,2.372711079050875,0.0
0.14532814,-0.067647531,0.40016284,1.5847708,-0.37786573,10.006245889191648,1.5306232895807108
-0.78441482,-0.47019533,-0.59163147,-0.85955255,-0.37786573,-0.94572324,0.0
9.997237792011457,-0.47019533,-0.59163147,1.205335584024339,-0.37786573,-0.94572324,0.0
-0.78441482,-0.47019533,-0.59163147,-0.85955255,-0.37786573,-0.94572324,0.0
-0.78441482,-0.47019533,-1.7573048228500494,2.507385220397581,-0.37786573,-0.94572324,0.0
-0.33504188,-0.4038413,0.12967348,0.3522715,10.0049654879065,0.87035185,0.0
0.77560206,2.1485772,-0.27606055,10.004555584272547,-0.37786573,0.70885524,0.0
-0.78441482,-0.47019533,-0.59163147,-0.85955255,-0.37786573,-0.94572324,0.0
2.3132604,-0.45250093,-0.36622367,-0.85955255,-0.37786573,-0.94572324,0.0
-0.075039066,-0.43923012,0.26491816,-0.85955255,-0.37786573,-0.94572324,0.0
-0.13212112,-0.44365372,0.53540751,1.7155736,-0.37786573,0.49555783,0.0
-0.78441482,-0.47019533,-0.59163147,-0.85955255,-0.37786573,-0.94572324,0.0
-0.78441482,-0.47019533,-0.59163147,-0.85955255,-0.37786573,-0.94572324,0.0
-0.78441482,-0.47019533,-0.59163147,-0.85955255,-0.37786573,-0.94572324,0.0
-0.2554319,-0.42595931,0.2198366,0.64130335,1.1084163,10.006245889191648,0.0
9.997237792011457,0.020824514,-0.41130523,0.75016498,-0.37786573,1.0044245,0.0
-0.8433825051622954,-0.47019533,-0.59163147,-0.85955255,-0.37786573,-0.94572324,0.0
0.85080809,0.20219221,-0.0055711987,-0.8981382806070164,-0.37786573,1.1293559,0.0
0.6058689810106105,-0.47019533,-0.59163147,-0.85955255,-0.37786573,-0.94572324,0.0
0.5855544,0.75071888,-0.27606055,4.149302890649566,-0.37786573,1.0166129,0.0
-0.28964725,10.0000062172904,0.35508128,2.7134718,-0.020623643690182547,0.51688757,0.00727529551304727
0.0086361065,-0.27113323,0.30999972,0.94510325,0.23385384,1.565092,0.0
0.5581703746809926,0.016400912,0.35508128,2.595813987611032,1.2630994,10.006245889191648,0.0
-0.2533993,-0.39057049,0.26491816,10.004555584272547,-0.37786573,-0.94572324,0.0
-0.78441482,10.0000062172904,-0.59163147,-0.85955255,-0.37786573,-0.94572324,0.0
0.13838344,0.56050399,-0.0055711987,-0.85955255,-0.37786573,-0.94572324,0.0
-0.016601952,-0.24901522,0.2198366,0.92780354,0.39683419,1.0927906,0.0
0.15786248,-0.37729969,0.26491816,-0.85955255,-0.37786573,-0.94572324,0.0
0.15210346,-0.30209845,0.08459192,-3.645572919701297,0.61842161,1.2664756,0.0
-0.2345978,-0.26670963,3.8263613,-0.11988418,-0.12091651,1.1110732,0.0
0.026760081,0.1844978,0.35508128,1.1008007,1.3738273,1.0958377,0.0
-0.048445944,-0.27555684,4.0066876,1.522745,0.21307797,0.76675026,0.0
0.025235635,-0.26228603,0.44524439,3.7402705249813573,-0.37786573,1.3030409,0.0
0.015072658,-0.35075807,-0.41130523,-0.85955255,-0.37786573,-0.94572324,0.027398000826096763
-0.009751968909580078,-0.5316145994802336,-0.59163147,-0.85955255,-0.37786573,-0.94572324,0.0
0.3482489,-0.31979286,0.2198366,10.004555584272547,-0.37786573,0.87949317,0.5459894131466636
2.1750439,-0.35518168,-0.50146835,2.3649458,-0.37786573,1.0133236004972874,0.0
-0.78441482,-0.01588506222513225,-0.59163147,-0.85955255,-3.502138229240043,-0.94572324,0.0
-0.78441482,-0.47019533,-0.59163147,-0.85955255,-0.37786573,-0.94572324,0.0
-0.27779045,-0.3994177,1.6624465,0.95101047,0.12368571,10.006245889191648,0.0
-0.47427466,-0.45250093,1.301794,0.11556075,-0.37786573,0.71190235,0.24770906418655403
-0.78441482,-0.47019533,-0.59163147,-0.85955255,-0.37786573,-0.94572324,0.0
0.92279584,3.6039423,0.30999972,1.0299141,-0.37786573,0.4803223,0.0
-0.78441482,10.0000062172904,-0.59163147,-0.85955255,-0.37786573,-0.94572324,0.0
-0.78441482,-0.47019533,-0.59163147,-0.85955255,-0.37786573,-0.94572324,0.0
1.4450034,5.0548839,0.08459192,1.4982722,-0.37786573,0.64791313,0.0
-0.78441482,-0.47019533,9.989496329427736,0.019581773507007405,-0.37786573,-0.94572324,0.0
0.14227925,-0.6882587917502838,-0.41130523,-0.85955255,-0.37786573,-0.94572324,0.0
0.084689047,-0.058800326,0.62557063,-0.85955255,-7.9728584428087235,-0.94572324,0.0
0.11721057,-0.23132081,0.12967348,1.0451041,0.27003877,1.0775551,0.0
-0.78441482,-0.47019533,-0.59163147,-0.85955255,-0.37786573,-0.94572324,0.0
-0.042517541,-0.41711211,0.039510361,-0.85955255,-0.37786573,-0.94572324,0.0
0.025235635,-0.4082649,-0.41130523,-0.6148359654388409,-0.37786573,-0.94572324,-0.5230569211861342
0.63907941,0.88785055,-0.27606055,1.113881,1.3327694,1.1842038,1.5306232895807108
0.15904816,0.14468538,0.85097843,0.32779873,-0.37786573,0.94043529,0.0
-0.78441482,-0.47019533,-0.59163147,-0.85955255,-0.37786573,-0.94572324,0.0
-0.32134679097338537,0.1889214,1.1214678,1.0864546,0.81087013,0.97395345,0.0
3.3734282,-0.44807732,9.989496329427736,-0.85955255,-0.37786573,0.8374427508938209,0.0
-0.78441482,-0.47019533,-1.0293516588242015,-0.85955255,-0.37786573,-0.3213610865840778,0.0
-0.7812601821414751,-0.13842517,6.888122402910188,0.83877329,0.53561443,1.0348956,0.0
-0.23984867,-0.38172329,-0.18589744,1.3324481,1.0614648,1.0074716,0.0
0.72885237,0.67551765,0.08459192,10.004555584272547,1.3607035299209453,1.248193,0.0
-0.18913204804702322,0.43221952,0.17475504,-0.85955255,-0.37786573,-0.94572324,-0.09264725324557614
-0.22832631727897756,4.886787,2.05165287789693,-0.85955255,-0.37786573,-0.94572324,0.0
-0.20783529,-3.144867052755881,0.17475504,0.51134451,1.7510527,0.81550395,0.0
0.12957553,-0.36845248,-0.36622367,1.1953162,-0.37786573,1.2603814,0.0
0.085027813,5.55777571177313,-0.14081588,10.004555584272547,-0.37786573,10.006245889191648,0.0
-0.78441482,-0.47019533,2.297385132677144,-0.85955255,-1.4048019944175554,-0.94572324,0.0
-0.098752678,-0.37287609,0.12967348,0.7493211,0.65078721,1.2999938,1.5306232895807108
-0.016263186,-0.18266119,0.85097843,1.0586063,-0.070573691,1.4249251,0.0
-0.78441482,-0.47019533,-0.59163147,-0.16291724309450106,-0.37786573,-0.94572324,0.0
1.0242007798101689,-0.47019533,-0.59163147,-0.85955255,2.2036879804465106,-0.94572324,0.0
-0.12788654,10.0000062172904,-0.27606055,-0.85955255,-0.37786573,-0.94572324,0.0
-7.027415622293631,-0.41711211,-0.18589744,0.99826824,-0.37786573,1.3426533,0.0
-0.30489172,-0.44807732,0.039510361,-0.85955255,-1.391738602292429,-0.94572324,0.0
-1.571372579885567,-0.47019533,-5.777952784945886,-0.85955255,10.0049654879065,-0.94572324,0.0
-0.78441482,-0.47019533,-0.59163147,-0.85955255,-0.37786573,10.006245889191648,0.0
-0.78441482,-0.47019533,-6.2878505882877995,2.9947658115415905,-0.37786573,0.7653045652730142,0.0
0.36992992,10.0000062172904,-0.27606055,0.75902581,10.0049654879065,0.76370315,0.0
0.018121551,-0.41268851,0.40016284,1.2919415,0.25028358,1.2177219,0.0
0.73952349,1.6575573,0.039510361,2.3746506,-0.37786573,1.01966,0.0
0.26372681,-4.203057709310187,-0.18589744,0.80332997,-0.37786573,1.3152293,0.0
-0.2186758,-0.3994177,0.98622311,-0.85955255,10.0049654879065,-3.907166451701767,0.0
1.0537288,-3.7479845615115863,0.40016284,0.32062568,-0.37786573,0.38586202,0.0
-0.0030513164,1.9239554343147565,0.40016284,0.67759056,-0.37786573,1.0409898,0.0
9.997237792011457,-0.41711211,-0.50146835,-0.85955255,-0.37786573,-0.94572324,0.0
0.2628799,-0.44807732,-0.32114211,-0.85955255,-0.37786573,-0.94572324,0.0
-0.53118732,-0.45250093,-0.0055711987,1.0121924,3.0434375,0.78198578,0.0
0.009771417203605248,0.020824514,-0.14081588,0.60712586,-1.1058413486175471,0.71494946,0.0
-0.78441482,-0.5491626123233899,-0.59163147,-0.85955255,-0.37786573,-0.94572324,0.0
9.997237792011457,-0.47019533,-0.59163147,-0.85955255,-0.37786573,-0.94572324,0.0
-0.058778304,-0.41268851,-0.36622367,1.0320238,2.3734401,1.0501311,-0.36451812835349146
-0.78441482,-0.47019533,-0.59163147,0.22231218697876776,-0.37786573,-0.94572324,0.0
0.12805108,-0.18708479,-0.32114211,0.60290642,1.9459706,0.81855105,0.0
-0.18158094,-0.38172329,0.89605999,0.61598669,0.088422693,1.0592724,0.0
0.5924991,0.7897851309082226,-0.27606055,1.0569185,0.96390703,0.6357247,0.0
0.42531814,0.17565059,-0.0055711987,1.0375091,-0.37786573,1.3792185,0.0
-0.78441482,-0.47019533,-0.59163147,-0.85955255,-0.37786573,10.006245889191648,0.0
-0.062674111,-0.29767485,-0.45638679,0.68602945,3.4006443,0.3218728,0.0
-4.730941551084611,-0.47019533,-0.59163147,-0.85955255,-0.37786573,-0.94572324,-0.04525779236558168
0.24119888,3.0642629,-0.230979,1.0763279,-0.37786573,1.1354501,0.0
0.1348264,-0.36402888,-0.36622367,0.94046187,2.8835521,1.5285267,0.0
0.2469579,0.025248116,0.26491816,1.0889863,-6.368974294010418,1.4066425,0.0
-0.15989992,-0.22689721,-0.36622367,0.26113153,10.0049654879065,1.3213235,0.0
1.2200629,-0.43923012,-0.50146835,-0.20921958896119053,-0.9661465747903992,-0.94572324,0.0
1.7776715,4.1568926,-0.45638679,1.2417301,10.0049654879065,0.28530753,0.0
-0.78441482,-0.47019533,-0.59163147,-0.85955255,-0.37786573,0.49575455162946813,1.5306232895807108
-0.78441482,-0.47019533,-0.59163147,-0.85955255,-0.37786573,-0.94572324,0.0
0.0094830212,-0.21805001,-2.497118463375116,0.68265389,-0.37786573,0.96176503,0.0
-0.78441482,-0.47019533,-0.59163147,-0.85955255,-0.37786573,-0.94572324,0.0
-0.53034041,-0.45250093,0.039510361,-0.18359777,-0.37786573,0.95871792,0.0
-0.78441482,-0.47019533,-2.3670743382019532,-0.85955255,-0.37786573,-0.94572324,0.0
9.997237792011457,-0.44807732,-0.41130523,-0.85955255,-0.37786573,-0.94572324,0.0
0.2698246,0.087178548,9.989496329427736,1.3999592,0.027576696,0.96785924,0.0
-0.78441482,-0.47019533,-0.59163147,-0.85955255,-0.37786573,-0.94572324,0.0
-0.78441482,-0.47019533,-0.59163147,-0.85955255,-2.825864196287096,-0.94572324,0.0
-5.334224580567417,-0.47019533,-0.59163147,-0.85955255,-0.37786573,-0.94572324,0.0
-0.29269614,-0.39057049,0.40016284,1.264937,0.45837162,0.97090635,1.5306232895807108
0.2762895367774235,-0.15169597,0.12967348,0.49066924,0.74831201,10.006245889191648,0.0
9.997237792011457,-0.47019533,-0.59163147,-0.85955255,1.662876075233732,-0.94572324,0.0
0.049457395,-0.27555684,-0.230979,0.99615851,2.0338224242757104,0.67838418,0.0
-0.18039525,-0.32421646,0.62557063,0.1379238,1.0300211,1.0775551,0.0
-0.78441482,-0.47019533,-0.59163147,-0.85955255,-0.37786573,-0.94572324,1.5306232895807108
-0.78441482,-4.9382325920430015,-0.59163147,-0.85955255,-0.37786573,-0.94572324,0.0
-0.1680303,-0.44365372,1.3919571,1.0853955212826296,-0.37786573,-0.94572324,0.0
-0.78441482,-0.47019533,-0.59163147,-0.85955255,-0.37786573,-0.94572324,0.0
9.997237792011457,-0.47019533,-0.59163147,-0.85955255,-0.37786573,-0.94572324,0.0
0.32097825,0.029671718,0.71573375,2.2026323318544048,0.50430245,1.1689682,0.0
-0.11535221,-0.44807732,-0.0055711987,0.48349618,-0.37786573,1.1994393,0.3628829067860314
-0.78441482,10.0000062172904,-0.59163147,-0.85955255,-0.37786573,-0.94572324,0.0
1.3962212,-0.45250093,-0.54654991,-0.85955255,-0.2074799190766135,-0.94572324,0.0
-0.15871424,-0.14284877,1.4821203,0.72611416,-0.37786573,0.67838418,0.14316693151100443
-0.78441482,-0.47019533,-0.59163147,-0.85955255,-0.37786573,-0.94572324,0.0
0.44039322,-0.04552952,0.26491816,-0.85955255,-0.37786573,-0.94572324,0.0
-0.78441482,-0.47019533,9.989496329427736,-0.85955255,-0.37786573,-0.94572324,0.0
1.4714272,1.6133213,-0.230979,10.004555584272547,0.85317917,0.83378658,0.0
-0.016263186,-0.45250093,-0.18589744,-0.85955255,-0.37786573,-0.94572324,0.0
0.38449685,0.038518923,-0.41130523,1.5337156,2.0761903,1.0745079,0.0
-0.78441482,-0.47019533,-0.59163147,-0.85955255,-0.37786573,-0.94572324,0.0
-0.78441482,-0.47019533,-0.59163147,-0.85955255,-0.37786573,-0.94572324,-0.039647848333953024
0.48646538,0.12699097,0.89605999,1.1185224,0.17659671,1.1933451,1.5306232895807108
-3.348085861781943,-0.35075807,0.44524439,0.41640704,0.16569843,1.4584433,0.0
0.7652697,5.0460367,-0.14081588,-2.792274466303357,-2.736568761003219,10.006245889191648,0.0
0.12347774,0.16680339,0.89605999,0.90206493,0.1269124,-0.5137740821968253,0.0
-0.094518104,0.078331343,1.1665493,-1.8254676504255247,0.04275527,1.3822656,0.0
9.997237792011457,1.1798083,0.039510361,-5.014739963851392,-0.37786573,0.60525364,0.0
-0.44073683,3.5912906582662187,0.76081531,0.49446673,0.33190546,0.4164846040813235,1.5306232895807108
0.10857204,-0.24016802,-1.0044010413604956,10.004555584272547,-0.37786573,-0.94572324,0.0
-0.78441482,-0.47019533,-0.59163147,-0.85955255,-0.37786573,10.006245889191648,0.0
-0.78441482,-0.47019533,-0.59163147,-4.380746291991156,-0.37786573,-0.94572324,0.0
-0.2117311,-0.9778822101772824,0.30999972,-0.03211976,-0.37786573,1.3121822,0.0
0.32199455,0.3791363,0.40016284,0.26703875,-0.37786573,0.97090635,0.0
0.69091059,0.54723318,-0.36622367,0.80501774,3.7031236733693964,0.93129397,0.0
-0.78441482,-0.47019533,-0.59163147,-0.85955255,-6.867608257691342,-0.94572324,0.0
-0.78441482,-0.47019533,-0.59163147,-3.4065855078551253,-0.37786573,-0.94572324,0.0
-5.392547493529602,10.0000062172904,-0.59163147,-0.85955255,-0.37786573,-0.94572324,0.0
-0.78441482,-0.47019533,9.989496329427736,0.01970044970372975,-0.37786573,-0.94572324,0.0
-0.78441482,-0.47019533,-0.59163147,-0.85955255,-0.37786573,-0.94572324,1.5306232895807108
-0.78441482,-0.47019533,-0.06813655368921168,10.004555584272547,-0.37786573,-0.94572324,0.0
-0.1343231,-0.45250093,-0.230979,0.44552119,10.0049654879065,0.70885524,1.5306232895807108
2.1091539,-0.44807732,-0.50146835,-0.85955255,-0.41126803553229613,-0.94572324,0.0
-2.7918906088092985,-0.47019533,-0.9365757049583682,-0.85955255,-0.37786573,-0.94572324,0.0
0.019815381,-0.31979286,-0.32114211,0.66788584,1.6992612,1.4675846,0.0
0.11805749,-0.14727237,2.782234215982292,0.53877089,0.31083325,1.2085806,0.0
0.19072277,-0.2092028,-0.230979,1.9615671,-0.37786573,1.0044245,0.0
0.283714,-0.072071133,0.85097843,1.2974267,-0.37786573,0.91605844,0.0
-0.78441482,-0.47019533,-0.09758500637607315,-0.85955255,-0.37786573,-0.94572324,0.0
-0.78441482,-0.47019533,-0.59163147,-0.85955255,-0.37786573,-0.94572324,0.0
-0.78441482,-0.47019533,-4.678606361864617,-0.85955255,-0.7874520696086427,-0.358146041054617,0.0
0.52423778,0.55165678,9.989496329427736,0.91725493,1.0279797,0.71799656,0.0
-0.78441482,-0.47019533,-1.8467086129974026,-0.85955255,-0.37786573,-0.94572324,0.0
0.17683337,-0.14727237,0.08459192,0.32864262,0.8605434044822581,10.006245889191648,0.0
-0.062843494,0.029671718,0.49032595,0.7932033,0.61503031,0.91910555,0.0
-0.24713213,-1.6596704254281014,-0.59163147,2.1788684,-0.37786573,0.19084725,0.0
-0.78441482,-0.47019533,-0.59163147,-0.85955255,-0.37786573,-0.94572324,0.0
0.52779482,0.48087915,-0.14081588,0.76619887,2.3084455,1.0288014,0.0
-0.78441482,-2.2014460604543373,-3.8730295057913846,-0.85955255,-0.37786573,-0.94572324,0.0
-0.28338008,-0.35960528,0.17475504,0.2007935,0.4691382,1.1567798,0.0
-0.39889925,-0.43480652,0.58048907,0.46999396,0.55513914,1.3517946,0.0
0.052675671,-0.26670963,1.0313047,-3.917693528150818,-0.37786573,-0.21295408815979977,0.0
-0.78441482,-0.47019533,-0.59163147,10.004555584272547,-0.37786573,-0.94572324,0.0
1.5281705,0.37471269,-0.0055711987,2.4493347,4.038417470690903,1.2847583,1.5306232895807108
-0.78441482,-0.47019533,-0.59163147,-0.85955255,-0.37786573,-2.201922127580495,0.0
-0.10095466,-6.2952578789835885,-0.0055711987,0.84214884,0.92061023,1.1171674,0.0
0.22375244,-2.414220339835273,-1.332432285054438,10.004555584272547,-0.37786573,0.91301134,1.5306232895807108
-0.78441482,-0.47019533,-0.59163147,-0.85955255,-0.37786573,-0.94572324,0.25924050379881364
-0.016263186,-0.35518168,-1.345659623444302,0.6936220317980718,10.0049654879065,-3.5476653591466834,1.5306232895807108
-0.78441482,-0.47019533,-0.59163147,-0.85955255,-0.37786573,-0.94572324,0.0
-0.78441482,-0.47019533,0.36722547908311987,-0.85955255,-0.37786573,-0.94572324,0.0
0.98750012,0.76841329,-0.230979,1.2683126,1.6292181651330608,10.006245889191648,0.0
-0.029983204,-3.4606943795424674,-0.14081588,0.71134611,0.75018876,-0.38399356105890114,0.0
-0.78441482,1.7952478686918312,9.989496329427736,-0.85955255,-0.6949583287707382,-0.94572324,0.0
-0.011181697,-0.23132081,0.67065219,1.3113509,0.17287615,0.9465295,0.0
-0.14804311,0.57499734197869,-0.050652758,0.73877249,0.84721968,1.3121822,0.0
2.533511821185498,-0.34191087,-3.2829879334274867,0.83708551,4.862505542011354,0.66619576,0.0
0.074187304,-0.45250093,-0.095734317,-0.85955255,-0.37786573,-0.94572324,0.0
0.28862611,10.0000062172904,-0.14081588,0.53201978,-0.37786573,0.96481214,0.0
-0.78441482,-0.47019533,-3.181917946172872,-0.85955255,-0.37786573,-0.94572324,0.0
0.31962318,0.23315742,-4.733370443270465,1.1628265,-0.37786573,4.965597827327995,0.0
-0.78441482,-0.47019533,-0.59163147,-0.85955255,-0.37786573,-0.94572324,0.0
-0.78441482,-0.47019533,-0.59163147,-0.85955255,-0.37786573,-0.94572324,0.0
0.20139389,-0.12515436,-0.095734317,0.75269665,0.97931608,1.2268632,0.0
-5.037405569233708,-0.43923012,9.989496329427736,10.004555584272547,-0.37786573,-0.94572324,0.0
-0.38297725,-0.44365372,-0.59163147,1.9893710721719196,-0.37786573,0.66314866,0.0
-0.42701682,-0.43480652,1.301794,1.1940504,-0.37786573,4.302520086532159,0.0
-0.78441482,-0.47019533,-0.59163147,-0.85955255,10.0049654879065,-0.94572324,0.0
0.020492912,-0.12957796,1.3919571,0.73244332,0.18591457,1.0927906,0.0
-0.78441482,-0.47019533,-0.59163147,-0.85955255,-0.37786573,-0.94572324,0.0
-0.4053358,-0.45250093,-0.0055711987,-0.85955255,-0.37786573,-0.94572324,0.20741901756671116
4.762580707649096,-0.34191087,1.978132432263647,0.38644899,0.38438842,1.5742333,0.0
-4.667198210672073,-0.45250093,-0.32114211,2.924229141555438,10.0049654879065,-0.94572324,0.0
-0.78441482,-0.47019533,-0.59163147,-0.85955255,-0.37786573,-0.94572324,0.0
-0.78441482,-0.47019533,-0.59163147,-0.85955255,-0.37786573,-0.94572324,0.0
0.92448966,1.1621139,-0.32114211,1.7527047,10.0049654879065,0.98309477,0.0
1.1587463,1.4983077,0.039510361,-0.85955255,-0.37786573,-0.94572324,0.0
0.25254754,-0.41268851,-0.45638679,1.3147265,4.4716721,1.6443167,0.0
-0.0076246557,0.10341847087416622,0.94114155,2.2227506,10.0049654879065,-6.647416627965017,0.0
0.33300444,2.4272641,0.76081531,-0.85955255,-0.37786573,-0.94572324,0.0
15.128943,-0.34633447,-0.54654991,-0.85955255,-0.37786573,-0.94572324,0.2635207680346532
-0.079951171,-0.13400156,0.12967348,0.88223355,0.67877373,1.1141203,0.0
-0.37484687,-0.36845248,2.5640777,0.77801331,0.20892937,0.96785924,0.33528571901690574
-0.78441482,2.5756057963337775,-0.59163147,-0.85955255,0.06880065300061305,-0.94572324,0.0
-0.058100772,-0.30652205,-0.095734317,0.91852076,-2.955159391410218,-1.738405074181636,0.0
0.013040063,0.11814376,0.53540751,1.2282279,2.3084455,0.77589157,0.0
-0.2693213,-0.41711211,0.12967348,1.2387765,0.50446707,0.97700056,0.0
1.8330598,4.9708354,-0.32114211,-0.85955255,10.0049654879065,-0.94572324,0.0
0.081470771,-0.0057170995,0.17475504,-0.3995339820313272,1.0505336,1.2360046,0.0
-0.78441482,-0.47019533,-0.59163147,-0.85955255,0.5107309279996951,-0.94572324,-0.7998749411354968
0.6063885,2.1706952,0.40016284,-0.85955255,-0.37786573,-0.94572324,0.0
0.06470186,0.025248116,-0.06599618320772599,-0.052795031,1.0909329,1.104979,0.0
0.20681415,0.36586549,0.80589687,0.31725013,-0.37786573,1.2938996,-0.37659792777331164
0.36349337,-0.067647531,-0.32114211,-0.85955255,-0.37786573,-0.94572324,0.0
-0.18903378,-0.13400156,8.0189464,0.93582048,-2.431233438147601,0.10857539,-0.8808210990360937
-0.2544156,-0.30209845,0.89605999,-0.070094748,0.47486721,1.1963922,0.0
-0.20309257,-0.41268851,0.35508128,1.0991129,-0.37786573,0.76675026,0.0
9.997237792011457,-0.4038413,-0.59163147,2.0040646650448886,-0.37786573,-0.94572324,0.0
0.68108638,0.25527543,-0.32114211,0.83708551,1.8385682,0.95262371,0.0
-0.78441482,-0.47019533,-0.59163147,-0.85955255,-0.37786573,-0.94572324,-0.3913327083534049
-0.78441482,-0.47019533,9.989496329427736,-0.85955255,-0.37786573,-0.94572324,-0.3718079431415115
-0.78441482,-0.47019533,-0.59163147,-0.85955255,-0.37786573,-0.94572324,0.0
0.999503177909698,-0.47019533,-0.59163147,-0.85955255,-0.37786573,-0.94572324,0.0
0.27355103,3.147009503355845,-0.27606055,10.004555584272547,-0.37786573,0.83378658,0.0
-0.037944202,-0.27113323,0.49032595,-0.85955255,-0.37786573,-0.94572324,0.0
-0.78441482,-3.351531188653635,-0.59163147,-0.85955255,-0.37786573,-0.94572324,0.0
0.21070995,-0.063223929,-0.36622367,0.20712266,7.587080056479937,0.31273148,-0.7747639015340286
-0.78441482,-0.47019533,-0.59163147,-0.85955255,2.419874640165076,-0.94572324,0.0
1.3089889,10.0000062172904,-0.36622367,1.8282327,-0.37786573,0.69971393,0.0
-0.78441482,-0.47019533,-0.59163147,-0.85955255,-0.37786573,-0.94572324,0.0
-0.78441482,-0.47019533,-0.59163147,-0.85955255,-0.37786573,-0.94572324,0.0
0.17920473,-0.44365372,9.989496329427736,-0.85955255,-0.37786573,-0.94572324,0.0
-0.78441482,-0.47019533,-0.59163147,-0.85955255,-0.37786573,-0.94572324,0.0
0.52085012,0.5914692,-4.89886064394567,1.0113485,-0.37786573,1.2177219,0.0
1.696943015611108,-0.24901522,-0.0055711987,-0.25954774,2.2585966,1.6321283,-0.008434618590001892
0.49747527,0.81707292,-0.0055711987,0.73370916,1.0883977,-1.8480436794127901,0.0
-0.22341852,-0.195932,2.0681805,0.12948491,0.21054272,-3.5201454783440833,0.0
-0.33504188,-0.43923012,0.49032595,10.004555584272547,-0.37786573,-0.94572324,0.0
-0.78441482,-0.47019533,-0.59163147,-0.85955255,-0.37786573,-0.94572324,0.0
-0.78441482,-0.47019533,-0.59163147,-0.85955255,10.0049654879065,-0.94572324,0.0
-0.25966647,-0.43923012,-0.050652758,1.4202125,1.8615172,0.95871792,0.0
1.5124179,2.1441536,-0.050652758,1.4404659,-0.37786573,0.80331553,0.0
-0.31878112,-0.24901522,0.26491816,0.17378906,-0.37786573,0.85206922,0.0
-0.78441482,-0.47019533,-0.59163147,-0.85955255,-0.37786573,-0.94572324,0.0
-0.2107148,-0.2047792,9.989496329427736,0.40881204,5.094875964178785,0.29140174,0.0
-0.037944202,-0.33748727,0.17475504,0.26535098,-0.37786573,0.83073948,0.0
1.5500493927032486,-0.45250093,-0.230979,10.004555584272547,-0.37786573,-0.94572324,0.0
-0.78441482,-0.47019533,-0.59163147,-0.85955255,-0.37786573,-0.94572324,0.0
-0.2047864,-0.37729969,1.2567125,-0.85955255,-5.039658035885927,-0.94572324,0.34117548906388145
-0.78441482,0.41686829145615034,-0.59163147,-0.85955255,-1.13981581034795,-0.94572324,1.5306232895807108
9.997237792011457,-0.16054318,3.040340080014204,0.034125496,-0.37786573,0.9952832,0.0
0.010838085,-0.42595931,9.989496329427736,-0.2108392170307718,-0.37786573,-2.0153254692885243,0.0
-4.3899726859473205,10.0000062172904,-0.59163147,-0.85955255,-0.37786573,-0.94572324,0.0
-0.40825695096932346,-0.076494735,-0.230979,1.4556559,-0.37786573,1.1933451,0.0
0.73528892,1.0811819611150537,-0.27606055,1.8008063,1.2448588,0.73323209,0.0
0.4255599833853675,-0.47019533,-0.59163147,-0.85955255,-0.37786573,-0.94572324,0.0
-0.78441482,-0.47019533,-0.59163147,-0.85955255,-0.37786573,-0.94572324,0.0
-0.073006471,-0.44807732,-0.36622367,-0.85955255,-0.37786573,-6.626180344962197,0.0
1.0879442,1.1399959,-0.050652758,0.9493227,-0.37786573,0.88558738,1.5306232895807108
-0.78441482,-0.47019533,3.413874069310456,-0.85955255,-0.37786573,-0.94572324,0.0
-0.0062695922,-0.25786243,9.989496329427736,0.76873053,0.45307064,1.306088,0.0
-0.15685103,-0.45250093,-0.32114211,0.082649091,-0.37786573,0.23350673,0.0
-2.786780576967137,-0.43038291,0.17475504,-0.85955255,-0.37786573,-0.94572324,0.0
-0.070804492,-0.31094565,0.40016284,0.13581407,0.27408859,1.4249251,0.0
-0.78441482,-1.205115085378842,-0.59163147,-0.85955255,-0.37786573,-0.94572324,-0.5597197901791648
1.2536007,5.0460367,-0.50146835,-0.85955255,-0.37786573,-0.94572324,0.0
0.83945943,1.8345014,0.26491816,1.6978519,10.0049654879065,1.2756169,0.0
-0.78441482,-0.47019533,-0.59163147,10.004555584272547,-0.2106494206192353,6.545025188228138,0.0
1.3049319007386073,-0.3949941,2.5189961,10.004555584272547,10.0049654879065,-8.352437965649369,0.0
0.76611662,-2.6342382432618012,0.17475504,1.0429943,0.079038976,1.0592724,0.0
-0.78441482,-0.47019533,-0.59163147,-0.85955255,-0.37786573,-0.37797623546926185,0.0
-0.12246629,-0.5841970367971862,0.40016284,0.38898066,10.0049654879065,0.76675026,0.32594830870650143
-0.47867861,-0.41268851,2.2034252,-0.019883376,0.10877054,0.74237341,0.0
0.38737636,0.37471269,-0.18589744,10.004555584272547,1.1017654,1.0105187,0.0
-0.78441482,-0.47019533,-0.59163147,-0.85955255,-0.37786573,-3.7859731567140145,1.5306232895807108
1.4119738,3.351797,-0.0055711987,2.2387845,-0.37786573,10.006245889191648,0.0
-2.452716109742717,2.4316877,0.71573375,-0.85955255,-0.37786573,5.085142382680367,0.0
0.43260161,10.0000062172904,1.1208731601740174,0.53623922,1.179074,0.87035185,0.0
0.053014437,-0.27998044,-0.230979,0.5560706,2.9410068,1.2634285,0.0
3.8947252645095296,-0.44807732,-0.54654991,-0.85955255,-0.37786573,-0.94572324,0.0
5.0816552,10.0000062172904,-0.54654991,-0.85955255,-0.37786573,-0.94572324,0.0
0.02438872,10.0000062172904,5.437941590048537,-0.85955255,-0.37786573,-0.6905263218826332,0.0
-0.16650585,-0.44365372,0.35508128,0.4245337623670825,-0.37786573,-0.94572324,0.0
-0.17649945,-0.35960528,0.30999972,0.23919043,0.65523213,1.3121822,0.0
1.5955849,-0.44807732,-0.36622367,-0.85955255,-0.37786573,-0.94572324,0.0
-0.78441482,-0.47019533,0.33634316132224606,-0.85955255,-0.37786573,10.006245889191648,0.4567469223436796
-2.0247595655331176,10.0000062172904,-0.59163147,-0.85955255,10.0049654879065,-0.94572324,0.0
-0.055560028,-0.34633447,0.2198366,0.055644655,-0.37786573,1.3396062,0.0
0.07164656,10.0000062172904,-0.18589744,-0.85955255,-0.37786573,-0.94572324,0.0
-0.78441482,-0.47019533,-0.59163147,-0.85955255,-0.37786573,-0.94572324,0.0
-7.303463798052957,-0.47019533,-0.59163147,-0.85955255,-0.37786573,-0.94572324,1.5306232895807108
-0.28033119,-0.44807732,-0.095734317,0.25649015,-2.5205166331456366,1.2299103,-0.059519868986901835
-0.0050839116,-0.3994177,-0.41130523,1.5535469,3.1573591,1.2329575,0.0
-0.78441482,-2.6664667001305142,-0.59163147,-0.85955255,-0.37786573,-0.94572324,0.0
-0.34113967,-0.35518168,1.3919571,0.87168494,0.19470564,-0.5876070414361996,0.0
-0.21342493,1.1510532295241407,-0.45638679,-0.85955255,-0.37786573,-2.961750804786112,0.0
-0.78441482,-0.47019533,-0.59163147,-0.85955255,-0.37786573,-0.94572324,0.0
0.50374244,0.69763566,0.26491816,1.7514388,0.52949032,10.006245889191648,0.0
0.41837344,-0.3836864567762509,-0.18589744,0.75354054,-0.37786573,1.1202145,0.0
-0.46309538,1.7472986686606615,2.7894855,0.4100325374344588,1.2332362,1.0714608,0.0
9.997237792011457,-0.47019533,-0.59163147,-0.85955255,-0.37786573,1.6410876379751977,1.5306232895807108
-0.78441482,-0.47019533,-0.59163147,-6.202234261545212,-0.37786573,-0.94572324,0.0
5.249458447526025,-0.41268851,9.989496329427736,0.95396408,-0.7485722315883963,-4.380126841561916,0.0
-0.78441482,-0.47019533,-0.59163147,-0.85955255,-0.37786573,-0.94572324,0.0
1.152620132626879,-0.47019533,-0.59163147,-0.85955255,-0.37786573,-0.94572324,0.0
9.997237792011457,4.1878578,-0.45638679,2.3645239,-0.37786573,0.81550395,0.0
0.18310054,0.30393506,1.5118183364508637,-0.85955255,-0.37786573,-0.94572324,1.5306232895807108
-0.38314663,-0.36845248,-0.0055711987,-0.85955255,-0.37786573,-0.94572324,0.0
-0.78441482,-2.525457353899491,-0.59163147,-0.85955255,-3.6090281215792848,-0.94572324,0.0
0.11043525,-0.13842517,2.023099,0.67083945,-0.37786573,0.7362792,0.0
9.997237792011457,-0.42595931,-2.881184241507721,1.9754912,-0.37786573,0.91910555,0.0
-0.023038503,-0.16054318,2.1132621,1.0020657,0.024086612,0.83683369,0.0
0.33351259,0.26412264,0.27136532910243694,0.20543488,0.45109512,0.72104367,0.0
0.76442279,0.23758102,-0.14081588,0.79911052,0.34336347,1.1141203,0.0
-0.22883878,-0.4038413,-0.27606055,-0.85955255,-0.37786573,-0.94572324,0.0
-0.78441482,-0.47019533,-0.59163147,-0.85955255,-0.37786573,-0.94572324,0.0
9.997237792011457,0.073907741,-0.32114211,-0.85955255,-0.37786573,-0.94572324,-0.09467301061292076
2.3913459,-0.44365372,-0.54654991,-0.85955255,-0.37786573,-0.94572324,0.0
-0.45852204,-0.45250093,1.8427727,1.1484804,0.057867993,-4.815652950090318,0.0
0.77272255,0.73744808,0.35508128,0.67970028,0.42808032,0.75456183,0.3132014740949568
-0.19005008,0.020824514,1.6624465,10.004555584272547,0.10060506,1.0013774,0.0
0.089262386,0.020824514,0.26491816,1.3421528,-0.37786573,1.3182764,0.0
0.76611662,1.706217,-0.18589744,0.70417305,0.30908821,0.71190235,0.0
-0.57573504,-0.45250093,6.9369889,-0.20131943,0.17979046,0.13377065090839307,0.9940648764164911
-0.78441482,-0.47019533,-0.59163147,3.918353283050192,-0.021322721784699405,-0.94572324,0.0
-0.78441482,-0.47019533,-0.59163147,-0.85955255,-0.37786573,-0.94572324,0.0
-0.78441482,-0.47019533,-0.59163147,-0.85955255,-0.37786573,-0.94572324,0.0
0.81354384,1.1665375,-0.36622367,0.2535574235170489,-0.37786573,-0.94572324,0.0
0.43802186,-3.1962233447759245,0.53540751,1.848908,10.0049654879065,0.86425764,0.0
-0.36671649,-0.43480652,0.49032595,10.004555584272547,0.54081663,1.0074716,0.0
-0.16379573,-0.38614689,0.40016284,0.094463532,-0.37786573,1.1598269,0.0
-0.78441482,3.3671071066214715,-0.59163147,-0.85955255,-0.37786573,-2.1223997596518593,0.0
-0.78441482,-0.47019533,-0.59163147,-0.85955255,-0.37786573,-0.94572324,0.0
0.13194689,-0.22247361,-0.14081588,5.050425886934711,2.2970863,1.0227071,0.0
-0.1124727,-0.43480652,-0.18589744,0.58813837,-0.37786573,0.89777581,-0.35997047057288883
-0.78441482,-0.47019533,-0.59163147,-5.383833322376613,-0.37786573,-0.94572324,0.0
-0.020667142,-0.18708479,-0.11244930293654298,-0.6546592168262658,-0.37786573,-0.94572324,0.0
0.664995,2.7590343,-6.182860142362639,1.0737963,-0.37786573,0.75151473,-0.3979951749582335
9.997237792011457,-0.054376724,-2.0697246905763866,0.26492903,3.9174497003897626,1.3883599,0.0
-0.78441482,-0.45250093,-0.59163147,-1.562380234968756,-0.37786573,10.006245889191648,0.0
0.49137749,-2.0914794170449245,-0.095734317,0.49488868,-0.37786573,0.94043529,0.0
-10.205650555742293,-0.47019533,4.609694692331666,-0.85955255,-0.37786573,-0.94572324,0.0
0.27473671,-0.23132081,0.40016284,1.3421528,-0.37786573,1.2024864,1.5306232895807108
-1.1075514189372888,-0.44807732,1.3919571,-0.85955255,-0.37786573,-0.94572324,0.0
-0.3387683,-0.43038291,3.4206273,0.87295078,0.12701117,0.61744207,0.0
0.15227284,-0.38614689,-0.41130523,0.96071519,2.6839588,0.9434824,0.0
-0.78441482,-0.47019533,-0.59163147,-0.85955255,-0.37786573,-0.94572324,0.0
0.00050572539,0.05178973,-0.27606055,0.0071210601,-0.37786573,1.1141203,0.0
0.13143874,0.060636934,1.1214678,-0.85955255,-0.37786573,2.814642418184069,0.0
-0.78441482,-0.47019533,-0.59163147,-0.85955255,-0.37786573,-0.94572324,0.0
-0.276266,-0.44365372,0.76081531,-0.046043923,0.40302415,10.006245889191648,0.0
-0.78441482,-0.47019533,-0.59163147,-0.85955255,-0.37786573,10.006245889191648,0.0
-0.78441482,-0.47019533,-0.59163147,-1.3341112692464767,-0.9102329116715261,-0.94572324,-0.8682607730121624
0.61604333,0.42337232,-0.41130523,-0.85955255,-0.37786573,-0.94572324,0.0
-0.78441482,-0.47019533,-0.59163147,-0.85955255,-0.37786573,-0.94572324,-0.36935199669308993
-0.8925855061448917,-0.38614689,4.241308181363995,0.43370675,-0.37786573,0.9952832,0.0
-0.78441482,-0.47019533,-0.59163147,-0.85955255,3.0290290778733064,-0.94572324,0.0
9.997237792011457,-0.38614689,0.26491816,-3.5909974936673024,-0.37786573,-0.94572324,0.0
-0.18733996,-0.3599161954394151,0.49032595,0.024842721,0.51961272,0.86121054,0.0
-0.78441482,-0.47019533,-0.59163147,-0.85955255,-0.37786573,-0.94572324,0.0
0.13753652,-1.8554453900491528,0.49032595,1.5640956,0.71624275,1.1415443,0.0
-0.13110482,-0.21805001,-0.36622367,-0.85955255,-0.37786573,-0.94572324,0.0
-0.78441482,-0.47019533,-0.59163147,-0.85955255,1.8692377461669225,-0.94572324,0.0
-0.78441482,-0.47019533,-0.59163147,-0.85955255,-0.37786573,-0.94572324,0.0
-0.059963984,-0.28440404,0.039510361,-0.85955255,-0.37786573,10.006245889191648,0.0
-0.27186204,-0.4038413,0.039510361,10.004555584272547,-1.0837739922922465,0.91910555,0.0
-0.78441482,3.773466168361737,-0.59163147,-0.85955255,10.0049654879065,-0.94572324,0.0
-0.3487619,-0.31979286,1.2567125,0.21809321,0.58724133,0.85816343,0.0
-0.12805593,-0.25786243,1.7526096,0.65100807,0.0048582237,1.3700772,0.0
-2.339560138753114,-0.47019533,-0.59163147,-0.85955255,-0.37786573,4.4606927676476005,0.0
0.00033634245,-0.31094565,-0.27606055,-0.85955255,-0.37786573,-0.94572324,0.0
0.23425418,-0.16054318,-2.975355963847057,0.94425936,0.79088446,0.9952832,0.0
0.63958756,-0.45250093,0.039510361,-0.85955255,-0.37786573,-2.757609061295124,0.0
-0.78441482,-0.47019533,-0.59163147,-0.85955255,-0.37786573,-0.94572324,-0.01698834947620244
-0.78441482,-0.47019533,-0.59163147,-0.85955255,10.0049654879065,-0.94572324,0.0
0.050643076,-0.38614689,0.08459192,0.72822388,0.49547846,0.97700056,1.5306232895807108
-0.78441482,-2.7811479991208823,9.989496329427736,-5.2714595349335225,-0.37786573,-0.94572324,0.0
-0.33267052,-0.43480652,0.26491816,0.62315975,10.0049654879065,1.4828201,0.0
0.030825272,-0.3994177,0.44524439,-0.85955255,-0.37786573,-0.94572324,0.0
-0.78441482,-0.47019533,-0.59163147,-0.85955255,-0.37786573,-0.94572324,0.0
-0.78441482,10.0000062172904,-0.59163147,-0.85955255,-0.37786573,-0.94572324,0.0
0.084519664,-0.42595931,-0.36622367,1.4902553,2.4510451,1.1720153,0.0
2.0812058,-0.42595931,-0.50146835,-0.85955255,-0.37786573,-0.94572324,0.0
-0.20546393,-0.43923012,0.12967348,-0.85955255,-0.37786573,-0.94572324,0.0
-2.7954405643705824,-0.47019533,-0.59163147,-0.85955255,-0.37786573,-0.94572324,0.0
0.55692868,0.971899,-0.27606055,1.6320286,-0.37786573,1.5163383,0.0
-0.78441482,-0.47019533,-0.59163147,-0.85955255,-0.37786573,-0.94572324,0.0
-0.13974335,-0.3994177,2.6626089050406923,-0.85955255,-0.37786573,-0.94572324,0.0
-1.7822433116828846,-0.47019533,-0.59163147,10.004555584272547,-0.37786573,-0.94572324,-0.09366981296068058
-0.78441482,-0.47019533,-0.59163147,-0.85955255,-0.37786573,10.006245889191648,0.0
-0.78441482,-0.47019533,-0.59163147,-1.1224980475812205,-0.37786573,-0.94572324,0.0
-0.24713213,-0.41268851,-0.14081588,0.98940741,-0.37786573,0.90996423,0.0
-0.039976797,-0.018987906,0.53540751,-0.85955255,-0.37786573,-0.94572324,0.0
4.313728916113175,2.0645287,-0.45638679,-0.85955255,-0.37786573,-0.94572324,0.0
-0.40686025,-0.44807732,0.2198366,0.97970269,1.2141066,0.90996423,0.0
-0.78441482,-5.399721135609408,-0.59163147,-0.46811559830231686,-0.37786573,-0.94572324,0.0
-0.38196095,-0.43038291,0.6651463820236306,10.004555584272547,-5.262308530853295,-0.94572324,0.0
-0.23984867,-0.35075807,1.0763862,0.8970016,0.93015857,0.66619576,0.0
-0.10417293,-0.27998044,-0.095734317,-0.85955255,-0.37786573,-0.94572324,0.0
0.47969006,0.96747539,9.989496329427736,0.47969868,-0.37786573,0.41328597,0.0
0.84894487,0.41894872,-0.14081588,1.2446837,-0.37786573,0.74237341,0.0
0.83370041,0.92766297,-0.36622367,0.60206253,1.2397225,0.52298179,0.22473878079003706
0.35400792,-0.29767485,-0.0055711987,10.004555584272547,0.14459329,1.190298,0.0
-0.25102794,-0.43038291,0.17475504,0.49066924,0.74831201,0.92519976,0.0
0.039633185,-0.39057049,-0.0055711987,-0.85955255,-0.37786573,-0.94572324,0.0
-0.096550699,-0.35518168,0.85097843,1.1187317073345553,-0.37786573,0.62353628,0.0
-0.6693050850412001,-0.010140702,0.2198366,0.56197782,10.0049654879065,0.80026842,0.18859641666428487
9.997237792011457,-0.32421646,9.989496329427736,0.026108554,0.54134343,6.499940709962361,0.0
-0.78441482,-0.47019533,-0.59163147,-0.85955255,-0.25463633660957913,-1.2579670421038474,0.0
-0.78441482,-0.47019533,9.989496329427736,-0.85955255,-0.37786573,-0.94572324,0.0
-0.6783678676273031,-0.36845248,0.40016284,0.0079649487,0.74768643,0.81550395,-0.4326494660736674
0.15515235,-0.089765542,9.989496329427736,0.52189311,-0.079265976,-1.8468268640348118,1.5306232895807108
-0.78441482,-0.47019533,-0.59163147,-0.85955255,-0.37786573,-0.94572324,0.0
3.1225721,4.9101137596157995,-0.27606055,-0.85955255,-3.136108215809968,-0.94572324,0.0
1.2300565,4.5461696,-0.32114211,-0.25448441,3.1894284,0.40719176,0.0
-0.78441482,-0.47019533,9.989496329427736,-0.85955255,-0.37786573,-0.94572324,0.0
0.22468829938153226,-0.42595931,-0.18589744,0.76788664,-0.37786573,-1.8912124980873997,0.0
-0.78441482,-0.47019533,-0.59163147,0.674188759810875,-0.37786573,-0.94572324,0.0
0.44005446,-0.44365372,-0.45638679,-0.85955255,-0.37786573,-0.94572324,0.0
0.43632803,-0.38614689,-0.27606055,7.823465693836109,1.0975509,1.0379427,0.0
-0.20495578,-0.35960528,0.12967348,-0.85955255,-0.37786573,-0.94572324,0.0
-0.78441482,-0.47019533,-0.59163147,-0.85955255,2.3222158397600317,-0.94572324,-0.6678374411702946
-0.43548596,-0.42595931,1.9329359,-0.12874501,0.10880347,1.0288014,0.0
-0.78441482,-0.47019533,-0.59163147,-0.85955255,-0.37786573,-0.94572324,0.0
-0.78441482,10.0000062172904,-0.59163147,-0.85955255,-0.37786573,10.006245889191648,0.0
-0.78441482,-0.47019533,-0.59163147,10.004555584272547,10.0049654879065,-0.94572324,0.0
0.15193407,1.2406481654039863,-0.0055711987,0.42315815,-0.37786573,1.1019319,0.0
-0.78441482,10.0000062172904,-0.59163147,-0.85955255,-0.37786573,-0.94572324,0.0
0.18530251,0.94535738,0.08459192,0.8379294,-1.0648818622450618,0.54126442,0.0
-0.012536761,-0.42153571,0.40016284,1.2181012,1.0804627,1.6900233,1.0
-1.278119517044304,4.2055522,-0.32114211,1.3113673561496844,1.8293491,0.529076,1.5306232895807108
0.75425981,0.016400912,0.08459192,4.9421817,0.65433206287371,1.2512401,1.5306232895807108
-1.3032076227242404,-0.34191087,-0.41130523,1.5742222,3.703261,1.3792185,1.0
-0.78441482,-0.47019533,-0.59163147,-0.85955255,-0.37786573,-0.94572324,1.0
0.60266208,-0.076494735,-0.45638679,1.8446885,3.068362,1.5407151,1.0
0.18767387,10.0000062172904,-0.45638679,1.4054445,4.6050526,1.6382225,1.0
0.20257957,-0.41268851,-0.32114211,1.2235865,2.9641862,1.2817111,1.0
1.1072539,-0.098612747,-0.54654991,10.004555584272547,7.7221917,1.2603814,1.0
0.56065511,-0.36845248,-0.27606055,4.0645375,2.422861,1.3304648,1.0
0.1278817,10.0000062172904,-0.50146835,1.356363234389934,5.2983282,1.6839291,1.0
1.4680395,-0.29767485,-0.50146835,1.7285810074201948,2.5325682,0.69971393,1.0
0.18818202,-0.36845248,9.989496329427736,2.1197962,0.61730215,1.5833746,1.0
0.11145155,-0.3949941,9.989496329427736,1.3463723,2.6611745,1.5681391,1.0
9.997237792011457,1.113884328207047,-0.45638679,2.1303448,6.2721276,1.2146748,1.0
0.54337805,0.1889214,-6.364799720835028,1.911408729696967,7.750705,1.4584433,1.0
9.997237792011457,0.15353258,-1.9158666608617831,2.865274104232676,-0.37786573,0.96176503,1.1140731695223405
1.0217155,-0.27113323,-0.41130523,5.4784729,-0.37786573,0.79722131,1.0
0.19224721,-2.478110448618017,-0.230979,1.2003796,2.2620867,1.132403,1.0
0.72309335,-0.195932,-0.32114211,4.0645375,2.422861,3.599726039285977,1.0
2.3191888,0.72860087,-0.50146835,-0.85955255,-0.37786573,-0.94572324,1.0
-0.25001164,-0.37729969,-0.32114211,1.2691565,3.652984,1.0927906,1.0
9.997237792011457,-0.41711211,-0.36622367,0.85100967,2.7896491,1.3457004,1.0
1.2049878,1.7637238,-0.50146835,1.5624078,6.4890725,0.93129397,1.0
0.73664398,-0.22247361,-0.050652758,10.004555584272547,0.53926914,1.3152293,1.0
0.17700275,-1.3697515571224979,-0.50146835,10.004555584272547,7.750705,1.5559507,1.0
